✓ Initialized. View run at 
https://modal.com/apps/ryanabraham1738/main/ap-mEyEPAuhWdb773YBbNNAKo
Building image im-arFFYiyTrA5xMOHsVqSCtO

=> Step 0: FROM base

=> Step 1: RUN pip install -r /root/gsplat_src/examples/requirements.txt
Looking in indexes: http://pypi-mirror.modal.local:5555/simple
Collecting git+https://github.com/rmbrualla/pycolmap@cc7ea4b7301720ac29287dbe450952511b32125e (from -r /root/gsplat_src/examples/requirements.txt (line 4))
  Cloning https://github.com/rmbrualla/pycolmap (to revision cc7ea4b7301720ac29287dbe450952511b32125e) to /tmp/pip-req-build-8q9iunq0
  Running command git clone --filter=blob:none --quiet https://github.com/rmbrualla/pycolmap /tmp/pip-req-build-8q9iunq0
  Running command git rev-parse -q --verify 'sha^cc7ea4b7301720ac29287dbe450952511b32125e'
  Running command git fetch -q https://github.com/rmbrualla/pycolmap cc7ea4b7301720ac29287dbe450952511b32125e
  Resolved https://github.com/rmbrualla/pycolmap to commit cc7ea4b7301720ac29287dbe450952511b32125e
  Installing build dependencies: started
  Installing build dependencies: finished with status 'done'
  Getting requirements to build wheel: started
  Getting requirements to build wheel: finished with status 'done'
  Preparing metadata (pyproject.toml): started
  Preparing metadata (pyproject.toml): finished with status 'done'
Collecting git+https://github.com/nerfstudio-project/nerfview@4538024fe0d15fd1a0e4d760f3695fc44ca72787 (from -r /root/gsplat_src/examples/requirements.txt (line 9))
  Cloning https://github.com/nerfstudio-project/nerfview (to revision 4538024fe0d15fd1a0e4d760f3695fc44ca72787) to /tmp/pip-req-build-tyewj66p
  Running command git clone --filter=blob:none --quiet https://github.com/nerfstudio-project/nerfview /tmp/pip-req-build-tyewj66p
  Running command git rev-parse -q --verify 'sha^4538024fe0d15fd1a0e4d760f3695fc44ca72787'
  Running command git fetch -q https://github.com/nerfstudio-project/nerfview 4538024fe0d15fd1a0e4d760f3695fc44ca72787
  Running command git checkout -q 4538024fe0d15fd1a0e4d760f3695fc44ca72787
  Resolved https://github.com/nerfstudio-project/nerfview to commit 4538024fe0d15fd1a0e4d760f3695fc44ca72787
  Installing build dependencies: started
  Installing build dependencies: finished with status 'done'
  Getting requirements to build wheel: started
  Getting requirements to build wheel: finished with status 'done'
  Preparing metadata (pyproject.toml): started
  Preparing metadata (pyproject.toml): finished with status 'done'
Collecting git+https://github.com/rahul-goel/fused-ssim@328dc9836f513d00c4b5bc38fe30478b4435cbb5 (from -r /root/gsplat_src/examples/requirements.txt (line 22))
  Cloning https://github.com/rahul-goel/fused-ssim (to revision 328dc9836f513d00c4b5bc38fe30478b4435cbb5) to /tmp/pip-req-build-v0ozqfw0
  Running command git clone --filter=blob:none --quiet https://github.com/rahul-goel/fused-ssim /tmp/pip-req-build-v0ozqfw0
  Running command git rev-parse -q --verify 'sha^328dc9836f513d00c4b5bc38fe30478b4435cbb5'
  Running command git fetch -q https://github.com/rahul-goel/fused-ssim 328dc9836f513d00c4b5bc38fe30478b4435cbb5
  Running command git checkout -q 328dc9836f513d00c4b5bc38fe30478b4435cbb5
  Resolved https://github.com/rahul-goel/fused-ssim to commit 328dc9836f513d00c4b5bc38fe30478b4435cbb5
  Preparing metadata (setup.py): started
  Preparing metadata (setup.py): finished with status 'done'
Collecting git+https://github.com/harry7557558/fused-bilagrid@90f9788e57d3545e3a033c1038bb9986549632fe (from -r /root/gsplat_src/examples/requirements.txt (line 23))
  Cloning https://github.com/harry7557558/fused-bilagrid (to revision 90f9788e57d3545e3a033c1038bb9986549632fe) to /tmp/pip-req-build-8aaqgo2t
  Running command git clone --filter=blob:none --quiet https://github.com/harry7557558/fused-bilagrid /tmp/pip-req-build-8aaqgo2t
  Running command git rev-parse -q --verify 'sha^90f9788e57d3545e3a033c1038bb9986549632fe'
  Running command git fetch -q https://github.com/harry7557558/fused-bilagrid 90f9788e57d3545e3a033c1038bb9986549632fe
  Running command git checkout -q 90f9788e57d3545e3a033c1038bb9986549632fe
  Resolved https://github.com/harry7557558/fused-bilagrid to commit 90f9788e57d3545e3a033c1038bb9986549632fe
  Preparing metadata (setup.py): started
  Preparing metadata (setup.py): finished with status 'done'
Collecting viser (from -r /root/gsplat_src/examples/requirements.txt (line 8))
  Downloading http://pypi-mirror.modal.local:5555/simple/viser/viser-1.1.0-py3-none-any.whl.metadata (6.2 kB)
Collecting numpy<2.0.0 (from -r /root/gsplat_src/examples/requirements.txt (line 11))
  Downloading http://pypi-mirror.modal.local:5555/simple/numpy/numpy-1.26.4-cp311-cp311-manylinux_2_17_x86_64.manylinux2014_x86_64.whl.metadata (61 kB)
Requirement already satisfied: scikit-learn in /opt/conda/lib/python3.11/site-packages (from -r /root/gsplat_src/examples/requirements.txt (line 12)) (1.9.0)
Requirement already satisfied: tqdm in /opt/conda/lib/python3.11/site-packages (from -r /root/gsplat_src/examples/requirements.txt (line 13)) (4.66.5)
Collecting opencv-python (from -r /root/gsplat_src/examples/requirements.txt (line 15))
  Downloading http://pypi-mirror.modal.local:5555/simple/opencv-python/opencv_python-5.0.0.93-cp37-abi3-manylinux_2_28_x86_64.whl.metadata (19 kB)
Requirement already satisfied: tyro>=0.8.8 in /opt/conda/lib/python3.11/site-packages (from -r /root/gsplat_src/examples/requirements.txt (line 16)) (1.0.15)
Requirement already satisfied: Pillow in /opt/conda/lib/python3.11/site-packages (from -r /root/gsplat_src/examples/requirements.txt (line 17)) (10.2.0)
Requirement already satisfied: tensorboard in /opt/conda/lib/python3.11/site-packages (from -r /root/gsplat_src/examples/requirements.txt (line 18)) (2.21.0)
Collecting tensorly (from -r /root/gsplat_src/examples/requirements.txt (line 19))
  Downloading http://pypi-mirror.modal.local:5555/simple/tensorly/tensorly-0.9.0-py3-none-any.whl.metadata (8.6 kB)
Requirement already satisfied: pyyaml in /opt/conda/lib/python3.11/site-packages (from -r /root/gsplat_src/examples/requirements.txt (line 20)) (6.0.2)
Collecting matplotlib (from -r /root/gsplat_src/examples/requirements.txt (line 21))
  Downloading http://pypi-mirror.modal.local:5555/simple/matplotlib/matplotlib-3.11.1-cp311-cp311-manylinux2014_x86_64.manylinux_2_17_x86_64.whl.metadata (80 kB)
Collecting splines (from -r /root/gsplat_src/examples/requirements.txt (line 24))
  Downloading http://pypi-mirror.modal.local:5555/simple/splines/splines-0.3.3-py3-none-any.whl.metadata (1.8 kB)
Requirement already satisfied: imageio[ffmpeg] in /opt/conda/lib/python3.11/site-packages (from -r /root/gsplat_src/examples/requirements.txt (line 10)) (2.37.4)
Requirement already satisfied: torchmetrics[image] in /opt/conda/lib/python3.11/site-packages (from -r /root/gsplat_src/examples/requirements.txt (line 14)) (1.9.0)
Requirement already satisfied: scipy in /opt/conda/lib/python3.11/site-packages (from pycolmap==0.0.1->-r /root/gsplat_src/examples/requirements.txt (line 4)) (1.17.1)
Collecting msgspec<1.0.0,>=0.18.6 (from viser->-r /root/gsplat_src/examples/requirements.txt (line 8))
  Downloading http://pypi-mirror.modal.local:5555/simple/msgspec/msgspec-0.21.1-cp311-cp311-manylinux2014_x86_64.manylinux_2_17_x86_64.manylinux_2_28_x86_64.whl.metadata (5.8 kB)
Requirement already satisfied: requests<3.0.0,>=2.0.0 in /opt/conda/lib/python3.11/site-packages (from viser->-r /root/gsplat_src/examples/requirements.txt (line 8)) (2.32.3)
Collecting rich<15.0.0,>=13.3.3 (from viser->-r /root/gsplat_src/examples/requirements.txt (line 8))
  Downloading http://pypi-mirror.modal.local:5555/simple/rich/rich-14.3.4-py3-none-any.whl.metadata (18 kB)
Collecting trimesh<5.0.0,>=3.21.7 (from viser->-r /root/gsplat_src/examples/requirements.txt (line 8))
  Downloading http://pypi-mirror.modal.local:5555/simple/trimesh/trimesh-4.12.2-py3-none-any.whl.metadata (13 kB)
Requirement already satisfied: typing-extensions>=4.0.0 in /opt/conda/lib/python3.11/site-packages (from viser->-r /root/gsplat_src/examples/requirements.txt (line 8)) (4.16.0)
Collecting websockets<17.0.0,>=13.1 (from viser->-r /root/gsplat_src/examples/requirements.txt (line 8))
  Downloading http://pypi-mirror.modal.local:5555/simple/websockets/websockets-16.1.1-cp311-cp311-manylinux1_x86_64.manylinux_2_28_x86_64.manylinux_2_5_x86_64.whl.metadata (6.8 kB)
Requirement already satisfied: zstandard<1.0.0,>=0.20.0 in /opt/conda/lib/python3.11/site-packages (from viser->-r /root/gsplat_src/examples/requirements.txt (line 8)) (0.23.0)
Requirement already satisfied: imageio-ffmpeg in /opt/conda/lib/python3.11/site-packages (from imageio[ffmpeg]->-r /root/gsplat_src/examples/requirements.txt (line 10)) (0.6.0)
Requirement already satisfied: psutil in /opt/conda/lib/python3.11/site-packages (from imageio[ffmpeg]->-r /root/gsplat_src/examples/requirements.txt (line 10)) (6.1.0)
Requirement already satisfied: joblib>=1.4.0 in /opt/conda/lib/python3.11/site-packages (from scikit-learn->-r /root/gsplat_src/examples/requirements.txt (line 12)) (1.5.3)
Requirement already satisfied: narwhals>=2.0.1 in /opt/conda/lib/python3.11/site-packages (from scikit-learn->-r /root/gsplat_src/examples/requirements.txt (line 12)) (2.25.0)
Requirement already satisfied: threadpoolctl>=3.5.0 in /opt/conda/lib/python3.11/site-packages (from scikit-learn->-r /root/gsplat_src/examples/requirements.txt (line 12)) (3.6.0)
Requirement already satisfied: packaging>17.1 in /opt/conda/lib/python3.11/site-packages (from torchmetrics[image]->-r /root/gsplat_src/examples/requirements.txt (line 14)) (24.1)
Requirement already satisfied: torch>=2.0.0 in /opt/conda/lib/python3.11/site-packages (from torchmetrics[image]->-r /root/gsplat_src/examples/requirements.txt (line 14)) (2.5.1+cu124)
Requirement already satisfied: lightning-utilities>=0.15.3 in /opt/conda/lib/python3.11/site-packages (from torchmetrics[image]->-r /root/gsplat_src/examples/requirements.txt (line 14)) (0.15.3)
Collecting torch-fidelity<=0.4.0 (from torchmetrics[image]->-r /root/gsplat_src/examples/requirements.txt (line 14))
  Downloading http://pypi-mirror.modal.local:5555/simple/torch-fidelity/torch_fidelity-0.4.0-py3-none-any.whl.metadata (2.1 kB)
Requirement already satisfied: torchvision>=0.15.1 in /opt/conda/lib/python3.11/site-packages (from torchmetrics[image]->-r /root/gsplat_src/examples/requirements.txt (line 14)) (0.20.1+cu124)
INFO: pip is looking at multiple versions of opencv-python to determine which version is compatible with other requirements. This could take a while.
Collecting opencv-python (from -r /root/gsplat_src/examples/requirements.txt (line 15))
  Downloading http://pypi-mirror.modal.local:5555/simple/opencv-python/opencv_python-4.14.0.94-cp37-abi3-manylinux_2_28_x86_64.whl.metadata (19 kB)
  Downloading http://pypi-mirror.modal.local:5555/simple/opencv-python/opencv_python-4.13.0.92-cp37-abi3-manylinux_2_28_x86_64.whl.metadata (19 kB)
  Downloading http://pypi-mirror.modal.local:5555/simple/opencv-python/opencv_python-4.13.0.90-cp37-abi3-manylinux_2_28_x86_64.whl.metadata (19 kB)
  Downloading http://pypi-mirror.modal.local:5555/simple/opencv-python/opencv_python-4.12.0.88-cp37-abi3-manylinux2014_x86_64.manylinux_2_17_x86_64.whl.metadata (19 kB)
  Downloading http://pypi-mirror.modal.local:5555/simple/opencv-python/opencv_python-4.11.0.86-cp37-abi3-manylinux_2_17_x86_64.manylinux2014_x86_64.whl.metadata (20 kB)
Requirement already satisfied: docstring-parser>=0.16 in /opt/conda/lib/python3.11/site-packages (from tyro>=0.8.8->-r /root/gsplat_src/examples/requirements.txt (line 16)) (0.18.0)
Requirement already satisfied: typeguard>=4.0.0 in /opt/conda/lib/python3.11/site-packages (from tyro>=0.8.8->-r /root/gsplat_src/examples/requirements.txt (line 16)) (4.6.0)
Requirement already satisfied: absl-py>=0.4 in /opt/conda/lib/python3.11/site-packages (from tensorboard->-r /root/gsplat_src/examples/requirements.txt (line 18)) (2.5.0)
Requirement already satisfied: grpcio<2.0,>=1.74.0 in /opt/conda/lib/python3.11/site-packages (from tensorboard->-r /root/gsplat_src/examples/requirements.txt (line 18)) (1.83.0)
Requirement already satisfied: markdown>=2.6.8 in /opt/conda/lib/python3.11/site-packages (from tensorboard->-r /root/gsplat_src/examples/requirements.txt (line 18)) (3.10.3)
Requirement already satisfied: protobuf<8.0.0,>=6.31.1 in /opt/conda/lib/python3.11/site-packages (from tensorboard->-r /root/gsplat_src/examples/requirements.txt (line 18)) (7.36.0)
Requirement already satisfied: setuptools>=41.0.0 in /opt/conda/lib/python3.11/site-packages (from tensorboard->-r /root/gsplat_src/examples/requirements.txt (line 18)) (72.1.0)
Requirement already satisfied: tensorboard-data-server<0.8.0,>=0.7.0 in /opt/conda/lib/python3.11/site-packages (from tensorboard->-r /root/gsplat_src/examples/requirements.txt (line 18)) (0.7.2)
Requirement already satisfied: werkzeug>=1.0.1 in /opt/conda/lib/python3.11/site-packages (from tensorboard->-r /root/gsplat_src/examples/requirements.txt (line 18)) (3.1.8)
Collecting contourpy>=1.0.1 (from matplotlib->-r /root/gsplat_src/examples/requirements.txt (line 21))
  Downloading http://pypi-mirror.modal.local:5555/simple/contourpy/contourpy-1.3.3-cp311-cp311-manylinux_2_27_x86_64.manylinux_2_28_x86_64.whl.metadata (5.5 kB)
Collecting cycler>=0.10 (from matplotlib->-r /root/gsplat_src/examples/requirements.txt (line 21))
  Downloading http://pypi-mirror.modal.local:5555/simple/cycler/cycler-0.12.1-py3-none-any.whl.metadata (3.8 kB)
Collecting fonttools>=4.28.2 (from matplotlib->-r /root/gsplat_src/examples/requirements.txt (line 21))
  Downloading http://pypi-mirror.modal.local:5555/simple/fonttools/fonttools-4.63.0-cp311-cp311-manylinux2014_x86_64.manylinux_2_17_x86_64.whl.metadata (118 kB)
Collecting kiwisolver>=1.3.1 (from matplotlib->-r /root/gsplat_src/examples/requirements.txt (line 21))
  Downloading http://pypi-mirror.modal.local:5555/simple/kiwisolver/kiwisolver-1.5.0-cp311-cp311-manylinux2014_x86_64.manylinux_2_17_x86_64.whl.metadata (5.1 kB)
Collecting pyparsing>=3 (from matplotlib->-r /root/gsplat_src/examples/requirements.txt (line 21))
  Downloading http://pypi-mirror.modal.local:5555/simple/pyparsing/pyparsing-3.3.2-py3-none-any.whl.metadata (5.8 kB)
Collecting python-dateutil>=2.7 (from matplotlib->-r /root/gsplat_src/examples/requirements.txt (line 21))
  Downloading http://pypi-mirror.modal.local:5555/simple/python-dateutil/python_dateutil-2.9.0.post0-py2.py3-none-any.whl.metadata (8.4 kB)
Requirement already satisfied: six>=1.5 in /opt/conda/lib/python3.11/site-packages (from python-dateutil>=2.7->matplotlib->-r /root/gsplat_src/examples/requirements.txt (line 21)) (1.16.0)
Requirement already satisfied: charset-normalizer<4,>=2 in /opt/conda/lib/python3.11/site-packages (from requests<3.0.0,>=2.0.0->viser->-r /root/gsplat_src/examples/requirements.txt (line 8)) (3.4.0)
Requirement already satisfied: idna<4,>=2.5 in /opt/conda/lib/python3.11/site-packages (from requests<3.0.0,>=2.0.0->viser->-r /root/gsplat_src/examples/requirements.txt (line 8)) (3.10)
Requirement already satisfied: urllib3<3,>=1.21.1 in /opt/conda/lib/python3.11/site-packages (from requests<3.0.0,>=2.0.0->viser->-r /root/gsplat_src/examples/requirements.txt (line 8)) (2.2.3)
Requirement already satisfied: certifi>=2017.4.17 in /opt/conda/lib/python3.11/site-packages (from requests<3.0.0,>=2.0.0->viser->-r /root/gsplat_src/examples/requirements.txt (line 8)) (2024.8.30)
Requirement already satisfied: markdown-it-py>=2.2.0 in /opt/conda/lib/python3.11/site-packages (from rich<15.0.0,>=13.3.3->viser->-r /root/gsplat_src/examples/requirements.txt (line 8)) (4.2.0)
Requirement already satisfied: pygments<3.0.0,>=2.13.0 in /opt/conda/lib/python3.11/site-packages (from rich<15.0.0,>=13.3.3->viser->-r /root/gsplat_src/examples/requirements.txt (line 8)) (2.18.0)
Requirement already satisfied: filelock in /opt/conda/lib/python3.11/site-packages (from torch>=2.0.0->torchmetrics[image]->-r /root/gsplat_src/examples/requirements.txt (line 14)) (3.16.1)
Requirement already satisfied: networkx in /opt/conda/lib/python3.11/site-packages (from torch>=2.0.0->torchmetrics[image]->-r /root/gsplat_src/examples/requirements.txt (line 14)) (3.4.2)
Requirement already satisfied: jinja2 in /opt/conda/lib/python3.11/site-packages (from torch>=2.0.0->torchmetrics[image]->-r /root/gsplat_src/examples/requirements.txt (line 14)) (3.1.4)
Requirement already satisfied: fsspec in /opt/conda/lib/python3.11/site-packages (from torch>=2.0.0->torchmetrics[image]->-r /root/gsplat_src/examples/requirements.txt (line 14)) (2024.10.0)
Requirement already satisfied: nvidia-cuda-nvrtc-cu12==12.4.127 in /opt/conda/lib/python3.11/site-packages (from torch>=2.0.0->torchmetrics[image]->-r /root/gsplat_src/examples/requirements.txt (line 14)) (12.4.127)
Requirement already satisfied: nvidia-cuda-runtime-cu12==12.4.127 in /opt/conda/lib/python3.11/site-packages (from torch>=2.0.0->torchmetrics[image]->-r /root/gsplat_src/examples/requirements.txt (line 14)) (12.4.127)
Requirement already satisfied: nvidia-cuda-cupti-cu12==12.4.127 in /opt/conda/lib/python3.11/site-packages (from torch>=2.0.0->torchmetrics[image]->-r /root/gsplat_src/examples/requirements.txt (line 14)) (12.4.127)
Requirement already satisfied: nvidia-cudnn-cu12==9.1.0.70 in /opt/conda/lib/python3.11/site-packages (from torch>=2.0.0->torchmetrics[image]->-r /root/gsplat_src/examples/requirements.txt (line 14)) (9.1.0.70)
Requirement already satisfied: nvidia-cublas-cu12==12.4.5.8 in /opt/conda/lib/python3.11/site-packages (from torch>=2.0.0->torchmetrics[image]->-r /root/gsplat_src/examples/requirements.txt (line 14)) (12.4.5.8)
Requirement already satisfied: nvidia-cufft-cu12==11.2.1.3 in /opt/conda/lib/python3.11/site-packages (from torch>=2.0.0->torchmetrics[image]->-r /root/gsplat_src/examples/requirements.txt (line 14)) (11.2.1.3)
Requirement already satisfied: nvidia-curand-cu12==10.3.5.147 in /opt/conda/lib/python3.11/site-packages (from torch>=2.0.0->torchmetrics[image]->-r /root/gsplat_src/examples/requirements.txt (line 14)) (10.3.5.147)
Requirement already satisfied: nvidia-cusolver-cu12==11.6.1.9 in /opt/conda/lib/python3.11/site-packages (from torch>=2.0.0->torchmetrics[image]->-r /root/gsplat_src/examples/requirements.txt (line 14)) (11.6.1.9)
Requirement already satisfied: nvidia-cusparse-cu12==12.3.1.170 in /opt/conda/lib/python3.11/site-packages (from torch>=2.0.0->torchmetrics[image]->-r /root/gsplat_src/examples/requirements.txt (line 14)) (12.3.1.170)
Requirement already satisfied: nvidia-nccl-cu12==2.21.5 in /opt/conda/lib/python3.11/site-packages (from torch>=2.0.0->torchmetrics[image]->-r /root/gsplat_src/examples/requirements.txt (line 14)) (2.21.5)
Requirement already satisfied: nvidia-nvtx-cu12==12.4.127 in /opt/conda/lib/python3.11/site-packages (from torch>=2.0.0->torchmetrics[image]->-r /root/gsplat_src/examples/requirements.txt (line 14)) (12.4.127)
Requirement already satisfied: nvidia-nvjitlink-cu12==12.4.127 in /opt/conda/lib/python3.11/site-packages (from torch>=2.0.0->torchmetrics[image]->-r /root/gsplat_src/examples/requirements.txt (line 14)) (12.4.127)
Requirement already satisfied: triton==3.1.0 in /opt/conda/lib/python3.11/site-packages (from torch>=2.0.0->torchmetrics[image]->-r /root/gsplat_src/examples/requirements.txt (line 14)) (3.1.0)
Requirement already satisfied: sympy==1.13.1 in /opt/conda/lib/python3.11/site-packages (from torch>=2.0.0->torchmetrics[image]->-r /root/gsplat_src/examples/requirements.txt (line 14)) (1.13.1)
Requirement already satisfied: mpmath<1.4,>=1.1.0 in /opt/conda/lib/python3.11/site-packages (from sympy==1.13.1->torch>=2.0.0->torchmetrics[image]->-r /root/gsplat_src/examples/requirements.txt (line 14)) (1.3.0)
Requirement already satisfied: markupsafe>=2.1.1 in /opt/conda/lib/python3.11/site-packages (from werkzeug>=1.0.1->tensorboard->-r /root/gsplat_src/examples/requirements.txt (line 18)) (3.0.2)
Requirement already satisfied: mdurl~=0.1 in /opt/conda/lib/python3.11/site-packages (from markdown-it-py>=2.2.0->rich<15.0.0,>=13.3.3->viser->-r /root/gsplat_src/examples/requirements.txt (line 8)) (0.1.2)
Downloading http://pypi-mirror.modal.local:5555/simple/viser/viser-1.1.0-py3-none-any.whl (5.5 MB)
   ━━━━━━━━━━━━━━━━━━━━━━━━━━━━━━━━━━━━━━━━ 5.5/5.5 MB 126.5 MB/s eta 0:00:00
Downloading http://pypi-mirror.modal.local:5555/simple/numpy/numpy-1.26.4-cp311-cp311-manylinux_2_17_x86_64.manylinux2014_x86_64.whl (18.3 MB)
   ━━━━━━━━━━━━━━━━━━━━━━━━━━━━━━━━━━━━━━━━ 18.3/18.3 MB 546.7 MB/s eta 0:00:00
Downloading http://pypi-mirror.modal.local:5555/simple/opencv-python/opencv_python-4.11.0.86-cp37-abi3-manylinux_2_17_x86_64.manylinux2014_x86_64.whl (63.0 MB)
   ━━━━━━━━━━━━━━━━━━━━━━━━━━━━━━━━━━━━━━━━ 63.0/63.0 MB 274.2 MB/s eta 0:00:00
Downloading http://pypi-mirror.modal.local:5555/simple/tensorly/tensorly-0.9.0-py3-none-any.whl (7.4 MB)
   ━━━━━━━━━━━━━━━━━━━━━━━━━━━━━━━━━━━━━━━━ 7.4/7.4 MB 138.9 MB/s eta 0:00:00
Downloading http://pypi-mirror.modal.local:5555/simple/matplotlib/matplotlib-3.11.1-cp311-cp311-manylinux2014_x86_64.manylinux_2_17_x86_64.whl (10.0 MB)
   ━━━━━━━━━━━━━━━━━━━━━━━━━━━━━━━━━━━━━━━━ 10.0/10.0 MB 549.1 MB/s eta 0:00:00
Downloading http://pypi-mirror.modal.local:5555/simple/splines/splines-0.3.3-py3-none-any.whl (17 kB)
Downloading http://pypi-mirror.modal.local:5555/simple/contourpy/contourpy-1.3.3-cp311-cp311-manylinux_2_27_x86_64.manylinux_2_28_x86_64.whl (355 kB)
Downloading http://pypi-mirror.modal.local:5555/simple/cycler/cycler-0.12.1-py3-none-any.whl (8.3 kB)
Downloading http://pypi-mirror.modal.local:5555/simple/fonttools/fonttools-4.63.0-cp311-cp311-manylinux2014_x86_64.manylinux_2_17_x86_64.whl (5.1 MB)
   ━━━━━━━━━━━━━━━━━━━━━━━━━━━━━━━━━━━━━━━━ 5.1/5.1 MB 529.1 MB/s eta 0:00:00
Downloading http://pypi-mirror.modal.local:5555/simple/kiwisolver/kiwisolver-1.5.0-cp311-cp311-manylinux2014_x86_64.manylinux_2_17_x86_64.whl (1.4 MB)
   ━━━━━━━━━━━━━━━━━━━━━━━━━━━━━━━━━━━━━━━━ 1.4/1.4 MB 558.9 MB/s eta 0:00:00
Downloading http://pypi-mirror.modal.local:5555/simple/msgspec/msgspec-0.21.1-cp311-cp311-manylinux2014_x86_64.manylinux_2_17_x86_64.manylinux_2_28_x86_64.whl (219 kB)
Downloading http://pypi-mirror.modal.local:5555/simple/pyparsing/pyparsing-3.3.2-py3-none-any.whl (122 kB)
Downloading http://pypi-mirror.modal.local:5555/simple/python-dateutil/python_dateutil-2.9.0.post0-py2.py3-none-any.whl (229 kB)
Downloading http://pypi-mirror.modal.local:5555/simple/rich/rich-14.3.4-py3-none-any.whl (310 kB)
Downloading http://pypi-mirror.modal.local:5555/simple/torch-fidelity/torch_fidelity-0.4.0-py3-none-any.whl (85 kB)
Downloading http://pypi-mirror.modal.local:5555/simple/trimesh/trimesh-4.12.2-py3-none-any.whl (741 kB)
   ━━━━━━━━━━━━━━━━━━━━━━━━━━━━━━━━━━━━━━━ 741.0/741.0 kB 167.9 MB/s eta 0:00:00
Downloading http://pypi-mirror.modal.local:5555/simple/websockets/websockets-16.1.1-cp311-cp311-manylinux1_x86_64.manylinux_2_28_x86_64.manylinux_2_5_x86_64.whl (186 kB)
Building wheels for collected packages: pycolmap, nerfview, fused_ssim, fused_bilagrid
  Building wheel for pycolmap (pyproject.toml): started
  Building wheel for pycolmap (pyproject.toml): finished with status 'done'
  Created wheel for pycolmap: filename=pycolmap-0.0.1-py3-none-any.whl size=16589 sha256=7102da9281e4df009e0140539598a71d23fff211515755968dd17cfb234e12e1
  Stored in directory: /tmp/pip-ephem-wheel-cache-7w0tim13/wheels/6f/12/49/0d084490a0283f7800549991a4c7c83cec7fbfa758dc6d4f9e
  Building wheel for nerfview (pyproject.toml): started
  Building wheel for nerfview (pyproject.toml): finished with status 'done'
  Created wheel for nerfview: filename=nerfview-0.1.2-py3-none-any.whl size=19710 sha256=9266e2a9825e4cc3ac3787bb3b1bd776fea0e87e00e84ad318384b46841410e0
  Stored in directory: /tmp/pip-ephem-wheel-cache-7w0tim13/wheels/ca/52/c2/d35aff1c8dc688a7f556afda3d20b35b965dd4a7b4fb5af1da
  Building wheel for fused_ssim (setup.py): started
  Building wheel for fused_ssim (setup.py): still running...
  Building wheel for fused_ssim (setup.py): finished with status 'done'
  Created wheel for fused_ssim: filename=fused_ssim-0.0.0-cp311-cp311-linux_x86_64.whl size=100318 sha256=43ad7dc0f0a017d9c82af4d550cbe1904337500f6935c9999e1a42f222163fe4
  Stored in directory: /tmp/pip-ephem-wheel-cache-7w0tim13/wheels/4b/fc/7f/5d7d2fa52c618f0619042541124f0b485b203f80a581aeb3ef
  Building wheel for fused_bilagrid (setup.py): started
  Building wheel for fused_bilagrid (setup.py): finished with status 'done'
  Created wheel for fused_bilagrid: filename=fused_bilagrid-0.0.0-cp311-cp311-linux_x86_64.whl size=203490 sha256=4f9444890f16988056f7a76adefbd86222db80daa9783e8ad27d5a73a4124cf8
  Stored in directory: /tmp/pip-ephem-wheel-cache-7w0tim13/wheels/ac/81/ea/896bc0c056cced283579811aa214e5ac32ec4b60852a620487
Successfully built pycolmap nerfview fused_ssim fused_bilagrid
Installing collected packages: fused_ssim, fused_bilagrid, websockets, python-dateutil, pyparsing, numpy, msgspec, kiwisolver, fonttools, cycler, trimesh, splines, rich, opencv-python, contourpy, viser, tensorly, pycolmap, matplotlib, nerfview, torch-fidelity
  Attempting uninstall: numpy
    Found existing installation: numpy 2.1.2
    Uninstalling numpy-2.1.2:
      Successfully uninstalled numpy-2.1.2
  Attempting uninstall: rich
    Found existing installation: rich 15.0.0
    Uninstalling rich-15.0.0:
      Successfully uninstalled rich-15.0.0
ERROR: pip's dependency resolver does not currently take into account all the packages that are installed. This behaviour is the source of the following dependency conflicts.
opencv-python-headless 5.0.0.93 requires numpy>=2; python_version >= "3.9", but you have numpy 1.26.4 which is incompatible.
plyfile 1.1.5 requires numpy>=2.0, but you have numpy 1.26.4 which is incompatible.
Successfully installed contourpy-1.3.3 cycler-0.12.1 fonttools-4.63.0 fused_bilagrid-0.0.0 fused_ssim-0.0.0 kiwisolver-1.5.0 matplotlib-3.11.1 msgspec-0.21.1 nerfview-0.1.2 numpy-1.26.4 opencv-python-4.11.0.86 pycolmap-0.0.1 pyparsing-3.3.2 python-dateutil-2.9.0.post0 rich-14.3.4 splines-0.3.3 tensorly-0.9.0 torch-fidelity-0.4.0 trimesh-4.12.2 viser-1.1.0 websockets-16.1.1
Saving image...
Image saved, took 1.06s

Built image im-arFFYiyTrA5xMOHsVqSCtO in 114.26s


✓ Created objects.
├── 🔨 Created mount 
│   /Users/ryanabraham/Downloads/vgrep3d_extracted/modal/run_gsplat_train.py
└── 🔨 Created function train_gsplat.

==========
== CUDA ==
==========

CUDA Version 12.4.1

Container image Copyright (c) 2016-2023, NVIDIA CORPORATION & AFFILIATES. All rights reserved.

This container image and its contents are governed by the NVIDIA Deep Learning Container License.
By pulling and using the container, you accept the terms and conditions of this license:
https://developer.nvidia.com/ngc/nvidia-deep-learning-container-license

A copy of this license is made available in this container at /NGC-DL-CONTAINER-LICENSE for your convenience.

[gsplat] 293 images, training for 7000 steps
[gsplat] $ python examples/simple_trainer.py default --data_dir /tmp/gsplat_data --data_factor 1 --result_dir /tmp/gsplat_result --max_steps 7000 --disable_viewer
Downloading: "https://download.pytorch.org/models/alexnet-owt-7be5be79.pth" to /root/.cache/torch/hub/checkpoints/alexnet-owt-7be5be79.pth
[Parser] 292 images, taken by 1 cameras.
Warning: COLMAP Camera is not PINHOLE. Images have distortion.
Scene scale: 2.8152928074690777
Model initialized. Number of GS: 56346

  0%|          | 0.00/233M [00:00<?, ?B/s]
  6%|▋         | 14.9M/233M [00:00<00:01, 155MB/s]
 13%|█▎        | 29.8M/233M [00:00<00:01, 148MB/s]
 19%|█▉        | 45.1M/233M [00:00<00:01, 153MB/s]
 26%|██▌       | 59.9M/233M [00:00<00:01, 154MB/s]
 32%|███▏      | 74.6M/233M [00:00<00:01, 153MB/s]
 38%|███▊      | 89.2M/233M [00:00<00:00, 151MB/s]
 45%|████▍     | 104M/233M [00:00<00:00, 147MB/s] 
 51%|█████     | 118M/233M [00:00<00:00, 145MB/s]
 57%|█████▋    | 132M/233M [00:00<00:00, 143MB/s]
 63%|██████▎   | 146M/233M [00:01<00:00, 145MB/s]
 69%|██████▊   | 160M/233M [00:01<00:00, 145MB/s]
 75%|███████▍  | 174M/233M [00:01<00:00, 145MB/s]
 81%|████████  | 188M/233M [00:01<00:00, 144MB/s]
 87%|████████▋ | 202M/233M [00:01<00:00, 142MB/s]
 92%|█████████▏| 215M/233M [00:01<00:00, 139MB/s]
 98%|█████████▊| 230M/233M [00:01<00:00, 142MB/s]
100%|██████████| 233M/233M [00:01<00:00, 146MB/s]
/opt/conda/lib/python3.11/site-packages/torchmetrics/functional/image/lpips.py:332: FutureWarning: You are using `torch.load` with `weights_only=False` (the current default value), which uses the default pickle module implicitly. It is possible to construct malicious pickle data which will execute arbitrary code during unpickling (See https://github.com/pytorch/pytorch/blob/main/SECURITY.md#untrusted-models for more details). In a future release, the default value for `weights_only` will be flipped to `True`. This limits the functions that could be executed during unpickling. Arbitrary objects will no longer be allowed to be loaded via this mode unless they are explicitly allowlisted by the user via `torch.serialization.add_safe_globals`. We recommend you start setting `weights_only=True` for any use case where you don't have full control of the loaded file. Please open an issue on GitHub for any issues related to this experimental feature.
  self.load_state_dict(torch.load(model_path, map_location="cpu"), strict=False)

  0%|          | 0/7000 [00:00<?, ?it/s]/opt/conda/lib/python3.11/site-packages/torch/utils/cpp_extension.py:1964: UserWarning: TORCH_CUDA_ARCH_LIST is not set, all archs for visible cards are included for compilation. 
If this is not desired, please set os.environ['TORCH_CUDA_ARCH_LIST'].
  warnings.warn(
gsplat: CUDA extension has been set up successfully in 81.44 seconds.

loss=0.278| sh degree=0| :   0%|          | 0/7000 [01:22<?, ?it/s]
loss=0.278| sh degree=0| :   0%|          | 1/7000 [01:23<161:31:32, 83.08s/it]
loss=0.253| sh degree=0| :   0%|          | 1/7000 [01:23<161:31:32, 83.08s/it]
loss=0.283| sh degree=0| :   0%|          | 1/7000 [01:23<161:31:32, 83.08s/it]
loss=0.291| sh degree=0| :   0%|          | 1/7000 [01:23<161:31:32, 83.08s/it]
loss=0.249| sh degree=0| :   0%|          | 1/7000 [01:23<161:31:32, 83.08s/it]
loss=0.248| sh degree=0| :   0%|          | 1/7000 [01:23<161:31:32, 83.08s/it]
loss=0.266| sh degree=0| :   0%|          | 1/7000 [01:23<161:31:32, 83.08s/it]
loss=0.266| sh degree=0| :   0%|          | 7/7000 [01:23<16:53:40,  8.70s/it] 
loss=0.246| sh degree=0| :   0%|          | 7/7000 [01:23<16:53:40,  8.70s/it]
loss=0.253| sh degree=0| :   0%|          | 7/7000 [01:23<16:53:40,  8.70s/it]
loss=0.241| sh degree=0| :   0%|          | 7/7000 [01:23<16:53:40,  8.70s/it]
loss=0.274| sh degree=0| :   0%|          | 7/7000 [01:23<16:53:40,  8.70s/it]
loss=0.280| sh degree=0| :   0%|          | 7/7000 [01:23<16:53:40,  8.70s/it]
loss=0.265| sh degree=0| :   0%|          | 7/7000 [01:23<16:53:40,  8.70s/it]
loss=0.265| sh degree=0| :   0%|          | 13/7000 [01:23<7:25:42,  3.83s/it]
loss=0.243| sh degree=0| :   0%|          | 13/7000 [01:23<7:25:42,  3.83s/it]
loss=0.260| sh degree=0| :   0%|          | 13/7000 [01:23<7:25:42,  3.83s/it]
loss=0.262| sh degree=0| :   0%|          | 13/7000 [01:23<7:25:42,  3.83s/it]
loss=0.234| sh degree=0| :   0%|          | 13/7000 [01:23<7:25:42,  3.83s/it]
loss=0.239| sh degree=0| :   0%|          | 13/7000 [01:23<7:25:42,  3.83s/it]
loss=0.250| sh degree=0| :   0%|          | 13/7000 [01:23<7:25:42,  3.83s/it]
loss=0.250| sh degree=0| :   0%|          | 19/7000 [01:23<4:08:08,  2.13s/it]
loss=0.236| sh degree=0| :   0%|          | 19/7000 [01:23<4:08:08,  2.13s/it]
loss=0.238| sh degree=0| :   0%|          | 19/7000 [01:23<4:08:08,  2.13s/it]
loss=0.255| sh degree=0| :   0%|          | 19/7000 [01:23<4:08:08,  2.13s/it]
loss=0.238| sh degree=0| :   0%|          | 19/7000 [01:23<4:08:08,  2.13s/it]
loss=0.263| sh degree=0| :   0%|          | 19/7000 [01:23<4:08:08,  2.13s/it]
loss=0.251| sh degree=0| :   0%|          | 19/7000 [01:23<4:08:08,  2.13s/it]
loss=0.251| sh degree=0| :   0%|          | 25/7000 [01:23<2:32:39,  1.31s/it]
loss=0.227| sh degree=0| :   0%|          | 25/7000 [01:23<2:32:39,  1.31s/it]
loss=0.234| sh degree=0| :   0%|          | 25/7000 [01:23<2:32:39,  1.31s/it]
loss=0.218| sh degree=0| :   0%|          | 25/7000 [01:23<2:32:39,  1.31s/it]
loss=0.207| sh degree=0| :   0%|          | 25/7000 [01:23<2:32:39,  1.31s/it]
loss=0.220| sh degree=0| :   0%|          | 25/7000 [01:23<2:32:39,  1.31s/it]
loss=0.238| sh degree=0| :   0%|          | 25/7000 [01:23<2:32:39,  1.31s/it]
loss=0.238| sh degree=0| :   0%|          | 31/7000 [01:23<1:38:55,  1.17it/s]
loss=0.208| sh degree=0| :   0%|          | 31/7000 [01:23<1:38:55,  1.17it/s]
loss=0.210| sh degree=0| :   0%|          | 31/7000 [01:23<1:38:55,  1.17it/s]
loss=0.230| sh degree=0| :   0%|          | 31/7000 [01:23<1:38:55,  1.17it/s]
loss=0.230| sh degree=0| :   0%|          | 31/7000 [01:23<1:38:55,  1.17it/s]
loss=0.224| sh degree=0| :   0%|          | 31/7000 [01:23<1:38:55,  1.17it/s]
loss=0.224| sh degree=0| :   1%|          | 36/7000 [01:23<1:10:13,  1.65it/s]
loss=0.217| sh degree=0| :   1%|          | 36/7000 [01:23<1:10:13,  1.65it/s]
loss=0.192| sh degree=0| :   1%|          | 36/7000 [01:23<1:10:13,  1.65it/s]
loss=0.209| sh degree=0| :   1%|          | 36/7000 [01:23<1:10:13,  1.65it/s]
loss=0.247| sh degree=0| :   1%|          | 36/7000 [01:23<1:10:13,  1.65it/s]
loss=0.208| sh degree=0| :   1%|          | 36/7000 [01:23<1:10:13,  1.65it/s]
loss=0.208| sh degree=0| :   1%|          | 41/7000 [01:23<49:59,  2.32it/s]  
loss=0.232| sh degree=0| :   1%|          | 41/7000 [01:23<49:59,  2.32it/s]
loss=0.201| sh degree=0| :   1%|          | 41/7000 [01:23<49:59,  2.32it/s]
loss=0.171| sh degree=0| :   1%|          | 41/7000 [01:23<49:59,  2.32it/s]
loss=0.200| sh degree=0| :   1%|          | 41/7000 [01:24<49:59,  2.32it/s]
loss=0.200| sh degree=0| :   1%|          | 41/7000 [01:24<49:59,  2.32it/s]
loss=0.190| sh degree=0| :   1%|          | 41/7000 [01:24<49:59,  2.32it/s]
loss=0.190| sh degree=0| :   1%|          | 47/7000 [01:24<33:44,  3.43it/s]
loss=0.202| sh degree=0| :   1%|          | 47/7000 [01:24<33:44,  3.43it/s]
loss=0.176| sh degree=0| :   1%|          | 47/7000 [01:24<33:44,  3.43it/s]
loss=0.211| sh degree=0| :   1%|          | 47/7000 [01:24<33:44,  3.43it/s]
loss=0.163| sh degree=0| :   1%|          | 47/7000 [01:24<33:44,  3.43it/s]
loss=0.186| sh degree=0| :   1%|          | 47/7000 [01:24<33:44,  3.43it/s]
loss=0.186| sh degree=0| :   1%|          | 52/7000 [01:24<24:58,  4.64it/s]
loss=0.210| sh degree=0| :   1%|          | 52/7000 [01:24<24:58,  4.64it/s]
loss=0.169| sh degree=0| :   1%|          | 52/7000 [01:24<24:58,  4.64it/s]
loss=0.227| sh degree=0| :   1%|          | 52/7000 [01:24<24:58,  4.64it/s]
loss=0.181| sh degree=0| :   1%|          | 52/7000 [01:24<24:58,  4.64it/s]
loss=0.193| sh degree=0| :   1%|          | 52/7000 [01:24<24:58,  4.64it/s]
loss=0.193| sh degree=0| :   1%|          | 57/7000 [01:24<18:25,  6.28it/s]
loss=0.193| sh degree=0| :   1%|          | 57/7000 [01:24<18:25,  6.28it/s]
loss=0.182| sh degree=0| :   1%|          | 57/7000 [01:24<18:25,  6.28it/s]
loss=0.206| sh degree=0| :   1%|          | 57/7000 [01:24<18:25,  6.28it/s]
loss=0.161| sh degree=0| :   1%|          | 57/7000 [01:24<18:25,  6.28it/s]
loss=0.195| sh degree=0| :   1%|          | 57/7000 [01:24<18:25,  6.28it/s]
loss=0.161| sh degree=0| :   1%|          | 57/7000 [01:24<18:25,  6.28it/s]
loss=0.161| sh degree=0| :   1%|          | 63/7000 [01:24<13:07,  8.81it/s]
loss=0.151| sh degree=0| :   1%|          | 63/7000 [01:24<13:07,  8.81it/s]
loss=0.181| sh degree=0| :   1%|          | 63/7000 [01:24<13:07,  8.81it/s]
loss=0.177| sh degree=0| :   1%|          | 63/7000 [01:24<13:07,  8.81it/s]
loss=0.186| sh degree=0| :   1%|          | 63/7000 [01:24<13:07,  8.81it/s]
loss=0.155| sh degree=0| :   1%|          | 63/7000 [01:24<13:07,  8.81it/s]
loss=0.165| sh degree=0| :   1%|          | 63/7000 [01:24<13:07,  8.81it/s]
loss=0.165| sh degree=0| :   1%|          | 69/7000 [01:24<09:33, 12.09it/s]
loss=0.133| sh degree=0| :   1%|          | 69/7000 [01:24<09:33, 12.09it/s]
loss=0.139| sh degree=0| :   1%|          | 69/7000 [01:24<09:33, 12.09it/s]
loss=0.165| sh degree=0| :   1%|          | 69/7000 [01:24<09:33, 12.09it/s]
loss=0.135| sh degree=0| :   1%|          | 69/7000 [01:24<09:33, 12.09it/s]
loss=0.160| sh degree=0| :   1%|          | 69/7000 [01:24<09:33, 12.09it/s]
loss=0.145| sh degree=0| :   1%|          | 69/7000 [01:24<09:33, 12.09it/s]
loss=0.145| sh degree=0| :   1%|          | 75/7000 [01:24<07:36, 15.16it/s]
loss=0.142| sh degree=0| :   1%|          | 75/7000 [01:24<07:36, 15.16it/s]
loss=0.147| sh degree=0| :   1%|          | 75/7000 [01:24<07:36, 15.16it/s]
loss=0.155| sh degree=0| :   1%|          | 75/7000 [01:24<07:36, 15.16it/s]
loss=0.156| sh degree=0| :   1%|          | 75/7000 [01:24<07:36, 15.16it/s]
loss=0.157| sh degree=0| :   1%|          | 75/7000 [01:24<07:36, 15.16it/s]
loss=0.144| sh degree=0| :   1%|          | 75/7000 [01:24<07:36, 15.16it/s]
loss=0.144| sh degree=0| :   1%|          | 81/7000 [01:24<05:53, 19.58it/s]
loss=0.151| sh degree=0| :   1%|          | 81/7000 [01:24<05:53, 19.58it/s]
loss=0.119| sh degree=0| :   1%|          | 81/7000 [01:24<05:53, 19.58it/s]
loss=0.145| sh degree=0| :   1%|          | 81/7000 [01:24<05:53, 19.58it/s]
loss=0.146| sh degree=0| :   1%|          | 81/7000 [01:24<05:53, 19.58it/s]
loss=0.165| sh degree=0| :   1%|          | 81/7000 [01:24<05:53, 19.58it/s]
loss=0.136| sh degree=0| :   1%|          | 81/7000 [01:24<05:53, 19.58it/s]
loss=0.136| sh degree=0| :   1%|          | 87/7000 [01:24<04:50, 23.82it/s]
loss=0.156| sh degree=0| :   1%|          | 87/7000 [01:24<04:50, 23.82it/s]
loss=0.129| sh degree=0| :   1%|          | 87/7000 [01:24<04:50, 23.82it/s]
loss=0.121| sh degree=0| :   1%|          | 87/7000 [01:25<04:50, 23.82it/s]
loss=0.114| sh degree=0| :   1%|          | 87/7000 [01:25<04:50, 23.82it/s]
loss=0.132| sh degree=0| :   1%|          | 87/7000 [01:25<04:50, 23.82it/s]
loss=0.132| sh degree=0| :   1%|▏         | 92/7000 [01:25<04:15, 27.03it/s]
loss=0.137| sh degree=0| :   1%|▏         | 92/7000 [01:25<04:15, 27.03it/s]
loss=0.160| sh degree=0| :   1%|▏         | 92/7000 [01:25<04:15, 27.03it/s]
loss=0.168| sh degree=0| :   1%|▏         | 92/7000 [01:25<04:15, 27.03it/s]
loss=0.135| sh degree=0| :   1%|▏         | 92/7000 [01:25<04:15, 27.03it/s]
loss=0.166| sh degree=0| :   1%|▏         | 92/7000 [01:25<04:15, 27.03it/s]
loss=0.136| sh degree=0| :   1%|▏         | 92/7000 [01:25<04:15, 27.03it/s]
loss=0.136| sh degree=0| :   1%|▏         | 98/7000 [01:25<03:37, 31.76it/s]
loss=0.150| sh degree=0| :   1%|▏         | 98/7000 [01:25<03:37, 31.76it/s]
loss=0.156| sh degree=0| :   1%|▏         | 98/7000 [01:25<03:37, 31.76it/s]
loss=0.140| sh degree=0| :   1%|▏         | 98/7000 [01:25<03:37, 31.76it/s]
loss=0.140| sh degree=0| :   1%|▏         | 98/7000 [01:25<03:37, 31.76it/s]
loss=0.136| sh degree=0| :   1%|▏         | 98/7000 [01:25<03:37, 31.76it/s]
loss=0.140| sh degree=0| :   1%|▏         | 98/7000 [01:25<03:37, 31.76it/s]
loss=0.140| sh degree=0| :   1%|▏         | 104/7000 [01:25<03:09, 36.33it/s]
loss=0.132| sh degree=0| :   1%|▏         | 104/7000 [01:25<03:09, 36.33it/s]
loss=0.134| sh degree=0| :   1%|▏         | 104/7000 [01:25<03:09, 36.33it/s]
loss=0.166| sh degree=0| :   1%|▏         | 104/7000 [01:25<03:09, 36.33it/s]
loss=0.125| sh degree=0| :   1%|▏         | 104/7000 [01:25<03:09, 36.33it/s]
loss=0.120| sh degree=0| :   1%|▏         | 104/7000 [01:25<03:09, 36.33it/s]
loss=0.145| sh degree=0| :   1%|▏         | 104/7000 [01:25<03:09, 36.33it/s]
loss=0.145| sh degree=0| :   2%|▏         | 110/7000 [01:25<02:54, 39.59it/s]
loss=0.133| sh degree=0| :   2%|▏         | 110/7000 [01:25<02:54, 39.59it/s]
loss=0.138| sh degree=0| :   2%|▏         | 110/7000 [01:25<02:54, 39.59it/s]
loss=0.141| sh degree=0| :   2%|▏         | 110/7000 [01:25<02:54, 39.59it/s]
loss=0.110| sh degree=0| :   2%|▏         | 110/7000 [01:25<02:54, 39.59it/s]
loss=0.128| sh degree=0| :   2%|▏         | 110/7000 [01:25<02:54, 39.59it/s]
loss=0.140| sh degree=0| :   2%|▏         | 110/7000 [01:25<02:54, 39.59it/s]
loss=0.140| sh degree=0| :   2%|▏         | 116/7000 [01:25<02:39, 43.12it/s]
loss=0.141| sh degree=0| :   2%|▏         | 116/7000 [01:25<02:39, 43.12it/s]
loss=0.143| sh degree=0| :   2%|▏         | 116/7000 [01:25<02:39, 43.12it/s]
loss=0.139| sh degree=0| :   2%|▏         | 116/7000 [01:25<02:39, 43.12it/s]
loss=0.117| sh degree=0| :   2%|▏         | 116/7000 [01:25<02:39, 43.12it/s]
loss=0.123| sh degree=0| :   2%|▏         | 116/7000 [01:25<02:39, 43.12it/s]
loss=0.127| sh degree=0| :   2%|▏         | 116/7000 [01:25<02:39, 43.12it/s]
loss=0.127| sh degree=0| :   2%|▏         | 122/7000 [01:25<02:28, 46.25it/s]
loss=0.125| sh degree=0| :   2%|▏         | 122/7000 [01:25<02:28, 46.25it/s]
loss=0.119| sh degree=0| :   2%|▏         | 122/7000 [01:25<02:28, 46.25it/s]
loss=0.119| sh degree=0| :   2%|▏         | 122/7000 [01:25<02:28, 46.25it/s]
loss=0.125| sh degree=0| :   2%|▏         | 122/7000 [01:25<02:28, 46.25it/s]
loss=0.120| sh degree=0| :   2%|▏         | 122/7000 [01:25<02:28, 46.25it/s]
loss=0.130| sh degree=0| :   2%|▏         | 122/7000 [01:25<02:28, 46.25it/s]
loss=0.130| sh degree=0| :   2%|▏         | 128/7000 [01:25<02:21, 48.70it/s]
loss=0.125| sh degree=0| :   2%|▏         | 128/7000 [01:25<02:21, 48.70it/s]
loss=0.123| sh degree=0| :   2%|▏         | 128/7000 [01:25<02:21, 48.70it/s]
loss=0.119| sh degree=0| :   2%|▏         | 128/7000 [01:25<02:21, 48.70it/s]
loss=0.116| sh degree=0| :   2%|▏         | 128/7000 [01:25<02:21, 48.70it/s]
loss=0.126| sh degree=0| :   2%|▏         | 128/7000 [01:25<02:21, 48.70it/s]
loss=0.119| sh degree=0| :   2%|▏         | 128/7000 [01:25<02:21, 48.70it/s]
loss=0.119| sh degree=0| :   2%|▏         | 134/7000 [01:25<02:18, 49.45it/s]
loss=0.111| sh degree=0| :   2%|▏         | 134/7000 [01:25<02:18, 49.45it/s]
loss=0.112| sh degree=0| :   2%|▏         | 134/7000 [01:25<02:18, 49.45it/s]
loss=0.122| sh degree=0| :   2%|▏         | 134/7000 [01:25<02:18, 49.45it/s]
loss=0.117| sh degree=0| :   2%|▏         | 134/7000 [01:25<02:18, 49.45it/s]
loss=0.112| sh degree=0| :   2%|▏         | 134/7000 [01:25<02:18, 49.45it/s]
loss=0.114| sh degree=0| :   2%|▏         | 134/7000 [01:25<02:18, 49.45it/s]
loss=0.114| sh degree=0| :   2%|▏         | 140/7000 [01:25<02:12, 51.63it/s]
loss=0.121| sh degree=0| :   2%|▏         | 140/7000 [01:25<02:12, 51.63it/s]
loss=0.129| sh degree=0| :   2%|▏         | 140/7000 [01:26<02:12, 51.63it/s]
loss=0.110| sh degree=0| :   2%|▏         | 140/7000 [01:26<02:12, 51.63it/s]
loss=0.114| sh degree=0| :   2%|▏         | 140/7000 [01:26<02:12, 51.63it/s]
loss=0.115| sh degree=0| :   2%|▏         | 140/7000 [01:26<02:12, 51.63it/s]
loss=0.111| sh degree=0| :   2%|▏         | 140/7000 [01:26<02:12, 51.63it/s]
loss=0.120| sh degree=0| :   2%|▏         | 140/7000 [01:26<02:12, 51.63it/s]
loss=0.120| sh degree=0| :   2%|▏         | 147/7000 [01:26<02:06, 54.02it/s]
loss=0.113| sh degree=0| :   2%|▏         | 147/7000 [01:26<02:06, 54.02it/s]
loss=0.110| sh degree=0| :   2%|▏         | 147/7000 [01:26<02:06, 54.02it/s]
loss=0.104| sh degree=0| :   2%|▏         | 147/7000 [01:26<02:06, 54.02it/s]
loss=0.107| sh degree=0| :   2%|▏         | 147/7000 [01:26<02:06, 54.02it/s]
loss=0.128| sh degree=0| :   2%|▏         | 147/7000 [01:26<02:06, 54.02it/s]
loss=0.121| sh degree=0| :   2%|▏         | 147/7000 [01:26<02:06, 54.02it/s]
loss=0.121| sh degree=0| :   2%|▏         | 153/7000 [01:26<02:04, 54.83it/s]
loss=0.108| sh degree=0| :   2%|▏         | 153/7000 [01:26<02:04, 54.83it/s]
loss=0.108| sh degree=0| :   2%|▏         | 153/7000 [01:26<02:04, 54.83it/s]
loss=0.109| sh degree=0| :   2%|▏         | 153/7000 [01:26<02:04, 54.83it/s]
loss=0.117| sh degree=0| :   2%|▏         | 153/7000 [01:26<02:04, 54.83it/s]
loss=0.106| sh degree=0| :   2%|▏         | 153/7000 [01:26<02:04, 54.83it/s]
loss=0.109| sh degree=0| :   2%|▏         | 153/7000 [01:26<02:04, 54.83it/s]
loss=0.109| sh degree=0| :   2%|▏         | 159/7000 [01:26<02:06, 54.12it/s]
loss=0.111| sh degree=0| :   2%|▏         | 159/7000 [01:26<02:06, 54.12it/s]
loss=0.102| sh degree=0| :   2%|▏         | 159/7000 [01:26<02:06, 54.12it/s]
loss=0.100| sh degree=0| :   2%|▏         | 159/7000 [01:26<02:06, 54.12it/s]
loss=0.107| sh degree=0| :   2%|▏         | 159/7000 [01:26<02:06, 54.12it/s]
loss=0.101| sh degree=0| :   2%|▏         | 159/7000 [01:26<02:06, 54.12it/s]
loss=0.105| sh degree=0| :   2%|▏         | 159/7000 [01:26<02:06, 54.12it/s]
loss=0.105| sh degree=0| :   2%|▏         | 165/7000 [01:26<02:03, 55.30it/s]
loss=0.109| sh degree=0| :   2%|▏         | 165/7000 [01:26<02:03, 55.30it/s]
loss=0.096| sh degree=0| :   2%|▏         | 165/7000 [01:26<02:03, 55.30it/s]
loss=0.108| sh degree=0| :   2%|▏         | 165/7000 [01:26<02:03, 55.30it/s]
loss=0.103| sh degree=0| :   2%|▏         | 165/7000 [01:26<02:03, 55.30it/s]
loss=0.114| sh degree=0| :   2%|▏         | 165/7000 [01:26<02:03, 55.30it/s]
loss=0.098| sh degree=0| :   2%|▏         | 165/7000 [01:26<02:03, 55.30it/s]
loss=0.132| sh degree=0| :   2%|▏         | 165/7000 [01:26<02:03, 55.30it/s]
loss=0.132| sh degree=0| :   2%|▏         | 172/7000 [01:26<01:59, 57.20it/s]
loss=0.102| sh degree=0| :   2%|▏         | 172/7000 [01:26<01:59, 57.20it/s]
loss=0.102| sh degree=0| :   2%|▏         | 172/7000 [01:26<01:59, 57.20it/s]
loss=0.102| sh degree=0| :   2%|▏         | 172/7000 [01:26<01:59, 57.20it/s]
loss=0.091| sh degree=0| :   2%|▏         | 172/7000 [01:26<01:59, 57.20it/s]
loss=0.101| sh degree=0| :   2%|▏         | 172/7000 [01:26<01:59, 57.20it/s]
loss=0.089| sh degree=0| :   2%|▏         | 172/7000 [01:26<01:59, 57.20it/s]
loss=0.089| sh degree=0| :   3%|▎         | 178/7000 [01:26<02:06, 53.86it/s]
loss=0.122| sh degree=0| :   3%|▎         | 178/7000 [01:26<02:06, 53.86it/s]
loss=0.127| sh degree=0| :   3%|▎         | 178/7000 [01:26<02:06, 53.86it/s]
loss=0.106| sh degree=0| :   3%|▎         | 178/7000 [01:26<02:06, 53.86it/s]
loss=0.098| sh degree=0| :   3%|▎         | 178/7000 [01:26<02:06, 53.86it/s]
loss=0.095| sh degree=0| :   3%|▎         | 178/7000 [01:26<02:06, 53.86it/s]
loss=0.105| sh degree=0| :   3%|▎         | 178/7000 [01:26<02:06, 53.86it/s]
loss=0.094| sh degree=0| :   3%|▎         | 178/7000 [01:26<02:06, 53.86it/s]
loss=0.094| sh degree=0| :   3%|▎         | 185/7000 [01:26<02:02, 55.84it/s]
loss=0.095| sh degree=0| :   3%|▎         | 185/7000 [01:26<02:02, 55.84it/s]
loss=0.093| sh degree=0| :   3%|▎         | 185/7000 [01:26<02:02, 55.84it/s]
loss=0.096| sh degree=0| :   3%|▎         | 185/7000 [01:26<02:02, 55.84it/s]
loss=0.094| sh degree=0| :   3%|▎         | 185/7000 [01:26<02:02, 55.84it/s]
loss=0.089| sh degree=0| :   3%|▎         | 185/7000 [01:26<02:02, 55.84it/s]
loss=0.096| sh degree=0| :   3%|▎         | 185/7000 [01:26<02:02, 55.84it/s]
loss=0.096| sh degree=0| :   3%|▎         | 191/7000 [01:26<02:05, 54.19it/s]
loss=0.106| sh degree=0| :   3%|▎         | 191/7000 [01:26<02:05, 54.19it/s]
loss=0.092| sh degree=0| :   3%|▎         | 191/7000 [01:26<02:05, 54.19it/s]
loss=0.089| sh degree=0| :   3%|▎         | 191/7000 [01:26<02:05, 54.19it/s]
loss=0.085| sh degree=0| :   3%|▎         | 191/7000 [01:26<02:05, 54.19it/s]
loss=0.096| sh degree=0| :   3%|▎         | 191/7000 [01:26<02:05, 54.19it/s]
loss=0.106| sh degree=0| :   3%|▎         | 191/7000 [01:26<02:05, 54.19it/s]
loss=0.106| sh degree=0| :   3%|▎         | 197/7000 [01:27<02:06, 53.59it/s]
loss=0.083| sh degree=0| :   3%|▎         | 197/7000 [01:27<02:06, 53.59it/s]
loss=0.114| sh degree=0| :   3%|▎         | 197/7000 [01:27<02:06, 53.59it/s]
loss=0.109| sh degree=0| :   3%|▎         | 197/7000 [01:27<02:06, 53.59it/s]
loss=0.094| sh degree=0| :   3%|▎         | 197/7000 [01:27<02:06, 53.59it/s]
loss=0.125| sh degree=0| :   3%|▎         | 197/7000 [01:27<02:06, 53.59it/s]
loss=0.098| sh degree=0| :   3%|▎         | 197/7000 [01:27<02:06, 53.59it/s]
loss=0.098| sh degree=0| :   3%|▎         | 203/7000 [01:27<02:06, 53.87it/s]
loss=0.100| sh degree=0| :   3%|▎         | 203/7000 [01:27<02:06, 53.87it/s]
loss=0.087| sh degree=0| :   3%|▎         | 203/7000 [01:27<02:06, 53.87it/s]
loss=0.084| sh degree=0| :   3%|▎         | 203/7000 [01:27<02:06, 53.87it/s]
loss=0.092| sh degree=0| :   3%|▎         | 203/7000 [01:27<02:06, 53.87it/s]
loss=0.091| sh degree=0| :   3%|▎         | 203/7000 [01:27<02:06, 53.87it/s]
loss=0.097| sh degree=0| :   3%|▎         | 203/7000 [01:27<02:06, 53.87it/s]
loss=0.097| sh degree=0| :   3%|▎         | 209/7000 [01:27<02:02, 55.29it/s]
loss=0.120| sh degree=0| :   3%|▎         | 209/7000 [01:27<02:02, 55.29it/s]
loss=0.094| sh degree=0| :   3%|▎         | 209/7000 [01:27<02:02, 55.29it/s]
loss=0.087| sh degree=0| :   3%|▎         | 209/7000 [01:27<02:02, 55.29it/s]
loss=0.091| sh degree=0| :   3%|▎         | 209/7000 [01:27<02:02, 55.29it/s]
loss=0.102| sh degree=0| :   3%|▎         | 209/7000 [01:27<02:02, 55.29it/s]
loss=0.110| sh degree=0| :   3%|▎         | 209/7000 [01:27<02:02, 55.29it/s]
loss=0.100| sh degree=0| :   3%|▎         | 209/7000 [01:27<02:02, 55.29it/s]
loss=0.100| sh degree=0| :   3%|▎         | 216/7000 [01:27<02:05, 54.05it/s]
loss=0.093| sh degree=0| :   3%|▎         | 216/7000 [01:27<02:05, 54.05it/s]
loss=0.097| sh degree=0| :   3%|▎         | 216/7000 [01:27<02:05, 54.05it/s]
loss=0.094| sh degree=0| :   3%|▎         | 216/7000 [01:27<02:05, 54.05it/s]
loss=0.084| sh degree=0| :   3%|▎         | 216/7000 [01:27<02:05, 54.05it/s]
loss=0.089| sh degree=0| :   3%|▎         | 216/7000 [01:27<02:05, 54.05it/s]
loss=0.111| sh degree=0| :   3%|▎         | 216/7000 [01:27<02:05, 54.05it/s]
loss=0.111| sh degree=0| :   3%|▎         | 222/7000 [01:27<02:01, 55.62it/s]
loss=0.081| sh degree=0| :   3%|▎         | 222/7000 [01:27<02:01, 55.62it/s]
loss=0.081| sh degree=0| :   3%|▎         | 222/7000 [01:27<02:01, 55.62it/s]
loss=0.101| sh degree=0| :   3%|▎         | 222/7000 [01:27<02:01, 55.62it/s]
loss=0.089| sh degree=0| :   3%|▎         | 222/7000 [01:27<02:01, 55.62it/s]
loss=0.094| sh degree=0| :   3%|▎         | 222/7000 [01:27<02:01, 55.62it/s]
loss=0.082| sh degree=0| :   3%|▎         | 222/7000 [01:27<02:01, 55.62it/s]
loss=0.087| sh degree=0| :   3%|▎         | 222/7000 [01:27<02:01, 55.62it/s]
loss=0.087| sh degree=0| :   3%|▎         | 229/7000 [01:27<01:58, 56.90it/s]
loss=0.104| sh degree=0| :   3%|▎         | 229/7000 [01:27<01:58, 56.90it/s]
loss=0.079| sh degree=0| :   3%|▎         | 229/7000 [01:27<01:58, 56.90it/s]
loss=0.102| sh degree=0| :   3%|▎         | 229/7000 [01:27<01:58, 56.90it/s]
loss=0.095| sh degree=0| :   3%|▎         | 229/7000 [01:27<01:58, 56.90it/s]
loss=0.089| sh degree=0| :   3%|▎         | 229/7000 [01:27<01:58, 56.90it/s]
loss=0.082| sh degree=0| :   3%|▎         | 229/7000 [01:27<01:58, 56.90it/s]
loss=0.082| sh degree=0| :   3%|▎         | 235/7000 [01:27<02:07, 53.20it/s]
loss=0.085| sh degree=0| :   3%|▎         | 235/7000 [01:27<02:07, 53.20it/s]
loss=0.079| sh degree=0| :   3%|▎         | 235/7000 [01:27<02:07, 53.20it/s]
loss=0.094| sh degree=0| :   3%|▎         | 235/7000 [01:27<02:07, 53.20it/s]
loss=0.082| sh degree=0| :   3%|▎         | 235/7000 [01:27<02:07, 53.20it/s]
loss=0.092| sh degree=0| :   3%|▎         | 235/7000 [01:27<02:07, 53.20it/s]
loss=0.083| sh degree=0| :   3%|▎         | 235/7000 [01:27<02:07, 53.20it/s]
loss=0.083| sh degree=0| :   3%|▎         | 241/7000 [01:27<02:03, 54.75it/s]
loss=0.085| sh degree=0| :   3%|▎         | 241/7000 [01:27<02:03, 54.75it/s]
loss=0.096| sh degree=0| :   3%|▎         | 241/7000 [01:27<02:03, 54.75it/s]
loss=0.091| sh degree=0| :   3%|▎         | 241/7000 [01:27<02:03, 54.75it/s]
loss=0.106| sh degree=0| :   3%|▎         | 241/7000 [01:27<02:03, 54.75it/s]
loss=0.083| sh degree=0| :   3%|▎         | 241/7000 [01:27<02:03, 54.75it/s]
loss=0.087| sh degree=0| :   3%|▎         | 241/7000 [01:27<02:03, 54.75it/s]
loss=0.087| sh degree=0| :   4%|▎         | 247/7000 [01:27<02:04, 54.42it/s]
loss=0.084| sh degree=0| :   4%|▎         | 247/7000 [01:27<02:04, 54.42it/s]
loss=0.096| sh degree=0| :   4%|▎         | 247/7000 [01:27<02:04, 54.42it/s]
loss=0.086| sh degree=0| :   4%|▎         | 247/7000 [01:27<02:04, 54.42it/s]
loss=0.089| sh degree=0| :   4%|▎         | 247/7000 [01:27<02:04, 54.42it/s]
loss=0.097| sh degree=0| :   4%|▎         | 247/7000 [01:28<02:04, 54.42it/s]
loss=0.103| sh degree=0| :   4%|▎         | 247/7000 [01:28<02:04, 54.42it/s]
loss=0.103| sh degree=0| :   4%|▎         | 253/7000 [01:28<02:06, 53.24it/s]
loss=0.097| sh degree=0| :   4%|▎         | 253/7000 [01:28<02:06, 53.24it/s]
loss=0.079| sh degree=0| :   4%|▎         | 253/7000 [01:28<02:06, 53.24it/s]
loss=0.090| sh degree=0| :   4%|▎         | 253/7000 [01:28<02:06, 53.24it/s]
loss=0.087| sh degree=0| :   4%|▎         | 253/7000 [01:28<02:06, 53.24it/s]
loss=0.084| sh degree=0| :   4%|▎         | 253/7000 [01:28<02:06, 53.24it/s]
loss=0.101| sh degree=0| :   4%|▎         | 253/7000 [01:28<02:06, 53.24it/s]
loss=0.101| sh degree=0| :   4%|▎         | 259/7000 [01:28<02:43, 41.28it/s]
loss=0.075| sh degree=0| :   4%|▎         | 259/7000 [01:28<02:43, 41.28it/s]
loss=0.087| sh degree=0| :   4%|▎         | 259/7000 [01:28<02:43, 41.28it/s]
loss=0.075| sh degree=0| :   4%|▎         | 259/7000 [01:28<02:43, 41.28it/s]
loss=0.095| sh degree=0| :   4%|▎         | 259/7000 [01:28<02:43, 41.28it/s]
loss=0.085| sh degree=0| :   4%|▎         | 259/7000 [01:28<02:43, 41.28it/s]
loss=0.076| sh degree=0| :   4%|▎         | 259/7000 [01:28<02:43, 41.28it/s]
loss=0.076| sh degree=0| :   4%|▍         | 265/7000 [01:28<02:28, 45.21it/s]
loss=0.092| sh degree=0| :   4%|▍         | 265/7000 [01:28<02:28, 45.21it/s]
loss=0.080| sh degree=0| :   4%|▍         | 265/7000 [01:28<02:28, 45.21it/s]
loss=0.084| sh degree=0| :   4%|▍         | 265/7000 [01:28<02:28, 45.21it/s]
loss=0.091| sh degree=0| :   4%|▍         | 265/7000 [01:28<02:28, 45.21it/s]
loss=0.075| sh degree=0| :   4%|▍         | 265/7000 [01:28<02:28, 45.21it/s]
loss=0.073| sh degree=0| :   4%|▍         | 265/7000 [01:28<02:28, 45.21it/s]
loss=0.073| sh degree=0| :   4%|▍         | 271/7000 [01:28<02:18, 48.72it/s]
loss=0.090| sh degree=0| :   4%|▍         | 271/7000 [01:28<02:18, 48.72it/s]
loss=0.074| sh degree=0| :   4%|▍         | 271/7000 [01:28<02:18, 48.72it/s]
loss=0.089| sh degree=0| :   4%|▍         | 271/7000 [01:28<02:18, 48.72it/s]
loss=0.074| sh degree=0| :   4%|▍         | 271/7000 [01:28<02:18, 48.72it/s]
loss=0.089| sh degree=0| :   4%|▍         | 271/7000 [01:28<02:18, 48.72it/s]
loss=0.077| sh degree=0| :   4%|▍         | 271/7000 [01:28<02:18, 48.72it/s]
loss=0.077| sh degree=0| :   4%|▍         | 277/7000 [01:28<02:10, 51.40it/s]
loss=0.096| sh degree=0| :   4%|▍         | 277/7000 [01:28<02:10, 51.40it/s]
loss=0.090| sh degree=0| :   4%|▍         | 277/7000 [01:28<02:10, 51.40it/s]
loss=0.095| sh degree=0| :   4%|▍         | 277/7000 [01:28<02:10, 51.40it/s]
loss=0.090| sh degree=0| :   4%|▍         | 277/7000 [01:28<02:10, 51.40it/s]
loss=0.088| sh degree=0| :   4%|▍         | 277/7000 [01:28<02:10, 51.40it/s]
loss=0.089| sh degree=0| :   4%|▍         | 277/7000 [01:28<02:10, 51.40it/s]
loss=0.070| sh degree=0| :   4%|▍         | 277/7000 [01:28<02:10, 51.40it/s]
loss=0.070| sh degree=0| :   4%|▍         | 284/7000 [01:28<02:01, 55.25it/s]
loss=0.070| sh degree=0| :   4%|▍         | 284/7000 [01:28<02:01, 55.25it/s]
loss=0.088| sh degree=0| :   4%|▍         | 284/7000 [01:28<02:01, 55.25it/s]
loss=0.078| sh degree=0| :   4%|▍         | 284/7000 [01:28<02:01, 55.25it/s]
loss=0.086| sh degree=0| :   4%|▍         | 284/7000 [01:28<02:01, 55.25it/s]
loss=0.089| sh degree=0| :   4%|▍         | 284/7000 [01:28<02:01, 55.25it/s]
loss=0.071| sh degree=0| :   4%|▍         | 284/7000 [01:28<02:01, 55.25it/s]
loss=0.071| sh degree=0| :   4%|▍         | 290/7000 [01:28<02:03, 54.14it/s]
loss=0.099| sh degree=0| :   4%|▍         | 290/7000 [01:28<02:03, 54.14it/s]
loss=0.072| sh degree=0| :   4%|▍         | 290/7000 [01:28<02:03, 54.14it/s]
loss=0.072| sh degree=0| :   4%|▍         | 290/7000 [01:28<02:03, 54.14it/s]
loss=0.083| sh degree=0| :   4%|▍         | 290/7000 [01:28<02:03, 54.14it/s]
loss=0.087| sh degree=0| :   4%|▍         | 290/7000 [01:28<02:03, 54.14it/s]
loss=0.083| sh degree=0| :   4%|▍         | 290/7000 [01:28<02:03, 54.14it/s]
loss=0.083| sh degree=0| :   4%|▍         | 296/7000 [01:28<02:04, 53.91it/s]
loss=0.079| sh degree=0| :   4%|▍         | 296/7000 [01:28<02:04, 53.91it/s]
loss=0.078| sh degree=0| :   4%|▍         | 296/7000 [01:28<02:04, 53.91it/s]
loss=0.083| sh degree=0| :   4%|▍         | 296/7000 [01:28<02:04, 53.91it/s]
loss=0.110| sh degree=0| :   4%|▍         | 296/7000 [01:28<02:04, 53.91it/s]
loss=0.090| sh degree=0| :   4%|▍         | 296/7000 [01:28<02:04, 53.91it/s]
loss=0.083| sh degree=0| :   4%|▍         | 296/7000 [01:29<02:04, 53.91it/s]
loss=0.083| sh degree=0| :   4%|▍         | 302/7000 [01:29<02:05, 53.28it/s]
loss=0.087| sh degree=0| :   4%|▍         | 302/7000 [01:29<02:05, 53.28it/s]
loss=0.085| sh degree=0| :   4%|▍         | 302/7000 [01:29<02:05, 53.28it/s]
loss=0.078| sh degree=0| :   4%|▍         | 302/7000 [01:29<02:05, 53.28it/s]
loss=0.071| sh degree=0| :   4%|▍         | 302/7000 [01:29<02:05, 53.28it/s]
loss=0.085| sh degree=0| :   4%|▍         | 302/7000 [01:29<02:05, 53.28it/s]
loss=0.080| sh degree=0| :   4%|▍         | 302/7000 [01:29<02:05, 53.28it/s]
loss=0.080| sh degree=0| :   4%|▍         | 308/7000 [01:29<02:04, 53.73it/s]
loss=0.083| sh degree=0| :   4%|▍         | 308/7000 [01:29<02:04, 53.73it/s]
loss=0.085| sh degree=0| :   4%|▍         | 308/7000 [01:29<02:04, 53.73it/s]
loss=0.072| sh degree=0| :   4%|▍         | 308/7000 [01:29<02:04, 53.73it/s]
loss=0.089| sh degree=0| :   4%|▍         | 308/7000 [01:29<02:04, 53.73it/s]
loss=0.078| sh degree=0| :   4%|▍         | 308/7000 [01:29<02:04, 53.73it/s]
loss=0.080| sh degree=0| :   4%|▍         | 308/7000 [01:29<02:04, 53.73it/s]
loss=0.080| sh degree=0| :   4%|▍         | 314/7000 [01:29<02:04, 53.57it/s]
loss=0.077| sh degree=0| :   4%|▍         | 314/7000 [01:29<02:04, 53.57it/s]
loss=0.086| sh degree=0| :   4%|▍         | 314/7000 [01:29<02:04, 53.57it/s]
loss=0.081| sh degree=0| :   4%|▍         | 314/7000 [01:29<02:04, 53.57it/s]
loss=0.091| sh degree=0| :   4%|▍         | 314/7000 [01:29<02:04, 53.57it/s]
loss=0.082| sh degree=0| :   4%|▍         | 314/7000 [01:29<02:04, 53.57it/s]
loss=0.084| sh degree=0| :   4%|▍         | 314/7000 [01:29<02:04, 53.57it/s]
loss=0.084| sh degree=0| :   5%|▍         | 320/7000 [01:29<02:04, 53.63it/s]
loss=0.079| sh degree=0| :   5%|▍         | 320/7000 [01:29<02:04, 53.63it/s]
loss=0.075| sh degree=0| :   5%|▍         | 320/7000 [01:29<02:04, 53.63it/s]
loss=0.075| sh degree=0| :   5%|▍         | 320/7000 [01:29<02:04, 53.63it/s]
loss=0.082| sh degree=0| :   5%|▍         | 320/7000 [01:29<02:04, 53.63it/s]
loss=0.079| sh degree=0| :   5%|▍         | 320/7000 [01:29<02:04, 53.63it/s]
loss=0.070| sh degree=0| :   5%|▍         | 320/7000 [01:29<02:04, 53.63it/s]
loss=0.070| sh degree=0| :   5%|▍         | 326/7000 [01:29<02:03, 54.04it/s]
loss=0.079| sh degree=0| :   5%|▍         | 326/7000 [01:29<02:03, 54.04it/s]
loss=0.068| sh degree=0| :   5%|▍         | 326/7000 [01:29<02:03, 54.04it/s]
loss=0.076| sh degree=0| :   5%|▍         | 326/7000 [01:29<02:03, 54.04it/s]
loss=0.087| sh degree=0| :   5%|▍         | 326/7000 [01:29<02:03, 54.04it/s]
loss=0.074| sh degree=0| :   5%|▍         | 326/7000 [01:29<02:03, 54.04it/s]
loss=0.087| sh degree=0| :   5%|▍         | 326/7000 [01:29<02:03, 54.04it/s]
loss=0.087| sh degree=0| :   5%|▍         | 332/7000 [01:29<02:01, 54.71it/s]
loss=0.104| sh degree=0| :   5%|▍         | 332/7000 [01:29<02:01, 54.71it/s]
loss=0.090| sh degree=0| :   5%|▍         | 332/7000 [01:29<02:01, 54.71it/s]
loss=0.067| sh degree=0| :   5%|▍         | 332/7000 [01:29<02:01, 54.71it/s]
loss=0.068| sh degree=0| :   5%|▍         | 332/7000 [01:29<02:01, 54.71it/s]
loss=0.068| sh degree=0| :   5%|▍         | 332/7000 [01:29<02:01, 54.71it/s]
loss=0.074| sh degree=0| :   5%|▍         | 332/7000 [01:29<02:01, 54.71it/s]
loss=0.074| sh degree=0| :   5%|▍         | 338/7000 [01:29<02:02, 54.34it/s]
loss=0.081| sh degree=0| :   5%|▍         | 338/7000 [01:29<02:02, 54.34it/s]
loss=0.070| sh degree=0| :   5%|▍         | 338/7000 [01:29<02:02, 54.34it/s]
loss=0.096| sh degree=0| :   5%|▍         | 338/7000 [01:29<02:02, 54.34it/s]
loss=0.078| sh degree=0| :   5%|▍         | 338/7000 [01:29<02:02, 54.34it/s]
loss=0.081| sh degree=0| :   5%|▍         | 338/7000 [01:29<02:02, 54.34it/s]
loss=0.080| sh degree=0| :   5%|▍         | 338/7000 [01:29<02:02, 54.34it/s]
loss=0.080| sh degree=0| :   5%|▍         | 344/7000 [01:29<02:03, 53.94it/s]
loss=0.083| sh degree=0| :   5%|▍         | 344/7000 [01:29<02:03, 53.94it/s]
loss=0.080| sh degree=0| :   5%|▍         | 344/7000 [01:29<02:03, 53.94it/s]
loss=0.079| sh degree=0| :   5%|▍         | 344/7000 [01:29<02:03, 53.94it/s]
loss=0.085| sh degree=0| :   5%|▍         | 344/7000 [01:29<02:03, 53.94it/s]
loss=0.107| sh degree=0| :   5%|▍         | 344/7000 [01:29<02:03, 53.94it/s]
loss=0.069| sh degree=0| :   5%|▍         | 344/7000 [01:29<02:03, 53.94it/s]
loss=0.069| sh degree=0| :   5%|▌         | 350/7000 [01:29<02:03, 54.00it/s]
loss=0.098| sh degree=0| :   5%|▌         | 350/7000 [01:29<02:03, 54.00it/s]
loss=0.074| sh degree=0| :   5%|▌         | 350/7000 [01:29<02:03, 54.00it/s]
loss=0.104| sh degree=0| :   5%|▌         | 350/7000 [01:29<02:03, 54.00it/s]
loss=0.112| sh degree=0| :   5%|▌         | 350/7000 [01:29<02:03, 54.00it/s]
loss=0.085| sh degree=0| :   5%|▌         | 350/7000 [01:29<02:03, 54.00it/s]
loss=0.079| sh degree=0| :   5%|▌         | 350/7000 [01:30<02:03, 54.00it/s]
loss=0.079| sh degree=0| :   5%|▌         | 356/7000 [01:30<02:03, 53.97it/s]
loss=0.089| sh degree=0| :   5%|▌         | 356/7000 [01:30<02:03, 53.97it/s]
loss=0.074| sh degree=0| :   5%|▌         | 356/7000 [01:30<02:03, 53.97it/s]
loss=0.079| sh degree=0| :   5%|▌         | 356/7000 [01:30<02:03, 53.97it/s]
loss=0.079| sh degree=0| :   5%|▌         | 356/7000 [01:30<02:03, 53.97it/s]
loss=0.068| sh degree=0| :   5%|▌         | 356/7000 [01:30<02:03, 53.97it/s]
loss=0.067| sh degree=0| :   5%|▌         | 356/7000 [01:30<02:03, 53.97it/s]
loss=0.067| sh degree=0| :   5%|▌         | 362/7000 [01:30<02:02, 53.99it/s]
loss=0.065| sh degree=0| :   5%|▌         | 362/7000 [01:30<02:02, 53.99it/s]
loss=0.086| sh degree=0| :   5%|▌         | 362/7000 [01:30<02:02, 53.99it/s]
loss=0.094| sh degree=0| :   5%|▌         | 362/7000 [01:30<02:02, 53.99it/s]
loss=0.087| sh degree=0| :   5%|▌         | 362/7000 [01:30<02:02, 53.99it/s]
loss=0.073| sh degree=0| :   5%|▌         | 362/7000 [01:30<02:02, 53.99it/s]
loss=0.081| sh degree=0| :   5%|▌         | 362/7000 [01:30<02:02, 53.99it/s]
loss=0.081| sh degree=0| :   5%|▌         | 368/7000 [01:30<02:02, 54.00it/s]
loss=0.075| sh degree=0| :   5%|▌         | 368/7000 [01:30<02:02, 54.00it/s]
loss=0.071| sh degree=0| :   5%|▌         | 368/7000 [01:30<02:02, 54.00it/s]
loss=0.073| sh degree=0| :   5%|▌         | 368/7000 [01:30<02:02, 54.00it/s]
loss=0.077| sh degree=0| :   5%|▌         | 368/7000 [01:30<02:02, 54.00it/s]
loss=0.067| sh degree=0| :   5%|▌         | 368/7000 [01:30<02:02, 54.00it/s]
loss=0.076| sh degree=0| :   5%|▌         | 368/7000 [01:30<02:02, 54.00it/s]
loss=0.076| sh degree=0| :   5%|▌         | 374/7000 [01:30<02:02, 54.05it/s]
loss=0.066| sh degree=0| :   5%|▌         | 374/7000 [01:30<02:02, 54.05it/s]
loss=0.077| sh degree=0| :   5%|▌         | 374/7000 [01:30<02:02, 54.05it/s]
loss=0.074| sh degree=0| :   5%|▌         | 374/7000 [01:30<02:02, 54.05it/s]
loss=0.078| sh degree=0| :   5%|▌         | 374/7000 [01:30<02:02, 54.05it/s]
loss=0.082| sh degree=0| :   5%|▌         | 374/7000 [01:30<02:02, 54.05it/s]
loss=0.085| sh degree=0| :   5%|▌         | 374/7000 [01:30<02:02, 54.05it/s]
loss=0.085| sh degree=0| :   5%|▌         | 380/7000 [01:30<02:02, 54.00it/s]
loss=0.066| sh degree=0| :   5%|▌         | 380/7000 [01:30<02:02, 54.00it/s]
loss=0.079| sh degree=0| :   5%|▌         | 380/7000 [01:30<02:02, 54.00it/s]
loss=0.079| sh degree=0| :   5%|▌         | 380/7000 [01:30<02:02, 54.00it/s]
loss=0.070| sh degree=0| :   5%|▌         | 380/7000 [01:30<02:02, 54.00it/s]
loss=0.072| sh degree=0| :   5%|▌         | 380/7000 [01:30<02:02, 54.00it/s]
loss=0.077| sh degree=0| :   5%|▌         | 380/7000 [01:30<02:02, 54.00it/s]
loss=0.077| sh degree=0| :   6%|▌         | 386/7000 [01:30<02:04, 53.06it/s]
loss=0.072| sh degree=0| :   6%|▌         | 386/7000 [01:30<02:04, 53.06it/s]
loss=0.083| sh degree=0| :   6%|▌         | 386/7000 [01:30<02:04, 53.06it/s]
loss=0.079| sh degree=0| :   6%|▌         | 386/7000 [01:30<02:04, 53.06it/s]
loss=0.072| sh degree=0| :   6%|▌         | 386/7000 [01:30<02:04, 53.06it/s]
loss=0.074| sh degree=0| :   6%|▌         | 386/7000 [01:30<02:04, 53.06it/s]
loss=0.077| sh degree=0| :   6%|▌         | 386/7000 [01:30<02:04, 53.06it/s]
loss=0.077| sh degree=0| :   6%|▌         | 392/7000 [01:30<02:02, 53.89it/s]
loss=0.079| sh degree=0| :   6%|▌         | 392/7000 [01:30<02:02, 53.89it/s]
loss=0.084| sh degree=0| :   6%|▌         | 392/7000 [01:30<02:02, 53.89it/s]
loss=0.065| sh degree=0| :   6%|▌         | 392/7000 [01:30<02:02, 53.89it/s]
loss=0.073| sh degree=0| :   6%|▌         | 392/7000 [01:30<02:02, 53.89it/s]
loss=0.076| sh degree=0| :   6%|▌         | 392/7000 [01:30<02:02, 53.89it/s]
loss=0.074| sh degree=0| :   6%|▌         | 392/7000 [01:30<02:02, 53.89it/s]
loss=0.074| sh degree=0| :   6%|▌         | 398/7000 [01:30<02:01, 54.36it/s]
loss=0.111| sh degree=0| :   6%|▌         | 398/7000 [01:30<02:01, 54.36it/s]
loss=0.075| sh degree=0| :   6%|▌         | 398/7000 [01:30<02:01, 54.36it/s]
loss=0.074| sh degree=0| :   6%|▌         | 398/7000 [01:30<02:01, 54.36it/s]
loss=0.081| sh degree=0| :   6%|▌         | 398/7000 [01:30<02:01, 54.36it/s]
loss=0.071| sh degree=0| :   6%|▌         | 398/7000 [01:30<02:01, 54.36it/s]
loss=0.069| sh degree=0| :   6%|▌         | 398/7000 [01:30<02:01, 54.36it/s]
loss=0.069| sh degree=0| :   6%|▌         | 404/7000 [01:30<02:02, 53.92it/s]
loss=0.075| sh degree=0| :   6%|▌         | 404/7000 [01:30<02:02, 53.92it/s]
loss=0.099| sh degree=0| :   6%|▌         | 404/7000 [01:30<02:02, 53.92it/s]
loss=0.075| sh degree=0| :   6%|▌         | 404/7000 [01:30<02:02, 53.92it/s]
loss=0.073| sh degree=0| :   6%|▌         | 404/7000 [01:30<02:02, 53.92it/s]
loss=0.074| sh degree=0| :   6%|▌         | 404/7000 [01:30<02:02, 53.92it/s]
loss=0.068| sh degree=0| :   6%|▌         | 404/7000 [01:31<02:02, 53.92it/s]
loss=0.068| sh degree=0| :   6%|▌         | 410/7000 [01:31<02:02, 53.83it/s]
loss=0.104| sh degree=0| :   6%|▌         | 410/7000 [01:31<02:02, 53.83it/s]
loss=0.065| sh degree=0| :   6%|▌         | 410/7000 [01:31<02:02, 53.83it/s]
loss=0.073| sh degree=0| :   6%|▌         | 410/7000 [01:31<02:02, 53.83it/s]
loss=0.077| sh degree=0| :   6%|▌         | 410/7000 [01:31<02:02, 53.83it/s]
loss=0.078| sh degree=0| :   6%|▌         | 410/7000 [01:31<02:02, 53.83it/s]
loss=0.076| sh degree=0| :   6%|▌         | 410/7000 [01:31<02:02, 53.83it/s]
loss=0.076| sh degree=0| :   6%|▌         | 416/7000 [01:31<02:01, 54.20it/s]
loss=0.092| sh degree=0| :   6%|▌         | 416/7000 [01:31<02:01, 54.20it/s]
loss=0.081| sh degree=0| :   6%|▌         | 416/7000 [01:31<02:01, 54.20it/s]
loss=0.079| sh degree=0| :   6%|▌         | 416/7000 [01:31<02:01, 54.20it/s]
loss=0.075| sh degree=0| :   6%|▌         | 416/7000 [01:31<02:01, 54.20it/s]
loss=0.067| sh degree=0| :   6%|▌         | 416/7000 [01:31<02:01, 54.20it/s]
loss=0.075| sh degree=0| :   6%|▌         | 416/7000 [01:31<02:01, 54.20it/s]
loss=0.075| sh degree=0| :   6%|▌         | 422/7000 [01:31<02:01, 54.03it/s]
loss=0.073| sh degree=0| :   6%|▌         | 422/7000 [01:31<02:01, 54.03it/s]
loss=0.088| sh degree=0| :   6%|▌         | 422/7000 [01:31<02:01, 54.03it/s]
loss=0.089| sh degree=0| :   6%|▌         | 422/7000 [01:31<02:01, 54.03it/s]
loss=0.081| sh degree=0| :   6%|▌         | 422/7000 [01:31<02:01, 54.03it/s]
loss=0.071| sh degree=0| :   6%|▌         | 422/7000 [01:31<02:01, 54.03it/s]
loss=0.066| sh degree=0| :   6%|▌         | 422/7000 [01:31<02:01, 54.03it/s]
loss=0.066| sh degree=0| :   6%|▌         | 428/7000 [01:31<02:00, 54.32it/s]
loss=0.090| sh degree=0| :   6%|▌         | 428/7000 [01:31<02:00, 54.32it/s]
loss=0.072| sh degree=0| :   6%|▌         | 428/7000 [01:31<02:00, 54.32it/s]
loss=0.076| sh degree=0| :   6%|▌         | 428/7000 [01:31<02:00, 54.32it/s]
loss=0.063| sh degree=0| :   6%|▌         | 428/7000 [01:31<02:00, 54.32it/s]
loss=0.086| sh degree=0| :   6%|▌         | 428/7000 [01:31<02:00, 54.32it/s]
loss=0.071| sh degree=0| :   6%|▌         | 428/7000 [01:31<02:00, 54.32it/s]
loss=0.071| sh degree=0| :   6%|▌         | 434/7000 [01:31<02:00, 54.66it/s]
loss=0.076| sh degree=0| :   6%|▌         | 434/7000 [01:31<02:00, 54.66it/s]
loss=0.070| sh degree=0| :   6%|▌         | 434/7000 [01:31<02:00, 54.66it/s]
loss=0.066| sh degree=0| :   6%|▌         | 434/7000 [01:31<02:00, 54.66it/s]
loss=0.076| sh degree=0| :   6%|▌         | 434/7000 [01:31<02:00, 54.66it/s]
loss=0.075| sh degree=0| :   6%|▌         | 434/7000 [01:31<02:00, 54.66it/s]
loss=0.076| sh degree=0| :   6%|▌         | 434/7000 [01:31<02:00, 54.66it/s]
loss=0.076| sh degree=0| :   6%|▋         | 440/7000 [01:31<02:01, 54.15it/s]
loss=0.075| sh degree=0| :   6%|▋         | 440/7000 [01:31<02:01, 54.15it/s]
loss=0.072| sh degree=0| :   6%|▋         | 440/7000 [01:31<02:01, 54.15it/s]
loss=0.069| sh degree=0| :   6%|▋         | 440/7000 [01:31<02:01, 54.15it/s]
loss=0.076| sh degree=0| :   6%|▋         | 440/7000 [01:31<02:01, 54.15it/s]
loss=0.074| sh degree=0| :   6%|▋         | 440/7000 [01:31<02:01, 54.15it/s]
loss=0.065| sh degree=0| :   6%|▋         | 440/7000 [01:31<02:01, 54.15it/s]
loss=0.065| sh degree=0| :   6%|▋         | 446/7000 [01:31<02:00, 54.45it/s]
loss=0.072| sh degree=0| :   6%|▋         | 446/7000 [01:31<02:00, 54.45it/s]
loss=0.072| sh degree=0| :   6%|▋         | 446/7000 [01:31<02:00, 54.45it/s]
loss=0.073| sh degree=0| :   6%|▋         | 446/7000 [01:31<02:00, 54.45it/s]
loss=0.071| sh degree=0| :   6%|▋         | 446/7000 [01:31<02:00, 54.45it/s]
loss=0.063| sh degree=0| :   6%|▋         | 446/7000 [01:31<02:00, 54.45it/s]
loss=0.078| sh degree=0| :   6%|▋         | 446/7000 [01:31<02:00, 54.45it/s]
loss=0.078| sh degree=0| :   6%|▋         | 452/7000 [01:31<02:00, 54.38it/s]
loss=0.072| sh degree=0| :   6%|▋         | 452/7000 [01:31<02:00, 54.38it/s]
loss=0.068| sh degree=0| :   6%|▋         | 452/7000 [01:31<02:00, 54.38it/s]
loss=0.071| sh degree=0| :   6%|▋         | 452/7000 [01:31<02:00, 54.38it/s]
loss=0.063| sh degree=0| :   6%|▋         | 452/7000 [01:31<02:00, 54.38it/s]
loss=0.107| sh degree=0| :   6%|▋         | 452/7000 [01:31<02:00, 54.38it/s]
loss=0.067| sh degree=0| :   6%|▋         | 452/7000 [01:31<02:00, 54.38it/s]
loss=0.067| sh degree=0| :   7%|▋         | 458/7000 [01:31<02:00, 54.49it/s]
loss=0.068| sh degree=0| :   7%|▋         | 458/7000 [01:31<02:00, 54.49it/s]
loss=0.068| sh degree=0| :   7%|▋         | 458/7000 [01:31<02:00, 54.49it/s]
loss=0.089| sh degree=0| :   7%|▋         | 458/7000 [01:31<02:00, 54.49it/s]
loss=0.077| sh degree=0| :   7%|▋         | 458/7000 [01:31<02:00, 54.49it/s]
loss=0.068| sh degree=0| :   7%|▋         | 458/7000 [01:31<02:00, 54.49it/s]
loss=0.075| sh degree=0| :   7%|▋         | 458/7000 [01:31<02:00, 54.49it/s]
loss=0.075| sh degree=0| :   7%|▋         | 464/7000 [01:32<02:00, 54.13it/s]
loss=0.062| sh degree=0| :   7%|▋         | 464/7000 [01:32<02:00, 54.13it/s]
loss=0.085| sh degree=0| :   7%|▋         | 464/7000 [01:32<02:00, 54.13it/s]
loss=0.068| sh degree=0| :   7%|▋         | 464/7000 [01:32<02:00, 54.13it/s]
loss=0.069| sh degree=0| :   7%|▋         | 464/7000 [01:32<02:00, 54.13it/s]
loss=0.068| sh degree=0| :   7%|▋         | 464/7000 [01:32<02:00, 54.13it/s]
loss=0.074| sh degree=0| :   7%|▋         | 464/7000 [01:32<02:00, 54.13it/s]
loss=0.074| sh degree=0| :   7%|▋         | 470/7000 [01:32<02:01, 53.92it/s]
loss=0.086| sh degree=0| :   7%|▋         | 470/7000 [01:32<02:01, 53.92it/s]
loss=0.066| sh degree=0| :   7%|▋         | 470/7000 [01:32<02:01, 53.92it/s]
loss=0.066| sh degree=0| :   7%|▋         | 470/7000 [01:32<02:01, 53.92it/s]
loss=0.065| sh degree=0| :   7%|▋         | 470/7000 [01:32<02:01, 53.92it/s]
loss=0.073| sh degree=0| :   7%|▋         | 470/7000 [01:32<02:01, 53.92it/s]
loss=0.076| sh degree=0| :   7%|▋         | 470/7000 [01:32<02:01, 53.92it/s]
loss=0.076| sh degree=0| :   7%|▋         | 476/7000 [01:32<02:00, 53.95it/s]
loss=0.062| sh degree=0| :   7%|▋         | 476/7000 [01:32<02:00, 53.95it/s]
loss=0.077| sh degree=0| :   7%|▋         | 476/7000 [01:32<02:00, 53.95it/s]
loss=0.062| sh degree=0| :   7%|▋         | 476/7000 [01:32<02:00, 53.95it/s]
loss=0.071| sh degree=0| :   7%|▋         | 476/7000 [01:32<02:00, 53.95it/s]
loss=0.071| sh degree=0| :   7%|▋         | 476/7000 [01:32<02:00, 53.95it/s]
loss=0.063| sh degree=0| :   7%|▋         | 476/7000 [01:32<02:00, 53.95it/s]
loss=0.063| sh degree=0| :   7%|▋         | 482/7000 [01:32<02:00, 54.10it/s]
loss=0.088| sh degree=0| :   7%|▋         | 482/7000 [01:32<02:00, 54.10it/s]
loss=0.068| sh degree=0| :   7%|▋         | 482/7000 [01:32<02:00, 54.10it/s]
loss=0.105| sh degree=0| :   7%|▋         | 482/7000 [01:32<02:00, 54.10it/s]
loss=0.066| sh degree=0| :   7%|▋         | 482/7000 [01:32<02:00, 54.10it/s]
loss=0.068| sh degree=0| :   7%|▋         | 482/7000 [01:32<02:00, 54.10it/s]
loss=0.073| sh degree=0| :   7%|▋         | 482/7000 [01:32<02:00, 54.10it/s]
loss=0.073| sh degree=0| :   7%|▋         | 488/7000 [01:32<02:00, 53.92it/s]
loss=0.094| sh degree=0| :   7%|▋         | 488/7000 [01:32<02:00, 53.92it/s]
loss=0.063| sh degree=0| :   7%|▋         | 488/7000 [01:32<02:00, 53.92it/s]
loss=0.082| sh degree=0| :   7%|▋         | 488/7000 [01:32<02:00, 53.92it/s]
loss=0.078| sh degree=0| :   7%|▋         | 488/7000 [01:32<02:00, 53.92it/s]
loss=0.064| sh degree=0| :   7%|▋         | 488/7000 [01:32<02:00, 53.92it/s]
loss=0.072| sh degree=0| :   7%|▋         | 488/7000 [01:32<02:00, 53.92it/s]
loss=0.072| sh degree=0| :   7%|▋         | 494/7000 [01:32<02:01, 53.74it/s]
loss=0.074| sh degree=0| :   7%|▋         | 494/7000 [01:32<02:01, 53.74it/s]
loss=0.061| sh degree=0| :   7%|▋         | 494/7000 [01:32<02:01, 53.74it/s]
loss=0.069| sh degree=0| :   7%|▋         | 494/7000 [01:32<02:01, 53.74it/s]
loss=0.067| sh degree=0| :   7%|▋         | 494/7000 [01:32<02:01, 53.74it/s]
loss=0.090| sh degree=0| :   7%|▋         | 494/7000 [01:32<02:01, 53.74it/s]
loss=0.075| sh degree=0| :   7%|▋         | 494/7000 [01:32<02:01, 53.74it/s]
loss=0.075| sh degree=0| :   7%|▋         | 500/7000 [01:32<02:00, 54.13it/s]
loss=0.068| sh degree=0| :   7%|▋         | 500/7000 [01:32<02:00, 54.13it/s]
loss=0.074| sh degree=0| :   7%|▋         | 500/7000 [01:32<02:00, 54.13it/s]
loss=0.076| sh degree=0| :   7%|▋         | 500/7000 [01:32<02:00, 54.13it/s]
loss=0.073| sh degree=0| :   7%|▋         | 500/7000 [01:32<02:00, 54.13it/s]
loss=0.064| sh degree=0| :   7%|▋         | 500/7000 [01:32<02:00, 54.13it/s]
loss=0.070| sh degree=0| :   7%|▋         | 500/7000 [01:32<02:00, 54.13it/s]
loss=0.070| sh degree=0| :   7%|▋         | 506/7000 [01:32<01:58, 54.90it/s]
loss=0.062| sh degree=0| :   7%|▋         | 506/7000 [01:32<01:58, 54.90it/s]
loss=0.066| sh degree=0| :   7%|▋         | 506/7000 [01:32<01:58, 54.90it/s]
loss=0.069| sh degree=0| :   7%|▋         | 506/7000 [01:32<01:58, 54.90it/s]
loss=0.075| sh degree=0| :   7%|▋         | 506/7000 [01:32<01:58, 54.90it/s]
loss=0.074| sh degree=0| :   7%|▋         | 506/7000 [01:32<01:58, 54.90it/s]
loss=0.065| sh degree=0| :   7%|▋         | 506/7000 [01:32<01:58, 54.90it/s]
loss=0.065| sh degree=0| :   7%|▋         | 512/7000 [01:32<02:30, 43.21it/s]
loss=0.061| sh degree=0| :   7%|▋         | 512/7000 [01:32<02:30, 43.21it/s]
loss=0.062| sh degree=0| :   7%|▋         | 512/7000 [01:33<02:30, 43.21it/s]
loss=0.068| sh degree=0| :   7%|▋         | 512/7000 [01:33<02:30, 43.21it/s]
loss=0.060| sh degree=0| :   7%|▋         | 512/7000 [01:33<02:30, 43.21it/s]
loss=0.075| sh degree=0| :   7%|▋         | 512/7000 [01:33<02:30, 43.21it/s]
loss=0.067| sh degree=0| :   7%|▋         | 512/7000 [01:33<02:30, 43.21it/s]
loss=0.067| sh degree=0| :   7%|▋         | 518/7000 [01:33<02:20, 46.21it/s]
loss=0.069| sh degree=0| :   7%|▋         | 518/7000 [01:33<02:20, 46.21it/s]
loss=0.065| sh degree=0| :   7%|▋         | 518/7000 [01:33<02:20, 46.21it/s]
loss=0.060| sh degree=0| :   7%|▋         | 518/7000 [01:33<02:20, 46.21it/s]
loss=0.068| sh degree=0| :   7%|▋         | 518/7000 [01:33<02:20, 46.21it/s]
loss=0.071| sh degree=0| :   7%|▋         | 518/7000 [01:33<02:20, 46.21it/s]
loss=0.099| sh degree=0| :   7%|▋         | 518/7000 [01:33<02:20, 46.21it/s]
loss=0.071| sh degree=0| :   7%|▋         | 518/7000 [01:33<02:20, 46.21it/s]
loss=0.071| sh degree=0| :   8%|▊         | 525/7000 [01:33<02:06, 51.07it/s]
loss=0.072| sh degree=0| :   8%|▊         | 525/7000 [01:33<02:06, 51.07it/s]
loss=0.064| sh degree=0| :   8%|▊         | 525/7000 [01:33<02:06, 51.07it/s]
loss=0.065| sh degree=0| :   8%|▊         | 525/7000 [01:33<02:06, 51.07it/s]
loss=0.074| sh degree=0| :   8%|▊         | 525/7000 [01:33<02:06, 51.07it/s]
loss=0.073| sh degree=0| :   8%|▊         | 525/7000 [01:33<02:06, 51.07it/s]
loss=0.059| sh degree=0| :   8%|▊         | 525/7000 [01:33<02:06, 51.07it/s]
loss=0.059| sh degree=0| :   8%|▊         | 531/7000 [01:33<02:04, 51.90it/s]
loss=0.084| sh degree=0| :   8%|▊         | 531/7000 [01:33<02:04, 51.90it/s]
loss=0.090| sh degree=0| :   8%|▊         | 531/7000 [01:33<02:04, 51.90it/s]
loss=0.067| sh degree=0| :   8%|▊         | 531/7000 [01:33<02:04, 51.90it/s]
loss=0.061| sh degree=0| :   8%|▊         | 531/7000 [01:33<02:04, 51.90it/s]
loss=0.060| sh degree=0| :   8%|▊         | 531/7000 [01:33<02:04, 51.90it/s]
loss=0.081| sh degree=0| :   8%|▊         | 531/7000 [01:33<02:04, 51.90it/s]
loss=0.081| sh degree=0| :   8%|▊         | 537/7000 [01:33<02:03, 52.37it/s]
loss=0.070| sh degree=0| :   8%|▊         | 537/7000 [01:33<02:03, 52.37it/s]
loss=0.062| sh degree=0| :   8%|▊         | 537/7000 [01:33<02:03, 52.37it/s]
loss=0.067| sh degree=0| :   8%|▊         | 537/7000 [01:33<02:03, 52.37it/s]
loss=0.072| sh degree=0| :   8%|▊         | 537/7000 [01:33<02:03, 52.37it/s]
loss=0.072| sh degree=0| :   8%|▊         | 537/7000 [01:33<02:03, 52.37it/s]
loss=0.064| sh degree=0| :   8%|▊         | 537/7000 [01:33<02:03, 52.37it/s]
loss=0.064| sh degree=0| :   8%|▊         | 543/7000 [01:33<02:03, 52.32it/s]
loss=0.069| sh degree=0| :   8%|▊         | 543/7000 [01:33<02:03, 52.32it/s]
loss=0.068| sh degree=0| :   8%|▊         | 543/7000 [01:33<02:03, 52.32it/s]
loss=0.070| sh degree=0| :   8%|▊         | 543/7000 [01:33<02:03, 52.32it/s]
loss=0.075| sh degree=0| :   8%|▊         | 543/7000 [01:33<02:03, 52.32it/s]
loss=0.060| sh degree=0| :   8%|▊         | 543/7000 [01:33<02:03, 52.32it/s]
loss=0.071| sh degree=0| :   8%|▊         | 543/7000 [01:33<02:03, 52.32it/s]
loss=0.071| sh degree=0| :   8%|▊         | 549/7000 [01:33<02:01, 53.02it/s]
loss=0.077| sh degree=0| :   8%|▊         | 549/7000 [01:33<02:01, 53.02it/s]
loss=0.070| sh degree=0| :   8%|▊         | 549/7000 [01:33<02:01, 53.02it/s]
loss=0.079| sh degree=0| :   8%|▊         | 549/7000 [01:33<02:01, 53.02it/s]
loss=0.068| sh degree=0| :   8%|▊         | 549/7000 [01:33<02:01, 53.02it/s]
loss=0.077| sh degree=0| :   8%|▊         | 549/7000 [01:33<02:01, 53.02it/s]
loss=0.088| sh degree=0| :   8%|▊         | 549/7000 [01:33<02:01, 53.02it/s]
loss=0.088| sh degree=0| :   8%|▊         | 555/7000 [01:33<01:59, 53.90it/s]
loss=0.096| sh degree=0| :   8%|▊         | 555/7000 [01:33<01:59, 53.90it/s]
loss=0.087| sh degree=0| :   8%|▊         | 555/7000 [01:33<01:59, 53.90it/s]
loss=0.071| sh degree=0| :   8%|▊         | 555/7000 [01:33<01:59, 53.90it/s]
loss=0.063| sh degree=0| :   8%|▊         | 555/7000 [01:33<01:59, 53.90it/s]
loss=0.072| sh degree=0| :   8%|▊         | 555/7000 [01:33<01:59, 53.90it/s]
loss=0.062| sh degree=0| :   8%|▊         | 555/7000 [01:33<01:59, 53.90it/s]
loss=0.062| sh degree=0| :   8%|▊         | 561/7000 [01:33<02:00, 53.56it/s]
loss=0.059| sh degree=0| :   8%|▊         | 561/7000 [01:33<02:00, 53.56it/s]
loss=0.070| sh degree=0| :   8%|▊         | 561/7000 [01:33<02:00, 53.56it/s]
loss=0.072| sh degree=0| :   8%|▊         | 561/7000 [01:33<02:00, 53.56it/s]
loss=0.072| sh degree=0| :   8%|▊         | 561/7000 [01:33<02:00, 53.56it/s]
loss=0.068| sh degree=0| :   8%|▊         | 561/7000 [01:33<02:00, 53.56it/s]
loss=0.086| sh degree=0| :   8%|▊         | 561/7000 [01:33<02:00, 53.56it/s]
loss=0.086| sh degree=0| :   8%|▊         | 567/7000 [01:33<01:59, 53.63it/s]
loss=0.064| sh degree=0| :   8%|▊         | 567/7000 [01:33<01:59, 53.63it/s]
loss=0.081| sh degree=0| :   8%|▊         | 567/7000 [01:34<01:59, 53.63it/s]
loss=0.066| sh degree=0| :   8%|▊         | 567/7000 [01:34<01:59, 53.63it/s]
loss=0.061| sh degree=0| :   8%|▊         | 567/7000 [01:34<01:59, 53.63it/s]
loss=0.072| sh degree=0| :   8%|▊         | 567/7000 [01:34<01:59, 53.63it/s]
loss=0.079| sh degree=0| :   8%|▊         | 567/7000 [01:34<01:59, 53.63it/s]
loss=0.079| sh degree=0| :   8%|▊         | 573/7000 [01:34<01:59, 53.79it/s]
loss=0.075| sh degree=0| :   8%|▊         | 573/7000 [01:34<01:59, 53.79it/s]
loss=0.072| sh degree=0| :   8%|▊         | 573/7000 [01:34<01:59, 53.79it/s]
loss=0.069| sh degree=0| :   8%|▊         | 573/7000 [01:34<01:59, 53.79it/s]
loss=0.074| sh degree=0| :   8%|▊         | 573/7000 [01:34<01:59, 53.79it/s]
loss=0.059| sh degree=0| :   8%|▊         | 573/7000 [01:34<01:59, 53.79it/s]
loss=0.070| sh degree=0| :   8%|▊         | 573/7000 [01:34<01:59, 53.79it/s]
loss=0.070| sh degree=0| :   8%|▊         | 579/7000 [01:34<02:00, 53.49it/s]
loss=0.074| sh degree=0| :   8%|▊         | 579/7000 [01:34<02:00, 53.49it/s]
loss=0.075| sh degree=0| :   8%|▊         | 579/7000 [01:34<02:00, 53.49it/s]
loss=0.068| sh degree=0| :   8%|▊         | 579/7000 [01:34<02:00, 53.49it/s]
loss=0.059| sh degree=0| :   8%|▊         | 579/7000 [01:34<02:00, 53.49it/s]
loss=0.058| sh degree=0| :   8%|▊         | 579/7000 [01:34<02:00, 53.49it/s]
loss=0.077| sh degree=0| :   8%|▊         | 579/7000 [01:34<02:00, 53.49it/s]
loss=0.077| sh degree=0| :   8%|▊         | 585/7000 [01:34<01:58, 54.17it/s]
loss=0.068| sh degree=0| :   8%|▊         | 585/7000 [01:34<01:58, 54.17it/s]
loss=0.063| sh degree=0| :   8%|▊         | 585/7000 [01:34<01:58, 54.17it/s]
loss=0.060| sh degree=0| :   8%|▊         | 585/7000 [01:34<01:58, 54.17it/s]
loss=0.066| sh degree=0| :   8%|▊         | 585/7000 [01:34<01:58, 54.17it/s]
loss=0.064| sh degree=0| :   8%|▊         | 585/7000 [01:34<01:58, 54.17it/s]
loss=0.059| sh degree=0| :   8%|▊         | 585/7000 [01:34<01:58, 54.17it/s]
loss=0.059| sh degree=0| :   8%|▊         | 591/7000 [01:34<01:58, 53.87it/s]
loss=0.060| sh degree=0| :   8%|▊         | 591/7000 [01:34<01:58, 53.87it/s]
loss=0.065| sh degree=0| :   8%|▊         | 591/7000 [01:34<01:58, 53.87it/s]
loss=0.059| sh degree=0| :   8%|▊         | 591/7000 [01:34<01:58, 53.87it/s]
loss=0.064| sh degree=0| :   8%|▊         | 591/7000 [01:34<01:58, 53.87it/s]
loss=0.073| sh degree=0| :   8%|▊         | 591/7000 [01:34<01:58, 53.87it/s]
loss=0.058| sh degree=0| :   8%|▊         | 591/7000 [01:34<01:58, 53.87it/s]
loss=0.058| sh degree=0| :   9%|▊         | 597/7000 [01:34<02:01, 52.51it/s]
loss=0.076| sh degree=0| :   9%|▊         | 597/7000 [01:34<02:01, 52.51it/s]
loss=0.072| sh degree=0| :   9%|▊         | 597/7000 [01:34<02:01, 52.51it/s]
loss=0.064| sh degree=0| :   9%|▊         | 597/7000 [01:34<02:01, 52.51it/s]
loss=0.060| sh degree=0| :   9%|▊         | 597/7000 [01:34<02:01, 52.51it/s]
loss=0.098| sh degree=0| :   9%|▊         | 597/7000 [01:34<02:01, 52.51it/s]
loss=0.094| sh degree=0| :   9%|▊         | 597/7000 [01:34<02:01, 52.51it/s]
loss=0.094| sh degree=0| :   9%|▊         | 603/7000 [01:34<02:47, 38.28it/s]
loss=0.099| sh degree=0| :   9%|▊         | 603/7000 [01:34<02:47, 38.28it/s]
loss=0.091| sh degree=0| :   9%|▊         | 603/7000 [01:34<02:47, 38.28it/s]
loss=0.087| sh degree=0| :   9%|▊         | 603/7000 [01:34<02:47, 38.28it/s]
loss=0.075| sh degree=0| :   9%|▊         | 603/7000 [01:34<02:47, 38.28it/s]
loss=0.100| sh degree=0| :   9%|▊         | 603/7000 [01:34<02:47, 38.28it/s]
loss=0.073| sh degree=0| :   9%|▊         | 603/7000 [01:34<02:47, 38.28it/s]
loss=0.071| sh degree=0| :   9%|▊         | 603/7000 [01:34<02:47, 38.28it/s]
loss=0.071| sh degree=0| :   9%|▊         | 610/7000 [01:34<02:23, 44.54it/s]
loss=0.075| sh degree=0| :   9%|▊         | 610/7000 [01:34<02:23, 44.54it/s]
loss=0.067| sh degree=0| :   9%|▊         | 610/7000 [01:34<02:23, 44.54it/s]
loss=0.086| sh degree=0| :   9%|▊         | 610/7000 [01:34<02:23, 44.54it/s]
loss=0.079| sh degree=0| :   9%|▊         | 610/7000 [01:34<02:23, 44.54it/s]
loss=0.095| sh degree=0| :   9%|▊         | 610/7000 [01:34<02:23, 44.54it/s]
loss=0.077| sh degree=0| :   9%|▊         | 610/7000 [01:34<02:23, 44.54it/s]
loss=0.080| sh degree=0| :   9%|▊         | 610/7000 [01:35<02:23, 44.54it/s]
loss=0.080| sh degree=0| :   9%|▉         | 617/7000 [01:35<02:08, 49.52it/s]
loss=0.065| sh degree=0| :   9%|▉         | 617/7000 [01:35<02:08, 49.52it/s]
loss=0.077| sh degree=0| :   9%|▉         | 617/7000 [01:35<02:08, 49.52it/s]
loss=0.066| sh degree=0| :   9%|▉         | 617/7000 [01:35<02:08, 49.52it/s]
loss=0.079| sh degree=0| :   9%|▉         | 617/7000 [01:35<02:08, 49.52it/s]
loss=0.069| sh degree=0| :   9%|▉         | 617/7000 [01:35<02:08, 49.52it/s]
loss=0.088| sh degree=0| :   9%|▉         | 617/7000 [01:35<02:08, 49.52it/s]
loss=0.084| sh degree=0| :   9%|▉         | 617/7000 [01:35<02:08, 49.52it/s]
loss=0.084| sh degree=0| :   9%|▉         | 624/7000 [01:35<01:59, 53.57it/s]
loss=0.062| sh degree=0| :   9%|▉         | 624/7000 [01:35<01:59, 53.57it/s]
loss=0.065| sh degree=0| :   9%|▉         | 624/7000 [01:35<01:59, 53.57it/s]
loss=0.059| sh degree=0| :   9%|▉         | 624/7000 [01:35<01:59, 53.57it/s]
loss=0.068| sh degree=0| :   9%|▉         | 624/7000 [01:35<01:59, 53.57it/s]
loss=0.089| sh degree=0| :   9%|▉         | 624/7000 [01:35<01:59, 53.57it/s]
loss=0.074| sh degree=0| :   9%|▉         | 624/7000 [01:35<01:59, 53.57it/s]
loss=0.074| sh degree=0| :   9%|▉         | 630/7000 [01:35<01:57, 54.13it/s]
loss=0.074| sh degree=0| :   9%|▉         | 630/7000 [01:35<01:57, 54.13it/s]
loss=0.074| sh degree=0| :   9%|▉         | 630/7000 [01:35<01:57, 54.13it/s]
loss=0.069| sh degree=0| :   9%|▉         | 630/7000 [01:35<01:57, 54.13it/s]
loss=0.065| sh degree=0| :   9%|▉         | 630/7000 [01:35<01:57, 54.13it/s]
loss=0.061| sh degree=0| :   9%|▉         | 630/7000 [01:35<01:57, 54.13it/s]
loss=0.072| sh degree=0| :   9%|▉         | 630/7000 [01:35<01:57, 54.13it/s]
loss=0.072| sh degree=0| :   9%|▉         | 636/7000 [01:35<01:57, 53.95it/s]
loss=0.062| sh degree=0| :   9%|▉         | 636/7000 [01:35<01:57, 53.95it/s]
loss=0.060| sh degree=0| :   9%|▉         | 636/7000 [01:35<01:57, 53.95it/s]
loss=0.072| sh degree=0| :   9%|▉         | 636/7000 [01:35<01:57, 53.95it/s]
loss=0.082| sh degree=0| :   9%|▉         | 636/7000 [01:35<01:57, 53.95it/s]
loss=0.072| sh degree=0| :   9%|▉         | 636/7000 [01:35<01:57, 53.95it/s]
loss=0.089| sh degree=0| :   9%|▉         | 636/7000 [01:35<01:57, 53.95it/s]
loss=0.089| sh degree=0| :   9%|▉         | 642/7000 [01:35<02:00, 52.63it/s]
loss=0.065| sh degree=0| :   9%|▉         | 642/7000 [01:35<02:00, 52.63it/s]
loss=0.069| sh degree=0| :   9%|▉         | 642/7000 [01:35<02:00, 52.63it/s]
loss=0.058| sh degree=0| :   9%|▉         | 642/7000 [01:35<02:00, 52.63it/s]
loss=0.070| sh degree=0| :   9%|▉         | 642/7000 [01:35<02:00, 52.63it/s]
loss=0.067| sh degree=0| :   9%|▉         | 642/7000 [01:35<02:00, 52.63it/s]
loss=0.082| sh degree=0| :   9%|▉         | 642/7000 [01:35<02:00, 52.63it/s]
loss=0.082| sh degree=0| :   9%|▉         | 648/7000 [01:35<01:59, 53.09it/s]
loss=0.060| sh degree=0| :   9%|▉         | 648/7000 [01:35<01:59, 53.09it/s]
loss=0.061| sh degree=0| :   9%|▉         | 648/7000 [01:35<01:59, 53.09it/s]
loss=0.059| sh degree=0| :   9%|▉         | 648/7000 [01:35<01:59, 53.09it/s]
loss=0.068| sh degree=0| :   9%|▉         | 648/7000 [01:35<01:59, 53.09it/s]
loss=0.076| sh degree=0| :   9%|▉         | 648/7000 [01:35<01:59, 53.09it/s]
loss=0.057| sh degree=0| :   9%|▉         | 648/7000 [01:35<01:59, 53.09it/s]
loss=0.057| sh degree=0| :   9%|▉         | 654/7000 [01:35<01:58, 53.36it/s]
loss=0.071| sh degree=0| :   9%|▉         | 654/7000 [01:35<01:58, 53.36it/s]
loss=0.095| sh degree=0| :   9%|▉         | 654/7000 [01:35<01:58, 53.36it/s]
loss=0.072| sh degree=0| :   9%|▉         | 654/7000 [01:35<01:58, 53.36it/s]
loss=0.070| sh degree=0| :   9%|▉         | 654/7000 [01:35<01:58, 53.36it/s]
loss=0.065| sh degree=0| :   9%|▉         | 654/7000 [01:35<01:58, 53.36it/s]
loss=0.066| sh degree=0| :   9%|▉         | 654/7000 [01:35<01:58, 53.36it/s]
loss=0.066| sh degree=0| :   9%|▉         | 660/7000 [01:35<01:56, 54.51it/s]
loss=0.065| sh degree=0| :   9%|▉         | 660/7000 [01:35<01:56, 54.51it/s]
loss=0.055| sh degree=0| :   9%|▉         | 660/7000 [01:35<01:56, 54.51it/s]
loss=0.072| sh degree=0| :   9%|▉         | 660/7000 [01:35<01:56, 54.51it/s]
loss=0.085| sh degree=0| :   9%|▉         | 660/7000 [01:35<01:56, 54.51it/s]
loss=0.078| sh degree=0| :   9%|▉         | 660/7000 [01:35<01:56, 54.51it/s]
loss=0.062| sh degree=0| :   9%|▉         | 660/7000 [01:35<01:56, 54.51it/s]
loss=0.062| sh degree=0| :  10%|▉         | 666/7000 [01:35<01:56, 54.26it/s]
loss=0.064| sh degree=0| :  10%|▉         | 666/7000 [01:35<01:56, 54.26it/s]
loss=0.073| sh degree=0| :  10%|▉         | 666/7000 [01:35<01:56, 54.26it/s]
loss=0.069| sh degree=0| :  10%|▉         | 666/7000 [01:35<01:56, 54.26it/s]
loss=0.059| sh degree=0| :  10%|▉         | 666/7000 [01:35<01:56, 54.26it/s]
loss=0.068| sh degree=0| :  10%|▉         | 666/7000 [01:35<01:56, 54.26it/s]
loss=0.063| sh degree=0| :  10%|▉         | 666/7000 [01:36<01:56, 54.26it/s]
loss=0.063| sh degree=0| :  10%|▉         | 672/7000 [01:36<01:55, 55.01it/s]
loss=0.061| sh degree=0| :  10%|▉         | 672/7000 [01:36<01:55, 55.01it/s]
loss=0.065| sh degree=0| :  10%|▉         | 672/7000 [01:36<01:55, 55.01it/s]
loss=0.080| sh degree=0| :  10%|▉         | 672/7000 [01:36<01:55, 55.01it/s]
loss=0.075| sh degree=0| :  10%|▉         | 672/7000 [01:36<01:55, 55.01it/s]
loss=0.069| sh degree=0| :  10%|▉         | 672/7000 [01:36<01:55, 55.01it/s]
loss=0.090| sh degree=0| :  10%|▉         | 672/7000 [01:36<01:55, 55.01it/s]
loss=0.090| sh degree=0| :  10%|▉         | 678/7000 [01:36<01:55, 54.74it/s]
loss=0.062| sh degree=0| :  10%|▉         | 678/7000 [01:36<01:55, 54.74it/s]
loss=0.098| sh degree=0| :  10%|▉         | 678/7000 [01:36<01:55, 54.74it/s]
loss=0.072| sh degree=0| :  10%|▉         | 678/7000 [01:36<01:55, 54.74it/s]
loss=0.082| sh degree=0| :  10%|▉         | 678/7000 [01:36<01:55, 54.74it/s]
loss=0.071| sh degree=0| :  10%|▉         | 678/7000 [01:36<01:55, 54.74it/s]
loss=0.062| sh degree=0| :  10%|▉         | 678/7000 [01:36<01:55, 54.74it/s]
loss=0.062| sh degree=0| :  10%|▉         | 684/7000 [01:36<01:55, 54.63it/s]
loss=0.096| sh degree=0| :  10%|▉         | 684/7000 [01:36<01:55, 54.63it/s]
loss=0.060| sh degree=0| :  10%|▉         | 684/7000 [01:36<01:55, 54.63it/s]
loss=0.059| sh degree=0| :  10%|▉         | 684/7000 [01:36<01:55, 54.63it/s]
loss=0.068| sh degree=0| :  10%|▉         | 684/7000 [01:36<01:55, 54.63it/s]
loss=0.065| sh degree=0| :  10%|▉         | 684/7000 [01:36<01:55, 54.63it/s]
loss=0.068| sh degree=0| :  10%|▉         | 684/7000 [01:36<01:55, 54.63it/s]
loss=0.068| sh degree=0| :  10%|▉         | 690/7000 [01:36<01:54, 54.95it/s]
loss=0.067| sh degree=0| :  10%|▉         | 690/7000 [01:36<01:54, 54.95it/s]
loss=0.068| sh degree=0| :  10%|▉         | 690/7000 [01:36<01:54, 54.95it/s]
loss=0.061| sh degree=0| :  10%|▉         | 690/7000 [01:36<01:54, 54.95it/s]
loss=0.068| sh degree=0| :  10%|▉         | 690/7000 [01:36<01:54, 54.95it/s]
loss=0.057| sh degree=0| :  10%|▉         | 690/7000 [01:36<01:54, 54.95it/s]
loss=0.073| sh degree=0| :  10%|▉         | 690/7000 [01:36<01:54, 54.95it/s]
loss=0.073| sh degree=0| :  10%|▉         | 696/7000 [01:36<01:54, 55.04it/s]
loss=0.061| sh degree=0| :  10%|▉         | 696/7000 [01:36<01:54, 55.04it/s]
loss=0.065| sh degree=0| :  10%|▉         | 696/7000 [01:36<01:54, 55.04it/s]
loss=0.062| sh degree=0| :  10%|▉         | 696/7000 [01:36<01:54, 55.04it/s]
loss=0.055| sh degree=0| :  10%|▉         | 696/7000 [01:36<01:54, 55.04it/s]
loss=0.083| sh degree=0| :  10%|▉         | 696/7000 [01:36<01:54, 55.04it/s]
loss=0.091| sh degree=0| :  10%|▉         | 696/7000 [01:36<01:54, 55.04it/s]
loss=0.091| sh degree=0| :  10%|█         | 702/7000 [01:36<01:58, 53.28it/s]
loss=0.085| sh degree=0| :  10%|█         | 702/7000 [01:36<01:58, 53.28it/s]
loss=0.092| sh degree=0| :  10%|█         | 702/7000 [01:36<01:58, 53.28it/s]
loss=0.092| sh degree=0| :  10%|█         | 702/7000 [01:36<01:58, 53.28it/s]
loss=0.080| sh degree=0| :  10%|█         | 702/7000 [01:36<01:58, 53.28it/s]
loss=0.077| sh degree=0| :  10%|█         | 702/7000 [01:36<01:58, 53.28it/s]
loss=0.082| sh degree=0| :  10%|█         | 702/7000 [01:36<01:58, 53.28it/s]
loss=0.085| sh degree=0| :  10%|█         | 702/7000 [01:36<01:58, 53.28it/s]
loss=0.085| sh degree=0| :  10%|█         | 709/7000 [01:36<01:50, 57.01it/s]
loss=0.071| sh degree=0| :  10%|█         | 709/7000 [01:36<01:50, 57.01it/s]
loss=0.081| sh degree=0| :  10%|█         | 709/7000 [01:36<01:50, 57.01it/s]
loss=0.075| sh degree=0| :  10%|█         | 709/7000 [01:36<01:50, 57.01it/s]
loss=0.075| sh degree=0| :  10%|█         | 709/7000 [01:36<01:50, 57.01it/s]
loss=0.075| sh degree=0| :  10%|█         | 709/7000 [01:36<01:50, 57.01it/s]
loss=0.078| sh degree=0| :  10%|█         | 709/7000 [01:36<01:50, 57.01it/s]
loss=0.078| sh degree=0| :  10%|█         | 715/7000 [01:36<01:50, 57.10it/s]
loss=0.073| sh degree=0| :  10%|█         | 715/7000 [01:36<01:50, 57.10it/s]
loss=0.073| sh degree=0| :  10%|█         | 715/7000 [01:36<01:50, 57.10it/s]
loss=0.063| sh degree=0| :  10%|█         | 715/7000 [01:36<01:50, 57.10it/s]
loss=0.081| sh degree=0| :  10%|█         | 715/7000 [01:36<01:50, 57.10it/s]
loss=0.068| sh degree=0| :  10%|█         | 715/7000 [01:36<01:50, 57.10it/s]
loss=0.063| sh degree=0| :  10%|█         | 715/7000 [01:36<01:50, 57.10it/s]
loss=0.063| sh degree=0| :  10%|█         | 721/7000 [01:36<01:52, 56.06it/s]
loss=0.075| sh degree=0| :  10%|█         | 721/7000 [01:36<01:52, 56.06it/s]
loss=0.063| sh degree=0| :  10%|█         | 721/7000 [01:36<01:52, 56.06it/s]
loss=0.098| sh degree=0| :  10%|█         | 721/7000 [01:36<01:52, 56.06it/s]
loss=0.056| sh degree=0| :  10%|█         | 721/7000 [01:36<01:52, 56.06it/s]
loss=0.055| sh degree=0| :  10%|█         | 721/7000 [01:36<01:52, 56.06it/s]
loss=0.059| sh degree=0| :  10%|█         | 721/7000 [01:36<01:52, 56.06it/s]
loss=0.059| sh degree=0| :  10%|█         | 727/7000 [01:36<01:52, 55.75it/s]
loss=0.065| sh degree=0| :  10%|█         | 727/7000 [01:37<01:52, 55.75it/s]
loss=0.075| sh degree=0| :  10%|█         | 727/7000 [01:37<01:52, 55.75it/s]
loss=0.064| sh degree=0| :  10%|█         | 727/7000 [01:37<01:52, 55.75it/s]
loss=0.065| sh degree=0| :  10%|█         | 727/7000 [01:37<01:52, 55.75it/s]
loss=0.098| sh degree=0| :  10%|█         | 727/7000 [01:37<01:52, 55.75it/s]
loss=0.065| sh degree=0| :  10%|█         | 727/7000 [01:37<01:52, 55.75it/s]
loss=0.065| sh degree=0| :  10%|█         | 733/7000 [01:37<01:53, 55.36it/s]
loss=0.056| sh degree=0| :  10%|█         | 733/7000 [01:37<01:53, 55.36it/s]
loss=0.054| sh degree=0| :  10%|█         | 733/7000 [01:37<01:53, 55.36it/s]
loss=0.072| sh degree=0| :  10%|█         | 733/7000 [01:37<01:53, 55.36it/s]
loss=0.081| sh degree=0| :  10%|█         | 733/7000 [01:37<01:53, 55.36it/s]
loss=0.062| sh degree=0| :  10%|█         | 733/7000 [01:37<01:53, 55.36it/s]
loss=0.078| sh degree=0| :  10%|█         | 733/7000 [01:37<01:53, 55.36it/s]
loss=0.078| sh degree=0| :  11%|█         | 739/7000 [01:37<01:54, 54.87it/s]
loss=0.079| sh degree=0| :  11%|█         | 739/7000 [01:37<01:54, 54.87it/s]
loss=0.053| sh degree=0| :  11%|█         | 739/7000 [01:37<01:54, 54.87it/s]
loss=0.071| sh degree=0| :  11%|█         | 739/7000 [01:37<01:54, 54.87it/s]
loss=0.065| sh degree=0| :  11%|█         | 739/7000 [01:37<01:54, 54.87it/s]
loss=0.052| sh degree=0| :  11%|█         | 739/7000 [01:37<01:54, 54.87it/s]
loss=0.065| sh degree=0| :  11%|█         | 739/7000 [01:37<01:54, 54.87it/s]
loss=0.065| sh degree=0| :  11%|█         | 745/7000 [01:37<01:55, 54.19it/s]
loss=0.064| sh degree=0| :  11%|█         | 745/7000 [01:37<01:55, 54.19it/s]
loss=0.059| sh degree=0| :  11%|█         | 745/7000 [01:37<01:55, 54.19it/s]
loss=0.065| sh degree=0| :  11%|█         | 745/7000 [01:37<01:55, 54.19it/s]
loss=0.061| sh degree=0| :  11%|█         | 745/7000 [01:37<01:55, 54.19it/s]
loss=0.060| sh degree=0| :  11%|█         | 745/7000 [01:37<01:55, 54.19it/s]
loss=0.060| sh degree=0| :  11%|█         | 745/7000 [01:37<01:55, 54.19it/s]
loss=0.060| sh degree=0| :  11%|█         | 751/7000 [01:37<01:56, 53.86it/s]
loss=0.070| sh degree=0| :  11%|█         | 751/7000 [01:37<01:56, 53.86it/s]
loss=0.068| sh degree=0| :  11%|█         | 751/7000 [01:37<01:56, 53.86it/s]
loss=0.068| sh degree=0| :  11%|█         | 751/7000 [01:37<01:56, 53.86it/s]
loss=0.069| sh degree=0| :  11%|█         | 751/7000 [01:37<01:56, 53.86it/s]
loss=0.059| sh degree=0| :  11%|█         | 751/7000 [01:37<01:56, 53.86it/s]
loss=0.086| sh degree=0| :  11%|█         | 751/7000 [01:37<01:56, 53.86it/s]
loss=0.086| sh degree=0| :  11%|█         | 757/7000 [01:37<01:55, 53.96it/s]
loss=0.070| sh degree=0| :  11%|█         | 757/7000 [01:37<01:55, 53.96it/s]
loss=0.078| sh degree=0| :  11%|█         | 757/7000 [01:37<01:55, 53.96it/s]
loss=0.071| sh degree=0| :  11%|█         | 757/7000 [01:37<01:55, 53.96it/s]
loss=0.072| sh degree=0| :  11%|█         | 757/7000 [01:37<01:55, 53.96it/s]
loss=0.079| sh degree=0| :  11%|█         | 757/7000 [01:37<01:55, 53.96it/s]
loss=0.073| sh degree=0| :  11%|█         | 757/7000 [01:37<01:55, 53.96it/s]
loss=0.065| sh degree=0| :  11%|█         | 757/7000 [01:37<01:55, 53.96it/s]
loss=0.065| sh degree=0| :  11%|█         | 764/7000 [01:37<01:50, 56.33it/s]
loss=0.063| sh degree=0| :  11%|█         | 764/7000 [01:37<01:50, 56.33it/s]
loss=0.060| sh degree=0| :  11%|█         | 764/7000 [01:37<01:50, 56.33it/s]
loss=0.069| sh degree=0| :  11%|█         | 764/7000 [01:37<01:50, 56.33it/s]
loss=0.068| sh degree=0| :  11%|█         | 764/7000 [01:37<01:50, 56.33it/s]
loss=0.062| sh degree=0| :  11%|█         | 764/7000 [01:37<01:50, 56.33it/s]
loss=0.060| sh degree=0| :  11%|█         | 764/7000 [01:37<01:50, 56.33it/s]
loss=0.060| sh degree=0| :  11%|█         | 770/7000 [01:37<02:22, 43.63it/s]
loss=0.069| sh degree=0| :  11%|█         | 770/7000 [01:37<02:22, 43.63it/s]
loss=0.065| sh degree=0| :  11%|█         | 770/7000 [01:37<02:22, 43.63it/s]
loss=0.062| sh degree=0| :  11%|█         | 770/7000 [01:37<02:22, 43.63it/s]
loss=0.060| sh degree=0| :  11%|█         | 770/7000 [01:37<02:22, 43.63it/s]
loss=0.059| sh degree=0| :  11%|█         | 770/7000 [01:37<02:22, 43.63it/s]
loss=0.056| sh degree=0| :  11%|█         | 770/7000 [01:37<02:22, 43.63it/s]
loss=0.058| sh degree=0| :  11%|█         | 770/7000 [01:37<02:22, 43.63it/s]
loss=0.058| sh degree=0| :  11%|█         | 777/7000 [01:37<02:07, 48.73it/s]
loss=0.062| sh degree=0| :  11%|█         | 777/7000 [01:38<02:07, 48.73it/s]
loss=0.076| sh degree=0| :  11%|█         | 777/7000 [01:38<02:07, 48.73it/s]
loss=0.056| sh degree=0| :  11%|█         | 777/7000 [01:38<02:07, 48.73it/s]
loss=0.058| sh degree=0| :  11%|█         | 777/7000 [01:38<02:07, 48.73it/s]
loss=0.065| sh degree=0| :  11%|█         | 777/7000 [01:38<02:07, 48.73it/s]
loss=0.062| sh degree=0| :  11%|█         | 777/7000 [01:38<02:07, 48.73it/s]
loss=0.060| sh degree=0| :  11%|█         | 777/7000 [01:38<02:07, 48.73it/s]
loss=0.060| sh degree=0| :  11%|█         | 784/7000 [01:38<01:58, 52.35it/s]
loss=0.055| sh degree=0| :  11%|█         | 784/7000 [01:38<01:58, 52.35it/s]
loss=0.056| sh degree=0| :  11%|█         | 784/7000 [01:38<01:58, 52.35it/s]
loss=0.070| sh degree=0| :  11%|█         | 784/7000 [01:38<01:58, 52.35it/s]
loss=0.058| sh degree=0| :  11%|█         | 784/7000 [01:38<01:58, 52.35it/s]
loss=0.080| sh degree=0| :  11%|█         | 784/7000 [01:38<01:58, 52.35it/s]
loss=0.066| sh degree=0| :  11%|█         | 784/7000 [01:38<01:58, 52.35it/s]
loss=0.066| sh degree=0| :  11%|█▏        | 790/7000 [01:38<01:56, 53.37it/s]
loss=0.070| sh degree=0| :  11%|█▏        | 790/7000 [01:38<01:56, 53.37it/s]
loss=0.059| sh degree=0| :  11%|█▏        | 790/7000 [01:38<01:56, 53.37it/s]
loss=0.067| sh degree=0| :  11%|█▏        | 790/7000 [01:38<01:56, 53.37it/s]
loss=0.056| sh degree=0| :  11%|█▏        | 790/7000 [01:38<01:56, 53.37it/s]
loss=0.057| sh degree=0| :  11%|█▏        | 790/7000 [01:38<01:56, 53.37it/s]
loss=0.056| sh degree=0| :  11%|█▏        | 790/7000 [01:38<01:56, 53.37it/s]
loss=0.056| sh degree=0| :  11%|█▏        | 796/7000 [01:38<01:56, 53.44it/s]
loss=0.066| sh degree=0| :  11%|█▏        | 796/7000 [01:38<01:56, 53.44it/s]
loss=0.058| sh degree=0| :  11%|█▏        | 796/7000 [01:38<01:56, 53.44it/s]
loss=0.055| sh degree=0| :  11%|█▏        | 796/7000 [01:38<01:56, 53.44it/s]
loss=0.055| sh degree=0| :  11%|█▏        | 796/7000 [01:38<01:56, 53.44it/s]
loss=0.075| sh degree=0| :  11%|█▏        | 796/7000 [01:38<01:56, 53.44it/s]
loss=0.086| sh degree=0| :  11%|█▏        | 796/7000 [01:38<01:56, 53.44it/s]
loss=0.086| sh degree=0| :  11%|█▏        | 802/7000 [01:38<02:00, 51.44it/s]
loss=0.081| sh degree=0| :  11%|█▏        | 802/7000 [01:38<02:00, 51.44it/s]
loss=0.077| sh degree=0| :  11%|█▏        | 802/7000 [01:38<02:00, 51.44it/s]
loss=0.105| sh degree=0| :  11%|█▏        | 802/7000 [01:38<02:00, 51.44it/s]
loss=0.078| sh degree=0| :  11%|█▏        | 802/7000 [01:38<02:00, 51.44it/s]
loss=0.067| sh degree=0| :  11%|█▏        | 802/7000 [01:38<02:00, 51.44it/s]
loss=0.118| sh degree=0| :  11%|█▏        | 802/7000 [01:38<02:00, 51.44it/s]
loss=0.105| sh degree=0| :  11%|█▏        | 802/7000 [01:38<02:00, 51.44it/s]
loss=0.105| sh degree=0| :  12%|█▏        | 809/7000 [01:38<01:53, 54.70it/s]
loss=0.093| sh degree=0| :  12%|█▏        | 809/7000 [01:38<01:53, 54.70it/s]
loss=0.071| sh degree=0| :  12%|█▏        | 809/7000 [01:38<01:53, 54.70it/s]
loss=0.073| sh degree=0| :  12%|█▏        | 809/7000 [01:38<01:53, 54.70it/s]
loss=0.070| sh degree=0| :  12%|█▏        | 809/7000 [01:38<01:53, 54.70it/s]
loss=0.064| sh degree=0| :  12%|█▏        | 809/7000 [01:38<01:53, 54.70it/s]
loss=0.065| sh degree=0| :  12%|█▏        | 809/7000 [01:38<01:53, 54.70it/s]
loss=0.065| sh degree=0| :  12%|█▏        | 815/7000 [01:38<01:54, 53.79it/s]
loss=0.085| sh degree=0| :  12%|█▏        | 815/7000 [01:38<01:54, 53.79it/s]
loss=0.075| sh degree=0| :  12%|█▏        | 815/7000 [01:38<01:54, 53.79it/s]
loss=0.083| sh degree=0| :  12%|█▏        | 815/7000 [01:38<01:54, 53.79it/s]
loss=0.057| sh degree=0| :  12%|█▏        | 815/7000 [01:38<01:54, 53.79it/s]
loss=0.066| sh degree=0| :  12%|█▏        | 815/7000 [01:38<01:54, 53.79it/s]
loss=0.075| sh degree=0| :  12%|█▏        | 815/7000 [01:38<01:54, 53.79it/s]
loss=0.075| sh degree=0| :  12%|█▏        | 821/7000 [01:38<01:54, 54.00it/s]
loss=0.066| sh degree=0| :  12%|█▏        | 821/7000 [01:38<01:54, 54.00it/s]
loss=0.061| sh degree=0| :  12%|█▏        | 821/7000 [01:38<01:54, 54.00it/s]
loss=0.076| sh degree=0| :  12%|█▏        | 821/7000 [01:38<01:54, 54.00it/s]
loss=0.067| sh degree=0| :  12%|█▏        | 821/7000 [01:38<01:54, 54.00it/s]
loss=0.069| sh degree=0| :  12%|█▏        | 821/7000 [01:38<01:54, 54.00it/s]
loss=0.072| sh degree=0| :  12%|█▏        | 821/7000 [01:38<01:54, 54.00it/s]
loss=0.072| sh degree=0| :  12%|█▏        | 827/7000 [01:38<01:54, 53.92it/s]
loss=0.058| sh degree=0| :  12%|█▏        | 827/7000 [01:38<01:54, 53.92it/s]
loss=0.060| sh degree=0| :  12%|█▏        | 827/7000 [01:38<01:54, 53.92it/s]
loss=0.061| sh degree=0| :  12%|█▏        | 827/7000 [01:38<01:54, 53.92it/s]
loss=0.061| sh degree=0| :  12%|█▏        | 827/7000 [01:38<01:54, 53.92it/s]
loss=0.057| sh degree=0| :  12%|█▏        | 827/7000 [01:38<01:54, 53.92it/s]
loss=0.060| sh degree=0| :  12%|█▏        | 827/7000 [01:39<01:54, 53.92it/s]
loss=0.060| sh degree=0| :  12%|█▏        | 833/7000 [01:39<01:54, 53.95it/s]
loss=0.069| sh degree=0| :  12%|█▏        | 833/7000 [01:39<01:54, 53.95it/s]
loss=0.079| sh degree=0| :  12%|█▏        | 833/7000 [01:39<01:54, 53.95it/s]
loss=0.069| sh degree=0| :  12%|█▏        | 833/7000 [01:39<01:54, 53.95it/s]
loss=0.072| sh degree=0| :  12%|█▏        | 833/7000 [01:39<01:54, 53.95it/s]
loss=0.055| sh degree=0| :  12%|█▏        | 833/7000 [01:39<01:54, 53.95it/s]
loss=0.053| sh degree=0| :  12%|█▏        | 833/7000 [01:39<01:54, 53.95it/s]
loss=0.053| sh degree=0| :  12%|█▏        | 839/7000 [01:39<01:52, 54.78it/s]
loss=0.063| sh degree=0| :  12%|█▏        | 839/7000 [01:39<01:52, 54.78it/s]
loss=0.064| sh degree=0| :  12%|█▏        | 839/7000 [01:39<01:52, 54.78it/s]
loss=0.069| sh degree=0| :  12%|█▏        | 839/7000 [01:39<01:52, 54.78it/s]
loss=0.054| sh degree=0| :  12%|█▏        | 839/7000 [01:39<01:52, 54.78it/s]
loss=0.064| sh degree=0| :  12%|█▏        | 839/7000 [01:39<01:52, 54.78it/s]
loss=0.067| sh degree=0| :  12%|█▏        | 839/7000 [01:39<01:52, 54.78it/s]
loss=0.067| sh degree=0| :  12%|█▏        | 845/7000 [01:39<01:52, 54.56it/s]
loss=0.056| sh degree=0| :  12%|█▏        | 845/7000 [01:39<01:52, 54.56it/s]
loss=0.050| sh degree=0| :  12%|█▏        | 845/7000 [01:39<01:52, 54.56it/s]
loss=0.063| sh degree=0| :  12%|█▏        | 845/7000 [01:39<01:52, 54.56it/s]
loss=0.067| sh degree=0| :  12%|█▏        | 845/7000 [01:39<01:52, 54.56it/s]
loss=0.050| sh degree=0| :  12%|█▏        | 845/7000 [01:39<01:52, 54.56it/s]
loss=0.069| sh degree=0| :  12%|█▏        | 845/7000 [01:39<01:52, 54.56it/s]
loss=0.069| sh degree=0| :  12%|█▏        | 851/7000 [01:39<01:54, 53.76it/s]
loss=0.048| sh degree=0| :  12%|█▏        | 851/7000 [01:39<01:54, 53.76it/s]
loss=0.052| sh degree=0| :  12%|█▏        | 851/7000 [01:39<01:54, 53.76it/s]
loss=0.055| sh degree=0| :  12%|█▏        | 851/7000 [01:39<01:54, 53.76it/s]
loss=0.047| sh degree=0| :  12%|█▏        | 851/7000 [01:39<01:54, 53.76it/s]
loss=0.083| sh degree=0| :  12%|█▏        | 851/7000 [01:39<01:54, 53.76it/s]
loss=0.063| sh degree=0| :  12%|█▏        | 851/7000 [01:39<01:54, 53.76it/s]
loss=0.063| sh degree=0| :  12%|█▏        | 857/7000 [01:39<01:54, 53.64it/s]
loss=0.071| sh degree=0| :  12%|█▏        | 857/7000 [01:39<01:54, 53.64it/s]
loss=0.053| sh degree=0| :  12%|█▏        | 857/7000 [01:39<01:54, 53.64it/s]
loss=0.048| sh degree=0| :  12%|█▏        | 857/7000 [01:39<01:54, 53.64it/s]
loss=0.053| sh degree=0| :  12%|█▏        | 857/7000 [01:39<01:54, 53.64it/s]
loss=0.101| sh degree=0| :  12%|█▏        | 857/7000 [01:39<01:54, 53.64it/s]
loss=0.062| sh degree=0| :  12%|█▏        | 857/7000 [01:39<01:54, 53.64it/s]
loss=0.062| sh degree=0| :  12%|█▏        | 863/7000 [01:39<01:54, 53.47it/s]
loss=0.048| sh degree=0| :  12%|█▏        | 863/7000 [01:39<01:54, 53.47it/s]
loss=0.082| sh degree=0| :  12%|█▏        | 863/7000 [01:39<01:54, 53.47it/s]
loss=0.070| sh degree=0| :  12%|█▏        | 863/7000 [01:39<01:54, 53.47it/s]
loss=0.060| sh degree=0| :  12%|█▏        | 863/7000 [01:39<01:54, 53.47it/s]
loss=0.052| sh degree=0| :  12%|█▏        | 863/7000 [01:39<01:54, 53.47it/s]
loss=0.048| sh degree=0| :  12%|█▏        | 863/7000 [01:39<01:54, 53.47it/s]
loss=0.048| sh degree=0| :  12%|█▏        | 869/7000 [01:39<01:54, 53.38it/s]
loss=0.058| sh degree=0| :  12%|█▏        | 869/7000 [01:39<01:54, 53.38it/s]
loss=0.053| sh degree=0| :  12%|█▏        | 869/7000 [01:39<01:54, 53.38it/s]
loss=0.060| sh degree=0| :  12%|█▏        | 869/7000 [01:39<01:54, 53.38it/s]
loss=0.059| sh degree=0| :  12%|█▏        | 869/7000 [01:39<01:54, 53.38it/s]
loss=0.064| sh degree=0| :  12%|█▏        | 869/7000 [01:39<01:54, 53.38it/s]
loss=0.060| sh degree=0| :  12%|█▏        | 869/7000 [01:39<01:54, 53.38it/s]
loss=0.060| sh degree=0| :  12%|█▎        | 875/7000 [01:39<01:53, 53.73it/s]
loss=0.055| sh degree=0| :  12%|█▎        | 875/7000 [01:39<01:53, 53.73it/s]
loss=0.063| sh degree=0| :  12%|█▎        | 875/7000 [01:39<01:53, 53.73it/s]
loss=0.051| sh degree=0| :  12%|█▎        | 875/7000 [01:39<01:53, 53.73it/s]
loss=0.053| sh degree=0| :  12%|█▎        | 875/7000 [01:39<01:53, 53.73it/s]
loss=0.062| sh degree=0| :  12%|█▎        | 875/7000 [01:39<01:53, 53.73it/s]
loss=0.080| sh degree=0| :  12%|█▎        | 875/7000 [01:39<01:53, 53.73it/s]
loss=0.080| sh degree=0| :  13%|█▎        | 881/7000 [01:39<01:54, 53.64it/s]
loss=0.056| sh degree=0| :  13%|█▎        | 881/7000 [01:39<01:54, 53.64it/s]
loss=0.051| sh degree=0| :  13%|█▎        | 881/7000 [01:39<01:54, 53.64it/s]
loss=0.051| sh degree=0| :  13%|█▎        | 881/7000 [01:39<01:54, 53.64it/s]
loss=0.059| sh degree=0| :  13%|█▎        | 881/7000 [01:39<01:54, 53.64it/s]
loss=0.061| sh degree=0| :  13%|█▎        | 881/7000 [01:39<01:54, 53.64it/s]
loss=0.055| sh degree=0| :  13%|█▎        | 881/7000 [01:40<01:54, 53.64it/s]
loss=0.055| sh degree=0| :  13%|█▎        | 887/7000 [01:40<01:55, 53.15it/s]
loss=0.066| sh degree=0| :  13%|█▎        | 887/7000 [01:40<01:55, 53.15it/s]
loss=0.052| sh degree=0| :  13%|█▎        | 887/7000 [01:40<01:55, 53.15it/s]
loss=0.058| sh degree=0| :  13%|█▎        | 887/7000 [01:40<01:55, 53.15it/s]
loss=0.085| sh degree=0| :  13%|█▎        | 887/7000 [01:40<01:55, 53.15it/s]
loss=0.058| sh degree=0| :  13%|█▎        | 887/7000 [01:40<01:55, 53.15it/s]
loss=0.062| sh degree=0| :  13%|█▎        | 887/7000 [01:40<01:55, 53.15it/s]
loss=0.062| sh degree=0| :  13%|█▎        | 893/7000 [01:40<01:54, 53.33it/s]
loss=0.075| sh degree=0| :  13%|█▎        | 893/7000 [01:40<01:54, 53.33it/s]
loss=0.054| sh degree=0| :  13%|█▎        | 893/7000 [01:40<01:54, 53.33it/s]
loss=0.063| sh degree=0| :  13%|█▎        | 893/7000 [01:40<01:54, 53.33it/s]
loss=0.089| sh degree=0| :  13%|█▎        | 893/7000 [01:40<01:54, 53.33it/s]
loss=0.072| sh degree=0| :  13%|█▎        | 893/7000 [01:40<01:54, 53.33it/s]
loss=0.051| sh degree=0| :  13%|█▎        | 893/7000 [01:40<01:54, 53.33it/s]
loss=0.051| sh degree=0| :  13%|█▎        | 899/7000 [01:40<01:54, 53.44it/s]
loss=0.055| sh degree=0| :  13%|█▎        | 899/7000 [01:40<01:54, 53.44it/s]
loss=0.063| sh degree=0| :  13%|█▎        | 899/7000 [01:40<01:54, 53.44it/s]
loss=0.087| sh degree=0| :  13%|█▎        | 899/7000 [01:40<01:54, 53.44it/s]
loss=0.085| sh degree=0| :  13%|█▎        | 899/7000 [01:40<01:54, 53.44it/s]
loss=0.082| sh degree=0| :  13%|█▎        | 899/7000 [01:40<01:54, 53.44it/s]
loss=0.070| sh degree=0| :  13%|█▎        | 899/7000 [01:40<01:54, 53.44it/s]
loss=0.070| sh degree=0| :  13%|█▎        | 905/7000 [01:40<01:55, 52.92it/s]
loss=0.065| sh degree=0| :  13%|█▎        | 905/7000 [01:40<01:55, 52.92it/s]
loss=0.074| sh degree=0| :  13%|█▎        | 905/7000 [01:40<01:55, 52.92it/s]
loss=0.079| sh degree=0| :  13%|█▎        | 905/7000 [01:40<01:55, 52.92it/s]
loss=0.063| sh degree=0| :  13%|█▎        | 905/7000 [01:40<01:55, 52.92it/s]
loss=0.069| sh degree=0| :  13%|█▎        | 905/7000 [01:40<01:55, 52.92it/s]
loss=0.056| sh degree=0| :  13%|█▎        | 905/7000 [01:40<01:55, 52.92it/s]
loss=0.056| sh degree=0| :  13%|█▎        | 911/7000 [01:40<01:52, 53.92it/s]
loss=0.070| sh degree=0| :  13%|█▎        | 911/7000 [01:40<01:52, 53.92it/s]
loss=0.067| sh degree=0| :  13%|█▎        | 911/7000 [01:40<01:52, 53.92it/s]
loss=0.060| sh degree=0| :  13%|█▎        | 911/7000 [01:40<01:52, 53.92it/s]
loss=0.063| sh degree=0| :  13%|█▎        | 911/7000 [01:40<01:52, 53.92it/s]
loss=0.058| sh degree=0| :  13%|█▎        | 911/7000 [01:40<01:52, 53.92it/s]
loss=0.069| sh degree=0| :  13%|█▎        | 911/7000 [01:40<01:52, 53.92it/s]
loss=0.069| sh degree=0| :  13%|█▎        | 917/7000 [01:40<01:53, 53.53it/s]
loss=0.079| sh degree=0| :  13%|█▎        | 917/7000 [01:40<01:53, 53.53it/s]
loss=0.055| sh degree=0| :  13%|█▎        | 917/7000 [01:40<01:53, 53.53it/s]
loss=0.068| sh degree=0| :  13%|█▎        | 917/7000 [01:40<01:53, 53.53it/s]
loss=0.067| sh degree=0| :  13%|█▎        | 917/7000 [01:40<01:53, 53.53it/s]
loss=0.067| sh degree=0| :  13%|█▎        | 917/7000 [01:40<01:53, 53.53it/s]
loss=0.064| sh degree=0| :  13%|█▎        | 917/7000 [01:40<01:53, 53.53it/s]
loss=0.064| sh degree=0| :  13%|█▎        | 923/7000 [01:40<01:54, 53.17it/s]
loss=0.070| sh degree=0| :  13%|█▎        | 923/7000 [01:40<01:54, 53.17it/s]
loss=0.068| sh degree=0| :  13%|█▎        | 923/7000 [01:40<01:54, 53.17it/s]
loss=0.070| sh degree=0| :  13%|█▎        | 923/7000 [01:40<01:54, 53.17it/s]
loss=0.059| sh degree=0| :  13%|█▎        | 923/7000 [01:40<01:54, 53.17it/s]
loss=0.056| sh degree=0| :  13%|█▎        | 923/7000 [01:40<01:54, 53.17it/s]
loss=0.063| sh degree=0| :  13%|█▎        | 923/7000 [01:40<01:54, 53.17it/s]
loss=0.063| sh degree=0| :  13%|█▎        | 929/7000 [01:40<01:54, 53.25it/s]
loss=0.066| sh degree=0| :  13%|█▎        | 929/7000 [01:40<01:54, 53.25it/s]
loss=0.064| sh degree=0| :  13%|█▎        | 929/7000 [01:40<01:54, 53.25it/s]
loss=0.051| sh degree=0| :  13%|█▎        | 929/7000 [01:40<01:54, 53.25it/s]
loss=0.061| sh degree=0| :  13%|█▎        | 929/7000 [01:40<01:54, 53.25it/s]
loss=0.066| sh degree=0| :  13%|█▎        | 929/7000 [01:40<01:54, 53.25it/s]
loss=0.063| sh degree=0| :  13%|█▎        | 929/7000 [01:40<01:54, 53.25it/s]
loss=0.063| sh degree=0| :  13%|█▎        | 935/7000 [01:40<01:54, 52.94it/s]
loss=0.058| sh degree=0| :  13%|█▎        | 935/7000 [01:40<01:54, 52.94it/s]
loss=0.070| sh degree=0| :  13%|█▎        | 935/7000 [01:40<01:54, 52.94it/s]
loss=0.052| sh degree=0| :  13%|█▎        | 935/7000 [01:40<01:54, 52.94it/s]
loss=0.064| sh degree=0| :  13%|█▎        | 935/7000 [01:40<01:54, 52.94it/s]
loss=0.062| sh degree=0| :  13%|█▎        | 935/7000 [01:41<01:54, 52.94it/s]
loss=0.053| sh degree=0| :  13%|█▎        | 935/7000 [01:41<01:54, 52.94it/s]
loss=0.053| sh degree=0| :  13%|█▎        | 941/7000 [01:41<01:55, 52.55it/s]
loss=0.062| sh degree=0| :  13%|█▎        | 941/7000 [01:41<01:55, 52.55it/s]
loss=0.049| sh degree=0| :  13%|█▎        | 941/7000 [01:41<01:55, 52.55it/s]
loss=0.053| sh degree=0| :  13%|█▎        | 941/7000 [01:41<01:55, 52.55it/s]
loss=0.060| sh degree=0| :  13%|█▎        | 941/7000 [01:41<01:55, 52.55it/s]
loss=0.064| sh degree=0| :  13%|█▎        | 941/7000 [01:41<01:55, 52.55it/s]
loss=0.089| sh degree=0| :  13%|█▎        | 941/7000 [01:41<01:55, 52.55it/s]
loss=0.089| sh degree=0| :  14%|█▎        | 947/7000 [01:41<01:52, 53.92it/s]
loss=0.055| sh degree=0| :  14%|█▎        | 947/7000 [01:41<01:52, 53.92it/s]
loss=0.065| sh degree=0| :  14%|█▎        | 947/7000 [01:41<01:52, 53.92it/s]
loss=0.059| sh degree=0| :  14%|█▎        | 947/7000 [01:41<01:52, 53.92it/s]
loss=0.055| sh degree=0| :  14%|█▎        | 947/7000 [01:41<01:52, 53.92it/s]
loss=0.082| sh degree=0| :  14%|█▎        | 947/7000 [01:41<01:52, 53.92it/s]
loss=0.051| sh degree=0| :  14%|█▎        | 947/7000 [01:41<01:52, 53.92it/s]
loss=0.051| sh degree=0| :  14%|█▎        | 953/7000 [01:41<01:49, 55.32it/s]
loss=0.051| sh degree=0| :  14%|█▎        | 953/7000 [01:41<01:49, 55.32it/s]
loss=0.051| sh degree=0| :  14%|█▎        | 953/7000 [01:41<01:49, 55.32it/s]
loss=0.066| sh degree=0| :  14%|█▎        | 953/7000 [01:41<01:49, 55.32it/s]
loss=0.060| sh degree=0| :  14%|█▎        | 953/7000 [01:41<01:49, 55.32it/s]
loss=0.046| sh degree=0| :  14%|█▎        | 953/7000 [01:41<01:49, 55.32it/s]
loss=0.085| sh degree=0| :  14%|█▎        | 953/7000 [01:41<01:49, 55.32it/s]
loss=0.085| sh degree=0| :  14%|█▎        | 959/7000 [01:41<01:49, 55.37it/s]
loss=0.056| sh degree=0| :  14%|█▎        | 959/7000 [01:41<01:49, 55.37it/s]
loss=0.071| sh degree=0| :  14%|█▎        | 959/7000 [01:41<01:49, 55.37it/s]
loss=0.069| sh degree=0| :  14%|█▎        | 959/7000 [01:41<01:49, 55.37it/s]
loss=0.057| sh degree=0| :  14%|█▎        | 959/7000 [01:41<01:49, 55.37it/s]
loss=0.048| sh degree=0| :  14%|█▎        | 959/7000 [01:41<01:49, 55.37it/s]
loss=0.054| sh degree=0| :  14%|█▎        | 959/7000 [01:41<01:49, 55.37it/s]
loss=0.054| sh degree=0| :  14%|█▍        | 965/7000 [01:41<01:50, 54.81it/s]
loss=0.049| sh degree=0| :  14%|█▍        | 965/7000 [01:41<01:50, 54.81it/s]
loss=0.047| sh degree=0| :  14%|█▍        | 965/7000 [01:41<01:50, 54.81it/s]
loss=0.061| sh degree=0| :  14%|█▍        | 965/7000 [01:41<01:50, 54.81it/s]
loss=0.080| sh degree=0| :  14%|█▍        | 965/7000 [01:41<01:50, 54.81it/s]
loss=0.062| sh degree=0| :  14%|█▍        | 965/7000 [01:41<01:50, 54.81it/s]
loss=0.068| sh degree=0| :  14%|█▍        | 965/7000 [01:41<01:50, 54.81it/s]
loss=0.068| sh degree=0| :  14%|█▍        | 971/7000 [01:41<01:51, 54.01it/s]
loss=0.049| sh degree=0| :  14%|█▍        | 971/7000 [01:41<01:51, 54.01it/s]
loss=0.072| sh degree=0| :  14%|█▍        | 971/7000 [01:41<01:51, 54.01it/s]
loss=0.054| sh degree=0| :  14%|█▍        | 971/7000 [01:41<01:51, 54.01it/s]
loss=0.064| sh degree=0| :  14%|█▍        | 971/7000 [01:41<01:51, 54.01it/s]
loss=0.060| sh degree=0| :  14%|█▍        | 971/7000 [01:41<01:51, 54.01it/s]
loss=0.069| sh degree=0| :  14%|█▍        | 971/7000 [01:41<01:51, 54.01it/s]
loss=0.069| sh degree=0| :  14%|█▍        | 977/7000 [01:41<01:51, 53.99it/s]
loss=0.054| sh degree=0| :  14%|█▍        | 977/7000 [01:41<01:51, 53.99it/s]
loss=0.063| sh degree=0| :  14%|█▍        | 977/7000 [01:41<01:51, 53.99it/s]
loss=0.072| sh degree=0| :  14%|█▍        | 977/7000 [01:41<01:51, 53.99it/s]
loss=0.047| sh degree=0| :  14%|█▍        | 977/7000 [01:41<01:51, 53.99it/s]
loss=0.047| sh degree=0| :  14%|█▍        | 977/7000 [01:41<01:51, 53.99it/s]
loss=0.058| sh degree=0| :  14%|█▍        | 977/7000 [01:41<01:51, 53.99it/s]
loss=0.058| sh degree=0| :  14%|█▍        | 983/7000 [01:41<01:51, 53.78it/s]
loss=0.055| sh degree=0| :  14%|█▍        | 983/7000 [01:41<01:51, 53.78it/s]
loss=0.056| sh degree=0| :  14%|█▍        | 983/7000 [01:41<01:51, 53.78it/s]
loss=0.060| sh degree=0| :  14%|█▍        | 983/7000 [01:41<01:51, 53.78it/s]
loss=0.054| sh degree=0| :  14%|█▍        | 983/7000 [01:41<01:51, 53.78it/s]
loss=0.053| sh degree=0| :  14%|█▍        | 983/7000 [01:41<01:51, 53.78it/s]
loss=0.073| sh degree=0| :  14%|█▍        | 983/7000 [01:41<01:51, 53.78it/s]
loss=0.073| sh degree=0| :  14%|█▍        | 989/7000 [01:41<01:53, 53.08it/s]
loss=0.057| sh degree=0| :  14%|█▍        | 989/7000 [01:41<01:53, 53.08it/s]
loss=0.049| sh degree=0| :  14%|█▍        | 989/7000 [01:41<01:53, 53.08it/s]
loss=0.055| sh degree=0| :  14%|█▍        | 989/7000 [01:41<01:53, 53.08it/s]
loss=0.062| sh degree=0| :  14%|█▍        | 989/7000 [01:41<01:53, 53.08it/s]
loss=0.046| sh degree=0| :  14%|█▍        | 989/7000 [01:42<01:53, 53.08it/s]
loss=0.052| sh degree=0| :  14%|█▍        | 989/7000 [01:42<01:53, 53.08it/s]
loss=0.052| sh degree=0| :  14%|█▍        | 995/7000 [01:42<01:52, 53.60it/s]
loss=0.063| sh degree=0| :  14%|█▍        | 995/7000 [01:42<01:52, 53.60it/s]
loss=0.054| sh degree=0| :  14%|█▍        | 995/7000 [01:42<01:52, 53.60it/s]
loss=0.051| sh degree=0| :  14%|█▍        | 995/7000 [01:42<01:52, 53.60it/s]
loss=0.049| sh degree=0| :  14%|█▍        | 995/7000 [01:42<01:52, 53.60it/s]
loss=0.052| sh degree=0| :  14%|█▍        | 995/7000 [01:42<01:52, 53.60it/s]
loss=0.067| sh degree=1| :  14%|█▍        | 995/7000 [01:42<01:52, 53.60it/s]
loss=0.067| sh degree=1| :  14%|█▍        | 1001/7000 [01:42<01:55, 51.81it/s]
loss=0.062| sh degree=1| :  14%|█▍        | 1001/7000 [01:42<01:55, 51.81it/s]
loss=0.068| sh degree=1| :  14%|█▍        | 1001/7000 [01:42<01:55, 51.81it/s]
loss=0.099| sh degree=1| :  14%|█▍        | 1001/7000 [01:42<01:55, 51.81it/s]
loss=0.054| sh degree=1| :  14%|█▍        | 1001/7000 [01:42<01:55, 51.81it/s]
loss=0.071| sh degree=1| :  14%|█▍        | 1001/7000 [01:42<01:55, 51.81it/s]
loss=0.076| sh degree=1| :  14%|█▍        | 1001/7000 [01:42<01:55, 51.81it/s]
loss=0.060| sh degree=1| :  14%|█▍        | 1001/7000 [01:42<01:55, 51.81it/s]
loss=0.060| sh degree=1| :  14%|█▍        | 1008/7000 [01:42<01:47, 55.65it/s]
loss=0.063| sh degree=1| :  14%|█▍        | 1008/7000 [01:42<01:47, 55.65it/s]
loss=0.076| sh degree=1| :  14%|█▍        | 1008/7000 [01:42<01:47, 55.65it/s]
loss=0.057| sh degree=1| :  14%|█▍        | 1008/7000 [01:42<01:47, 55.65it/s]
loss=0.064| sh degree=1| :  14%|█▍        | 1008/7000 [01:42<01:47, 55.65it/s]
loss=0.060| sh degree=1| :  14%|█▍        | 1008/7000 [01:42<01:47, 55.65it/s]
loss=0.061| sh degree=1| :  14%|█▍        | 1008/7000 [01:42<01:47, 55.65it/s]
loss=0.061| sh degree=1| :  14%|█▍        | 1014/7000 [01:42<01:46, 56.44it/s]
loss=0.060| sh degree=1| :  14%|█▍        | 1014/7000 [01:42<01:46, 56.44it/s]
loss=0.069| sh degree=1| :  14%|█▍        | 1014/7000 [01:42<01:46, 56.44it/s]
loss=0.073| sh degree=1| :  14%|█▍        | 1014/7000 [01:42<01:46, 56.44it/s]
loss=0.056| sh degree=1| :  14%|█▍        | 1014/7000 [01:42<01:46, 56.44it/s]
loss=0.075| sh degree=1| :  14%|█▍        | 1014/7000 [01:42<01:46, 56.44it/s]
loss=0.064| sh degree=1| :  14%|█▍        | 1014/7000 [01:42<01:46, 56.44it/s]
loss=0.064| sh degree=1| :  14%|█▍        | 1014/7000 [01:42<01:46, 56.44it/s]
loss=0.064| sh degree=1| :  15%|█▍        | 1021/7000 [01:42<02:16, 43.77it/s]
loss=0.089| sh degree=1| :  15%|█▍        | 1021/7000 [01:42<02:16, 43.77it/s]
loss=0.058| sh degree=1| :  15%|█▍        | 1021/7000 [01:42<02:16, 43.77it/s]
loss=0.067| sh degree=1| :  15%|█▍        | 1021/7000 [01:42<02:16, 43.77it/s]
loss=0.057| sh degree=1| :  15%|█▍        | 1021/7000 [01:42<02:16, 43.77it/s]
loss=0.060| sh degree=1| :  15%|█▍        | 1021/7000 [01:42<02:16, 43.77it/s]
loss=0.055| sh degree=1| :  15%|█▍        | 1021/7000 [01:42<02:16, 43.77it/s]
loss=0.059| sh degree=1| :  15%|█▍        | 1021/7000 [01:42<02:16, 43.77it/s]
loss=0.059| sh degree=1| :  15%|█▍        | 1028/7000 [01:42<02:02, 48.70it/s]
loss=0.058| sh degree=1| :  15%|█▍        | 1028/7000 [01:42<02:02, 48.70it/s]
loss=0.063| sh degree=1| :  15%|█▍        | 1028/7000 [01:42<02:02, 48.70it/s]
loss=0.057| sh degree=1| :  15%|█▍        | 1028/7000 [01:42<02:02, 48.70it/s]
loss=0.054| sh degree=1| :  15%|█▍        | 1028/7000 [01:42<02:02, 48.70it/s]
loss=0.051| sh degree=1| :  15%|█▍        | 1028/7000 [01:42<02:02, 48.70it/s]
loss=0.054| sh degree=1| :  15%|█▍        | 1028/7000 [01:42<02:02, 48.70it/s]
loss=0.066| sh degree=1| :  15%|█▍        | 1028/7000 [01:42<02:02, 48.70it/s]
loss=0.066| sh degree=1| :  15%|█▍        | 1035/7000 [01:42<01:54, 52.24it/s]
loss=0.049| sh degree=1| :  15%|█▍        | 1035/7000 [01:42<01:54, 52.24it/s]
loss=0.055| sh degree=1| :  15%|█▍        | 1035/7000 [01:42<01:54, 52.24it/s]
loss=0.047| sh degree=1| :  15%|█▍        | 1035/7000 [01:42<01:54, 52.24it/s]
loss=0.056| sh degree=1| :  15%|█▍        | 1035/7000 [01:42<01:54, 52.24it/s]
loss=0.056| sh degree=1| :  15%|█▍        | 1035/7000 [01:42<01:54, 52.24it/s]
loss=0.067| sh degree=1| :  15%|█▍        | 1035/7000 [01:42<01:54, 52.24it/s]
loss=0.054| sh degree=1| :  15%|█▍        | 1035/7000 [01:42<01:54, 52.24it/s]
loss=0.054| sh degree=1| :  15%|█▍        | 1042/7000 [01:42<01:49, 54.21it/s]
loss=0.051| sh degree=1| :  15%|█▍        | 1042/7000 [01:42<01:49, 54.21it/s]
loss=0.068| sh degree=1| :  15%|█▍        | 1042/7000 [01:42<01:49, 54.21it/s]
loss=0.093| sh degree=1| :  15%|█▍        | 1042/7000 [01:42<01:49, 54.21it/s]
loss=0.055| sh degree=1| :  15%|█▍        | 1042/7000 [01:43<01:49, 54.21it/s]
loss=0.054| sh degree=1| :  15%|█▍        | 1042/7000 [01:43<01:49, 54.21it/s]
loss=0.063| sh degree=1| :  15%|█▍        | 1042/7000 [01:43<01:49, 54.21it/s]
loss=0.063| sh degree=1| :  15%|█▍        | 1048/7000 [01:43<01:49, 54.18it/s]
loss=0.064| sh degree=1| :  15%|█▍        | 1048/7000 [01:43<01:49, 54.18it/s]
loss=0.051| sh degree=1| :  15%|█▍        | 1048/7000 [01:43<01:49, 54.18it/s]
loss=0.057| sh degree=1| :  15%|█▍        | 1048/7000 [01:43<01:49, 54.18it/s]
loss=0.046| sh degree=1| :  15%|█▍        | 1048/7000 [01:43<01:49, 54.18it/s]
loss=0.049| sh degree=1| :  15%|█▍        | 1048/7000 [01:43<01:49, 54.18it/s]
loss=0.058| sh degree=1| :  15%|█▍        | 1048/7000 [01:43<01:49, 54.18it/s]
loss=0.058| sh degree=1| :  15%|█▌        | 1054/7000 [01:43<01:50, 53.90it/s]
loss=0.060| sh degree=1| :  15%|█▌        | 1054/7000 [01:43<01:50, 53.90it/s]
loss=0.063| sh degree=1| :  15%|█▌        | 1054/7000 [01:43<01:50, 53.90it/s]
loss=0.049| sh degree=1| :  15%|█▌        | 1054/7000 [01:43<01:50, 53.90it/s]
loss=0.055| sh degree=1| :  15%|█▌        | 1054/7000 [01:43<01:50, 53.90it/s]
loss=0.048| sh degree=1| :  15%|█▌        | 1054/7000 [01:43<01:50, 53.90it/s]
loss=0.046| sh degree=1| :  15%|█▌        | 1054/7000 [01:43<01:50, 53.90it/s]
loss=0.046| sh degree=1| :  15%|█▌        | 1060/7000 [01:43<01:50, 53.75it/s]
loss=0.053| sh degree=1| :  15%|█▌        | 1060/7000 [01:43<01:50, 53.75it/s]
loss=0.053| sh degree=1| :  15%|█▌        | 1060/7000 [01:43<01:50, 53.75it/s]
loss=0.060| sh degree=1| :  15%|█▌        | 1060/7000 [01:43<01:50, 53.75it/s]
loss=0.064| sh degree=1| :  15%|█▌        | 1060/7000 [01:43<01:50, 53.75it/s]
loss=0.046| sh degree=1| :  15%|█▌        | 1060/7000 [01:43<01:50, 53.75it/s]
loss=0.060| sh degree=1| :  15%|█▌        | 1060/7000 [01:43<01:50, 53.75it/s]
loss=0.060| sh degree=1| :  15%|█▌        | 1066/7000 [01:43<01:50, 53.78it/s]
loss=0.046| sh degree=1| :  15%|█▌        | 1066/7000 [01:43<01:50, 53.78it/s]
loss=0.064| sh degree=1| :  15%|█▌        | 1066/7000 [01:43<01:50, 53.78it/s]
loss=0.047| sh degree=1| :  15%|█▌        | 1066/7000 [01:43<01:50, 53.78it/s]
loss=0.056| sh degree=1| :  15%|█▌        | 1066/7000 [01:43<01:50, 53.78it/s]
loss=0.066| sh degree=1| :  15%|█▌        | 1066/7000 [01:43<01:50, 53.78it/s]
loss=0.046| sh degree=1| :  15%|█▌        | 1066/7000 [01:43<01:50, 53.78it/s]
loss=0.046| sh degree=1| :  15%|█▌        | 1072/7000 [01:43<01:50, 53.81it/s]
loss=0.055| sh degree=1| :  15%|█▌        | 1072/7000 [01:43<01:50, 53.81it/s]
loss=0.051| sh degree=1| :  15%|█▌        | 1072/7000 [01:43<01:50, 53.81it/s]
loss=0.056| sh degree=1| :  15%|█▌        | 1072/7000 [01:43<01:50, 53.81it/s]
loss=0.051| sh degree=1| :  15%|█▌        | 1072/7000 [01:43<01:50, 53.81it/s]
loss=0.051| sh degree=1| :  15%|█▌        | 1072/7000 [01:43<01:50, 53.81it/s]
loss=0.058| sh degree=1| :  15%|█▌        | 1072/7000 [01:43<01:50, 53.81it/s]
loss=0.058| sh degree=1| :  15%|█▌        | 1078/7000 [01:43<01:50, 53.65it/s]
loss=0.047| sh degree=1| :  15%|█▌        | 1078/7000 [01:43<01:50, 53.65it/s]
loss=0.072| sh degree=1| :  15%|█▌        | 1078/7000 [01:43<01:50, 53.65it/s]
loss=0.054| sh degree=1| :  15%|█▌        | 1078/7000 [01:43<01:50, 53.65it/s]
loss=0.086| sh degree=1| :  15%|█▌        | 1078/7000 [01:43<01:50, 53.65it/s]
loss=0.063| sh degree=1| :  15%|█▌        | 1078/7000 [01:43<01:50, 53.65it/s]
loss=0.071| sh degree=1| :  15%|█▌        | 1078/7000 [01:43<01:50, 53.65it/s]
loss=0.071| sh degree=1| :  15%|█▌        | 1084/7000 [01:43<01:47, 54.97it/s]
loss=0.055| sh degree=1| :  15%|█▌        | 1084/7000 [01:43<01:47, 54.97it/s]
loss=0.048| sh degree=1| :  15%|█▌        | 1084/7000 [01:43<01:47, 54.97it/s]
loss=0.053| sh degree=1| :  15%|█▌        | 1084/7000 [01:43<01:47, 54.97it/s]
loss=0.053| sh degree=1| :  15%|█▌        | 1084/7000 [01:43<01:47, 54.97it/s]
loss=0.075| sh degree=1| :  15%|█▌        | 1084/7000 [01:43<01:47, 54.97it/s]
loss=0.052| sh degree=1| :  15%|█▌        | 1084/7000 [01:43<01:47, 54.97it/s]
loss=0.052| sh degree=1| :  16%|█▌        | 1090/7000 [01:43<01:47, 54.87it/s]
loss=0.049| sh degree=1| :  16%|█▌        | 1090/7000 [01:43<01:47, 54.87it/s]
loss=0.055| sh degree=1| :  16%|█▌        | 1090/7000 [01:43<01:47, 54.87it/s]
loss=0.046| sh degree=1| :  16%|█▌        | 1090/7000 [01:43<01:47, 54.87it/s]
loss=0.052| sh degree=1| :  16%|█▌        | 1090/7000 [01:43<01:47, 54.87it/s]
loss=0.052| sh degree=1| :  16%|█▌        | 1090/7000 [01:43<01:47, 54.87it/s]
loss=0.069| sh degree=1| :  16%|█▌        | 1090/7000 [01:43<01:47, 54.87it/s]
loss=0.069| sh degree=1| :  16%|█▌        | 1096/7000 [01:43<01:46, 55.33it/s]
loss=0.053| sh degree=1| :  16%|█▌        | 1096/7000 [01:43<01:46, 55.33it/s]
loss=0.048| sh degree=1| :  16%|█▌        | 1096/7000 [01:43<01:46, 55.33it/s]
loss=0.063| sh degree=1| :  16%|█▌        | 1096/7000 [01:43<01:46, 55.33it/s]
loss=0.046| sh degree=1| :  16%|█▌        | 1096/7000 [01:43<01:46, 55.33it/s]
loss=0.072| sh degree=1| :  16%|█▌        | 1096/7000 [01:44<01:46, 55.33it/s]
loss=0.079| sh degree=1| :  16%|█▌        | 1096/7000 [01:44<01:46, 55.33it/s]
loss=0.079| sh degree=1| :  16%|█▌        | 1102/7000 [01:44<01:58, 49.62it/s]
loss=0.066| sh degree=1| :  16%|█▌        | 1102/7000 [01:44<01:58, 49.62it/s]
loss=0.064| sh degree=1| :  16%|█▌        | 1102/7000 [01:44<01:58, 49.62it/s]
loss=0.058| sh degree=1| :  16%|█▌        | 1102/7000 [01:44<01:58, 49.62it/s]
loss=0.073| sh degree=1| :  16%|█▌        | 1102/7000 [01:44<01:58, 49.62it/s]
loss=0.060| sh degree=1| :  16%|█▌        | 1102/7000 [01:44<01:58, 49.62it/s]
loss=0.073| sh degree=1| :  16%|█▌        | 1102/7000 [01:44<01:58, 49.62it/s]
loss=0.064| sh degree=1| :  16%|█▌        | 1102/7000 [01:44<01:58, 49.62it/s]
loss=0.064| sh degree=1| :  16%|█▌        | 1109/7000 [01:44<01:49, 53.88it/s]
loss=0.059| sh degree=1| :  16%|█▌        | 1109/7000 [01:44<01:49, 53.88it/s]
loss=0.080| sh degree=1| :  16%|█▌        | 1109/7000 [01:44<01:49, 53.88it/s]
loss=0.076| sh degree=1| :  16%|█▌        | 1109/7000 [01:44<01:49, 53.88it/s]
loss=0.056| sh degree=1| :  16%|█▌        | 1109/7000 [01:44<01:49, 53.88it/s]
loss=0.065| sh degree=1| :  16%|█▌        | 1109/7000 [01:44<01:49, 53.88it/s]
loss=0.053| sh degree=1| :  16%|█▌        | 1109/7000 [01:44<01:49, 53.88it/s]
loss=0.053| sh degree=1| :  16%|█▌        | 1115/7000 [01:44<01:46, 55.08it/s]
loss=0.055| sh degree=1| :  16%|█▌        | 1115/7000 [01:44<01:46, 55.08it/s]
loss=0.090| sh degree=1| :  16%|█▌        | 1115/7000 [01:44<01:46, 55.08it/s]
loss=0.050| sh degree=1| :  16%|█▌        | 1115/7000 [01:44<01:46, 55.08it/s]
loss=0.076| sh degree=1| :  16%|█▌        | 1115/7000 [01:44<01:46, 55.08it/s]
loss=0.067| sh degree=1| :  16%|█▌        | 1115/7000 [01:44<01:46, 55.08it/s]
loss=0.067| sh degree=1| :  16%|█▌        | 1115/7000 [01:44<01:46, 55.08it/s]
loss=0.050| sh degree=1| :  16%|█▌        | 1115/7000 [01:44<01:46, 55.08it/s]
loss=0.050| sh degree=1| :  16%|█▌        | 1122/7000 [01:44<01:41, 57.81it/s]
loss=0.064| sh degree=1| :  16%|█▌        | 1122/7000 [01:44<01:41, 57.81it/s]
loss=0.064| sh degree=1| :  16%|█▌        | 1122/7000 [01:44<01:41, 57.81it/s]
loss=0.053| sh degree=1| :  16%|█▌        | 1122/7000 [01:44<01:41, 57.81it/s]
loss=0.052| sh degree=1| :  16%|█▌        | 1122/7000 [01:44<01:41, 57.81it/s]
loss=0.056| sh degree=1| :  16%|█▌        | 1122/7000 [01:44<01:41, 57.81it/s]
loss=0.069| sh degree=1| :  16%|█▌        | 1122/7000 [01:44<01:41, 57.81it/s]
loss=0.069| sh degree=1| :  16%|█▌        | 1128/7000 [01:44<01:41, 57.65it/s]
loss=0.045| sh degree=1| :  16%|█▌        | 1128/7000 [01:44<01:41, 57.65it/s]
loss=0.061| sh degree=1| :  16%|█▌        | 1128/7000 [01:44<01:41, 57.65it/s]
loss=0.060| sh degree=1| :  16%|█▌        | 1128/7000 [01:44<01:41, 57.65it/s]
loss=0.058| sh degree=1| :  16%|█▌        | 1128/7000 [01:44<01:41, 57.65it/s]
loss=0.061| sh degree=1| :  16%|█▌        | 1128/7000 [01:44<01:41, 57.65it/s]
loss=0.047| sh degree=1| :  16%|█▌        | 1128/7000 [01:44<01:41, 57.65it/s]
loss=0.047| sh degree=1| :  16%|█▌        | 1134/7000 [01:44<01:42, 57.06it/s]
loss=0.052| sh degree=1| :  16%|█▌        | 1134/7000 [01:44<01:42, 57.06it/s]
loss=0.053| sh degree=1| :  16%|█▌        | 1134/7000 [01:44<01:42, 57.06it/s]
loss=0.058| sh degree=1| :  16%|█▌        | 1134/7000 [01:44<01:42, 57.06it/s]
loss=0.045| sh degree=1| :  16%|█▌        | 1134/7000 [01:44<01:42, 57.06it/s]
loss=0.057| sh degree=1| :  16%|█▌        | 1134/7000 [01:44<01:42, 57.06it/s]
loss=0.058| sh degree=1| :  16%|█▌        | 1134/7000 [01:44<01:42, 57.06it/s]
loss=0.058| sh degree=1| :  16%|█▋        | 1140/7000 [01:44<01:44, 56.14it/s]
loss=0.064| sh degree=1| :  16%|█▋        | 1140/7000 [01:44<01:44, 56.14it/s]
loss=0.054| sh degree=1| :  16%|█▋        | 1140/7000 [01:44<01:44, 56.14it/s]
loss=0.048| sh degree=1| :  16%|█▋        | 1140/7000 [01:44<01:44, 56.14it/s]
loss=0.044| sh degree=1| :  16%|█▋        | 1140/7000 [01:44<01:44, 56.14it/s]
loss=0.071| sh degree=1| :  16%|█▋        | 1140/7000 [01:44<01:44, 56.14it/s]
loss=0.054| sh degree=1| :  16%|█▋        | 1140/7000 [01:44<01:44, 56.14it/s]
loss=0.054| sh degree=1| :  16%|█▋        | 1146/7000 [01:44<01:44, 55.94it/s]
loss=0.054| sh degree=1| :  16%|█▋        | 1146/7000 [01:44<01:44, 55.94it/s]
loss=0.044| sh degree=1| :  16%|█▋        | 1146/7000 [01:44<01:44, 55.94it/s]
loss=0.044| sh degree=1| :  16%|█▋        | 1146/7000 [01:44<01:44, 55.94it/s]
loss=0.047| sh degree=1| :  16%|█▋        | 1146/7000 [01:44<01:44, 55.94it/s]
loss=0.054| sh degree=1| :  16%|█▋        | 1146/7000 [01:44<01:44, 55.94it/s]
loss=0.053| sh degree=1| :  16%|█▋        | 1146/7000 [01:44<01:44, 55.94it/s]
loss=0.053| sh degree=1| :  16%|█▋        | 1152/7000 [01:44<01:45, 55.47it/s]
loss=0.042| sh degree=1| :  16%|█▋        | 1152/7000 [01:44<01:45, 55.47it/s]
loss=0.070| sh degree=1| :  16%|█▋        | 1152/7000 [01:44<01:45, 55.47it/s]
loss=0.077| sh degree=1| :  16%|█▋        | 1152/7000 [01:44<01:45, 55.47it/s]
loss=0.049| sh degree=1| :  16%|█▋        | 1152/7000 [01:45<01:45, 55.47it/s]
loss=0.047| sh degree=1| :  16%|█▋        | 1152/7000 [01:45<01:45, 55.47it/s]
loss=0.043| sh degree=1| :  16%|█▋        | 1152/7000 [01:45<01:45, 55.47it/s]
loss=0.043| sh degree=1| :  17%|█▋        | 1158/7000 [01:45<01:46, 54.93it/s]
loss=0.052| sh degree=1| :  17%|█▋        | 1158/7000 [01:45<01:46, 54.93it/s]
loss=0.061| sh degree=1| :  17%|█▋        | 1158/7000 [01:45<01:46, 54.93it/s]
loss=0.051| sh degree=1| :  17%|█▋        | 1158/7000 [01:45<01:46, 54.93it/s]
loss=0.043| sh degree=1| :  17%|█▋        | 1158/7000 [01:45<01:46, 54.93it/s]
loss=0.047| sh degree=1| :  17%|█▋        | 1158/7000 [01:45<01:46, 54.93it/s]
loss=0.043| sh degree=1| :  17%|█▋        | 1158/7000 [01:45<01:46, 54.93it/s]
loss=0.043| sh degree=1| :  17%|█▋        | 1164/7000 [01:45<01:45, 55.08it/s]
loss=0.052| sh degree=1| :  17%|█▋        | 1164/7000 [01:45<01:45, 55.08it/s]
loss=0.065| sh degree=1| :  17%|█▋        | 1164/7000 [01:45<01:45, 55.08it/s]
loss=0.041| sh degree=1| :  17%|█▋        | 1164/7000 [01:45<01:45, 55.08it/s]
loss=0.060| sh degree=1| :  17%|█▋        | 1164/7000 [01:45<01:45, 55.08it/s]
loss=0.061| sh degree=1| :  17%|█▋        | 1164/7000 [01:45<01:45, 55.08it/s]
loss=0.051| sh degree=1| :  17%|█▋        | 1164/7000 [01:45<01:45, 55.08it/s]
loss=0.051| sh degree=1| :  17%|█▋        | 1170/7000 [01:45<01:44, 55.59it/s]
loss=0.063| sh degree=1| :  17%|█▋        | 1170/7000 [01:45<01:44, 55.59it/s]
loss=0.059| sh degree=1| :  17%|█▋        | 1170/7000 [01:45<01:44, 55.59it/s]
loss=0.050| sh degree=1| :  17%|█▋        | 1170/7000 [01:45<01:44, 55.59it/s]
loss=0.052| sh degree=1| :  17%|█▋        | 1170/7000 [01:45<01:44, 55.59it/s]
loss=0.051| sh degree=1| :  17%|█▋        | 1170/7000 [01:45<01:44, 55.59it/s]
loss=0.063| sh degree=1| :  17%|█▋        | 1170/7000 [01:45<01:44, 55.59it/s]
loss=0.063| sh degree=1| :  17%|█▋        | 1176/7000 [01:45<01:43, 56.47it/s]
loss=0.047| sh degree=1| :  17%|█▋        | 1176/7000 [01:45<01:43, 56.47it/s]
loss=0.061| sh degree=1| :  17%|█▋        | 1176/7000 [01:45<01:43, 56.47it/s]
loss=0.054| sh degree=1| :  17%|█▋        | 1176/7000 [01:45<01:43, 56.47it/s]
loss=0.071| sh degree=1| :  17%|█▋        | 1176/7000 [01:45<01:43, 56.47it/s]
loss=0.076| sh degree=1| :  17%|█▋        | 1176/7000 [01:45<01:43, 56.47it/s]
loss=0.059| sh degree=1| :  17%|█▋        | 1176/7000 [01:45<01:43, 56.47it/s]
loss=0.059| sh degree=1| :  17%|█▋        | 1182/7000 [01:45<01:42, 56.66it/s]
loss=0.056| sh degree=1| :  17%|█▋        | 1182/7000 [01:45<01:42, 56.66it/s]
loss=0.048| sh degree=1| :  17%|█▋        | 1182/7000 [01:45<01:42, 56.66it/s]
loss=0.064| sh degree=1| :  17%|█▋        | 1182/7000 [01:45<01:42, 56.66it/s]
loss=0.065| sh degree=1| :  17%|█▋        | 1182/7000 [01:45<01:42, 56.66it/s]
loss=0.052| sh degree=1| :  17%|█▋        | 1182/7000 [01:45<01:42, 56.66it/s]
loss=0.071| sh degree=1| :  17%|█▋        | 1182/7000 [01:45<01:42, 56.66it/s]
loss=0.071| sh degree=1| :  17%|█▋        | 1188/7000 [01:45<01:43, 56.32it/s]
loss=0.046| sh degree=1| :  17%|█▋        | 1188/7000 [01:45<01:43, 56.32it/s]
loss=0.060| sh degree=1| :  17%|█▋        | 1188/7000 [01:45<01:43, 56.32it/s]
loss=0.059| sh degree=1| :  17%|█▋        | 1188/7000 [01:45<01:43, 56.32it/s]
loss=0.065| sh degree=1| :  17%|█▋        | 1188/7000 [01:45<01:43, 56.32it/s]
loss=0.052| sh degree=1| :  17%|█▋        | 1188/7000 [01:45<01:43, 56.32it/s]
loss=0.047| sh degree=1| :  17%|█▋        | 1188/7000 [01:45<01:43, 56.32it/s]
loss=0.047| sh degree=1| :  17%|█▋        | 1194/7000 [01:45<01:42, 56.54it/s]
loss=0.049| sh degree=1| :  17%|█▋        | 1194/7000 [01:45<01:42, 56.54it/s]
loss=0.062| sh degree=1| :  17%|█▋        | 1194/7000 [01:45<01:42, 56.54it/s]
loss=0.048| sh degree=1| :  17%|█▋        | 1194/7000 [01:45<01:42, 56.54it/s]
loss=0.063| sh degree=1| :  17%|█▋        | 1194/7000 [01:45<01:42, 56.54it/s]
loss=0.068| sh degree=1| :  17%|█▋        | 1194/7000 [01:45<01:42, 56.54it/s]
loss=0.048| sh degree=1| :  17%|█▋        | 1194/7000 [01:45<01:42, 56.54it/s]
loss=0.048| sh degree=1| :  17%|█▋        | 1200/7000 [01:45<01:42, 56.71it/s]
loss=0.059| sh degree=1| :  17%|█▋        | 1200/7000 [01:45<01:42, 56.71it/s]
loss=0.070| sh degree=1| :  17%|█▋        | 1200/7000 [01:45<01:42, 56.71it/s]
loss=0.073| sh degree=1| :  17%|█▋        | 1200/7000 [01:45<01:42, 56.71it/s]
loss=0.071| sh degree=1| :  17%|█▋        | 1200/7000 [01:45<01:42, 56.71it/s]
loss=0.067| sh degree=1| :  17%|█▋        | 1200/7000 [01:45<01:42, 56.71it/s]
loss=0.054| sh degree=1| :  17%|█▋        | 1200/7000 [01:45<01:42, 56.71it/s]
loss=0.054| sh degree=1| :  17%|█▋        | 1206/7000 [01:45<01:49, 52.98it/s]
loss=0.057| sh degree=1| :  17%|█▋        | 1206/7000 [01:45<01:49, 52.98it/s]
loss=0.061| sh degree=1| :  17%|█▋        | 1206/7000 [01:45<01:49, 52.98it/s]
loss=0.061| sh degree=1| :  17%|█▋        | 1206/7000 [01:45<01:49, 52.98it/s]
loss=0.050| sh degree=1| :  17%|█▋        | 1206/7000 [01:45<01:49, 52.98it/s]
loss=0.050| sh degree=1| :  17%|█▋        | 1206/7000 [01:46<01:49, 52.98it/s]
loss=0.047| sh degree=1| :  17%|█▋        | 1206/7000 [01:46<01:49, 52.98it/s]
loss=0.047| sh degree=1| :  17%|█▋        | 1212/7000 [01:46<01:47, 53.80it/s]
loss=0.053| sh degree=1| :  17%|█▋        | 1212/7000 [01:46<01:47, 53.80it/s]
loss=0.064| sh degree=1| :  17%|█▋        | 1212/7000 [01:46<01:47, 53.80it/s]
loss=0.061| sh degree=1| :  17%|█▋        | 1212/7000 [01:46<01:47, 53.80it/s]
loss=0.050| sh degree=1| :  17%|█▋        | 1212/7000 [01:46<01:47, 53.80it/s]
loss=0.049| sh degree=1| :  17%|█▋        | 1212/7000 [01:46<01:47, 53.80it/s]
loss=0.060| sh degree=1| :  17%|█▋        | 1212/7000 [01:46<01:47, 53.80it/s]
loss=0.060| sh degree=1| :  17%|█▋        | 1218/7000 [01:46<01:44, 55.48it/s]
loss=0.066| sh degree=1| :  17%|█▋        | 1218/7000 [01:46<01:44, 55.48it/s]
loss=0.045| sh degree=1| :  17%|█▋        | 1218/7000 [01:46<01:44, 55.48it/s]
loss=0.043| sh degree=1| :  17%|█▋        | 1218/7000 [01:46<01:44, 55.48it/s]
loss=0.060| sh degree=1| :  17%|█▋        | 1218/7000 [01:46<01:44, 55.48it/s]
loss=0.060| sh degree=1| :  17%|█▋        | 1218/7000 [01:46<01:44, 55.48it/s]
loss=0.058| sh degree=1| :  17%|█▋        | 1218/7000 [01:46<01:44, 55.48it/s]
loss=0.053| sh degree=1| :  17%|█▋        | 1218/7000 [01:46<01:44, 55.48it/s]
loss=0.053| sh degree=1| :  18%|█▊        | 1225/7000 [01:46<01:40, 57.48it/s]
loss=0.048| sh degree=1| :  18%|█▊        | 1225/7000 [01:46<01:40, 57.48it/s]
loss=0.048| sh degree=1| :  18%|█▊        | 1225/7000 [01:46<01:40, 57.48it/s]
loss=0.062| sh degree=1| :  18%|█▊        | 1225/7000 [01:46<01:40, 57.48it/s]
loss=0.060| sh degree=1| :  18%|█▊        | 1225/7000 [01:46<01:40, 57.48it/s]
loss=0.046| sh degree=1| :  18%|█▊        | 1225/7000 [01:46<01:40, 57.48it/s]
loss=0.074| sh degree=1| :  18%|█▊        | 1225/7000 [01:46<01:40, 57.48it/s]
loss=0.048| sh degree=1| :  18%|█▊        | 1225/7000 [01:46<01:40, 57.48it/s]
loss=0.048| sh degree=1| :  18%|█▊        | 1232/7000 [01:46<01:38, 58.39it/s]
loss=0.044| sh degree=1| :  18%|█▊        | 1232/7000 [01:46<01:38, 58.39it/s]
loss=0.043| sh degree=1| :  18%|█▊        | 1232/7000 [01:46<01:38, 58.39it/s]
loss=0.060| sh degree=1| :  18%|█▊        | 1232/7000 [01:46<01:38, 58.39it/s]
loss=0.051| sh degree=1| :  18%|█▊        | 1232/7000 [01:46<01:38, 58.39it/s]
loss=0.041| sh degree=1| :  18%|█▊        | 1232/7000 [01:46<01:38, 58.39it/s]
loss=0.071| sh degree=1| :  18%|█▊        | 1232/7000 [01:46<01:38, 58.39it/s]
loss=0.078| sh degree=1| :  18%|█▊        | 1232/7000 [01:46<01:38, 58.39it/s]
loss=0.078| sh degree=1| :  18%|█▊        | 1239/7000 [01:46<01:36, 59.49it/s]
loss=0.068| sh degree=1| :  18%|█▊        | 1239/7000 [01:46<01:36, 59.49it/s]
loss=0.085| sh degree=1| :  18%|█▊        | 1239/7000 [01:46<01:36, 59.49it/s]
loss=0.056| sh degree=1| :  18%|█▊        | 1239/7000 [01:46<01:36, 59.49it/s]
loss=0.058| sh degree=1| :  18%|█▊        | 1239/7000 [01:46<01:36, 59.49it/s]
loss=0.048| sh degree=1| :  18%|█▊        | 1239/7000 [01:46<01:36, 59.49it/s]
loss=0.055| sh degree=1| :  18%|█▊        | 1239/7000 [01:46<01:36, 59.49it/s]
loss=0.043| sh degree=1| :  18%|█▊        | 1239/7000 [01:46<01:36, 59.49it/s]
loss=0.043| sh degree=1| :  18%|█▊        | 1246/7000 [01:46<01:34, 60.62it/s]
loss=0.065| sh degree=1| :  18%|█▊        | 1246/7000 [01:46<01:34, 60.62it/s]
loss=0.067| sh degree=1| :  18%|█▊        | 1246/7000 [01:46<01:34, 60.62it/s]
loss=0.066| sh degree=1| :  18%|█▊        | 1246/7000 [01:46<01:34, 60.62it/s]
loss=0.073| sh degree=1| :  18%|█▊        | 1246/7000 [01:46<01:34, 60.62it/s]
loss=0.051| sh degree=1| :  18%|█▊        | 1246/7000 [01:46<01:34, 60.62it/s]
loss=0.052| sh degree=1| :  18%|█▊        | 1246/7000 [01:46<01:34, 60.62it/s]
loss=0.074| sh degree=1| :  18%|█▊        | 1246/7000 [01:46<01:34, 60.62it/s]
loss=0.074| sh degree=1| :  18%|█▊        | 1253/7000 [01:46<01:33, 61.72it/s]
loss=0.049| sh degree=1| :  18%|█▊        | 1253/7000 [01:46<01:33, 61.72it/s]
loss=0.051| sh degree=1| :  18%|█▊        | 1253/7000 [01:46<01:33, 61.72it/s]
loss=0.045| sh degree=1| :  18%|█▊        | 1253/7000 [01:46<01:33, 61.72it/s]
loss=0.055| sh degree=1| :  18%|█▊        | 1253/7000 [01:46<01:33, 61.72it/s]
loss=0.047| sh degree=1| :  18%|█▊        | 1253/7000 [01:46<01:33, 61.72it/s]
loss=0.041| sh degree=1| :  18%|█▊        | 1253/7000 [01:46<01:33, 61.72it/s]
loss=0.061| sh degree=1| :  18%|█▊        | 1253/7000 [01:46<01:33, 61.72it/s]
loss=0.061| sh degree=1| :  18%|█▊        | 1260/7000 [01:46<01:33, 61.68it/s]
loss=0.060| sh degree=1| :  18%|█▊        | 1260/7000 [01:46<01:33, 61.68it/s]
loss=0.045| sh degree=1| :  18%|█▊        | 1260/7000 [01:46<01:33, 61.68it/s]
loss=0.057| sh degree=1| :  18%|█▊        | 1260/7000 [01:46<01:33, 61.68it/s]
loss=0.056| sh degree=1| :  18%|█▊        | 1260/7000 [01:46<01:33, 61.68it/s]
loss=0.065| sh degree=1| :  18%|█▊        | 1260/7000 [01:46<01:33, 61.68it/s]
loss=0.058| sh degree=1| :  18%|█▊        | 1260/7000 [01:46<01:33, 61.68it/s]
loss=0.060| sh degree=1| :  18%|█▊        | 1260/7000 [01:46<01:33, 61.68it/s]
loss=0.060| sh degree=1| :  18%|█▊        | 1267/7000 [01:46<01:33, 61.11it/s]
loss=0.084| sh degree=1| :  18%|█▊        | 1267/7000 [01:46<01:33, 61.11it/s]
loss=0.059| sh degree=1| :  18%|█▊        | 1267/7000 [01:46<01:33, 61.11it/s]
loss=0.047| sh degree=1| :  18%|█▊        | 1267/7000 [01:46<01:33, 61.11it/s]
loss=0.054| sh degree=1| :  18%|█▊        | 1267/7000 [01:46<01:33, 61.11it/s]
loss=0.048| sh degree=1| :  18%|█▊        | 1267/7000 [01:47<01:33, 61.11it/s]
loss=0.069| sh degree=1| :  18%|█▊        | 1267/7000 [01:47<01:33, 61.11it/s]
loss=0.054| sh degree=1| :  18%|█▊        | 1267/7000 [01:47<01:33, 61.11it/s]
loss=0.054| sh degree=1| :  18%|█▊        | 1274/7000 [01:47<01:34, 60.57it/s]
loss=0.044| sh degree=1| :  18%|█▊        | 1274/7000 [01:47<01:34, 60.57it/s]
loss=0.048| sh degree=1| :  18%|█▊        | 1274/7000 [01:47<01:34, 60.57it/s]
loss=0.044| sh degree=1| :  18%|█▊        | 1274/7000 [01:47<01:34, 60.57it/s]
loss=0.056| sh degree=1| :  18%|█▊        | 1274/7000 [01:47<01:34, 60.57it/s]
loss=0.051| sh degree=1| :  18%|█▊        | 1274/7000 [01:47<01:34, 60.57it/s]
loss=0.047| sh degree=1| :  18%|█▊        | 1274/7000 [01:47<01:34, 60.57it/s]
loss=0.057| sh degree=1| :  18%|█▊        | 1274/7000 [01:47<01:34, 60.57it/s]
loss=0.057| sh degree=1| :  18%|█▊        | 1281/7000 [01:47<02:03, 46.41it/s]
loss=0.062| sh degree=1| :  18%|█▊        | 1281/7000 [01:47<02:03, 46.41it/s]
loss=0.052| sh degree=1| :  18%|█▊        | 1281/7000 [01:47<02:03, 46.41it/s]
loss=0.042| sh degree=1| :  18%|█▊        | 1281/7000 [01:47<02:03, 46.41it/s]
loss=0.052| sh degree=1| :  18%|█▊        | 1281/7000 [01:47<02:03, 46.41it/s]
loss=0.051| sh degree=1| :  18%|█▊        | 1281/7000 [01:47<02:03, 46.41it/s]
loss=0.049| sh degree=1| :  18%|█▊        | 1281/7000 [01:47<02:03, 46.41it/s]
loss=0.049| sh degree=1| :  18%|█▊        | 1287/7000 [01:47<01:55, 49.28it/s]
loss=0.056| sh degree=1| :  18%|█▊        | 1287/7000 [01:47<01:55, 49.28it/s]
loss=0.079| sh degree=1| :  18%|█▊        | 1287/7000 [01:47<01:55, 49.28it/s]
loss=0.043| sh degree=1| :  18%|█▊        | 1287/7000 [01:47<01:55, 49.28it/s]
loss=0.054| sh degree=1| :  18%|█▊        | 1287/7000 [01:47<01:55, 49.28it/s]
loss=0.047| sh degree=1| :  18%|█▊        | 1287/7000 [01:47<01:55, 49.28it/s]
loss=0.065| sh degree=1| :  18%|█▊        | 1287/7000 [01:47<01:55, 49.28it/s]
loss=0.065| sh degree=1| :  18%|█▊        | 1293/7000 [01:47<01:51, 51.31it/s]
loss=0.063| sh degree=1| :  18%|█▊        | 1293/7000 [01:47<01:51, 51.31it/s]
loss=0.046| sh degree=1| :  18%|█▊        | 1293/7000 [01:47<01:51, 51.31it/s]
loss=0.058| sh degree=1| :  18%|█▊        | 1293/7000 [01:47<01:51, 51.31it/s]
loss=0.059| sh degree=1| :  18%|█▊        | 1293/7000 [01:47<01:51, 51.31it/s]
loss=0.048| sh degree=1| :  18%|█▊        | 1293/7000 [01:47<01:51, 51.31it/s]
loss=0.057| sh degree=1| :  18%|█▊        | 1293/7000 [01:47<01:51, 51.31it/s]
loss=0.057| sh degree=1| :  19%|█▊        | 1299/7000 [01:47<01:47, 53.24it/s]
loss=0.068| sh degree=1| :  19%|█▊        | 1299/7000 [01:47<01:47, 53.24it/s]
loss=0.055| sh degree=1| :  19%|█▊        | 1299/7000 [01:47<01:47, 53.24it/s]
loss=0.057| sh degree=1| :  19%|█▊        | 1299/7000 [01:47<01:47, 53.24it/s]
loss=0.053| sh degree=1| :  19%|█▊        | 1299/7000 [01:47<01:47, 53.24it/s]
loss=0.051| sh degree=1| :  19%|█▊        | 1299/7000 [01:47<01:47, 53.24it/s]
loss=0.060| sh degree=1| :  19%|█▊        | 1299/7000 [01:47<01:47, 53.24it/s]
loss=0.060| sh degree=1| :  19%|█▊        | 1305/7000 [01:47<01:48, 52.50it/s]
loss=0.046| sh degree=1| :  19%|█▊        | 1305/7000 [01:47<01:48, 52.50it/s]
loss=0.064| sh degree=1| :  19%|█▊        | 1305/7000 [01:47<01:48, 52.50it/s]
loss=0.047| sh degree=1| :  19%|█▊        | 1305/7000 [01:47<01:48, 52.50it/s]
loss=0.047| sh degree=1| :  19%|█▊        | 1305/7000 [01:47<01:48, 52.50it/s]
loss=0.044| sh degree=1| :  19%|█▊        | 1305/7000 [01:47<01:48, 52.50it/s]
loss=0.042| sh degree=1| :  19%|█▊        | 1305/7000 [01:47<01:48, 52.50it/s]
loss=0.066| sh degree=1| :  19%|█▊        | 1305/7000 [01:47<01:48, 52.50it/s]
loss=0.066| sh degree=1| :  19%|█▊        | 1312/7000 [01:47<01:43, 54.97it/s]
loss=0.057| sh degree=1| :  19%|█▊        | 1312/7000 [01:47<01:43, 54.97it/s]
loss=0.066| sh degree=1| :  19%|█▊        | 1312/7000 [01:47<01:43, 54.97it/s]
loss=0.055| sh degree=1| :  19%|█▊        | 1312/7000 [01:47<01:43, 54.97it/s]
loss=0.056| sh degree=1| :  19%|█▊        | 1312/7000 [01:47<01:43, 54.97it/s]
loss=0.060| sh degree=1| :  19%|█▊        | 1312/7000 [01:47<01:43, 54.97it/s]
loss=0.061| sh degree=1| :  19%|█▊        | 1312/7000 [01:47<01:43, 54.97it/s]
loss=0.060| sh degree=1| :  19%|█▊        | 1312/7000 [01:47<01:43, 54.97it/s]
loss=0.060| sh degree=1| :  19%|█▉        | 1319/7000 [01:47<01:40, 56.79it/s]
loss=0.061| sh degree=1| :  19%|█▉        | 1319/7000 [01:47<01:40, 56.79it/s]
loss=0.053| sh degree=1| :  19%|█▉        | 1319/7000 [01:47<01:40, 56.79it/s]
loss=0.080| sh degree=1| :  19%|█▉        | 1319/7000 [01:47<01:40, 56.79it/s]
loss=0.061| sh degree=1| :  19%|█▉        | 1319/7000 [01:47<01:40, 56.79it/s]
loss=0.056| sh degree=1| :  19%|█▉        | 1319/7000 [01:48<01:40, 56.79it/s]
loss=0.047| sh degree=1| :  19%|█▉        | 1319/7000 [01:48<01:40, 56.79it/s]
loss=0.047| sh degree=1| :  19%|█▉        | 1325/7000 [01:48<01:38, 57.50it/s]
loss=0.048| sh degree=1| :  19%|█▉        | 1325/7000 [01:48<01:38, 57.50it/s]
loss=0.063| sh degree=1| :  19%|█▉        | 1325/7000 [01:48<01:38, 57.50it/s]
loss=0.057| sh degree=1| :  19%|█▉        | 1325/7000 [01:48<01:38, 57.50it/s]
loss=0.061| sh degree=1| :  19%|█▉        | 1325/7000 [01:48<01:38, 57.50it/s]
loss=0.050| sh degree=1| :  19%|█▉        | 1325/7000 [01:48<01:38, 57.50it/s]
loss=0.050| sh degree=1| :  19%|█▉        | 1325/7000 [01:48<01:38, 57.50it/s]
loss=0.050| sh degree=1| :  19%|█▉        | 1331/7000 [01:48<01:37, 58.10it/s]
loss=0.042| sh degree=1| :  19%|█▉        | 1331/7000 [01:48<01:37, 58.10it/s]
loss=0.051| sh degree=1| :  19%|█▉        | 1331/7000 [01:48<01:37, 58.10it/s]
loss=0.056| sh degree=1| :  19%|█▉        | 1331/7000 [01:48<01:37, 58.10it/s]
loss=0.041| sh degree=1| :  19%|█▉        | 1331/7000 [01:48<01:37, 58.10it/s]
loss=0.062| sh degree=1| :  19%|█▉        | 1331/7000 [01:48<01:37, 58.10it/s]
loss=0.058| sh degree=1| :  19%|█▉        | 1331/7000 [01:48<01:37, 58.10it/s]
loss=0.054| sh degree=1| :  19%|█▉        | 1331/7000 [01:48<01:37, 58.10it/s]
loss=0.054| sh degree=1| :  19%|█▉        | 1338/7000 [01:48<01:36, 58.95it/s]
loss=0.048| sh degree=1| :  19%|█▉        | 1338/7000 [01:48<01:36, 58.95it/s]
loss=0.054| sh degree=1| :  19%|█▉        | 1338/7000 [01:48<01:36, 58.95it/s]
loss=0.052| sh degree=1| :  19%|█▉        | 1338/7000 [01:48<01:36, 58.95it/s]
loss=0.056| sh degree=1| :  19%|█▉        | 1338/7000 [01:48<01:36, 58.95it/s]
loss=0.047| sh degree=1| :  19%|█▉        | 1338/7000 [01:48<01:36, 58.95it/s]
loss=0.073| sh degree=1| :  19%|█▉        | 1338/7000 [01:48<01:36, 58.95it/s]
loss=0.054| sh degree=1| :  19%|█▉        | 1338/7000 [01:48<01:36, 58.95it/s]
loss=0.054| sh degree=1| :  19%|█▉        | 1345/7000 [01:48<01:35, 59.49it/s]
loss=0.050| sh degree=1| :  19%|█▉        | 1345/7000 [01:48<01:35, 59.49it/s]
loss=0.065| sh degree=1| :  19%|█▉        | 1345/7000 [01:48<01:35, 59.49it/s]
loss=0.052| sh degree=1| :  19%|█▉        | 1345/7000 [01:48<01:35, 59.49it/s]
loss=0.054| sh degree=1| :  19%|█▉        | 1345/7000 [01:48<01:35, 59.49it/s]
loss=0.046| sh degree=1| :  19%|█▉        | 1345/7000 [01:48<01:35, 59.49it/s]
loss=0.047| sh degree=1| :  19%|█▉        | 1345/7000 [01:48<01:35, 59.49it/s]
loss=0.045| sh degree=1| :  19%|█▉        | 1345/7000 [01:48<01:35, 59.49it/s]
loss=0.045| sh degree=1| :  19%|█▉        | 1352/7000 [01:48<01:34, 59.72it/s]
loss=0.043| sh degree=1| :  19%|█▉        | 1352/7000 [01:48<01:34, 59.72it/s]
loss=0.045| sh degree=1| :  19%|█▉        | 1352/7000 [01:48<01:34, 59.72it/s]
loss=0.044| sh degree=1| :  19%|█▉        | 1352/7000 [01:48<01:34, 59.72it/s]
loss=0.046| sh degree=1| :  19%|█▉        | 1352/7000 [01:48<01:34, 59.72it/s]
loss=0.047| sh degree=1| :  19%|█▉        | 1352/7000 [01:48<01:34, 59.72it/s]
loss=0.055| sh degree=1| :  19%|█▉        | 1352/7000 [01:48<01:34, 59.72it/s]
loss=0.055| sh degree=1| :  19%|█▉        | 1358/7000 [01:48<01:34, 59.64it/s]
loss=0.044| sh degree=1| :  19%|█▉        | 1358/7000 [01:48<01:34, 59.64it/s]
loss=0.067| sh degree=1| :  19%|█▉        | 1358/7000 [01:48<01:34, 59.64it/s]
loss=0.056| sh degree=1| :  19%|█▉        | 1358/7000 [01:48<01:34, 59.64it/s]
loss=0.044| sh degree=1| :  19%|█▉        | 1358/7000 [01:48<01:34, 59.64it/s]
loss=0.059| sh degree=1| :  19%|█▉        | 1358/7000 [01:48<01:34, 59.64it/s]
loss=0.054| sh degree=1| :  19%|█▉        | 1358/7000 [01:48<01:34, 59.64it/s]
loss=0.046| sh degree=1| :  19%|█▉        | 1358/7000 [01:48<01:34, 59.64it/s]
loss=0.046| sh degree=1| :  20%|█▉        | 1365/7000 [01:48<01:33, 60.37it/s]
loss=0.055| sh degree=1| :  20%|█▉        | 1365/7000 [01:48<01:33, 60.37it/s]
loss=0.048| sh degree=1| :  20%|█▉        | 1365/7000 [01:48<01:33, 60.37it/s]
loss=0.054| sh degree=1| :  20%|█▉        | 1365/7000 [01:48<01:33, 60.37it/s]
loss=0.073| sh degree=1| :  20%|█▉        | 1365/7000 [01:48<01:33, 60.37it/s]
loss=0.055| sh degree=1| :  20%|█▉        | 1365/7000 [01:48<01:33, 60.37it/s]
loss=0.059| sh degree=1| :  20%|█▉        | 1365/7000 [01:48<01:33, 60.37it/s]
loss=0.056| sh degree=1| :  20%|█▉        | 1365/7000 [01:48<01:33, 60.37it/s]
loss=0.056| sh degree=1| :  20%|█▉        | 1372/7000 [01:48<01:32, 60.68it/s]
loss=0.056| sh degree=1| :  20%|█▉        | 1372/7000 [01:48<01:32, 60.68it/s]
loss=0.056| sh degree=1| :  20%|█▉        | 1372/7000 [01:48<01:32, 60.68it/s]
loss=0.052| sh degree=1| :  20%|█▉        | 1372/7000 [01:48<01:32, 60.68it/s]
loss=0.062| sh degree=1| :  20%|█▉        | 1372/7000 [01:48<01:32, 60.68it/s]
loss=0.059| sh degree=1| :  20%|█▉        | 1372/7000 [01:48<01:32, 60.68it/s]
loss=0.051| sh degree=1| :  20%|█▉        | 1372/7000 [01:48<01:32, 60.68it/s]
loss=0.068| sh degree=1| :  20%|█▉        | 1372/7000 [01:48<01:32, 60.68it/s]
loss=0.068| sh degree=1| :  20%|█▉        | 1379/7000 [01:48<01:34, 59.27it/s]
loss=0.049| sh degree=1| :  20%|█▉        | 1379/7000 [01:48<01:34, 59.27it/s]
loss=0.046| sh degree=1| :  20%|█▉        | 1379/7000 [01:48<01:34, 59.27it/s]
loss=0.052| sh degree=1| :  20%|█▉        | 1379/7000 [01:48<01:34, 59.27it/s]
loss=0.050| sh degree=1| :  20%|█▉        | 1379/7000 [01:48<01:34, 59.27it/s]
loss=0.046| sh degree=1| :  20%|█▉        | 1379/7000 [01:49<01:34, 59.27it/s]
loss=0.044| sh degree=1| :  20%|█▉        | 1379/7000 [01:49<01:34, 59.27it/s]
loss=0.044| sh degree=1| :  20%|█▉        | 1385/7000 [01:49<01:36, 58.07it/s]
loss=0.051| sh degree=1| :  20%|█▉        | 1385/7000 [01:49<01:36, 58.07it/s]
loss=0.054| sh degree=1| :  20%|█▉        | 1385/7000 [01:49<01:36, 58.07it/s]
loss=0.066| sh degree=1| :  20%|█▉        | 1385/7000 [01:49<01:36, 58.07it/s]
loss=0.045| sh degree=1| :  20%|█▉        | 1385/7000 [01:49<01:36, 58.07it/s]
loss=0.064| sh degree=1| :  20%|█▉        | 1385/7000 [01:49<01:36, 58.07it/s]
loss=0.060| sh degree=1| :  20%|█▉        | 1385/7000 [01:49<01:36, 58.07it/s]
loss=0.060| sh degree=1| :  20%|█▉        | 1391/7000 [01:49<01:37, 57.37it/s]
loss=0.043| sh degree=1| :  20%|█▉        | 1391/7000 [01:49<01:37, 57.37it/s]
loss=0.044| sh degree=1| :  20%|█▉        | 1391/7000 [01:49<01:37, 57.37it/s]
loss=0.048| sh degree=1| :  20%|█▉        | 1391/7000 [01:49<01:37, 57.37it/s]
loss=0.044| sh degree=1| :  20%|█▉        | 1391/7000 [01:49<01:37, 57.37it/s]
loss=0.041| sh degree=1| :  20%|█▉        | 1391/7000 [01:49<01:37, 57.37it/s]
loss=0.043| sh degree=1| :  20%|█▉        | 1391/7000 [01:49<01:37, 57.37it/s]
loss=0.043| sh degree=1| :  20%|█▉        | 1397/7000 [01:49<01:40, 55.96it/s]
loss=0.051| sh degree=1| :  20%|█▉        | 1397/7000 [01:49<01:40, 55.96it/s]
loss=0.051| sh degree=1| :  20%|█▉        | 1397/7000 [01:49<01:40, 55.96it/s]
loss=0.046| sh degree=1| :  20%|█▉        | 1397/7000 [01:49<01:40, 55.96it/s]
loss=0.044| sh degree=1| :  20%|█▉        | 1397/7000 [01:49<01:40, 55.96it/s]
loss=0.069| sh degree=1| :  20%|█▉        | 1397/7000 [01:49<01:40, 55.96it/s]
loss=0.058| sh degree=1| :  20%|█▉        | 1397/7000 [01:49<01:40, 55.96it/s]
loss=0.058| sh degree=1| :  20%|██        | 1403/7000 [01:49<01:48, 51.70it/s]
loss=0.051| sh degree=1| :  20%|██        | 1403/7000 [01:49<01:48, 51.70it/s]
loss=0.074| sh degree=1| :  20%|██        | 1403/7000 [01:49<01:48, 51.70it/s]
loss=0.062| sh degree=1| :  20%|██        | 1403/7000 [01:49<01:48, 51.70it/s]
loss=0.066| sh degree=1| :  20%|██        | 1403/7000 [01:49<01:48, 51.70it/s]
loss=0.063| sh degree=1| :  20%|██        | 1403/7000 [01:49<01:48, 51.70it/s]
loss=0.060| sh degree=1| :  20%|██        | 1403/7000 [01:49<01:48, 51.70it/s]
loss=0.060| sh degree=1| :  20%|██        | 1409/7000 [01:49<01:45, 53.13it/s]
loss=0.049| sh degree=1| :  20%|██        | 1409/7000 [01:49<01:45, 53.13it/s]
loss=0.057| sh degree=1| :  20%|██        | 1409/7000 [01:49<01:45, 53.13it/s]
loss=0.045| sh degree=1| :  20%|██        | 1409/7000 [01:49<01:45, 53.13it/s]
loss=0.052| sh degree=1| :  20%|██        | 1409/7000 [01:49<01:45, 53.13it/s]
loss=0.053| sh degree=1| :  20%|██        | 1409/7000 [01:49<01:45, 53.13it/s]
loss=0.051| sh degree=1| :  20%|██        | 1409/7000 [01:49<01:45, 53.13it/s]
loss=0.051| sh degree=1| :  20%|██        | 1415/7000 [01:49<01:43, 54.19it/s]
loss=0.050| sh degree=1| :  20%|██        | 1415/7000 [01:49<01:43, 54.19it/s]
loss=0.046| sh degree=1| :  20%|██        | 1415/7000 [01:49<01:43, 54.19it/s]
loss=0.054| sh degree=1| :  20%|██        | 1415/7000 [01:49<01:43, 54.19it/s]
loss=0.074| sh degree=1| :  20%|██        | 1415/7000 [01:49<01:43, 54.19it/s]
loss=0.067| sh degree=1| :  20%|██        | 1415/7000 [01:49<01:43, 54.19it/s]
loss=0.052| sh degree=1| :  20%|██        | 1415/7000 [01:49<01:43, 54.19it/s]
loss=0.052| sh degree=1| :  20%|██        | 1421/7000 [01:49<01:41, 55.17it/s]
loss=0.043| sh degree=1| :  20%|██        | 1421/7000 [01:49<01:41, 55.17it/s]
loss=0.064| sh degree=1| :  20%|██        | 1421/7000 [01:49<01:41, 55.17it/s]
loss=0.057| sh degree=1| :  20%|██        | 1421/7000 [01:49<01:41, 55.17it/s]
loss=0.082| sh degree=1| :  20%|██        | 1421/7000 [01:49<01:41, 55.17it/s]
loss=0.049| sh degree=1| :  20%|██        | 1421/7000 [01:49<01:41, 55.17it/s]
loss=0.047| sh degree=1| :  20%|██        | 1421/7000 [01:49<01:41, 55.17it/s]
loss=0.047| sh degree=1| :  20%|██        | 1427/7000 [01:49<01:42, 54.25it/s]
loss=0.061| sh degree=1| :  20%|██        | 1427/7000 [01:49<01:42, 54.25it/s]
loss=0.055| sh degree=1| :  20%|██        | 1427/7000 [01:49<01:42, 54.25it/s]
loss=0.056| sh degree=1| :  20%|██        | 1427/7000 [01:49<01:42, 54.25it/s]
loss=0.043| sh degree=1| :  20%|██        | 1427/7000 [01:49<01:42, 54.25it/s]
loss=0.047| sh degree=1| :  20%|██        | 1427/7000 [01:49<01:42, 54.25it/s]
loss=0.053| sh degree=1| :  20%|██        | 1427/7000 [01:49<01:42, 54.25it/s]
loss=0.053| sh degree=1| :  20%|██        | 1433/7000 [01:49<01:42, 54.44it/s]
loss=0.049| sh degree=1| :  20%|██        | 1433/7000 [01:49<01:42, 54.44it/s]
loss=0.051| sh degree=1| :  20%|██        | 1433/7000 [01:49<01:42, 54.44it/s]
loss=0.041| sh degree=1| :  20%|██        | 1433/7000 [01:49<01:42, 54.44it/s]
loss=0.039| sh degree=1| :  20%|██        | 1433/7000 [01:50<01:42, 54.44it/s]
loss=0.050| sh degree=1| :  20%|██        | 1433/7000 [01:50<01:42, 54.44it/s]
loss=0.053| sh degree=1| :  20%|██        | 1433/7000 [01:50<01:42, 54.44it/s]
loss=0.053| sh degree=1| :  21%|██        | 1439/7000 [01:50<01:43, 53.80it/s]
loss=0.070| sh degree=1| :  21%|██        | 1439/7000 [01:50<01:43, 53.80it/s]
loss=0.079| sh degree=1| :  21%|██        | 1439/7000 [01:50<01:43, 53.80it/s]
loss=0.061| sh degree=1| :  21%|██        | 1439/7000 [01:50<01:43, 53.80it/s]
loss=0.052| sh degree=1| :  21%|██        | 1439/7000 [01:50<01:43, 53.80it/s]
loss=0.040| sh degree=1| :  21%|██        | 1439/7000 [01:50<01:43, 53.80it/s]
loss=0.051| sh degree=1| :  21%|██        | 1439/7000 [01:50<01:43, 53.80it/s]
loss=0.051| sh degree=1| :  21%|██        | 1445/7000 [01:50<01:44, 53.25it/s]
loss=0.068| sh degree=1| :  21%|██        | 1445/7000 [01:50<01:44, 53.25it/s]
loss=0.051| sh degree=1| :  21%|██        | 1445/7000 [01:50<01:44, 53.25it/s]
loss=0.051| sh degree=1| :  21%|██        | 1445/7000 [01:50<01:44, 53.25it/s]
loss=0.048| sh degree=1| :  21%|██        | 1445/7000 [01:50<01:44, 53.25it/s]
loss=0.046| sh degree=1| :  21%|██        | 1445/7000 [01:50<01:44, 53.25it/s]
loss=0.044| sh degree=1| :  21%|██        | 1445/7000 [01:50<01:44, 53.25it/s]
loss=0.044| sh degree=1| :  21%|██        | 1451/7000 [01:50<01:44, 52.91it/s]
loss=0.070| sh degree=1| :  21%|██        | 1451/7000 [01:50<01:44, 52.91it/s]
loss=0.055| sh degree=1| :  21%|██        | 1451/7000 [01:50<01:44, 52.91it/s]
loss=0.048| sh degree=1| :  21%|██        | 1451/7000 [01:50<01:44, 52.91it/s]
loss=0.040| sh degree=1| :  21%|██        | 1451/7000 [01:50<01:44, 52.91it/s]
loss=0.094| sh degree=1| :  21%|██        | 1451/7000 [01:50<01:44, 52.91it/s]
loss=0.062| sh degree=1| :  21%|██        | 1451/7000 [01:50<01:44, 52.91it/s]
loss=0.062| sh degree=1| :  21%|██        | 1457/7000 [01:50<01:44, 53.11it/s]
loss=0.039| sh degree=1| :  21%|██        | 1457/7000 [01:50<01:44, 53.11it/s]
loss=0.038| sh degree=1| :  21%|██        | 1457/7000 [01:50<01:44, 53.11it/s]
loss=0.042| sh degree=1| :  21%|██        | 1457/7000 [01:50<01:44, 53.11it/s]
loss=0.056| sh degree=1| :  21%|██        | 1457/7000 [01:50<01:44, 53.11it/s]
loss=0.035| sh degree=1| :  21%|██        | 1457/7000 [01:50<01:44, 53.11it/s]
loss=0.037| sh degree=1| :  21%|██        | 1457/7000 [01:50<01:44, 53.11it/s]
loss=0.037| sh degree=1| :  21%|██        | 1463/7000 [01:50<01:43, 53.27it/s]
loss=0.048| sh degree=1| :  21%|██        | 1463/7000 [01:50<01:43, 53.27it/s]
loss=0.047| sh degree=1| :  21%|██        | 1463/7000 [01:50<01:43, 53.27it/s]
loss=0.076| sh degree=1| :  21%|██        | 1463/7000 [01:50<01:43, 53.27it/s]
loss=0.047| sh degree=1| :  21%|██        | 1463/7000 [01:50<01:43, 53.27it/s]
loss=0.041| sh degree=1| :  21%|██        | 1463/7000 [01:50<01:43, 53.27it/s]
loss=0.048| sh degree=1| :  21%|██        | 1463/7000 [01:50<01:43, 53.27it/s]
loss=0.048| sh degree=1| :  21%|██        | 1469/7000 [01:50<01:44, 53.18it/s]
loss=0.042| sh degree=1| :  21%|██        | 1469/7000 [01:50<01:44, 53.18it/s]
loss=0.061| sh degree=1| :  21%|██        | 1469/7000 [01:50<01:44, 53.18it/s]
loss=0.058| sh degree=1| :  21%|██        | 1469/7000 [01:50<01:44, 53.18it/s]
loss=0.039| sh degree=1| :  21%|██        | 1469/7000 [01:50<01:44, 53.18it/s]
loss=0.039| sh degree=1| :  21%|██        | 1469/7000 [01:50<01:44, 53.18it/s]
loss=0.055| sh degree=1| :  21%|██        | 1469/7000 [01:50<01:44, 53.18it/s]
loss=0.055| sh degree=1| :  21%|██        | 1475/7000 [01:50<01:42, 53.81it/s]
loss=0.048| sh degree=1| :  21%|██        | 1475/7000 [01:50<01:42, 53.81it/s]
loss=0.046| sh degree=1| :  21%|██        | 1475/7000 [01:50<01:42, 53.81it/s]
loss=0.044| sh degree=1| :  21%|██        | 1475/7000 [01:50<01:42, 53.81it/s]
loss=0.057| sh degree=1| :  21%|██        | 1475/7000 [01:50<01:42, 53.81it/s]
loss=0.044| sh degree=1| :  21%|██        | 1475/7000 [01:50<01:42, 53.81it/s]
loss=0.064| sh degree=1| :  21%|██        | 1475/7000 [01:50<01:42, 53.81it/s]
loss=0.064| sh degree=1| :  21%|██        | 1481/7000 [01:50<01:43, 53.25it/s]
loss=0.041| sh degree=1| :  21%|██        | 1481/7000 [01:50<01:43, 53.25it/s]
loss=0.037| sh degree=1| :  21%|██        | 1481/7000 [01:50<01:43, 53.25it/s]
loss=0.060| sh degree=1| :  21%|██        | 1481/7000 [01:50<01:43, 53.25it/s]
loss=0.043| sh degree=1| :  21%|██        | 1481/7000 [01:50<01:43, 53.25it/s]
loss=0.055| sh degree=1| :  21%|██        | 1481/7000 [01:50<01:43, 53.25it/s]
loss=0.042| sh degree=1| :  21%|██        | 1481/7000 [01:50<01:43, 53.25it/s]
loss=0.042| sh degree=1| :  21%|██        | 1487/7000 [01:50<01:44, 52.64it/s]
loss=0.056| sh degree=1| :  21%|██        | 1487/7000 [01:50<01:44, 52.64it/s]
loss=0.058| sh degree=1| :  21%|██        | 1487/7000 [01:50<01:44, 52.64it/s]
loss=0.040| sh degree=1| :  21%|██        | 1487/7000 [01:51<01:44, 52.64it/s]
loss=0.048| sh degree=1| :  21%|██        | 1487/7000 [01:51<01:44, 52.64it/s]
loss=0.045| sh degree=1| :  21%|██        | 1487/7000 [01:51<01:44, 52.64it/s]
loss=0.052| sh degree=1| :  21%|██        | 1487/7000 [01:51<01:44, 52.64it/s]
loss=0.052| sh degree=1| :  21%|██▏       | 1493/7000 [01:51<01:44, 52.53it/s]
loss=0.056| sh degree=1| :  21%|██▏       | 1493/7000 [01:51<01:44, 52.53it/s]
loss=0.054| sh degree=1| :  21%|██▏       | 1493/7000 [01:51<01:44, 52.53it/s]
loss=0.048| sh degree=1| :  21%|██▏       | 1493/7000 [01:51<01:44, 52.53it/s]
loss=0.042| sh degree=1| :  21%|██▏       | 1493/7000 [01:51<01:44, 52.53it/s]
loss=0.052| sh degree=1| :  21%|██▏       | 1493/7000 [01:51<01:44, 52.53it/s]
loss=0.042| sh degree=1| :  21%|██▏       | 1493/7000 [01:51<01:44, 52.53it/s]
loss=0.042| sh degree=1| :  21%|██▏       | 1499/7000 [01:51<01:46, 51.49it/s]
loss=0.039| sh degree=1| :  21%|██▏       | 1499/7000 [01:51<01:46, 51.49it/s]
loss=0.039| sh degree=1| :  21%|██▏       | 1499/7000 [01:51<01:46, 51.49it/s]
loss=0.048| sh degree=1| :  21%|██▏       | 1499/7000 [01:51<01:46, 51.49it/s]
loss=0.047| sh degree=1| :  21%|██▏       | 1499/7000 [01:51<01:46, 51.49it/s]
loss=0.042| sh degree=1| :  21%|██▏       | 1499/7000 [01:51<01:46, 51.49it/s]
loss=0.040| sh degree=1| :  21%|██▏       | 1499/7000 [01:51<01:46, 51.49it/s]
loss=0.040| sh degree=1| :  22%|██▏       | 1505/7000 [01:51<01:50, 49.85it/s]
loss=0.078| sh degree=1| :  22%|██▏       | 1505/7000 [01:51<01:50, 49.85it/s]
loss=0.058| sh degree=1| :  22%|██▏       | 1505/7000 [01:51<01:50, 49.85it/s]
loss=0.067| sh degree=1| :  22%|██▏       | 1505/7000 [01:51<01:50, 49.85it/s]
loss=0.043| sh degree=1| :  22%|██▏       | 1505/7000 [01:51<01:50, 49.85it/s]
loss=0.051| sh degree=1| :  22%|██▏       | 1505/7000 [01:51<01:50, 49.85it/s]
loss=0.058| sh degree=1| :  22%|██▏       | 1505/7000 [01:51<01:50, 49.85it/s]
loss=0.058| sh degree=1| :  22%|██▏       | 1511/7000 [01:51<01:45, 52.22it/s]
loss=0.054| sh degree=1| :  22%|██▏       | 1511/7000 [01:51<01:45, 52.22it/s]
loss=0.063| sh degree=1| :  22%|██▏       | 1511/7000 [01:51<01:45, 52.22it/s]
loss=0.068| sh degree=1| :  22%|██▏       | 1511/7000 [01:51<01:45, 52.22it/s]
loss=0.053| sh degree=1| :  22%|██▏       | 1511/7000 [01:51<01:45, 52.22it/s]
loss=0.052| sh degree=1| :  22%|██▏       | 1511/7000 [01:51<01:45, 52.22it/s]
loss=0.066| sh degree=1| :  22%|██▏       | 1511/7000 [01:51<01:45, 52.22it/s]
loss=0.066| sh degree=1| :  22%|██▏       | 1517/7000 [01:51<01:45, 52.19it/s]
loss=0.046| sh degree=1| :  22%|██▏       | 1517/7000 [01:51<01:45, 52.19it/s]
loss=0.048| sh degree=1| :  22%|██▏       | 1517/7000 [01:51<01:45, 52.19it/s]
loss=0.053| sh degree=1| :  22%|██▏       | 1517/7000 [01:51<01:45, 52.19it/s]
loss=0.049| sh degree=1| :  22%|██▏       | 1517/7000 [01:51<01:45, 52.19it/s]
loss=0.047| sh degree=1| :  22%|██▏       | 1517/7000 [01:51<01:45, 52.19it/s]
loss=0.044| sh degree=1| :  22%|██▏       | 1517/7000 [01:51<01:45, 52.19it/s]
loss=0.044| sh degree=1| :  22%|██▏       | 1523/7000 [01:51<01:45, 52.10it/s]
loss=0.065| sh degree=1| :  22%|██▏       | 1523/7000 [01:51<01:45, 52.10it/s]
loss=0.093| sh degree=1| :  22%|██▏       | 1523/7000 [01:51<01:45, 52.10it/s]
loss=0.040| sh degree=1| :  22%|██▏       | 1523/7000 [01:51<01:45, 52.10it/s]
loss=0.044| sh degree=1| :  22%|██▏       | 1523/7000 [01:51<01:45, 52.10it/s]
loss=0.065| sh degree=1| :  22%|██▏       | 1523/7000 [01:51<01:45, 52.10it/s]
loss=0.059| sh degree=1| :  22%|██▏       | 1523/7000 [01:51<01:45, 52.10it/s]
loss=0.059| sh degree=1| :  22%|██▏       | 1529/7000 [01:51<01:41, 54.07it/s]
loss=0.078| sh degree=1| :  22%|██▏       | 1529/7000 [01:51<01:41, 54.07it/s]
loss=0.040| sh degree=1| :  22%|██▏       | 1529/7000 [01:51<01:41, 54.07it/s]
loss=0.061| sh degree=1| :  22%|██▏       | 1529/7000 [01:51<01:41, 54.07it/s]
loss=0.043| sh degree=1| :  22%|██▏       | 1529/7000 [01:51<01:41, 54.07it/s]
loss=0.057| sh degree=1| :  22%|██▏       | 1529/7000 [01:51<01:41, 54.07it/s]
loss=0.038| sh degree=1| :  22%|██▏       | 1529/7000 [01:51<01:41, 54.07it/s]
loss=0.038| sh degree=1| :  22%|██▏       | 1535/7000 [01:51<02:15, 40.35it/s]
loss=0.048| sh degree=1| :  22%|██▏       | 1535/7000 [01:52<02:15, 40.35it/s]
loss=0.043| sh degree=1| :  22%|██▏       | 1535/7000 [01:52<02:15, 40.35it/s]
loss=0.055| sh degree=1| :  22%|██▏       | 1535/7000 [01:52<02:15, 40.35it/s]
loss=0.050| sh degree=1| :  22%|██▏       | 1535/7000 [01:52<02:15, 40.35it/s]
loss=0.054| sh degree=1| :  22%|██▏       | 1535/7000 [01:52<02:15, 40.35it/s]
loss=0.042| sh degree=1| :  22%|██▏       | 1535/7000 [01:52<02:15, 40.35it/s]
loss=0.042| sh degree=1| :  22%|██▏       | 1541/7000 [01:52<02:05, 43.33it/s]
loss=0.038| sh degree=1| :  22%|██▏       | 1541/7000 [01:52<02:05, 43.33it/s]
loss=0.040| sh degree=1| :  22%|██▏       | 1541/7000 [01:52<02:05, 43.33it/s]
loss=0.035| sh degree=1| :  22%|██▏       | 1541/7000 [01:52<02:05, 43.33it/s]
loss=0.054| sh degree=1| :  22%|██▏       | 1541/7000 [01:52<02:05, 43.33it/s]
loss=0.041| sh degree=1| :  22%|██▏       | 1541/7000 [01:52<02:05, 43.33it/s]
loss=0.058| sh degree=1| :  22%|██▏       | 1541/7000 [01:52<02:05, 43.33it/s]
loss=0.058| sh degree=1| :  22%|██▏       | 1547/7000 [01:52<01:59, 45.61it/s]
loss=0.056| sh degree=1| :  22%|██▏       | 1547/7000 [01:52<01:59, 45.61it/s]
loss=0.036| sh degree=1| :  22%|██▏       | 1547/7000 [01:52<01:59, 45.61it/s]
loss=0.054| sh degree=1| :  22%|██▏       | 1547/7000 [01:52<01:59, 45.61it/s]
loss=0.036| sh degree=1| :  22%|██▏       | 1547/7000 [01:52<01:59, 45.61it/s]
loss=0.033| sh degree=1| :  22%|██▏       | 1547/7000 [01:52<01:59, 45.61it/s]
loss=0.046| sh degree=1| :  22%|██▏       | 1547/7000 [01:52<01:59, 45.61it/s]
loss=0.046| sh degree=1| :  22%|██▏       | 1553/7000 [01:52<01:54, 47.46it/s]
loss=0.066| sh degree=1| :  22%|██▏       | 1553/7000 [01:52<01:54, 47.46it/s]
loss=0.035| sh degree=1| :  22%|██▏       | 1553/7000 [01:52<01:54, 47.46it/s]
loss=0.038| sh degree=1| :  22%|██▏       | 1553/7000 [01:52<01:54, 47.46it/s]
loss=0.049| sh degree=1| :  22%|██▏       | 1553/7000 [01:52<01:54, 47.46it/s]
loss=0.033| sh degree=1| :  22%|██▏       | 1553/7000 [01:52<01:54, 47.46it/s]
loss=0.037| sh degree=1| :  22%|██▏       | 1553/7000 [01:52<01:54, 47.46it/s]
loss=0.037| sh degree=1| :  22%|██▏       | 1559/7000 [01:52<01:51, 48.71it/s]
loss=0.044| sh degree=1| :  22%|██▏       | 1559/7000 [01:52<01:51, 48.71it/s]
loss=0.049| sh degree=1| :  22%|██▏       | 1559/7000 [01:52<01:51, 48.71it/s]
loss=0.057| sh degree=1| :  22%|██▏       | 1559/7000 [01:52<01:51, 48.71it/s]
loss=0.047| sh degree=1| :  22%|██▏       | 1559/7000 [01:52<01:51, 48.71it/s]
loss=0.071| sh degree=1| :  22%|██▏       | 1559/7000 [01:52<01:51, 48.71it/s]
loss=0.035| sh degree=1| :  22%|██▏       | 1559/7000 [01:52<01:51, 48.71it/s]
loss=0.035| sh degree=1| :  22%|██▏       | 1565/7000 [01:52<01:49, 49.77it/s]
loss=0.055| sh degree=1| :  22%|██▏       | 1565/7000 [01:52<01:49, 49.77it/s]
loss=0.063| sh degree=1| :  22%|██▏       | 1565/7000 [01:52<01:49, 49.77it/s]
loss=0.039| sh degree=1| :  22%|██▏       | 1565/7000 [01:52<01:49, 49.77it/s]
loss=0.050| sh degree=1| :  22%|██▏       | 1565/7000 [01:52<01:49, 49.77it/s]
loss=0.041| sh degree=1| :  22%|██▏       | 1565/7000 [01:52<01:49, 49.77it/s]
loss=0.061| sh degree=1| :  22%|██▏       | 1565/7000 [01:52<01:49, 49.77it/s]
loss=0.061| sh degree=1| :  22%|██▏       | 1571/7000 [01:52<01:46, 51.00it/s]
loss=0.038| sh degree=1| :  22%|██▏       | 1571/7000 [01:52<01:46, 51.00it/s]
loss=0.054| sh degree=1| :  22%|██▏       | 1571/7000 [01:52<01:46, 51.00it/s]
loss=0.063| sh degree=1| :  22%|██▏       | 1571/7000 [01:52<01:46, 51.00it/s]
loss=0.044| sh degree=1| :  22%|██▏       | 1571/7000 [01:52<01:46, 51.00it/s]
loss=0.041| sh degree=1| :  22%|██▏       | 1571/7000 [01:52<01:46, 51.00it/s]
loss=0.050| sh degree=1| :  22%|██▏       | 1571/7000 [01:52<01:46, 51.00it/s]
loss=0.050| sh degree=1| :  23%|██▎       | 1577/7000 [01:52<01:44, 51.70it/s]
loss=0.035| sh degree=1| :  23%|██▎       | 1577/7000 [01:52<01:44, 51.70it/s]
loss=0.064| sh degree=1| :  23%|██▎       | 1577/7000 [01:52<01:44, 51.70it/s]
loss=0.039| sh degree=1| :  23%|██▎       | 1577/7000 [01:52<01:44, 51.70it/s]
loss=0.039| sh degree=1| :  23%|██▎       | 1577/7000 [01:52<01:44, 51.70it/s]
loss=0.039| sh degree=1| :  23%|██▎       | 1577/7000 [01:52<01:44, 51.70it/s]
loss=0.057| sh degree=1| :  23%|██▎       | 1577/7000 [01:52<01:44, 51.70it/s]
loss=0.057| sh degree=1| :  23%|██▎       | 1583/7000 [01:52<01:44, 51.70it/s]
loss=0.058| sh degree=1| :  23%|██▎       | 1583/7000 [01:52<01:44, 51.70it/s]
loss=0.059| sh degree=1| :  23%|██▎       | 1583/7000 [01:52<01:44, 51.70it/s]
loss=0.044| sh degree=1| :  23%|██▎       | 1583/7000 [01:52<01:44, 51.70it/s]
loss=0.066| sh degree=1| :  23%|██▎       | 1583/7000 [01:52<01:44, 51.70it/s]
loss=0.062| sh degree=1| :  23%|██▎       | 1583/7000 [01:52<01:44, 51.70it/s]
loss=0.043| sh degree=1| :  23%|██▎       | 1583/7000 [01:53<01:44, 51.70it/s]
loss=0.043| sh degree=1| :  23%|██▎       | 1589/7000 [01:53<01:42, 52.91it/s]
loss=0.041| sh degree=1| :  23%|██▎       | 1589/7000 [01:53<01:42, 52.91it/s]
loss=0.041| sh degree=1| :  23%|██▎       | 1589/7000 [01:53<01:42, 52.91it/s]
loss=0.044| sh degree=1| :  23%|██▎       | 1589/7000 [01:53<01:42, 52.91it/s]
loss=0.042| sh degree=1| :  23%|██▎       | 1589/7000 [01:53<01:42, 52.91it/s]
loss=0.038| sh degree=1| :  23%|██▎       | 1589/7000 [01:53<01:42, 52.91it/s]
loss=0.055| sh degree=1| :  23%|██▎       | 1589/7000 [01:53<01:42, 52.91it/s]
loss=0.055| sh degree=1| :  23%|██▎       | 1595/7000 [01:53<01:41, 53.03it/s]
loss=0.063| sh degree=1| :  23%|██▎       | 1595/7000 [01:53<01:41, 53.03it/s]
loss=0.059| sh degree=1| :  23%|██▎       | 1595/7000 [01:53<01:41, 53.03it/s]
loss=0.049| sh degree=1| :  23%|██▎       | 1595/7000 [01:53<01:41, 53.03it/s]
loss=0.036| sh degree=1| :  23%|██▎       | 1595/7000 [01:53<01:41, 53.03it/s]
loss=0.048| sh degree=1| :  23%|██▎       | 1595/7000 [01:53<01:41, 53.03it/s]
loss=0.059| sh degree=1| :  23%|██▎       | 1595/7000 [01:53<01:41, 53.03it/s]
loss=0.059| sh degree=1| :  23%|██▎       | 1601/7000 [01:53<01:48, 49.65it/s]
loss=0.054| sh degree=1| :  23%|██▎       | 1601/7000 [01:53<01:48, 49.65it/s]
loss=0.046| sh degree=1| :  23%|██▎       | 1601/7000 [01:53<01:48, 49.65it/s]
loss=0.050| sh degree=1| :  23%|██▎       | 1601/7000 [01:53<01:48, 49.65it/s]
loss=0.060| sh degree=1| :  23%|██▎       | 1601/7000 [01:53<01:48, 49.65it/s]
loss=0.074| sh degree=1| :  23%|██▎       | 1601/7000 [01:53<01:48, 49.65it/s]
loss=0.062| sh degree=1| :  23%|██▎       | 1601/7000 [01:53<01:48, 49.65it/s]
loss=0.062| sh degree=1| :  23%|██▎       | 1607/7000 [01:53<01:46, 50.85it/s]
loss=0.051| sh degree=1| :  23%|██▎       | 1607/7000 [01:53<01:46, 50.85it/s]
loss=0.062| sh degree=1| :  23%|██▎       | 1607/7000 [01:53<01:46, 50.85it/s]
loss=0.049| sh degree=1| :  23%|██▎       | 1607/7000 [01:53<01:46, 50.85it/s]
loss=0.050| sh degree=1| :  23%|██▎       | 1607/7000 [01:53<01:46, 50.85it/s]
loss=0.041| sh degree=1| :  23%|██▎       | 1607/7000 [01:53<01:46, 50.85it/s]
loss=0.054| sh degree=1| :  23%|██▎       | 1607/7000 [01:53<01:46, 50.85it/s]
loss=0.054| sh degree=1| :  23%|██▎       | 1613/7000 [01:53<01:45, 51.03it/s]
loss=0.041| sh degree=1| :  23%|██▎       | 1613/7000 [01:53<01:45, 51.03it/s]
loss=0.054| sh degree=1| :  23%|██▎       | 1613/7000 [01:53<01:45, 51.03it/s]
loss=0.048| sh degree=1| :  23%|██▎       | 1613/7000 [01:53<01:45, 51.03it/s]
loss=0.055| sh degree=1| :  23%|██▎       | 1613/7000 [01:53<01:45, 51.03it/s]
loss=0.062| sh degree=1| :  23%|██▎       | 1613/7000 [01:53<01:45, 51.03it/s]
loss=0.046| sh degree=1| :  23%|██▎       | 1613/7000 [01:53<01:45, 51.03it/s]
loss=0.046| sh degree=1| :  23%|██▎       | 1619/7000 [01:53<01:44, 51.48it/s]
loss=0.045| sh degree=1| :  23%|██▎       | 1619/7000 [01:53<01:44, 51.48it/s]
loss=0.054| sh degree=1| :  23%|██▎       | 1619/7000 [01:53<01:44, 51.48it/s]
loss=0.068| sh degree=1| :  23%|██▎       | 1619/7000 [01:53<01:44, 51.48it/s]
loss=0.051| sh degree=1| :  23%|██▎       | 1619/7000 [01:53<01:44, 51.48it/s]
loss=0.062| sh degree=1| :  23%|██▎       | 1619/7000 [01:53<01:44, 51.48it/s]
loss=0.057| sh degree=1| :  23%|██▎       | 1619/7000 [01:53<01:44, 51.48it/s]
loss=0.057| sh degree=1| :  23%|██▎       | 1625/7000 [01:53<01:42, 52.32it/s]
loss=0.049| sh degree=1| :  23%|██▎       | 1625/7000 [01:53<01:42, 52.32it/s]
loss=0.044| sh degree=1| :  23%|██▎       | 1625/7000 [01:53<01:42, 52.32it/s]
loss=0.050| sh degree=1| :  23%|██▎       | 1625/7000 [01:53<01:42, 52.32it/s]
loss=0.049| sh degree=1| :  23%|██▎       | 1625/7000 [01:53<01:42, 52.32it/s]
loss=0.054| sh degree=1| :  23%|██▎       | 1625/7000 [01:53<01:42, 52.32it/s]
loss=0.068| sh degree=1| :  23%|██▎       | 1625/7000 [01:53<01:42, 52.32it/s]
loss=0.068| sh degree=1| :  23%|██▎       | 1631/7000 [01:53<01:42, 52.62it/s]
loss=0.054| sh degree=1| :  23%|██▎       | 1631/7000 [01:53<01:42, 52.62it/s]
loss=0.042| sh degree=1| :  23%|██▎       | 1631/7000 [01:53<01:42, 52.62it/s]
loss=0.047| sh degree=1| :  23%|██▎       | 1631/7000 [01:53<01:42, 52.62it/s]
loss=0.043| sh degree=1| :  23%|██▎       | 1631/7000 [01:53<01:42, 52.62it/s]
loss=0.064| sh degree=1| :  23%|██▎       | 1631/7000 [01:53<01:42, 52.62it/s]
loss=0.053| sh degree=1| :  23%|██▎       | 1631/7000 [01:53<01:42, 52.62it/s]
loss=0.053| sh degree=1| :  23%|██▎       | 1637/7000 [01:53<01:40, 53.34it/s]
loss=0.041| sh degree=1| :  23%|██▎       | 1637/7000 [01:53<01:40, 53.34it/s]
loss=0.055| sh degree=1| :  23%|██▎       | 1637/7000 [01:53<01:40, 53.34it/s]
loss=0.044| sh degree=1| :  23%|██▎       | 1637/7000 [01:53<01:40, 53.34it/s]
loss=0.040| sh degree=1| :  23%|██▎       | 1637/7000 [01:54<01:40, 53.34it/s]
loss=0.048| sh degree=1| :  23%|██▎       | 1637/7000 [01:54<01:40, 53.34it/s]
loss=0.038| sh degree=1| :  23%|██▎       | 1637/7000 [01:54<01:40, 53.34it/s]
loss=0.038| sh degree=1| :  23%|██▎       | 1643/7000 [01:54<01:40, 53.23it/s]
loss=0.042| sh degree=1| :  23%|██▎       | 1643/7000 [01:54<01:40, 53.23it/s]
loss=0.040| sh degree=1| :  23%|██▎       | 1643/7000 [01:54<01:40, 53.23it/s]
loss=0.051| sh degree=1| :  23%|██▎       | 1643/7000 [01:54<01:40, 53.23it/s]
loss=0.044| sh degree=1| :  23%|██▎       | 1643/7000 [01:54<01:40, 53.23it/s]
loss=0.053| sh degree=1| :  23%|██▎       | 1643/7000 [01:54<01:40, 53.23it/s]
loss=0.055| sh degree=1| :  23%|██▎       | 1643/7000 [01:54<01:40, 53.23it/s]
loss=0.055| sh degree=1| :  24%|██▎       | 1649/7000 [01:54<01:39, 53.57it/s]
loss=0.038| sh degree=1| :  24%|██▎       | 1649/7000 [01:54<01:39, 53.57it/s]
loss=0.062| sh degree=1| :  24%|██▎       | 1649/7000 [01:54<01:39, 53.57it/s]
loss=0.052| sh degree=1| :  24%|██▎       | 1649/7000 [01:54<01:39, 53.57it/s]
loss=0.040| sh degree=1| :  24%|██▎       | 1649/7000 [01:54<01:39, 53.57it/s]
loss=0.071| sh degree=1| :  24%|██▎       | 1649/7000 [01:54<01:39, 53.57it/s]
loss=0.038| sh degree=1| :  24%|██▎       | 1649/7000 [01:54<01:39, 53.57it/s]
loss=0.038| sh degree=1| :  24%|██▎       | 1655/7000 [01:54<01:38, 54.06it/s]
loss=0.046| sh degree=1| :  24%|██▎       | 1655/7000 [01:54<01:38, 54.06it/s]
loss=0.059| sh degree=1| :  24%|██▎       | 1655/7000 [01:54<01:38, 54.06it/s]
loss=0.047| sh degree=1| :  24%|██▎       | 1655/7000 [01:54<01:38, 54.06it/s]
loss=0.054| sh degree=1| :  24%|██▎       | 1655/7000 [01:54<01:38, 54.06it/s]
loss=0.047| sh degree=1| :  24%|██▎       | 1655/7000 [01:54<01:38, 54.06it/s]
loss=0.039| sh degree=1| :  24%|██▎       | 1655/7000 [01:54<01:38, 54.06it/s]
loss=0.039| sh degree=1| :  24%|██▎       | 1661/7000 [01:54<01:40, 53.26it/s]
loss=0.052| sh degree=1| :  24%|██▎       | 1661/7000 [01:54<01:40, 53.26it/s]
loss=0.051| sh degree=1| :  24%|██▎       | 1661/7000 [01:54<01:40, 53.26it/s]
loss=0.057| sh degree=1| :  24%|██▎       | 1661/7000 [01:54<01:40, 53.26it/s]
loss=0.044| sh degree=1| :  24%|██▎       | 1661/7000 [01:54<01:40, 53.26it/s]
loss=0.040| sh degree=1| :  24%|██▎       | 1661/7000 [01:54<01:40, 53.26it/s]
loss=0.078| sh degree=1| :  24%|██▎       | 1661/7000 [01:54<01:40, 53.26it/s]
loss=0.078| sh degree=1| :  24%|██▍       | 1667/7000 [01:54<01:40, 53.20it/s]
loss=0.053| sh degree=1| :  24%|██▍       | 1667/7000 [01:54<01:40, 53.20it/s]
loss=0.061| sh degree=1| :  24%|██▍       | 1667/7000 [01:54<01:40, 53.20it/s]
loss=0.058| sh degree=1| :  24%|██▍       | 1667/7000 [01:54<01:40, 53.20it/s]
loss=0.054| sh degree=1| :  24%|██▍       | 1667/7000 [01:54<01:40, 53.20it/s]
loss=0.045| sh degree=1| :  24%|██▍       | 1667/7000 [01:54<01:40, 53.20it/s]
loss=0.064| sh degree=1| :  24%|██▍       | 1667/7000 [01:54<01:40, 53.20it/s]
loss=0.064| sh degree=1| :  24%|██▍       | 1673/7000 [01:54<01:38, 53.83it/s]
loss=0.047| sh degree=1| :  24%|██▍       | 1673/7000 [01:54<01:38, 53.83it/s]
loss=0.038| sh degree=1| :  24%|██▍       | 1673/7000 [01:54<01:38, 53.83it/s]
loss=0.037| sh degree=1| :  24%|██▍       | 1673/7000 [01:54<01:38, 53.83it/s]
loss=0.043| sh degree=1| :  24%|██▍       | 1673/7000 [01:54<01:38, 53.83it/s]
loss=0.052| sh degree=1| :  24%|██▍       | 1673/7000 [01:54<01:38, 53.83it/s]
loss=0.045| sh degree=1| :  24%|██▍       | 1673/7000 [01:54<01:38, 53.83it/s]
loss=0.045| sh degree=1| :  24%|██▍       | 1679/7000 [01:54<01:40, 53.03it/s]
loss=0.043| sh degree=1| :  24%|██▍       | 1679/7000 [01:54<01:40, 53.03it/s]
loss=0.045| sh degree=1| :  24%|██▍       | 1679/7000 [01:54<01:40, 53.03it/s]
loss=0.046| sh degree=1| :  24%|██▍       | 1679/7000 [01:54<01:40, 53.03it/s]
loss=0.041| sh degree=1| :  24%|██▍       | 1679/7000 [01:54<01:40, 53.03it/s]
loss=0.056| sh degree=1| :  24%|██▍       | 1679/7000 [01:54<01:40, 53.03it/s]
loss=0.053| sh degree=1| :  24%|██▍       | 1679/7000 [01:54<01:40, 53.03it/s]
loss=0.053| sh degree=1| :  24%|██▍       | 1685/7000 [01:54<01:39, 53.37it/s]
loss=0.052| sh degree=1| :  24%|██▍       | 1685/7000 [01:54<01:39, 53.37it/s]
loss=0.059| sh degree=1| :  24%|██▍       | 1685/7000 [01:54<01:39, 53.37it/s]
loss=0.044| sh degree=1| :  24%|██▍       | 1685/7000 [01:54<01:39, 53.37it/s]
loss=0.041| sh degree=1| :  24%|██▍       | 1685/7000 [01:54<01:39, 53.37it/s]
loss=0.056| sh degree=1| :  24%|██▍       | 1685/7000 [01:54<01:39, 53.37it/s]
loss=0.051| sh degree=1| :  24%|██▍       | 1685/7000 [01:54<01:39, 53.37it/s]
loss=0.051| sh degree=1| :  24%|██▍       | 1691/7000 [01:54<01:39, 53.52it/s]
loss=0.068| sh degree=1| :  24%|██▍       | 1691/7000 [01:54<01:39, 53.52it/s]
loss=0.037| sh degree=1| :  24%|██▍       | 1691/7000 [01:54<01:39, 53.52it/s]
loss=0.049| sh degree=1| :  24%|██▍       | 1691/7000 [01:54<01:39, 53.52it/s]
loss=0.051| sh degree=1| :  24%|██▍       | 1691/7000 [01:55<01:39, 53.52it/s]
loss=0.043| sh degree=1| :  24%|██▍       | 1691/7000 [01:55<01:39, 53.52it/s]
loss=0.048| sh degree=1| :  24%|██▍       | 1691/7000 [01:55<01:39, 53.52it/s]
loss=0.048| sh degree=1| :  24%|██▍       | 1697/7000 [01:55<01:39, 53.22it/s]
loss=0.039| sh degree=1| :  24%|██▍       | 1697/7000 [01:55<01:39, 53.22it/s]
loss=0.053| sh degree=1| :  24%|██▍       | 1697/7000 [01:55<01:39, 53.22it/s]
loss=0.042| sh degree=1| :  24%|██▍       | 1697/7000 [01:55<01:39, 53.22it/s]
loss=0.048| sh degree=1| :  24%|██▍       | 1697/7000 [01:55<01:39, 53.22it/s]
loss=0.051| sh degree=1| :  24%|██▍       | 1697/7000 [01:55<01:39, 53.22it/s]
loss=0.076| sh degree=1| :  24%|██▍       | 1697/7000 [01:55<01:39, 53.22it/s]
loss=0.076| sh degree=1| :  24%|██▍       | 1703/7000 [01:55<01:44, 50.68it/s]
loss=0.050| sh degree=1| :  24%|██▍       | 1703/7000 [01:55<01:44, 50.68it/s]
loss=0.053| sh degree=1| :  24%|██▍       | 1703/7000 [01:55<01:44, 50.68it/s]
loss=0.053| sh degree=1| :  24%|██▍       | 1703/7000 [01:55<01:44, 50.68it/s]
loss=0.057| sh degree=1| :  24%|██▍       | 1703/7000 [01:55<01:44, 50.68it/s]
loss=0.052| sh degree=1| :  24%|██▍       | 1703/7000 [01:55<01:44, 50.68it/s]
loss=0.043| sh degree=1| :  24%|██▍       | 1703/7000 [01:55<01:44, 50.68it/s]
loss=0.043| sh degree=1| :  24%|██▍       | 1709/7000 [01:55<01:43, 51.08it/s]
loss=0.040| sh degree=1| :  24%|██▍       | 1709/7000 [01:55<01:43, 51.08it/s]
loss=0.039| sh degree=1| :  24%|██▍       | 1709/7000 [01:55<01:43, 51.08it/s]
loss=0.068| sh degree=1| :  24%|██▍       | 1709/7000 [01:55<01:43, 51.08it/s]
loss=0.057| sh degree=1| :  24%|██▍       | 1709/7000 [01:55<01:43, 51.08it/s]
loss=0.046| sh degree=1| :  24%|██▍       | 1709/7000 [01:55<01:43, 51.08it/s]
loss=0.048| sh degree=1| :  24%|██▍       | 1709/7000 [01:55<01:43, 51.08it/s]
loss=0.048| sh degree=1| :  24%|██▍       | 1715/7000 [01:55<01:42, 51.42it/s]
loss=0.054| sh degree=1| :  24%|██▍       | 1715/7000 [01:55<01:42, 51.42it/s]
loss=0.047| sh degree=1| :  24%|██▍       | 1715/7000 [01:55<01:42, 51.42it/s]
loss=0.043| sh degree=1| :  24%|██▍       | 1715/7000 [01:55<01:42, 51.42it/s]
loss=0.043| sh degree=1| :  24%|██▍       | 1715/7000 [01:55<01:42, 51.42it/s]
loss=0.040| sh degree=1| :  24%|██▍       | 1715/7000 [01:55<01:42, 51.42it/s]
loss=0.056| sh degree=1| :  24%|██▍       | 1715/7000 [01:55<01:42, 51.42it/s]
loss=0.056| sh degree=1| :  25%|██▍       | 1721/7000 [01:55<01:41, 51.92it/s]
loss=0.054| sh degree=1| :  25%|██▍       | 1721/7000 [01:55<01:41, 51.92it/s]
loss=0.039| sh degree=1| :  25%|██▍       | 1721/7000 [01:55<01:41, 51.92it/s]
loss=0.038| sh degree=1| :  25%|██▍       | 1721/7000 [01:55<01:41, 51.92it/s]
loss=0.038| sh degree=1| :  25%|██▍       | 1721/7000 [01:55<01:41, 51.92it/s]
loss=0.045| sh degree=1| :  25%|██▍       | 1721/7000 [01:55<01:41, 51.92it/s]
loss=0.051| sh degree=1| :  25%|██▍       | 1721/7000 [01:55<01:41, 51.92it/s]
loss=0.051| sh degree=1| :  25%|██▍       | 1727/7000 [01:55<01:41, 52.12it/s]
loss=0.050| sh degree=1| :  25%|██▍       | 1727/7000 [01:55<01:41, 52.12it/s]
loss=0.053| sh degree=1| :  25%|██▍       | 1727/7000 [01:55<01:41, 52.12it/s]
loss=0.053| sh degree=1| :  25%|██▍       | 1727/7000 [01:55<01:41, 52.12it/s]
loss=0.062| sh degree=1| :  25%|██▍       | 1727/7000 [01:55<01:41, 52.12it/s]
loss=0.040| sh degree=1| :  25%|██▍       | 1727/7000 [01:55<01:41, 52.12it/s]
loss=0.051| sh degree=1| :  25%|██▍       | 1727/7000 [01:55<01:41, 52.12it/s]
loss=0.051| sh degree=1| :  25%|██▍       | 1733/7000 [01:55<01:40, 52.19it/s]
loss=0.043| sh degree=1| :  25%|██▍       | 1733/7000 [01:55<01:40, 52.19it/s]
loss=0.043| sh degree=1| :  25%|██▍       | 1733/7000 [01:55<01:40, 52.19it/s]
loss=0.045| sh degree=1| :  25%|██▍       | 1733/7000 [01:55<01:40, 52.19it/s]
loss=0.043| sh degree=1| :  25%|██▍       | 1733/7000 [01:55<01:40, 52.19it/s]
loss=0.038| sh degree=1| :  25%|██▍       | 1733/7000 [01:55<01:40, 52.19it/s]
loss=0.056| sh degree=1| :  25%|██▍       | 1733/7000 [01:55<01:40, 52.19it/s]
loss=0.056| sh degree=1| :  25%|██▍       | 1739/7000 [01:55<01:40, 52.15it/s]
loss=0.045| sh degree=1| :  25%|██▍       | 1739/7000 [01:55<01:40, 52.15it/s]
loss=0.056| sh degree=1| :  25%|██▍       | 1739/7000 [01:55<01:40, 52.15it/s]
loss=0.038| sh degree=1| :  25%|██▍       | 1739/7000 [01:55<01:40, 52.15it/s]
loss=0.057| sh degree=1| :  25%|██▍       | 1739/7000 [01:55<01:40, 52.15it/s]
loss=0.044| sh degree=1| :  25%|██▍       | 1739/7000 [01:55<01:40, 52.15it/s]
loss=0.041| sh degree=1| :  25%|██▍       | 1739/7000 [01:55<01:40, 52.15it/s]
loss=0.041| sh degree=1| :  25%|██▍       | 1745/7000 [01:55<01:40, 52.10it/s]
loss=0.043| sh degree=1| :  25%|██▍       | 1745/7000 [01:56<01:40, 52.10it/s]
loss=0.117| sh degree=1| :  25%|██▍       | 1745/7000 [01:56<01:40, 52.10it/s]
loss=0.040| sh degree=1| :  25%|██▍       | 1745/7000 [01:56<01:40, 52.10it/s]
loss=0.042| sh degree=1| :  25%|██▍       | 1745/7000 [01:56<01:40, 52.10it/s]
loss=0.052| sh degree=1| :  25%|██▍       | 1745/7000 [01:56<01:40, 52.10it/s]
loss=0.050| sh degree=1| :  25%|██▍       | 1745/7000 [01:56<01:40, 52.10it/s]
loss=0.050| sh degree=1| :  25%|██▌       | 1751/7000 [01:56<01:40, 51.99it/s]
loss=0.040| sh degree=1| :  25%|██▌       | 1751/7000 [01:56<01:40, 51.99it/s]
loss=0.076| sh degree=1| :  25%|██▌       | 1751/7000 [01:56<01:40, 51.99it/s]
loss=0.058| sh degree=1| :  25%|██▌       | 1751/7000 [01:56<01:40, 51.99it/s]
loss=0.064| sh degree=1| :  25%|██▌       | 1751/7000 [01:56<01:40, 51.99it/s]
loss=0.040| sh degree=1| :  25%|██▌       | 1751/7000 [01:56<01:40, 51.99it/s]
loss=0.056| sh degree=1| :  25%|██▌       | 1751/7000 [01:56<01:40, 51.99it/s]
loss=0.056| sh degree=1| :  25%|██▌       | 1757/7000 [01:56<01:40, 52.11it/s]
loss=0.048| sh degree=1| :  25%|██▌       | 1757/7000 [01:56<01:40, 52.11it/s]
loss=0.041| sh degree=1| :  25%|██▌       | 1757/7000 [01:56<01:40, 52.11it/s]
loss=0.058| sh degree=1| :  25%|██▌       | 1757/7000 [01:56<01:40, 52.11it/s]
loss=0.066| sh degree=1| :  25%|██▌       | 1757/7000 [01:56<01:40, 52.11it/s]
loss=0.053| sh degree=1| :  25%|██▌       | 1757/7000 [01:56<01:40, 52.11it/s]
loss=0.039| sh degree=1| :  25%|██▌       | 1757/7000 [01:56<01:40, 52.11it/s]
loss=0.039| sh degree=1| :  25%|██▌       | 1763/7000 [01:56<01:40, 52.32it/s]
loss=0.036| sh degree=1| :  25%|██▌       | 1763/7000 [01:56<01:40, 52.32it/s]
loss=0.046| sh degree=1| :  25%|██▌       | 1763/7000 [01:56<01:40, 52.32it/s]
loss=0.056| sh degree=1| :  25%|██▌       | 1763/7000 [01:56<01:40, 52.32it/s]
loss=0.044| sh degree=1| :  25%|██▌       | 1763/7000 [01:56<01:40, 52.32it/s]
loss=0.043| sh degree=1| :  25%|██▌       | 1763/7000 [01:56<01:40, 52.32it/s]
loss=0.053| sh degree=1| :  25%|██▌       | 1763/7000 [01:56<01:40, 52.32it/s]
loss=0.053| sh degree=1| :  25%|██▌       | 1769/7000 [01:56<01:40, 52.19it/s]
loss=0.042| sh degree=1| :  25%|██▌       | 1769/7000 [01:56<01:40, 52.19it/s]
loss=0.041| sh degree=1| :  25%|██▌       | 1769/7000 [01:56<01:40, 52.19it/s]
loss=0.052| sh degree=1| :  25%|██▌       | 1769/7000 [01:56<01:40, 52.19it/s]
loss=0.041| sh degree=1| :  25%|██▌       | 1769/7000 [01:56<01:40, 52.19it/s]
loss=0.058| sh degree=1| :  25%|██▌       | 1769/7000 [01:56<01:40, 52.19it/s]
loss=0.050| sh degree=1| :  25%|██▌       | 1769/7000 [01:56<01:40, 52.19it/s]
loss=0.050| sh degree=1| :  25%|██▌       | 1775/7000 [01:56<01:38, 53.06it/s]
loss=0.063| sh degree=1| :  25%|██▌       | 1775/7000 [01:56<01:38, 53.06it/s]
loss=0.047| sh degree=1| :  25%|██▌       | 1775/7000 [01:56<01:38, 53.06it/s]
loss=0.037| sh degree=1| :  25%|██▌       | 1775/7000 [01:56<01:38, 53.06it/s]
loss=0.038| sh degree=1| :  25%|██▌       | 1775/7000 [01:56<01:38, 53.06it/s]
loss=0.041| sh degree=1| :  25%|██▌       | 1775/7000 [01:56<01:38, 53.06it/s]
loss=0.049| sh degree=1| :  25%|██▌       | 1775/7000 [01:56<01:38, 53.06it/s]
loss=0.049| sh degree=1| :  25%|██▌       | 1781/7000 [01:56<01:38, 53.00it/s]
loss=0.060| sh degree=1| :  25%|██▌       | 1781/7000 [01:56<01:38, 53.00it/s]
loss=0.052| sh degree=1| :  25%|██▌       | 1781/7000 [01:56<01:38, 53.00it/s]
loss=0.050| sh degree=1| :  25%|██▌       | 1781/7000 [01:56<01:38, 53.00it/s]
loss=0.037| sh degree=1| :  25%|██▌       | 1781/7000 [01:56<01:38, 53.00it/s]
loss=0.064| sh degree=1| :  25%|██▌       | 1781/7000 [01:56<01:38, 53.00it/s]
loss=0.041| sh degree=1| :  25%|██▌       | 1781/7000 [01:56<01:38, 53.00it/s]
loss=0.041| sh degree=1| :  26%|██▌       | 1787/7000 [01:56<02:06, 41.20it/s]
loss=0.051| sh degree=1| :  26%|██▌       | 1787/7000 [01:56<02:06, 41.20it/s]
loss=0.047| sh degree=1| :  26%|██▌       | 1787/7000 [01:56<02:06, 41.20it/s]
loss=0.058| sh degree=1| :  26%|██▌       | 1787/7000 [01:56<02:06, 41.20it/s]
loss=0.038| sh degree=1| :  26%|██▌       | 1787/7000 [01:56<02:06, 41.20it/s]
loss=0.051| sh degree=1| :  26%|██▌       | 1787/7000 [01:57<02:06, 41.20it/s]
loss=0.051| sh degree=1| :  26%|██▌       | 1792/7000 [01:57<02:02, 42.48it/s]
loss=0.043| sh degree=1| :  26%|██▌       | 1792/7000 [01:57<02:02, 42.48it/s]
loss=0.047| sh degree=1| :  26%|██▌       | 1792/7000 [01:57<02:02, 42.48it/s]
loss=0.044| sh degree=1| :  26%|██▌       | 1792/7000 [01:57<02:02, 42.48it/s]
loss=0.043| sh degree=1| :  26%|██▌       | 1792/7000 [01:57<02:02, 42.48it/s]
loss=0.041| sh degree=1| :  26%|██▌       | 1792/7000 [01:57<02:02, 42.48it/s]
loss=0.041| sh degree=1| :  26%|██▌       | 1797/7000 [01:57<01:58, 44.08it/s]
loss=0.039| sh degree=1| :  26%|██▌       | 1797/7000 [01:57<01:58, 44.08it/s]
loss=0.038| sh degree=1| :  26%|██▌       | 1797/7000 [01:57<01:58, 44.08it/s]
loss=0.066| sh degree=1| :  26%|██▌       | 1797/7000 [01:57<01:58, 44.08it/s]
loss=0.057| sh degree=1| :  26%|██▌       | 1797/7000 [01:57<01:58, 44.08it/s]
loss=0.050| sh degree=1| :  26%|██▌       | 1797/7000 [01:57<01:58, 44.08it/s]
loss=0.050| sh degree=1| :  26%|██▌       | 1802/7000 [01:57<01:58, 43.69it/s]
loss=0.050| sh degree=1| :  26%|██▌       | 1802/7000 [01:57<01:58, 43.69it/s]
loss=0.064| sh degree=1| :  26%|██▌       | 1802/7000 [01:57<01:58, 43.69it/s]
loss=0.043| sh degree=1| :  26%|██▌       | 1802/7000 [01:57<01:58, 43.69it/s]
loss=0.042| sh degree=1| :  26%|██▌       | 1802/7000 [01:57<01:58, 43.69it/s]
loss=0.042| sh degree=1| :  26%|██▌       | 1802/7000 [01:57<01:58, 43.69it/s]
loss=0.038| sh degree=1| :  26%|██▌       | 1802/7000 [01:57<01:58, 43.69it/s]
loss=0.038| sh degree=1| :  26%|██▌       | 1808/7000 [01:57<01:52, 46.00it/s]
loss=0.038| sh degree=1| :  26%|██▌       | 1808/7000 [01:57<01:52, 46.00it/s]
loss=0.051| sh degree=1| :  26%|██▌       | 1808/7000 [01:57<01:52, 46.00it/s]
loss=0.056| sh degree=1| :  26%|██▌       | 1808/7000 [01:57<01:52, 46.00it/s]
loss=0.069| sh degree=1| :  26%|██▌       | 1808/7000 [01:57<01:52, 46.00it/s]
loss=0.056| sh degree=1| :  26%|██▌       | 1808/7000 [01:57<01:52, 46.00it/s]
loss=0.056| sh degree=1| :  26%|██▌       | 1808/7000 [01:57<01:52, 46.00it/s]
loss=0.056| sh degree=1| :  26%|██▌       | 1814/7000 [01:57<01:47, 48.26it/s]
loss=0.067| sh degree=1| :  26%|██▌       | 1814/7000 [01:57<01:47, 48.26it/s]
loss=0.047| sh degree=1| :  26%|██▌       | 1814/7000 [01:57<01:47, 48.26it/s]
loss=0.053| sh degree=1| :  26%|██▌       | 1814/7000 [01:57<01:47, 48.26it/s]
loss=0.045| sh degree=1| :  26%|██▌       | 1814/7000 [01:57<01:47, 48.26it/s]
loss=0.060| sh degree=1| :  26%|██▌       | 1814/7000 [01:57<01:47, 48.26it/s]
loss=0.050| sh degree=1| :  26%|██▌       | 1814/7000 [01:57<01:47, 48.26it/s]
loss=0.050| sh degree=1| :  26%|██▌       | 1820/7000 [01:57<01:44, 49.49it/s]
loss=0.039| sh degree=1| :  26%|██▌       | 1820/7000 [01:57<01:44, 49.49it/s]
loss=0.043| sh degree=1| :  26%|██▌       | 1820/7000 [01:57<01:44, 49.49it/s]
loss=0.041| sh degree=1| :  26%|██▌       | 1820/7000 [01:57<01:44, 49.49it/s]
loss=0.045| sh degree=1| :  26%|██▌       | 1820/7000 [01:57<01:44, 49.49it/s]
loss=0.040| sh degree=1| :  26%|██▌       | 1820/7000 [01:57<01:44, 49.49it/s]
loss=0.045| sh degree=1| :  26%|██▌       | 1820/7000 [01:57<01:44, 49.49it/s]
loss=0.045| sh degree=1| :  26%|██▌       | 1826/7000 [01:57<01:42, 50.32it/s]
loss=0.058| sh degree=1| :  26%|██▌       | 1826/7000 [01:57<01:42, 50.32it/s]
loss=0.037| sh degree=1| :  26%|██▌       | 1826/7000 [01:57<01:42, 50.32it/s]
loss=0.034| sh degree=1| :  26%|██▌       | 1826/7000 [01:57<01:42, 50.32it/s]
loss=0.041| sh degree=1| :  26%|██▌       | 1826/7000 [01:57<01:42, 50.32it/s]
loss=0.058| sh degree=1| :  26%|██▌       | 1826/7000 [01:57<01:42, 50.32it/s]
loss=0.052| sh degree=1| :  26%|██▌       | 1826/7000 [01:57<01:42, 50.32it/s]
loss=0.052| sh degree=1| :  26%|██▌       | 1832/7000 [01:57<01:41, 51.16it/s]
loss=0.039| sh degree=1| :  26%|██▌       | 1832/7000 [01:57<01:41, 51.16it/s]
loss=0.054| sh degree=1| :  26%|██▌       | 1832/7000 [01:57<01:41, 51.16it/s]
loss=0.035| sh degree=1| :  26%|██▌       | 1832/7000 [01:57<01:41, 51.16it/s]
loss=0.045| sh degree=1| :  26%|██▌       | 1832/7000 [01:57<01:41, 51.16it/s]
loss=0.057| sh degree=1| :  26%|██▌       | 1832/7000 [01:57<01:41, 51.16it/s]
loss=0.038| sh degree=1| :  26%|██▌       | 1832/7000 [01:57<01:41, 51.16it/s]
loss=0.038| sh degree=1| :  26%|██▋       | 1838/7000 [01:57<01:39, 51.95it/s]
loss=0.044| sh degree=1| :  26%|██▋       | 1838/7000 [01:57<01:39, 51.95it/s]
loss=0.049| sh degree=1| :  26%|██▋       | 1838/7000 [01:57<01:39, 51.95it/s]
loss=0.046| sh degree=1| :  26%|██▋       | 1838/7000 [01:57<01:39, 51.95it/s]
loss=0.042| sh degree=1| :  26%|██▋       | 1838/7000 [01:57<01:39, 51.95it/s]
loss=0.044| sh degree=1| :  26%|██▋       | 1838/7000 [01:57<01:39, 51.95it/s]
loss=0.036| sh degree=1| :  26%|██▋       | 1838/7000 [01:58<01:39, 51.95it/s]
loss=0.036| sh degree=1| :  26%|██▋       | 1844/7000 [01:58<01:39, 51.79it/s]
loss=0.075| sh degree=1| :  26%|██▋       | 1844/7000 [01:58<01:39, 51.79it/s]
loss=0.047| sh degree=1| :  26%|██▋       | 1844/7000 [01:58<01:39, 51.79it/s]
loss=0.073| sh degree=1| :  26%|██▋       | 1844/7000 [01:58<01:39, 51.79it/s]
loss=0.039| sh degree=1| :  26%|██▋       | 1844/7000 [01:58<01:39, 51.79it/s]
loss=0.052| sh degree=1| :  26%|██▋       | 1844/7000 [01:58<01:39, 51.79it/s]
loss=0.034| sh degree=1| :  26%|██▋       | 1844/7000 [01:58<01:39, 51.79it/s]
loss=0.034| sh degree=1| :  26%|██▋       | 1850/7000 [01:58<01:40, 51.21it/s]
loss=0.052| sh degree=1| :  26%|██▋       | 1850/7000 [01:58<01:40, 51.21it/s]
loss=0.054| sh degree=1| :  26%|██▋       | 1850/7000 [01:58<01:40, 51.21it/s]
loss=0.037| sh degree=1| :  26%|██▋       | 1850/7000 [01:58<01:40, 51.21it/s]
loss=0.049| sh degree=1| :  26%|██▋       | 1850/7000 [01:58<01:40, 51.21it/s]
loss=0.038| sh degree=1| :  26%|██▋       | 1850/7000 [01:58<01:40, 51.21it/s]
loss=0.042| sh degree=1| :  26%|██▋       | 1850/7000 [01:58<01:40, 51.21it/s]
loss=0.042| sh degree=1| :  27%|██▋       | 1856/7000 [01:58<01:40, 50.95it/s]
loss=0.048| sh degree=1| :  27%|██▋       | 1856/7000 [01:58<01:40, 50.95it/s]
loss=0.064| sh degree=1| :  27%|██▋       | 1856/7000 [01:58<01:40, 50.95it/s]
loss=0.039| sh degree=1| :  27%|██▋       | 1856/7000 [01:58<01:40, 50.95it/s]
loss=0.046| sh degree=1| :  27%|██▋       | 1856/7000 [01:58<01:40, 50.95it/s]
loss=0.045| sh degree=1| :  27%|██▋       | 1856/7000 [01:58<01:40, 50.95it/s]
loss=0.051| sh degree=1| :  27%|██▋       | 1856/7000 [01:58<01:40, 50.95it/s]
loss=0.051| sh degree=1| :  27%|██▋       | 1862/7000 [01:58<01:40, 51.18it/s]
loss=0.056| sh degree=1| :  27%|██▋       | 1862/7000 [01:58<01:40, 51.18it/s]
loss=0.040| sh degree=1| :  27%|██▋       | 1862/7000 [01:58<01:40, 51.18it/s]
loss=0.060| sh degree=1| :  27%|██▋       | 1862/7000 [01:58<01:40, 51.18it/s]
loss=0.056| sh degree=1| :  27%|██▋       | 1862/7000 [01:58<01:40, 51.18it/s]
loss=0.062| sh degree=1| :  27%|██▋       | 1862/7000 [01:58<01:40, 51.18it/s]
loss=0.039| sh degree=1| :  27%|██▋       | 1862/7000 [01:58<01:40, 51.18it/s]
loss=0.039| sh degree=1| :  27%|██▋       | 1868/7000 [01:58<01:39, 51.64it/s]
loss=0.038| sh degree=1| :  27%|██▋       | 1868/7000 [01:58<01:39, 51.64it/s]
loss=0.037| sh degree=1| :  27%|██▋       | 1868/7000 [01:58<01:39, 51.64it/s]
loss=0.052| sh degree=1| :  27%|██▋       | 1868/7000 [01:58<01:39, 51.64it/s]
loss=0.050| sh degree=1| :  27%|██▋       | 1868/7000 [01:58<01:39, 51.64it/s]
loss=0.046| sh degree=1| :  27%|██▋       | 1868/7000 [01:58<01:39, 51.64it/s]
loss=0.039| sh degree=1| :  27%|██▋       | 1868/7000 [01:58<01:39, 51.64it/s]
loss=0.039| sh degree=1| :  27%|██▋       | 1874/7000 [01:58<01:40, 51.20it/s]
loss=0.038| sh degree=1| :  27%|██▋       | 1874/7000 [01:58<01:40, 51.20it/s]
loss=0.040| sh degree=1| :  27%|██▋       | 1874/7000 [01:58<01:40, 51.20it/s]
loss=0.056| sh degree=1| :  27%|██▋       | 1874/7000 [01:58<01:40, 51.20it/s]
loss=0.044| sh degree=1| :  27%|██▋       | 1874/7000 [01:58<01:40, 51.20it/s]
loss=0.037| sh degree=1| :  27%|██▋       | 1874/7000 [01:58<01:40, 51.20it/s]
loss=0.049| sh degree=1| :  27%|██▋       | 1874/7000 [01:58<01:40, 51.20it/s]
loss=0.049| sh degree=1| :  27%|██▋       | 1880/7000 [01:58<01:39, 51.48it/s]
loss=0.045| sh degree=1| :  27%|██▋       | 1880/7000 [01:58<01:39, 51.48it/s]
loss=0.042| sh degree=1| :  27%|██▋       | 1880/7000 [01:58<01:39, 51.48it/s]
loss=0.035| sh degree=1| :  27%|██▋       | 1880/7000 [01:58<01:39, 51.48it/s]
loss=0.044| sh degree=1| :  27%|██▋       | 1880/7000 [01:58<01:39, 51.48it/s]
loss=0.044| sh degree=1| :  27%|██▋       | 1880/7000 [01:58<01:39, 51.48it/s]
loss=0.047| sh degree=1| :  27%|██▋       | 1880/7000 [01:58<01:39, 51.48it/s]
loss=0.047| sh degree=1| :  27%|██▋       | 1886/7000 [01:58<01:40, 51.01it/s]
loss=0.042| sh degree=1| :  27%|██▋       | 1886/7000 [01:58<01:40, 51.01it/s]
loss=0.036| sh degree=1| :  27%|██▋       | 1886/7000 [01:58<01:40, 51.01it/s]
loss=0.034| sh degree=1| :  27%|██▋       | 1886/7000 [01:58<01:40, 51.01it/s]
loss=0.036| sh degree=1| :  27%|██▋       | 1886/7000 [01:58<01:40, 51.01it/s]
loss=0.050| sh degree=1| :  27%|██▋       | 1886/7000 [01:58<01:40, 51.01it/s]
loss=0.055| sh degree=1| :  27%|██▋       | 1886/7000 [01:58<01:40, 51.01it/s]
loss=0.055| sh degree=1| :  27%|██▋       | 1892/7000 [01:58<01:39, 51.53it/s]
loss=0.054| sh degree=1| :  27%|██▋       | 1892/7000 [01:58<01:39, 51.53it/s]
loss=0.035| sh degree=1| :  27%|██▋       | 1892/7000 [01:58<01:39, 51.53it/s]
loss=0.034| sh degree=1| :  27%|██▋       | 1892/7000 [01:59<01:39, 51.53it/s]
loss=0.053| sh degree=1| :  27%|██▋       | 1892/7000 [01:59<01:39, 51.53it/s]
loss=0.047| sh degree=1| :  27%|██▋       | 1892/7000 [01:59<01:39, 51.53it/s]
loss=0.040| sh degree=1| :  27%|██▋       | 1892/7000 [01:59<01:39, 51.53it/s]
loss=0.040| sh degree=1| :  27%|██▋       | 1898/7000 [01:59<01:40, 50.97it/s]
loss=0.053| sh degree=1| :  27%|██▋       | 1898/7000 [01:59<01:40, 50.97it/s]
loss=0.058| sh degree=1| :  27%|██▋       | 1898/7000 [01:59<01:40, 50.97it/s]
loss=0.039| sh degree=1| :  27%|██▋       | 1898/7000 [01:59<01:40, 50.97it/s]
loss=0.063| sh degree=1| :  27%|██▋       | 1898/7000 [01:59<01:40, 50.97it/s]
loss=0.049| sh degree=1| :  27%|██▋       | 1898/7000 [01:59<01:40, 50.97it/s]
loss=0.058| sh degree=1| :  27%|██▋       | 1898/7000 [01:59<01:40, 50.97it/s]
loss=0.058| sh degree=1| :  27%|██▋       | 1904/7000 [01:59<01:44, 48.68it/s]
loss=0.051| sh degree=1| :  27%|██▋       | 1904/7000 [01:59<01:44, 48.68it/s]
loss=0.047| sh degree=1| :  27%|██▋       | 1904/7000 [01:59<01:44, 48.68it/s]
loss=0.043| sh degree=1| :  27%|██▋       | 1904/7000 [01:59<01:44, 48.68it/s]
loss=0.051| sh degree=1| :  27%|██▋       | 1904/7000 [01:59<01:44, 48.68it/s]
loss=0.056| sh degree=1| :  27%|██▋       | 1904/7000 [01:59<01:44, 48.68it/s]
loss=0.045| sh degree=1| :  27%|██▋       | 1904/7000 [01:59<01:44, 48.68it/s]
loss=0.045| sh degree=1| :  27%|██▋       | 1910/7000 [01:59<01:43, 49.36it/s]
loss=0.042| sh degree=1| :  27%|██▋       | 1910/7000 [01:59<01:43, 49.36it/s]
loss=0.060| sh degree=1| :  27%|██▋       | 1910/7000 [01:59<01:43, 49.36it/s]
loss=0.043| sh degree=1| :  27%|██▋       | 1910/7000 [01:59<01:43, 49.36it/s]
loss=0.051| sh degree=1| :  27%|██▋       | 1910/7000 [01:59<01:43, 49.36it/s]
loss=0.051| sh degree=1| :  27%|██▋       | 1910/7000 [01:59<01:43, 49.36it/s]
loss=0.045| sh degree=1| :  27%|██▋       | 1910/7000 [01:59<01:43, 49.36it/s]
loss=0.045| sh degree=1| :  27%|██▋       | 1916/7000 [01:59<01:41, 49.94it/s]
loss=0.062| sh degree=1| :  27%|██▋       | 1916/7000 [01:59<01:41, 49.94it/s]
loss=0.045| sh degree=1| :  27%|██▋       | 1916/7000 [01:59<01:41, 49.94it/s]
loss=0.048| sh degree=1| :  27%|██▋       | 1916/7000 [01:59<01:41, 49.94it/s]
loss=0.044| sh degree=1| :  27%|██▋       | 1916/7000 [01:59<01:41, 49.94it/s]
loss=0.044| sh degree=1| :  27%|██▋       | 1916/7000 [01:59<01:41, 49.94it/s]
loss=0.039| sh degree=1| :  27%|██▋       | 1916/7000 [01:59<01:41, 49.94it/s]
loss=0.039| sh degree=1| :  27%|██▋       | 1922/7000 [01:59<01:41, 50.27it/s]
loss=0.040| sh degree=1| :  27%|██▋       | 1922/7000 [01:59<01:41, 50.27it/s]
loss=0.046| sh degree=1| :  27%|██▋       | 1922/7000 [01:59<01:41, 50.27it/s]
loss=0.053| sh degree=1| :  27%|██▋       | 1922/7000 [01:59<01:41, 50.27it/s]
loss=0.059| sh degree=1| :  27%|██▋       | 1922/7000 [01:59<01:41, 50.27it/s]
loss=0.059| sh degree=1| :  27%|██▋       | 1922/7000 [01:59<01:41, 50.27it/s]
loss=0.040| sh degree=1| :  27%|██▋       | 1922/7000 [01:59<01:41, 50.27it/s]
loss=0.040| sh degree=1| :  28%|██▊       | 1928/7000 [01:59<01:40, 50.71it/s]
loss=0.036| sh degree=1| :  28%|██▊       | 1928/7000 [01:59<01:40, 50.71it/s]
loss=0.042| sh degree=1| :  28%|██▊       | 1928/7000 [01:59<01:40, 50.71it/s]
loss=0.053| sh degree=1| :  28%|██▊       | 1928/7000 [01:59<01:40, 50.71it/s]
loss=0.053| sh degree=1| :  28%|██▊       | 1928/7000 [01:59<01:40, 50.71it/s]
loss=0.037| sh degree=1| :  28%|██▊       | 1928/7000 [01:59<01:40, 50.71it/s]
loss=0.049| sh degree=1| :  28%|██▊       | 1928/7000 [01:59<01:40, 50.71it/s]
loss=0.049| sh degree=1| :  28%|██▊       | 1934/7000 [01:59<01:39, 50.82it/s]
loss=0.045| sh degree=1| :  28%|██▊       | 1934/7000 [01:59<01:39, 50.82it/s]
loss=0.053| sh degree=1| :  28%|██▊       | 1934/7000 [01:59<01:39, 50.82it/s]
loss=0.052| sh degree=1| :  28%|██▊       | 1934/7000 [01:59<01:39, 50.82it/s]
loss=0.046| sh degree=1| :  28%|██▊       | 1934/7000 [01:59<01:39, 50.82it/s]
loss=0.051| sh degree=1| :  28%|██▊       | 1934/7000 [01:59<01:39, 50.82it/s]
loss=0.044| sh degree=1| :  28%|██▊       | 1934/7000 [01:59<01:39, 50.82it/s]
loss=0.044| sh degree=1| :  28%|██▊       | 1940/7000 [01:59<01:40, 50.58it/s]
loss=0.050| sh degree=1| :  28%|██▊       | 1940/7000 [01:59<01:40, 50.58it/s]
loss=0.035| sh degree=1| :  28%|██▊       | 1940/7000 [01:59<01:40, 50.58it/s]
loss=0.047| sh degree=1| :  28%|██▊       | 1940/7000 [01:59<01:40, 50.58it/s]
loss=0.035| sh degree=1| :  28%|██▊       | 1940/7000 [01:59<01:40, 50.58it/s]
loss=0.049| sh degree=1| :  28%|██▊       | 1940/7000 [02:00<01:40, 50.58it/s]
loss=0.046| sh degree=1| :  28%|██▊       | 1940/7000 [02:00<01:40, 50.58it/s]
loss=0.046| sh degree=1| :  28%|██▊       | 1946/7000 [02:00<01:38, 51.05it/s]
loss=0.037| sh degree=1| :  28%|██▊       | 1946/7000 [02:00<01:38, 51.05it/s]
loss=0.054| sh degree=1| :  28%|██▊       | 1946/7000 [02:00<01:38, 51.05it/s]
loss=0.059| sh degree=1| :  28%|██▊       | 1946/7000 [02:00<01:38, 51.05it/s]
loss=0.043| sh degree=1| :  28%|██▊       | 1946/7000 [02:00<01:38, 51.05it/s]
loss=0.046| sh degree=1| :  28%|██▊       | 1946/7000 [02:00<01:38, 51.05it/s]
loss=0.048| sh degree=1| :  28%|██▊       | 1946/7000 [02:00<01:38, 51.05it/s]
loss=0.048| sh degree=1| :  28%|██▊       | 1952/7000 [02:00<01:38, 51.11it/s]
loss=0.034| sh degree=1| :  28%|██▊       | 1952/7000 [02:00<01:38, 51.11it/s]
loss=0.035| sh degree=1| :  28%|██▊       | 1952/7000 [02:00<01:38, 51.11it/s]
loss=0.045| sh degree=1| :  28%|██▊       | 1952/7000 [02:00<01:38, 51.11it/s]
loss=0.048| sh degree=1| :  28%|██▊       | 1952/7000 [02:00<01:38, 51.11it/s]
loss=0.031| sh degree=1| :  28%|██▊       | 1952/7000 [02:00<01:38, 51.11it/s]
loss=0.055| sh degree=1| :  28%|██▊       | 1952/7000 [02:00<01:38, 51.11it/s]
loss=0.055| sh degree=1| :  28%|██▊       | 1958/7000 [02:00<01:39, 50.80it/s]
loss=0.039| sh degree=1| :  28%|██▊       | 1958/7000 [02:00<01:39, 50.80it/s]
loss=0.032| sh degree=1| :  28%|██▊       | 1958/7000 [02:00<01:39, 50.80it/s]
loss=0.032| sh degree=1| :  28%|██▊       | 1958/7000 [02:00<01:39, 50.80it/s]
loss=0.042| sh degree=1| :  28%|██▊       | 1958/7000 [02:00<01:39, 50.80it/s]
loss=0.056| sh degree=1| :  28%|██▊       | 1958/7000 [02:00<01:39, 50.80it/s]
loss=0.036| sh degree=1| :  28%|██▊       | 1958/7000 [02:00<01:39, 50.80it/s]
loss=0.036| sh degree=1| :  28%|██▊       | 1964/7000 [02:00<01:38, 51.19it/s]
loss=0.068| sh degree=1| :  28%|██▊       | 1964/7000 [02:00<01:38, 51.19it/s]
loss=0.050| sh degree=1| :  28%|██▊       | 1964/7000 [02:00<01:38, 51.19it/s]
loss=0.042| sh degree=1| :  28%|██▊       | 1964/7000 [02:00<01:38, 51.19it/s]
loss=0.038| sh degree=1| :  28%|██▊       | 1964/7000 [02:00<01:38, 51.19it/s]
loss=0.040| sh degree=1| :  28%|██▊       | 1964/7000 [02:00<01:38, 51.19it/s]
loss=0.040| sh degree=1| :  28%|██▊       | 1964/7000 [02:00<01:38, 51.19it/s]
loss=0.040| sh degree=1| :  28%|██▊       | 1970/7000 [02:00<01:38, 51.20it/s]
loss=0.042| sh degree=1| :  28%|██▊       | 1970/7000 [02:00<01:38, 51.20it/s]
loss=0.047| sh degree=1| :  28%|██▊       | 1970/7000 [02:00<01:38, 51.20it/s]
loss=0.042| sh degree=1| :  28%|██▊       | 1970/7000 [02:00<01:38, 51.20it/s]
loss=0.041| sh degree=1| :  28%|██▊       | 1970/7000 [02:00<01:38, 51.20it/s]
loss=0.046| sh degree=1| :  28%|██▊       | 1970/7000 [02:00<01:38, 51.20it/s]
loss=0.040| sh degree=1| :  28%|██▊       | 1970/7000 [02:00<01:38, 51.20it/s]
loss=0.040| sh degree=1| :  28%|██▊       | 1976/7000 [02:00<01:38, 51.02it/s]
loss=0.037| sh degree=1| :  28%|██▊       | 1976/7000 [02:00<01:38, 51.02it/s]
loss=0.048| sh degree=1| :  28%|██▊       | 1976/7000 [02:00<01:38, 51.02it/s]
loss=0.037| sh degree=1| :  28%|██▊       | 1976/7000 [02:00<01:38, 51.02it/s]
loss=0.036| sh degree=1| :  28%|██▊       | 1976/7000 [02:00<01:38, 51.02it/s]
loss=0.044| sh degree=1| :  28%|██▊       | 1976/7000 [02:00<01:38, 51.02it/s]
loss=0.060| sh degree=1| :  28%|██▊       | 1976/7000 [02:00<01:38, 51.02it/s]
loss=0.060| sh degree=1| :  28%|██▊       | 1982/7000 [02:00<01:38, 50.82it/s]
loss=0.049| sh degree=1| :  28%|██▊       | 1982/7000 [02:00<01:38, 50.82it/s]
loss=0.038| sh degree=1| :  28%|██▊       | 1982/7000 [02:00<01:38, 50.82it/s]
loss=0.033| sh degree=1| :  28%|██▊       | 1982/7000 [02:00<01:38, 50.82it/s]
loss=0.042| sh degree=1| :  28%|██▊       | 1982/7000 [02:00<01:38, 50.82it/s]
loss=0.037| sh degree=1| :  28%|██▊       | 1982/7000 [02:00<01:38, 50.82it/s]
loss=0.035| sh degree=1| :  28%|██▊       | 1982/7000 [02:00<01:38, 50.82it/s]
loss=0.035| sh degree=1| :  28%|██▊       | 1988/7000 [02:00<01:38, 51.12it/s]
loss=0.037| sh degree=1| :  28%|██▊       | 1988/7000 [02:00<01:38, 51.12it/s]
loss=0.054| sh degree=1| :  28%|██▊       | 1988/7000 [02:00<01:38, 51.12it/s]
loss=0.047| sh degree=1| :  28%|██▊       | 1988/7000 [02:00<01:38, 51.12it/s]
loss=0.049| sh degree=1| :  28%|██▊       | 1988/7000 [02:00<01:38, 51.12it/s]
loss=0.056| sh degree=1| :  28%|██▊       | 1988/7000 [02:00<01:38, 51.12it/s]
loss=0.051| sh degree=1| :  28%|██▊       | 1988/7000 [02:00<01:38, 51.12it/s]
loss=0.051| sh degree=1| :  28%|██▊       | 1994/7000 [02:00<01:37, 51.40it/s]
loss=0.038| sh degree=1| :  28%|██▊       | 1994/7000 [02:00<01:37, 51.40it/s]
loss=0.054| sh degree=1| :  28%|██▊       | 1994/7000 [02:01<01:37, 51.40it/s]
loss=0.064| sh degree=1| :  28%|██▊       | 1994/7000 [02:01<01:37, 51.40it/s]
loss=0.062| sh degree=1| :  28%|██▊       | 1994/7000 [02:01<01:37, 51.40it/s]
loss=0.058| sh degree=1| :  28%|██▊       | 1994/7000 [02:01<01:37, 51.40it/s]
loss=0.041| sh degree=1| :  28%|██▊       | 1994/7000 [02:01<01:37, 51.40it/s]
loss=0.041| sh degree=1| :  29%|██▊       | 2000/7000 [02:01<01:37, 51.54it/s]
loss=0.045| sh degree=2| :  29%|██▊       | 2000/7000 [02:01<01:37, 51.54it/s]
loss=0.042| sh degree=2| :  29%|██▊       | 2000/7000 [02:01<01:37, 51.54it/s]
loss=0.058| sh degree=2| :  29%|██▊       | 2000/7000 [02:01<01:37, 51.54it/s]
loss=0.051| sh degree=2| :  29%|██▊       | 2000/7000 [02:01<01:37, 51.54it/s]
loss=0.039| sh degree=2| :  29%|██▊       | 2000/7000 [02:01<01:37, 51.54it/s]
loss=0.058| sh degree=2| :  29%|██▊       | 2000/7000 [02:01<01:37, 51.54it/s]
loss=0.058| sh degree=2| :  29%|██▊       | 2006/7000 [02:01<01:41, 49.05it/s]
loss=0.052| sh degree=2| :  29%|██▊       | 2006/7000 [02:01<01:41, 49.05it/s]
loss=0.040| sh degree=2| :  29%|██▊       | 2006/7000 [02:01<01:41, 49.05it/s]
loss=0.056| sh degree=2| :  29%|██▊       | 2006/7000 [02:01<01:41, 49.05it/s]
loss=0.053| sh degree=2| :  29%|██▊       | 2006/7000 [02:01<01:41, 49.05it/s]
loss=0.050| sh degree=2| :  29%|██▊       | 2006/7000 [02:01<01:41, 49.05it/s]
loss=0.050| sh degree=2| :  29%|██▊       | 2011/7000 [02:01<01:41, 49.25it/s]
loss=0.044| sh degree=2| :  29%|██▊       | 2011/7000 [02:01<01:41, 49.25it/s]
loss=0.043| sh degree=2| :  29%|██▊       | 2011/7000 [02:01<01:41, 49.25it/s]
loss=0.080| sh degree=2| :  29%|██▊       | 2011/7000 [02:01<01:41, 49.25it/s]
loss=0.046| sh degree=2| :  29%|██▊       | 2011/7000 [02:01<01:41, 49.25it/s]
loss=0.043| sh degree=2| :  29%|██▊       | 2011/7000 [02:01<01:41, 49.25it/s]
loss=0.043| sh degree=2| :  29%|██▉       | 2016/7000 [02:01<01:41, 49.11it/s]
loss=0.054| sh degree=2| :  29%|██▉       | 2016/7000 [02:01<01:41, 49.11it/s]
loss=0.048| sh degree=2| :  29%|██▉       | 2016/7000 [02:01<01:41, 49.11it/s]
loss=0.040| sh degree=2| :  29%|██▉       | 2016/7000 [02:01<01:41, 49.11it/s]
loss=0.042| sh degree=2| :  29%|██▉       | 2016/7000 [02:01<01:41, 49.11it/s]
loss=0.045| sh degree=2| :  29%|██▉       | 2016/7000 [02:01<01:41, 49.11it/s]
loss=0.050| sh degree=2| :  29%|██▉       | 2016/7000 [02:01<01:41, 49.11it/s]
loss=0.050| sh degree=2| :  29%|██▉       | 2022/7000 [02:01<01:39, 49.79it/s]
loss=0.046| sh degree=2| :  29%|██▉       | 2022/7000 [02:01<01:39, 49.79it/s]
loss=0.053| sh degree=2| :  29%|██▉       | 2022/7000 [02:01<01:39, 49.79it/s]
loss=0.068| sh degree=2| :  29%|██▉       | 2022/7000 [02:01<01:39, 49.79it/s]
loss=0.042| sh degree=2| :  29%|██▉       | 2022/7000 [02:01<01:39, 49.79it/s]
loss=0.037| sh degree=2| :  29%|██▉       | 2022/7000 [02:01<01:39, 49.79it/s]
loss=0.037| sh degree=2| :  29%|██▉       | 2027/7000 [02:01<01:40, 49.72it/s]
loss=0.038| sh degree=2| :  29%|██▉       | 2027/7000 [02:01<01:40, 49.72it/s]
loss=0.056| sh degree=2| :  29%|██▉       | 2027/7000 [02:01<01:40, 49.72it/s]
loss=0.034| sh degree=2| :  29%|██▉       | 2027/7000 [02:01<01:40, 49.72it/s]
loss=0.037| sh degree=2| :  29%|██▉       | 2027/7000 [02:01<01:40, 49.72it/s]
loss=0.032| sh degree=2| :  29%|██▉       | 2027/7000 [02:01<01:40, 49.72it/s]
loss=0.052| sh degree=2| :  29%|██▉       | 2027/7000 [02:01<01:40, 49.72it/s]
loss=0.052| sh degree=2| :  29%|██▉       | 2033/7000 [02:01<01:38, 50.38it/s]
loss=0.051| sh degree=2| :  29%|██▉       | 2033/7000 [02:01<01:38, 50.38it/s]
loss=0.049| sh degree=2| :  29%|██▉       | 2033/7000 [02:01<01:38, 50.38it/s]
loss=0.063| sh degree=2| :  29%|██▉       | 2033/7000 [02:01<01:38, 50.38it/s]
loss=0.036| sh degree=2| :  29%|██▉       | 2033/7000 [02:01<01:38, 50.38it/s]
loss=0.042| sh degree=2| :  29%|██▉       | 2033/7000 [02:01<01:38, 50.38it/s]
loss=0.043| sh degree=2| :  29%|██▉       | 2033/7000 [02:01<01:38, 50.38it/s]
loss=0.043| sh degree=2| :  29%|██▉       | 2039/7000 [02:01<01:38, 50.42it/s]
loss=0.035| sh degree=2| :  29%|██▉       | 2039/7000 [02:01<01:38, 50.42it/s]
loss=0.032| sh degree=2| :  29%|██▉       | 2039/7000 [02:02<01:38, 50.42it/s]
loss=0.031| sh degree=2| :  29%|██▉       | 2039/7000 [02:02<01:38, 50.42it/s]
loss=0.046| sh degree=2| :  29%|██▉       | 2039/7000 [02:02<01:38, 50.42it/s]
loss=0.047| sh degree=2| :  29%|██▉       | 2039/7000 [02:02<01:38, 50.42it/s]
loss=0.044| sh degree=2| :  29%|██▉       | 2039/7000 [02:02<01:38, 50.42it/s]
loss=0.044| sh degree=2| :  29%|██▉       | 2045/7000 [02:02<02:11, 37.66it/s]
loss=0.044| sh degree=2| :  29%|██▉       | 2045/7000 [02:02<02:11, 37.66it/s]
loss=0.050| sh degree=2| :  29%|██▉       | 2045/7000 [02:02<02:11, 37.66it/s]
loss=0.049| sh degree=2| :  29%|██▉       | 2045/7000 [02:02<02:11, 37.66it/s]
loss=0.035| sh degree=2| :  29%|██▉       | 2045/7000 [02:02<02:11, 37.66it/s]
loss=0.035| sh degree=2| :  29%|██▉       | 2045/7000 [02:02<02:11, 37.66it/s]
loss=0.043| sh degree=2| :  29%|██▉       | 2045/7000 [02:02<02:11, 37.66it/s]
loss=0.043| sh degree=2| :  29%|██▉       | 2051/7000 [02:02<02:01, 40.80it/s]
loss=0.039| sh degree=2| :  29%|██▉       | 2051/7000 [02:02<02:01, 40.80it/s]
loss=0.051| sh degree=2| :  29%|██▉       | 2051/7000 [02:02<02:01, 40.80it/s]
loss=0.056| sh degree=2| :  29%|██▉       | 2051/7000 [02:02<02:01, 40.80it/s]
loss=0.054| sh degree=2| :  29%|██▉       | 2051/7000 [02:02<02:01, 40.80it/s]
loss=0.039| sh degree=2| :  29%|██▉       | 2051/7000 [02:02<02:01, 40.80it/s]
loss=0.044| sh degree=2| :  29%|██▉       | 2051/7000 [02:02<02:01, 40.80it/s]
loss=0.044| sh degree=2| :  29%|██▉       | 2057/7000 [02:02<01:53, 43.39it/s]
loss=0.032| sh degree=2| :  29%|██▉       | 2057/7000 [02:02<01:53, 43.39it/s]
loss=0.041| sh degree=2| :  29%|██▉       | 2057/7000 [02:02<01:53, 43.39it/s]
loss=0.054| sh degree=2| :  29%|██▉       | 2057/7000 [02:02<01:53, 43.39it/s]
loss=0.031| sh degree=2| :  29%|██▉       | 2057/7000 [02:02<01:53, 43.39it/s]
loss=0.039| sh degree=2| :  29%|██▉       | 2057/7000 [02:02<01:53, 43.39it/s]
loss=0.036| sh degree=2| :  29%|██▉       | 2057/7000 [02:02<01:53, 43.39it/s]
loss=0.036| sh degree=2| :  29%|██▉       | 2063/7000 [02:02<01:48, 45.58it/s]
loss=0.031| sh degree=2| :  29%|██▉       | 2063/7000 [02:02<01:48, 45.58it/s]
loss=0.031| sh degree=2| :  29%|██▉       | 2063/7000 [02:02<01:48, 45.58it/s]
loss=0.042| sh degree=2| :  29%|██▉       | 2063/7000 [02:02<01:48, 45.58it/s]
loss=0.054| sh degree=2| :  29%|██▉       | 2063/7000 [02:02<01:48, 45.58it/s]
loss=0.037| sh degree=2| :  29%|██▉       | 2063/7000 [02:02<01:48, 45.58it/s]
loss=0.037| sh degree=2| :  29%|██▉       | 2063/7000 [02:02<01:48, 45.58it/s]
loss=0.037| sh degree=2| :  30%|██▉       | 2069/7000 [02:02<01:44, 47.14it/s]
loss=0.046| sh degree=2| :  30%|██▉       | 2069/7000 [02:02<01:44, 47.14it/s]
loss=0.043| sh degree=2| :  30%|██▉       | 2069/7000 [02:02<01:44, 47.14it/s]
loss=0.035| sh degree=2| :  30%|██▉       | 2069/7000 [02:02<01:44, 47.14it/s]
loss=0.040| sh degree=2| :  30%|██▉       | 2069/7000 [02:02<01:44, 47.14it/s]
loss=0.050| sh degree=2| :  30%|██▉       | 2069/7000 [02:02<01:44, 47.14it/s]
loss=0.064| sh degree=2| :  30%|██▉       | 2069/7000 [02:02<01:44, 47.14it/s]
loss=0.064| sh degree=2| :  30%|██▉       | 2075/7000 [02:02<01:42, 47.90it/s]
loss=0.035| sh degree=2| :  30%|██▉       | 2075/7000 [02:02<01:42, 47.90it/s]
loss=0.050| sh degree=2| :  30%|██▉       | 2075/7000 [02:02<01:42, 47.90it/s]
loss=0.035| sh degree=2| :  30%|██▉       | 2075/7000 [02:02<01:42, 47.90it/s]
loss=0.050| sh degree=2| :  30%|██▉       | 2075/7000 [02:02<01:42, 47.90it/s]
loss=0.062| sh degree=2| :  30%|██▉       | 2075/7000 [02:02<01:42, 47.90it/s]
loss=0.035| sh degree=2| :  30%|██▉       | 2075/7000 [02:02<01:42, 47.90it/s]
loss=0.035| sh degree=2| :  30%|██▉       | 2081/7000 [02:02<01:41, 48.51it/s]
loss=0.033| sh degree=2| :  30%|██▉       | 2081/7000 [02:02<01:41, 48.51it/s]
loss=0.041| sh degree=2| :  30%|██▉       | 2081/7000 [02:02<01:41, 48.51it/s]
loss=0.034| sh degree=2| :  30%|██▉       | 2081/7000 [02:02<01:41, 48.51it/s]
loss=0.034| sh degree=2| :  30%|██▉       | 2081/7000 [02:02<01:41, 48.51it/s]
loss=0.045| sh degree=2| :  30%|██▉       | 2081/7000 [02:02<01:41, 48.51it/s]
loss=0.045| sh degree=2| :  30%|██▉       | 2086/7000 [02:02<01:42, 48.02it/s]
loss=0.052| sh degree=2| :  30%|██▉       | 2086/7000 [02:02<01:42, 48.02it/s]
loss=0.049| sh degree=2| :  30%|██▉       | 2086/7000 [02:02<01:42, 48.02it/s]
loss=0.033| sh degree=2| :  30%|██▉       | 2086/7000 [02:03<01:42, 48.02it/s]
loss=0.032| sh degree=2| :  30%|██▉       | 2086/7000 [02:03<01:42, 48.02it/s]
loss=0.034| sh degree=2| :  30%|██▉       | 2086/7000 [02:03<01:42, 48.02it/s]
loss=0.032| sh degree=2| :  30%|██▉       | 2086/7000 [02:03<01:42, 48.02it/s]
loss=0.032| sh degree=2| :  30%|██▉       | 2092/7000 [02:03<01:40, 49.03it/s]
loss=0.034| sh degree=2| :  30%|██▉       | 2092/7000 [02:03<01:40, 49.03it/s]
loss=0.058| sh degree=2| :  30%|██▉       | 2092/7000 [02:03<01:40, 49.03it/s]
loss=0.037| sh degree=2| :  30%|██▉       | 2092/7000 [02:03<01:40, 49.03it/s]
loss=0.039| sh degree=2| :  30%|██▉       | 2092/7000 [02:03<01:40, 49.03it/s]
loss=0.050| sh degree=2| :  30%|██▉       | 2092/7000 [02:03<01:40, 49.03it/s]
loss=0.050| sh degree=2| :  30%|██▉       | 2097/7000 [02:03<01:39, 49.15it/s]
loss=0.042| sh degree=2| :  30%|██▉       | 2097/7000 [02:03<01:39, 49.15it/s]
loss=0.050| sh degree=2| :  30%|██▉       | 2097/7000 [02:03<01:39, 49.15it/s]
loss=0.033| sh degree=2| :  30%|██▉       | 2097/7000 [02:03<01:39, 49.15it/s]
loss=0.040| sh degree=2| :  30%|██▉       | 2097/7000 [02:03<01:39, 49.15it/s]
loss=0.046| sh degree=2| :  30%|██▉       | 2097/7000 [02:03<01:39, 49.15it/s]
loss=0.046| sh degree=2| :  30%|███       | 2102/7000 [02:03<01:44, 46.68it/s]
loss=0.054| sh degree=2| :  30%|███       | 2102/7000 [02:03<01:44, 46.68it/s]
loss=0.047| sh degree=2| :  30%|███       | 2102/7000 [02:03<01:44, 46.68it/s]
loss=0.054| sh degree=2| :  30%|███       | 2102/7000 [02:03<01:44, 46.68it/s]
loss=0.040| sh degree=2| :  30%|███       | 2102/7000 [02:03<01:44, 46.68it/s]
loss=0.046| sh degree=2| :  30%|███       | 2102/7000 [02:03<01:44, 46.68it/s]
loss=0.046| sh degree=2| :  30%|███       | 2102/7000 [02:03<01:44, 46.68it/s]
loss=0.046| sh degree=2| :  30%|███       | 2108/7000 [02:03<01:42, 47.60it/s]
loss=0.040| sh degree=2| :  30%|███       | 2108/7000 [02:03<01:42, 47.60it/s]
loss=0.042| sh degree=2| :  30%|███       | 2108/7000 [02:03<01:42, 47.60it/s]
loss=0.035| sh degree=2| :  30%|███       | 2108/7000 [02:03<01:42, 47.60it/s]
loss=0.053| sh degree=2| :  30%|███       | 2108/7000 [02:03<01:42, 47.60it/s]
loss=0.058| sh degree=2| :  30%|███       | 2108/7000 [02:03<01:42, 47.60it/s]
loss=0.043| sh degree=2| :  30%|███       | 2108/7000 [02:03<01:42, 47.60it/s]
loss=0.043| sh degree=2| :  30%|███       | 2114/7000 [02:03<01:41, 48.34it/s]
loss=0.052| sh degree=2| :  30%|███       | 2114/7000 [02:03<01:41, 48.34it/s]
loss=0.048| sh degree=2| :  30%|███       | 2114/7000 [02:03<01:41, 48.34it/s]
loss=0.054| sh degree=2| :  30%|███       | 2114/7000 [02:03<01:41, 48.34it/s]
loss=0.042| sh degree=2| :  30%|███       | 2114/7000 [02:03<01:41, 48.34it/s]
loss=0.042| sh degree=2| :  30%|███       | 2114/7000 [02:03<01:41, 48.34it/s]
loss=0.038| sh degree=2| :  30%|███       | 2114/7000 [02:03<01:41, 48.34it/s]
loss=0.038| sh degree=2| :  30%|███       | 2120/7000 [02:03<01:39, 48.99it/s]
loss=0.037| sh degree=2| :  30%|███       | 2120/7000 [02:03<01:39, 48.99it/s]
loss=0.035| sh degree=2| :  30%|███       | 2120/7000 [02:03<01:39, 48.99it/s]
loss=0.035| sh degree=2| :  30%|███       | 2120/7000 [02:03<01:39, 48.99it/s]
loss=0.053| sh degree=2| :  30%|███       | 2120/7000 [02:03<01:39, 48.99it/s]
loss=0.040| sh degree=2| :  30%|███       | 2120/7000 [02:03<01:39, 48.99it/s]
loss=0.053| sh degree=2| :  30%|███       | 2120/7000 [02:03<01:39, 48.99it/s]
loss=0.053| sh degree=2| :  30%|███       | 2126/7000 [02:03<01:38, 49.61it/s]
loss=0.040| sh degree=2| :  30%|███       | 2126/7000 [02:03<01:38, 49.61it/s]
loss=0.037| sh degree=2| :  30%|███       | 2126/7000 [02:03<01:38, 49.61it/s]
loss=0.038| sh degree=2| :  30%|███       | 2126/7000 [02:03<01:38, 49.61it/s]
loss=0.037| sh degree=2| :  30%|███       | 2126/7000 [02:03<01:38, 49.61it/s]
loss=0.042| sh degree=2| :  30%|███       | 2126/7000 [02:03<01:38, 49.61it/s]
loss=0.040| sh degree=2| :  30%|███       | 2126/7000 [02:03<01:38, 49.61it/s]
loss=0.040| sh degree=2| :  30%|███       | 2132/7000 [02:03<01:38, 49.43it/s]
loss=0.072| sh degree=2| :  30%|███       | 2132/7000 [02:03<01:38, 49.43it/s]
loss=0.067| sh degree=2| :  30%|███       | 2132/7000 [02:03<01:38, 49.43it/s]
loss=0.057| sh degree=2| :  30%|███       | 2132/7000 [02:03<01:38, 49.43it/s]
loss=0.038| sh degree=2| :  30%|███       | 2132/7000 [02:03<01:38, 49.43it/s]
loss=0.062| sh degree=2| :  30%|███       | 2132/7000 [02:03<01:38, 49.43it/s]
loss=0.060| sh degree=2| :  30%|███       | 2132/7000 [02:04<01:38, 49.43it/s]
loss=0.060| sh degree=2| :  31%|███       | 2138/7000 [02:04<01:37, 49.63it/s]
loss=0.045| sh degree=2| :  31%|███       | 2138/7000 [02:04<01:37, 49.63it/s]
loss=0.055| sh degree=2| :  31%|███       | 2138/7000 [02:04<01:37, 49.63it/s]
loss=0.055| sh degree=2| :  31%|███       | 2138/7000 [02:04<01:37, 49.63it/s]
loss=0.037| sh degree=2| :  31%|███       | 2138/7000 [02:04<01:37, 49.63it/s]
loss=0.039| sh degree=2| :  31%|███       | 2138/7000 [02:04<01:37, 49.63it/s]
loss=0.051| sh degree=2| :  31%|███       | 2138/7000 [02:04<01:37, 49.63it/s]
loss=0.051| sh degree=2| :  31%|███       | 2144/7000 [02:04<01:37, 50.06it/s]
loss=0.035| sh degree=2| :  31%|███       | 2144/7000 [02:04<01:37, 50.06it/s]
loss=0.048| sh degree=2| :  31%|███       | 2144/7000 [02:04<01:37, 50.06it/s]
loss=0.052| sh degree=2| :  31%|███       | 2144/7000 [02:04<01:37, 50.06it/s]
loss=0.033| sh degree=2| :  31%|███       | 2144/7000 [02:04<01:37, 50.06it/s]
loss=0.052| sh degree=2| :  31%|███       | 2144/7000 [02:04<01:37, 50.06it/s]
loss=0.038| sh degree=2| :  31%|███       | 2144/7000 [02:04<01:37, 50.06it/s]
loss=0.038| sh degree=2| :  31%|███       | 2150/7000 [02:04<01:36, 50.04it/s]
loss=0.039| sh degree=2| :  31%|███       | 2150/7000 [02:04<01:36, 50.04it/s]
loss=0.050| sh degree=2| :  31%|███       | 2150/7000 [02:04<01:36, 50.04it/s]
loss=0.036| sh degree=2| :  31%|███       | 2150/7000 [02:04<01:36, 50.04it/s]
loss=0.055| sh degree=2| :  31%|███       | 2150/7000 [02:04<01:36, 50.04it/s]
loss=0.043| sh degree=2| :  31%|███       | 2150/7000 [02:04<01:36, 50.04it/s]
loss=0.058| sh degree=2| :  31%|███       | 2150/7000 [02:04<01:36, 50.04it/s]
loss=0.058| sh degree=2| :  31%|███       | 2156/7000 [02:04<01:36, 50.29it/s]
loss=0.038| sh degree=2| :  31%|███       | 2156/7000 [02:04<01:36, 50.29it/s]
loss=0.048| sh degree=2| :  31%|███       | 2156/7000 [02:04<01:36, 50.29it/s]
loss=0.053| sh degree=2| :  31%|███       | 2156/7000 [02:04<01:36, 50.29it/s]
loss=0.051| sh degree=2| :  31%|███       | 2156/7000 [02:04<01:36, 50.29it/s]
loss=0.035| sh degree=2| :  31%|███       | 2156/7000 [02:04<01:36, 50.29it/s]
loss=0.034| sh degree=2| :  31%|███       | 2156/7000 [02:04<01:36, 50.29it/s]
loss=0.034| sh degree=2| :  31%|███       | 2162/7000 [02:04<01:36, 50.34it/s]
loss=0.047| sh degree=2| :  31%|███       | 2162/7000 [02:04<01:36, 50.34it/s]
loss=0.036| sh degree=2| :  31%|███       | 2162/7000 [02:04<01:36, 50.34it/s]
loss=0.042| sh degree=2| :  31%|███       | 2162/7000 [02:04<01:36, 50.34it/s]
loss=0.045| sh degree=2| :  31%|███       | 2162/7000 [02:04<01:36, 50.34it/s]
loss=0.050| sh degree=2| :  31%|███       | 2162/7000 [02:04<01:36, 50.34it/s]
loss=0.045| sh degree=2| :  31%|███       | 2162/7000 [02:04<01:36, 50.34it/s]
loss=0.045| sh degree=2| :  31%|███       | 2168/7000 [02:04<01:36, 50.16it/s]
loss=0.040| sh degree=2| :  31%|███       | 2168/7000 [02:04<01:36, 50.16it/s]
loss=0.037| sh degree=2| :  31%|███       | 2168/7000 [02:04<01:36, 50.16it/s]
loss=0.031| sh degree=2| :  31%|███       | 2168/7000 [02:04<01:36, 50.16it/s]
loss=0.040| sh degree=2| :  31%|███       | 2168/7000 [02:04<01:36, 50.16it/s]
loss=0.040| sh degree=2| :  31%|███       | 2168/7000 [02:04<01:36, 50.16it/s]
loss=0.048| sh degree=2| :  31%|███       | 2168/7000 [02:04<01:36, 50.16it/s]
loss=0.048| sh degree=2| :  31%|███       | 2174/7000 [02:04<01:36, 49.80it/s]
loss=0.042| sh degree=2| :  31%|███       | 2174/7000 [02:04<01:36, 49.80it/s]
loss=0.039| sh degree=2| :  31%|███       | 2174/7000 [02:04<01:36, 49.80it/s]
loss=0.034| sh degree=2| :  31%|███       | 2174/7000 [02:04<01:36, 49.80it/s]
loss=0.033| sh degree=2| :  31%|███       | 2174/7000 [02:04<01:36, 49.80it/s]
loss=0.034| sh degree=2| :  31%|███       | 2174/7000 [02:04<01:36, 49.80it/s]
loss=0.036| sh degree=2| :  31%|███       | 2174/7000 [02:04<01:36, 49.80it/s]
loss=0.036| sh degree=2| :  31%|███       | 2180/7000 [02:04<01:36, 49.78it/s]
loss=0.060| sh degree=2| :  31%|███       | 2180/7000 [02:04<01:36, 49.78it/s]
loss=0.042| sh degree=2| :  31%|███       | 2180/7000 [02:04<01:36, 49.78it/s]
loss=0.030| sh degree=2| :  31%|███       | 2180/7000 [02:04<01:36, 49.78it/s]
loss=0.054| sh degree=2| :  31%|███       | 2180/7000 [02:04<01:36, 49.78it/s]
loss=0.034| sh degree=2| :  31%|███       | 2180/7000 [02:04<01:36, 49.78it/s]
loss=0.034| sh degree=2| :  31%|███       | 2185/7000 [02:04<01:36, 49.73it/s]
loss=0.048| sh degree=2| :  31%|███       | 2185/7000 [02:04<01:36, 49.73it/s]
loss=0.041| sh degree=2| :  31%|███       | 2185/7000 [02:04<01:36, 49.73it/s]
loss=0.041| sh degree=2| :  31%|███       | 2185/7000 [02:05<01:36, 49.73it/s]
loss=0.040| sh degree=2| :  31%|███       | 2185/7000 [02:05<01:36, 49.73it/s]
loss=0.031| sh degree=2| :  31%|███       | 2185/7000 [02:05<01:36, 49.73it/s]
loss=0.031| sh degree=2| :  31%|███▏      | 2190/7000 [02:05<01:36, 49.72it/s]
loss=0.048| sh degree=2| :  31%|███▏      | 2190/7000 [02:05<01:36, 49.72it/s]
loss=0.049| sh degree=2| :  31%|███▏      | 2190/7000 [02:05<01:36, 49.72it/s]
loss=0.034| sh degree=2| :  31%|███▏      | 2190/7000 [02:05<01:36, 49.72it/s]
loss=0.046| sh degree=2| :  31%|███▏      | 2190/7000 [02:05<01:36, 49.72it/s]
loss=0.033| sh degree=2| :  31%|███▏      | 2190/7000 [02:05<01:36, 49.72it/s]
loss=0.033| sh degree=2| :  31%|███▏      | 2195/7000 [02:05<01:36, 49.66it/s]
loss=0.038| sh degree=2| :  31%|███▏      | 2195/7000 [02:05<01:36, 49.66it/s]
loss=0.030| sh degree=2| :  31%|███▏      | 2195/7000 [02:05<01:36, 49.66it/s]
loss=0.032| sh degree=2| :  31%|███▏      | 2195/7000 [02:05<01:36, 49.66it/s]
loss=0.037| sh degree=2| :  31%|███▏      | 2195/7000 [02:05<01:36, 49.66it/s]
loss=0.047| sh degree=2| :  31%|███▏      | 2195/7000 [02:05<01:36, 49.66it/s]
loss=0.048| sh degree=2| :  31%|███▏      | 2195/7000 [02:05<01:36, 49.66it/s]
loss=0.048| sh degree=2| :  31%|███▏      | 2201/7000 [02:05<01:42, 46.73it/s]
loss=0.053| sh degree=2| :  31%|███▏      | 2201/7000 [02:05<01:42, 46.73it/s]
loss=0.071| sh degree=2| :  31%|███▏      | 2201/7000 [02:05<01:42, 46.73it/s]
loss=0.059| sh degree=2| :  31%|███▏      | 2201/7000 [02:05<01:42, 46.73it/s]
loss=0.041| sh degree=2| :  31%|███▏      | 2201/7000 [02:05<01:42, 46.73it/s]
loss=0.048| sh degree=2| :  31%|███▏      | 2201/7000 [02:05<01:42, 46.73it/s]
loss=0.059| sh degree=2| :  31%|███▏      | 2201/7000 [02:05<01:42, 46.73it/s]
loss=0.059| sh degree=2| :  32%|███▏      | 2207/7000 [02:05<01:39, 48.27it/s]
loss=0.036| sh degree=2| :  32%|███▏      | 2207/7000 [02:05<01:39, 48.27it/s]
loss=0.053| sh degree=2| :  32%|███▏      | 2207/7000 [02:05<01:39, 48.27it/s]
loss=0.049| sh degree=2| :  32%|███▏      | 2207/7000 [02:05<01:39, 48.27it/s]
loss=0.048| sh degree=2| :  32%|███▏      | 2207/7000 [02:05<01:39, 48.27it/s]
loss=0.038| sh degree=2| :  32%|███▏      | 2207/7000 [02:05<01:39, 48.27it/s]
loss=0.038| sh degree=2| :  32%|███▏      | 2212/7000 [02:05<01:38, 48.63it/s]
loss=0.045| sh degree=2| :  32%|███▏      | 2212/7000 [02:05<01:38, 48.63it/s]
loss=0.057| sh degree=2| :  32%|███▏      | 2212/7000 [02:05<01:38, 48.63it/s]
loss=0.062| sh degree=2| :  32%|███▏      | 2212/7000 [02:05<01:38, 48.63it/s]
loss=0.046| sh degree=2| :  32%|███▏      | 2212/7000 [02:05<01:38, 48.63it/s]
loss=0.056| sh degree=2| :  32%|███▏      | 2212/7000 [02:05<01:38, 48.63it/s]
loss=0.037| sh degree=2| :  32%|███▏      | 2212/7000 [02:05<01:38, 48.63it/s]
loss=0.037| sh degree=2| :  32%|███▏      | 2218/7000 [02:05<01:37, 48.86it/s]
loss=0.035| sh degree=2| :  32%|███▏      | 2218/7000 [02:05<01:37, 48.86it/s]
loss=0.036| sh degree=2| :  32%|███▏      | 2218/7000 [02:05<01:37, 48.86it/s]
loss=0.048| sh degree=2| :  32%|███▏      | 2218/7000 [02:05<01:37, 48.86it/s]
loss=0.046| sh degree=2| :  32%|███▏      | 2218/7000 [02:05<01:37, 48.86it/s]
loss=0.053| sh degree=2| :  32%|███▏      | 2218/7000 [02:05<01:37, 48.86it/s]
loss=0.053| sh degree=2| :  32%|███▏      | 2223/7000 [02:05<01:37, 49.10it/s]
loss=0.044| sh degree=2| :  32%|███▏      | 2223/7000 [02:05<01:37, 49.10it/s]
loss=0.041| sh degree=2| :  32%|███▏      | 2223/7000 [02:05<01:37, 49.10it/s]
loss=0.032| sh degree=2| :  32%|███▏      | 2223/7000 [02:05<01:37, 49.10it/s]
loss=0.065| sh degree=2| :  32%|███▏      | 2223/7000 [02:05<01:37, 49.10it/s]
loss=0.033| sh degree=2| :  32%|███▏      | 2223/7000 [02:05<01:37, 49.10it/s]
loss=0.060| sh degree=2| :  32%|███▏      | 2223/7000 [02:05<01:37, 49.10it/s]
loss=0.060| sh degree=2| :  32%|███▏      | 2229/7000 [02:05<01:35, 49.92it/s]
loss=0.054| sh degree=2| :  32%|███▏      | 2229/7000 [02:05<01:35, 49.92it/s]
loss=0.047| sh degree=2| :  32%|███▏      | 2229/7000 [02:05<01:35, 49.92it/s]
loss=0.046| sh degree=2| :  32%|███▏      | 2229/7000 [02:05<01:35, 49.92it/s]
loss=0.048| sh degree=2| :  32%|███▏      | 2229/7000 [02:05<01:35, 49.92it/s]
loss=0.052| sh degree=2| :  32%|███▏      | 2229/7000 [02:05<01:35, 49.92it/s]
loss=0.039| sh degree=2| :  32%|███▏      | 2229/7000 [02:05<01:35, 49.92it/s]
loss=0.039| sh degree=2| :  32%|███▏      | 2235/7000 [02:05<01:35, 49.95it/s]
loss=0.045| sh degree=2| :  32%|███▏      | 2235/7000 [02:05<01:35, 49.95it/s]
loss=0.037| sh degree=2| :  32%|███▏      | 2235/7000 [02:06<01:35, 49.95it/s]
loss=0.047| sh degree=2| :  32%|███▏      | 2235/7000 [02:06<01:35, 49.95it/s]
loss=0.066| sh degree=2| :  32%|███▏      | 2235/7000 [02:06<01:35, 49.95it/s]
loss=0.052| sh degree=2| :  32%|███▏      | 2235/7000 [02:06<01:35, 49.95it/s]
loss=0.042| sh degree=2| :  32%|███▏      | 2235/7000 [02:06<01:35, 49.95it/s]
loss=0.042| sh degree=2| :  32%|███▏      | 2241/7000 [02:06<01:35, 49.66it/s]
loss=0.050| sh degree=2| :  32%|███▏      | 2241/7000 [02:06<01:35, 49.66it/s]
loss=0.032| sh degree=2| :  32%|███▏      | 2241/7000 [02:06<01:35, 49.66it/s]
loss=0.057| sh degree=2| :  32%|███▏      | 2241/7000 [02:06<01:35, 49.66it/s]
loss=0.037| sh degree=2| :  32%|███▏      | 2241/7000 [02:06<01:35, 49.66it/s]
loss=0.046| sh degree=2| :  32%|███▏      | 2241/7000 [02:06<01:35, 49.66it/s]
loss=0.046| sh degree=2| :  32%|███▏      | 2246/7000 [02:06<01:36, 49.46it/s]
loss=0.040| sh degree=2| :  32%|███▏      | 2246/7000 [02:06<01:36, 49.46it/s]
loss=0.040| sh degree=2| :  32%|███▏      | 2246/7000 [02:06<01:36, 49.46it/s]
loss=0.044| sh degree=2| :  32%|███▏      | 2246/7000 [02:06<01:36, 49.46it/s]
loss=0.049| sh degree=2| :  32%|███▏      | 2246/7000 [02:06<01:36, 49.46it/s]
loss=0.034| sh degree=2| :  32%|███▏      | 2246/7000 [02:06<01:36, 49.46it/s]
loss=0.034| sh degree=2| :  32%|███▏      | 2251/7000 [02:06<01:36, 49.42it/s]
loss=0.036| sh degree=2| :  32%|███▏      | 2251/7000 [02:06<01:36, 49.42it/s]
loss=0.049| sh degree=2| :  32%|███▏      | 2251/7000 [02:06<01:36, 49.42it/s]
loss=0.050| sh degree=2| :  32%|███▏      | 2251/7000 [02:06<01:36, 49.42it/s]
loss=0.044| sh degree=2| :  32%|███▏      | 2251/7000 [02:06<01:36, 49.42it/s]
loss=0.039| sh degree=2| :  32%|███▏      | 2251/7000 [02:06<01:36, 49.42it/s]
loss=0.031| sh degree=2| :  32%|███▏      | 2251/7000 [02:06<01:36, 49.42it/s]
loss=0.031| sh degree=2| :  32%|███▏      | 2257/7000 [02:06<01:34, 50.02it/s]
loss=0.050| sh degree=2| :  32%|███▏      | 2257/7000 [02:06<01:34, 50.02it/s]
loss=0.043| sh degree=2| :  32%|███▏      | 2257/7000 [02:06<01:34, 50.02it/s]
loss=0.035| sh degree=2| :  32%|███▏      | 2257/7000 [02:06<01:34, 50.02it/s]
loss=0.043| sh degree=2| :  32%|███▏      | 2257/7000 [02:06<01:34, 50.02it/s]
loss=0.055| sh degree=2| :  32%|███▏      | 2257/7000 [02:06<01:34, 50.02it/s]
loss=0.046| sh degree=2| :  32%|███▏      | 2257/7000 [02:06<01:34, 50.02it/s]
loss=0.046| sh degree=2| :  32%|███▏      | 2263/7000 [02:06<01:33, 50.56it/s]
loss=0.048| sh degree=2| :  32%|███▏      | 2263/7000 [02:06<01:33, 50.56it/s]
loss=0.042| sh degree=2| :  32%|███▏      | 2263/7000 [02:06<01:33, 50.56it/s]
loss=0.037| sh degree=2| :  32%|███▏      | 2263/7000 [02:06<01:33, 50.56it/s]
loss=0.040| sh degree=2| :  32%|███▏      | 2263/7000 [02:06<01:33, 50.56it/s]
loss=0.037| sh degree=2| :  32%|███▏      | 2263/7000 [02:06<01:33, 50.56it/s]
loss=0.040| sh degree=2| :  32%|███▏      | 2263/7000 [02:06<01:33, 50.56it/s]
loss=0.040| sh degree=2| :  32%|███▏      | 2269/7000 [02:06<01:35, 49.49it/s]
loss=0.038| sh degree=2| :  32%|███▏      | 2269/7000 [02:06<01:35, 49.49it/s]
loss=0.050| sh degree=2| :  32%|███▏      | 2269/7000 [02:06<01:35, 49.49it/s]
loss=0.037| sh degree=2| :  32%|███▏      | 2269/7000 [02:06<01:35, 49.49it/s]
loss=0.048| sh degree=2| :  32%|███▏      | 2269/7000 [02:06<01:35, 49.49it/s]
loss=0.034| sh degree=2| :  32%|███▏      | 2269/7000 [02:06<01:35, 49.49it/s]
loss=0.034| sh degree=2| :  32%|███▏      | 2274/7000 [02:06<01:36, 49.16it/s]
loss=0.057| sh degree=2| :  32%|███▏      | 2274/7000 [02:06<01:36, 49.16it/s]
loss=0.071| sh degree=2| :  32%|███▏      | 2274/7000 [02:06<01:36, 49.16it/s]
loss=0.036| sh degree=2| :  32%|███▏      | 2274/7000 [02:06<01:36, 49.16it/s]
loss=0.036| sh degree=2| :  32%|███▏      | 2274/7000 [02:06<01:36, 49.16it/s]
loss=0.040| sh degree=2| :  32%|███▏      | 2274/7000 [02:06<01:36, 49.16it/s]
loss=0.040| sh degree=2| :  33%|███▎      | 2279/7000 [02:06<01:35, 49.22it/s]
loss=0.040| sh degree=2| :  33%|███▎      | 2279/7000 [02:06<01:35, 49.22it/s]
loss=0.048| sh degree=2| :  33%|███▎      | 2279/7000 [02:06<01:35, 49.22it/s]
loss=0.050| sh degree=2| :  33%|███▎      | 2279/7000 [02:06<01:35, 49.22it/s]
loss=0.044| sh degree=2| :  33%|███▎      | 2279/7000 [02:06<01:35, 49.22it/s]
loss=0.056| sh degree=2| :  33%|███▎      | 2279/7000 [02:06<01:35, 49.22it/s]
loss=0.056| sh degree=2| :  33%|███▎      | 2284/7000 [02:06<01:36, 48.80it/s]
loss=0.034| sh degree=2| :  33%|███▎      | 2284/7000 [02:06<01:36, 48.80it/s]
loss=0.034| sh degree=2| :  33%|███▎      | 2284/7000 [02:06<01:36, 48.80it/s]
loss=0.056| sh degree=2| :  33%|███▎      | 2284/7000 [02:07<01:36, 48.80it/s]
loss=0.051| sh degree=2| :  33%|███▎      | 2284/7000 [02:07<01:36, 48.80it/s]
loss=0.037| sh degree=2| :  33%|███▎      | 2284/7000 [02:07<01:36, 48.80it/s]
loss=0.041| sh degree=2| :  33%|███▎      | 2284/7000 [02:07<01:36, 48.80it/s]
loss=0.041| sh degree=2| :  33%|███▎      | 2290/7000 [02:07<01:35, 49.21it/s]
loss=0.044| sh degree=2| :  33%|███▎      | 2290/7000 [02:07<01:35, 49.21it/s]
loss=0.039| sh degree=2| :  33%|███▎      | 2290/7000 [02:07<01:35, 49.21it/s]
loss=0.051| sh degree=2| :  33%|███▎      | 2290/7000 [02:07<01:35, 49.21it/s]
loss=0.048| sh degree=2| :  33%|███▎      | 2290/7000 [02:07<01:35, 49.21it/s]
loss=0.033| sh degree=2| :  33%|███▎      | 2290/7000 [02:07<01:35, 49.21it/s]
loss=0.033| sh degree=2| :  33%|███▎      | 2295/7000 [02:07<01:35, 49.04it/s]
loss=0.045| sh degree=2| :  33%|███▎      | 2295/7000 [02:07<01:35, 49.04it/s]
loss=0.034| sh degree=2| :  33%|███▎      | 2295/7000 [02:07<01:35, 49.04it/s]
loss=0.054| sh degree=2| :  33%|███▎      | 2295/7000 [02:07<01:35, 49.04it/s]
loss=0.036| sh degree=2| :  33%|███▎      | 2295/7000 [02:07<01:35, 49.04it/s]
loss=0.035| sh degree=2| :  33%|███▎      | 2295/7000 [02:07<01:35, 49.04it/s]
loss=0.035| sh degree=2| :  33%|███▎      | 2300/7000 [02:07<02:06, 37.23it/s]
loss=0.047| sh degree=2| :  33%|███▎      | 2300/7000 [02:07<02:06, 37.23it/s]
loss=0.039| sh degree=2| :  33%|███▎      | 2300/7000 [02:07<02:06, 37.23it/s]
loss=0.040| sh degree=2| :  33%|███▎      | 2300/7000 [02:07<02:06, 37.23it/s]
loss=0.047| sh degree=2| :  33%|███▎      | 2300/7000 [02:07<02:06, 37.23it/s]
loss=0.062| sh degree=2| :  33%|███▎      | 2300/7000 [02:07<02:06, 37.23it/s]
loss=0.062| sh degree=2| :  33%|███▎      | 2305/7000 [02:07<02:03, 37.93it/s]
loss=0.049| sh degree=2| :  33%|███▎      | 2305/7000 [02:07<02:03, 37.93it/s]
loss=0.034| sh degree=2| :  33%|███▎      | 2305/7000 [02:07<02:03, 37.93it/s]
loss=0.035| sh degree=2| :  33%|███▎      | 2305/7000 [02:07<02:03, 37.93it/s]
loss=0.033| sh degree=2| :  33%|███▎      | 2305/7000 [02:07<02:03, 37.93it/s]
loss=0.039| sh degree=2| :  33%|███▎      | 2305/7000 [02:07<02:03, 37.93it/s]
loss=0.039| sh degree=2| :  33%|███▎      | 2310/7000 [02:07<01:55, 40.54it/s]
loss=0.055| sh degree=2| :  33%|███▎      | 2310/7000 [02:07<01:55, 40.54it/s]
loss=0.040| sh degree=2| :  33%|███▎      | 2310/7000 [02:07<01:55, 40.54it/s]
loss=0.060| sh degree=2| :  33%|███▎      | 2310/7000 [02:07<01:55, 40.54it/s]
loss=0.046| sh degree=2| :  33%|███▎      | 2310/7000 [02:07<01:55, 40.54it/s]
loss=0.040| sh degree=2| :  33%|███▎      | 2310/7000 [02:07<01:55, 40.54it/s]
loss=0.032| sh degree=2| :  33%|███▎      | 2310/7000 [02:07<01:55, 40.54it/s]
loss=0.032| sh degree=2| :  33%|███▎      | 2316/7000 [02:07<01:47, 43.47it/s]
loss=0.051| sh degree=2| :  33%|███▎      | 2316/7000 [02:07<01:47, 43.47it/s]
loss=0.048| sh degree=2| :  33%|███▎      | 2316/7000 [02:07<01:47, 43.47it/s]
loss=0.039| sh degree=2| :  33%|███▎      | 2316/7000 [02:07<01:47, 43.47it/s]
loss=0.035| sh degree=2| :  33%|███▎      | 2316/7000 [02:07<01:47, 43.47it/s]
loss=0.030| sh degree=2| :  33%|███▎      | 2316/7000 [02:07<01:47, 43.47it/s]
loss=0.030| sh degree=2| :  33%|███▎      | 2321/7000 [02:07<01:44, 44.91it/s]
loss=0.049| sh degree=2| :  33%|███▎      | 2321/7000 [02:07<01:44, 44.91it/s]
loss=0.058| sh degree=2| :  33%|███▎      | 2321/7000 [02:07<01:44, 44.91it/s]
loss=0.041| sh degree=2| :  33%|███▎      | 2321/7000 [02:07<01:44, 44.91it/s]
loss=0.032| sh degree=2| :  33%|███▎      | 2321/7000 [02:07<01:44, 44.91it/s]
loss=0.050| sh degree=2| :  33%|███▎      | 2321/7000 [02:07<01:44, 44.91it/s]
loss=0.046| sh degree=2| :  33%|███▎      | 2321/7000 [02:07<01:44, 44.91it/s]
loss=0.046| sh degree=2| :  33%|███▎      | 2327/7000 [02:07<01:40, 46.52it/s]
loss=0.045| sh degree=2| :  33%|███▎      | 2327/7000 [02:07<01:40, 46.52it/s]
loss=0.054| sh degree=2| :  33%|███▎      | 2327/7000 [02:08<01:40, 46.52it/s]
loss=0.048| sh degree=2| :  33%|███▎      | 2327/7000 [02:08<01:40, 46.52it/s]
loss=0.046| sh degree=2| :  33%|███▎      | 2327/7000 [02:08<01:40, 46.52it/s]
loss=0.037| sh degree=2| :  33%|███▎      | 2327/7000 [02:08<01:40, 46.52it/s]
loss=0.055| sh degree=2| :  33%|███▎      | 2327/7000 [02:08<01:40, 46.52it/s]
loss=0.055| sh degree=2| :  33%|███▎      | 2333/7000 [02:08<01:37, 47.83it/s]
loss=0.047| sh degree=2| :  33%|███▎      | 2333/7000 [02:08<01:37, 47.83it/s]
loss=0.051| sh degree=2| :  33%|███▎      | 2333/7000 [02:08<01:37, 47.83it/s]
loss=0.032| sh degree=2| :  33%|███▎      | 2333/7000 [02:08<01:37, 47.83it/s]
loss=0.056| sh degree=2| :  33%|███▎      | 2333/7000 [02:08<01:37, 47.83it/s]
loss=0.039| sh degree=2| :  33%|███▎      | 2333/7000 [02:08<01:37, 47.83it/s]
loss=0.039| sh degree=2| :  33%|███▎      | 2338/7000 [02:08<01:37, 48.02it/s]
loss=0.049| sh degree=2| :  33%|███▎      | 2338/7000 [02:08<01:37, 48.02it/s]
loss=0.041| sh degree=2| :  33%|███▎      | 2338/7000 [02:08<01:37, 48.02it/s]
loss=0.050| sh degree=2| :  33%|███▎      | 2338/7000 [02:08<01:37, 48.02it/s]
loss=0.042| sh degree=2| :  33%|███▎      | 2338/7000 [02:08<01:37, 48.02it/s]
loss=0.033| sh degree=2| :  33%|███▎      | 2338/7000 [02:08<01:37, 48.02it/s]
loss=0.033| sh degree=2| :  33%|███▎      | 2343/7000 [02:08<01:36, 48.34it/s]
loss=0.048| sh degree=2| :  33%|███▎      | 2343/7000 [02:08<01:36, 48.34it/s]
loss=0.040| sh degree=2| :  33%|███▎      | 2343/7000 [02:08<01:36, 48.34it/s]
loss=0.035| sh degree=2| :  33%|███▎      | 2343/7000 [02:08<01:36, 48.34it/s]
loss=0.035| sh degree=2| :  33%|███▎      | 2343/7000 [02:08<01:36, 48.34it/s]
loss=0.058| sh degree=2| :  33%|███▎      | 2343/7000 [02:08<01:36, 48.34it/s]
loss=0.039| sh degree=2| :  33%|███▎      | 2343/7000 [02:08<01:36, 48.34it/s]
loss=0.039| sh degree=2| :  34%|███▎      | 2349/7000 [02:08<01:35, 48.84it/s]
loss=0.047| sh degree=2| :  34%|███▎      | 2349/7000 [02:08<01:35, 48.84it/s]
loss=0.051| sh degree=2| :  34%|███▎      | 2349/7000 [02:08<01:35, 48.84it/s]
loss=0.038| sh degree=2| :  34%|███▎      | 2349/7000 [02:08<01:35, 48.84it/s]
loss=0.049| sh degree=2| :  34%|███▎      | 2349/7000 [02:08<01:35, 48.84it/s]
loss=0.052| sh degree=2| :  34%|███▎      | 2349/7000 [02:08<01:35, 48.84it/s]
loss=0.052| sh degree=2| :  34%|███▎      | 2354/7000 [02:08<01:35, 48.80it/s]
loss=0.032| sh degree=2| :  34%|███▎      | 2354/7000 [02:08<01:35, 48.80it/s]
loss=0.033| sh degree=2| :  34%|███▎      | 2354/7000 [02:08<01:35, 48.80it/s]
loss=0.036| sh degree=2| :  34%|███▎      | 2354/7000 [02:08<01:35, 48.80it/s]
loss=0.048| sh degree=2| :  34%|███▎      | 2354/7000 [02:08<01:35, 48.80it/s]
loss=0.049| sh degree=2| :  34%|███▎      | 2354/7000 [02:08<01:35, 48.80it/s]
loss=0.049| sh degree=2| :  34%|███▎      | 2359/7000 [02:08<01:35, 48.61it/s]
loss=0.053| sh degree=2| :  34%|███▎      | 2359/7000 [02:08<01:35, 48.61it/s]
loss=0.043| sh degree=2| :  34%|███▎      | 2359/7000 [02:08<01:35, 48.61it/s]
loss=0.035| sh degree=2| :  34%|███▎      | 2359/7000 [02:08<01:35, 48.61it/s]
loss=0.046| sh degree=2| :  34%|███▎      | 2359/7000 [02:08<01:35, 48.61it/s]
loss=0.046| sh degree=2| :  34%|███▎      | 2359/7000 [02:08<01:35, 48.61it/s]
loss=0.046| sh degree=2| :  34%|███▍      | 2364/7000 [02:08<01:35, 48.69it/s]
loss=0.043| sh degree=2| :  34%|███▍      | 2364/7000 [02:08<01:35, 48.69it/s]
loss=0.037| sh degree=2| :  34%|███▍      | 2364/7000 [02:08<01:35, 48.69it/s]
loss=0.031| sh degree=2| :  34%|███▍      | 2364/7000 [02:08<01:35, 48.69it/s]
loss=0.044| sh degree=2| :  34%|███▍      | 2364/7000 [02:08<01:35, 48.69it/s]
loss=0.035| sh degree=2| :  34%|███▍      | 2364/7000 [02:08<01:35, 48.69it/s]
loss=0.035| sh degree=2| :  34%|███▍      | 2369/7000 [02:08<01:35, 48.55it/s]
loss=0.049| sh degree=2| :  34%|███▍      | 2369/7000 [02:08<01:35, 48.55it/s]
loss=0.034| sh degree=2| :  34%|███▍      | 2369/7000 [02:08<01:35, 48.55it/s]
loss=0.032| sh degree=2| :  34%|███▍      | 2369/7000 [02:08<01:35, 48.55it/s]
loss=0.062| sh degree=2| :  34%|███▍      | 2369/7000 [02:08<01:35, 48.55it/s]
loss=0.046| sh degree=2| :  34%|███▍      | 2369/7000 [02:08<01:35, 48.55it/s]
loss=0.034| sh degree=2| :  34%|███▍      | 2369/7000 [02:08<01:35, 48.55it/s]
loss=0.034| sh degree=2| :  34%|███▍      | 2375/7000 [02:08<01:34, 49.07it/s]
loss=0.033| sh degree=2| :  34%|███▍      | 2375/7000 [02:08<01:34, 49.07it/s]
loss=0.034| sh degree=2| :  34%|███▍      | 2375/7000 [02:08<01:34, 49.07it/s]
loss=0.032| sh degree=2| :  34%|███▍      | 2375/7000 [02:09<01:34, 49.07it/s]
loss=0.036| sh degree=2| :  34%|███▍      | 2375/7000 [02:09<01:34, 49.07it/s]
loss=0.040| sh degree=2| :  34%|███▍      | 2375/7000 [02:09<01:34, 49.07it/s]
loss=0.040| sh degree=2| :  34%|███▍      | 2380/7000 [02:09<01:35, 48.60it/s]
loss=0.050| sh degree=2| :  34%|███▍      | 2380/7000 [02:09<01:35, 48.60it/s]
loss=0.046| sh degree=2| :  34%|███▍      | 2380/7000 [02:09<01:35, 48.60it/s]
loss=0.052| sh degree=2| :  34%|███▍      | 2380/7000 [02:09<01:35, 48.60it/s]
loss=0.033| sh degree=2| :  34%|███▍      | 2380/7000 [02:09<01:35, 48.60it/s]
loss=0.037| sh degree=2| :  34%|███▍      | 2380/7000 [02:09<01:35, 48.60it/s]
loss=0.033| sh degree=2| :  34%|███▍      | 2380/7000 [02:09<01:35, 48.60it/s]
loss=0.033| sh degree=2| :  34%|███▍      | 2386/7000 [02:09<01:34, 48.93it/s]
loss=0.039| sh degree=2| :  34%|███▍      | 2386/7000 [02:09<01:34, 48.93it/s]
loss=0.046| sh degree=2| :  34%|███▍      | 2386/7000 [02:09<01:34, 48.93it/s]
loss=0.051| sh degree=2| :  34%|███▍      | 2386/7000 [02:09<01:34, 48.93it/s]
loss=0.031| sh degree=2| :  34%|███▍      | 2386/7000 [02:09<01:34, 48.93it/s]
loss=0.043| sh degree=2| :  34%|███▍      | 2386/7000 [02:09<01:34, 48.93it/s]
loss=0.043| sh degree=2| :  34%|███▍      | 2391/7000 [02:09<01:34, 48.93it/s]
loss=0.044| sh degree=2| :  34%|███▍      | 2391/7000 [02:09<01:34, 48.93it/s]
loss=0.032| sh degree=2| :  34%|███▍      | 2391/7000 [02:09<01:34, 48.93it/s]
loss=0.038| sh degree=2| :  34%|███▍      | 2391/7000 [02:09<01:34, 48.93it/s]
loss=0.041| sh degree=2| :  34%|███▍      | 2391/7000 [02:09<01:34, 48.93it/s]
loss=0.033| sh degree=2| :  34%|███▍      | 2391/7000 [02:09<01:34, 48.93it/s]
loss=0.033| sh degree=2| :  34%|███▍      | 2396/7000 [02:09<01:33, 49.07it/s]
loss=0.038| sh degree=2| :  34%|███▍      | 2396/7000 [02:09<01:33, 49.07it/s]
loss=0.043| sh degree=2| :  34%|███▍      | 2396/7000 [02:09<01:33, 49.07it/s]
loss=0.033| sh degree=2| :  34%|███▍      | 2396/7000 [02:09<01:33, 49.07it/s]
loss=0.049| sh degree=2| :  34%|███▍      | 2396/7000 [02:09<01:33, 49.07it/s]
loss=0.035| sh degree=2| :  34%|███▍      | 2396/7000 [02:09<01:33, 49.07it/s]
loss=0.035| sh degree=2| :  34%|███▍      | 2401/7000 [02:09<01:41, 45.48it/s]
loss=0.038| sh degree=2| :  34%|███▍      | 2401/7000 [02:09<01:41, 45.48it/s]
loss=0.043| sh degree=2| :  34%|███▍      | 2401/7000 [02:09<01:41, 45.48it/s]
loss=0.045| sh degree=2| :  34%|███▍      | 2401/7000 [02:09<01:41, 45.48it/s]
loss=0.062| sh degree=2| :  34%|███▍      | 2401/7000 [02:09<01:41, 45.48it/s]
loss=0.034| sh degree=2| :  34%|███▍      | 2401/7000 [02:09<01:41, 45.48it/s]
loss=0.034| sh degree=2| :  34%|███▍      | 2406/7000 [02:09<01:40, 45.69it/s]
loss=0.051| sh degree=2| :  34%|███▍      | 2406/7000 [02:09<01:40, 45.69it/s]
loss=0.054| sh degree=2| :  34%|███▍      | 2406/7000 [02:09<01:40, 45.69it/s]
loss=0.047| sh degree=2| :  34%|███▍      | 2406/7000 [02:09<01:40, 45.69it/s]
loss=0.034| sh degree=2| :  34%|███▍      | 2406/7000 [02:09<01:40, 45.69it/s]
loss=0.034| sh degree=2| :  34%|███▍      | 2406/7000 [02:09<01:40, 45.69it/s]
loss=0.032| sh degree=2| :  34%|███▍      | 2406/7000 [02:09<01:40, 45.69it/s]
loss=0.032| sh degree=2| :  34%|███▍      | 2412/7000 [02:09<01:37, 47.26it/s]
loss=0.056| sh degree=2| :  34%|███▍      | 2412/7000 [02:09<01:37, 47.26it/s]
loss=0.035| sh degree=2| :  34%|███▍      | 2412/7000 [02:09<01:37, 47.26it/s]
loss=0.042| sh degree=2| :  34%|███▍      | 2412/7000 [02:09<01:37, 47.26it/s]
loss=0.034| sh degree=2| :  34%|███▍      | 2412/7000 [02:09<01:37, 47.26it/s]
loss=0.030| sh degree=2| :  34%|███▍      | 2412/7000 [02:09<01:37, 47.26it/s]
loss=0.051| sh degree=2| :  34%|███▍      | 2412/7000 [02:09<01:37, 47.26it/s]
loss=0.051| sh degree=2| :  35%|███▍      | 2418/7000 [02:09<01:35, 47.97it/s]
loss=0.043| sh degree=2| :  35%|███▍      | 2418/7000 [02:09<01:35, 47.97it/s]
loss=0.032| sh degree=2| :  35%|███▍      | 2418/7000 [02:09<01:35, 47.97it/s]
loss=0.047| sh degree=2| :  35%|███▍      | 2418/7000 [02:09<01:35, 47.97it/s]
loss=0.032| sh degree=2| :  35%|███▍      | 2418/7000 [02:09<01:35, 47.97it/s]
loss=0.058| sh degree=2| :  35%|███▍      | 2418/7000 [02:09<01:35, 47.97it/s]
loss=0.058| sh degree=2| :  35%|███▍      | 2423/7000 [02:09<01:34, 48.45it/s]
loss=0.031| sh degree=2| :  35%|███▍      | 2423/7000 [02:09<01:34, 48.45it/s]
loss=0.038| sh degree=2| :  35%|███▍      | 2423/7000 [02:09<01:34, 48.45it/s]
loss=0.045| sh degree=2| :  35%|███▍      | 2423/7000 [02:10<01:34, 48.45it/s]
loss=0.038| sh degree=2| :  35%|███▍      | 2423/7000 [02:10<01:34, 48.45it/s]
loss=0.037| sh degree=2| :  35%|███▍      | 2423/7000 [02:10<01:34, 48.45it/s]
loss=0.037| sh degree=2| :  35%|███▍      | 2428/7000 [02:10<01:34, 48.20it/s]
loss=0.042| sh degree=2| :  35%|███▍      | 2428/7000 [02:10<01:34, 48.20it/s]
loss=0.031| sh degree=2| :  35%|███▍      | 2428/7000 [02:10<01:34, 48.20it/s]
loss=0.030| sh degree=2| :  35%|███▍      | 2428/7000 [02:10<01:34, 48.20it/s]
loss=0.051| sh degree=2| :  35%|███▍      | 2428/7000 [02:10<01:34, 48.20it/s]
loss=0.055| sh degree=2| :  35%|███▍      | 2428/7000 [02:10<01:34, 48.20it/s]
loss=0.055| sh degree=2| :  35%|███▍      | 2433/7000 [02:10<01:35, 47.70it/s]
loss=0.040| sh degree=2| :  35%|███▍      | 2433/7000 [02:10<01:35, 47.70it/s]
loss=0.053| sh degree=2| :  35%|███▍      | 2433/7000 [02:10<01:35, 47.70it/s]
loss=0.052| sh degree=2| :  35%|███▍      | 2433/7000 [02:10<01:35, 47.70it/s]
loss=0.043| sh degree=2| :  35%|███▍      | 2433/7000 [02:10<01:35, 47.70it/s]
loss=0.038| sh degree=2| :  35%|███▍      | 2433/7000 [02:10<01:35, 47.70it/s]
loss=0.038| sh degree=2| :  35%|███▍      | 2438/7000 [02:10<01:35, 47.59it/s]
loss=0.037| sh degree=2| :  35%|███▍      | 2438/7000 [02:10<01:35, 47.59it/s]
loss=0.036| sh degree=2| :  35%|███▍      | 2438/7000 [02:10<01:35, 47.59it/s]
loss=0.053| sh degree=2| :  35%|███▍      | 2438/7000 [02:10<01:35, 47.59it/s]
loss=0.036| sh degree=2| :  35%|███▍      | 2438/7000 [02:10<01:35, 47.59it/s]
loss=0.049| sh degree=2| :  35%|███▍      | 2438/7000 [02:10<01:35, 47.59it/s]
loss=0.030| sh degree=2| :  35%|███▍      | 2438/7000 [02:10<01:35, 47.59it/s]
loss=0.030| sh degree=2| :  35%|███▍      | 2444/7000 [02:10<01:34, 48.44it/s]
loss=0.055| sh degree=2| :  35%|███▍      | 2444/7000 [02:10<01:34, 48.44it/s]
loss=0.040| sh degree=2| :  35%|███▍      | 2444/7000 [02:10<01:34, 48.44it/s]
loss=0.049| sh degree=2| :  35%|███▍      | 2444/7000 [02:10<01:34, 48.44it/s]
loss=0.030| sh degree=2| :  35%|███▍      | 2444/7000 [02:10<01:34, 48.44it/s]
loss=0.030| sh degree=2| :  35%|███▍      | 2444/7000 [02:10<01:34, 48.44it/s]
loss=0.030| sh degree=2| :  35%|███▍      | 2449/7000 [02:10<01:33, 48.52it/s]
loss=0.069| sh degree=2| :  35%|███▍      | 2449/7000 [02:10<01:33, 48.52it/s]
loss=0.037| sh degree=2| :  35%|███▍      | 2449/7000 [02:10<01:33, 48.52it/s]
loss=0.033| sh degree=2| :  35%|███▍      | 2449/7000 [02:10<01:33, 48.52it/s]
loss=0.051| sh degree=2| :  35%|███▍      | 2449/7000 [02:10<01:33, 48.52it/s]
loss=0.047| sh degree=2| :  35%|███▍      | 2449/7000 [02:10<01:33, 48.52it/s]
loss=0.047| sh degree=2| :  35%|███▌      | 2454/7000 [02:10<01:33, 48.86it/s]
loss=0.036| sh degree=2| :  35%|███▌      | 2454/7000 [02:10<01:33, 48.86it/s]
loss=0.056| sh degree=2| :  35%|███▌      | 2454/7000 [02:10<01:33, 48.86it/s]
loss=0.033| sh degree=2| :  35%|███▌      | 2454/7000 [02:10<01:33, 48.86it/s]
loss=0.037| sh degree=2| :  35%|███▌      | 2454/7000 [02:10<01:33, 48.86it/s]
loss=0.048| sh degree=2| :  35%|███▌      | 2454/7000 [02:10<01:33, 48.86it/s]
loss=0.048| sh degree=2| :  35%|███▌      | 2459/7000 [02:10<01:33, 48.53it/s]
loss=0.031| sh degree=2| :  35%|███▌      | 2459/7000 [02:10<01:33, 48.53it/s]
loss=0.033| sh degree=2| :  35%|███▌      | 2459/7000 [02:10<01:33, 48.53it/s]
loss=0.044| sh degree=2| :  35%|███▌      | 2459/7000 [02:10<01:33, 48.53it/s]
loss=0.053| sh degree=2| :  35%|███▌      | 2459/7000 [02:10<01:33, 48.53it/s]
loss=0.032| sh degree=2| :  35%|███▌      | 2459/7000 [02:10<01:33, 48.53it/s]
loss=0.032| sh degree=2| :  35%|███▌      | 2464/7000 [02:10<01:34, 47.98it/s]
loss=0.039| sh degree=2| :  35%|███▌      | 2464/7000 [02:10<01:34, 47.98it/s]
loss=0.039| sh degree=2| :  35%|███▌      | 2464/7000 [02:10<01:34, 47.98it/s]
loss=0.030| sh degree=2| :  35%|███▌      | 2464/7000 [02:10<01:34, 47.98it/s]
loss=0.050| sh degree=2| :  35%|███▌      | 2464/7000 [02:10<01:34, 47.98it/s]
loss=0.047| sh degree=2| :  35%|███▌      | 2464/7000 [02:10<01:34, 47.98it/s]
loss=0.047| sh degree=2| :  35%|███▌      | 2469/7000 [02:10<01:33, 48.29it/s]
loss=0.046| sh degree=2| :  35%|███▌      | 2469/7000 [02:10<01:33, 48.29it/s]
loss=0.039| sh degree=2| :  35%|███▌      | 2469/7000 [02:10<01:33, 48.29it/s]
loss=0.038| sh degree=2| :  35%|███▌      | 2469/7000 [02:10<01:33, 48.29it/s]
loss=0.045| sh degree=2| :  35%|███▌      | 2469/7000 [02:10<01:33, 48.29it/s]
loss=0.036| sh degree=2| :  35%|███▌      | 2469/7000 [02:11<01:33, 48.29it/s]
loss=0.036| sh degree=2| :  35%|███▌      | 2474/7000 [02:11<01:34, 47.89it/s]
loss=0.071| sh degree=2| :  35%|███▌      | 2474/7000 [02:11<01:34, 47.89it/s]
loss=0.035| sh degree=2| :  35%|███▌      | 2474/7000 [02:11<01:34, 47.89it/s]
loss=0.050| sh degree=2| :  35%|███▌      | 2474/7000 [02:11<01:34, 47.89it/s]
loss=0.046| sh degree=2| :  35%|███▌      | 2474/7000 [02:11<01:34, 47.89it/s]
loss=0.050| sh degree=2| :  35%|███▌      | 2474/7000 [02:11<01:34, 47.89it/s]
loss=0.050| sh degree=2| :  35%|███▌      | 2479/7000 [02:11<01:34, 47.77it/s]
loss=0.033| sh degree=2| :  35%|███▌      | 2479/7000 [02:11<01:34, 47.77it/s]
loss=0.031| sh degree=2| :  35%|███▌      | 2479/7000 [02:11<01:34, 47.77it/s]
loss=0.036| sh degree=2| :  35%|███▌      | 2479/7000 [02:11<01:34, 47.77it/s]
loss=0.048| sh degree=2| :  35%|███▌      | 2479/7000 [02:11<01:34, 47.77it/s]
loss=0.034| sh degree=2| :  35%|███▌      | 2479/7000 [02:11<01:34, 47.77it/s]
loss=0.034| sh degree=2| :  35%|███▌      | 2484/7000 [02:11<01:35, 47.48it/s]
loss=0.039| sh degree=2| :  35%|███▌      | 2484/7000 [02:11<01:35, 47.48it/s]
loss=0.031| sh degree=2| :  35%|███▌      | 2484/7000 [02:11<01:35, 47.48it/s]
loss=0.045| sh degree=2| :  35%|███▌      | 2484/7000 [02:11<01:35, 47.48it/s]
loss=0.030| sh degree=2| :  35%|███▌      | 2484/7000 [02:11<01:35, 47.48it/s]
loss=0.035| sh degree=2| :  35%|███▌      | 2484/7000 [02:11<01:35, 47.48it/s]
loss=0.035| sh degree=2| :  36%|███▌      | 2489/7000 [02:11<01:35, 47.10it/s]
loss=0.048| sh degree=2| :  36%|███▌      | 2489/7000 [02:11<01:35, 47.10it/s]
loss=0.048| sh degree=2| :  36%|███▌      | 2489/7000 [02:11<01:35, 47.10it/s]
loss=0.040| sh degree=2| :  36%|███▌      | 2489/7000 [02:11<01:35, 47.10it/s]
loss=0.038| sh degree=2| :  36%|███▌      | 2489/7000 [02:11<01:35, 47.10it/s]
loss=0.034| sh degree=2| :  36%|███▌      | 2489/7000 [02:11<01:35, 47.10it/s]
loss=0.034| sh degree=2| :  36%|███▌      | 2494/7000 [02:11<01:36, 46.59it/s]
loss=0.048| sh degree=2| :  36%|███▌      | 2494/7000 [02:11<01:36, 46.59it/s]
loss=0.042| sh degree=2| :  36%|███▌      | 2494/7000 [02:11<01:36, 46.59it/s]
loss=0.047| sh degree=2| :  36%|███▌      | 2494/7000 [02:11<01:36, 46.59it/s]
loss=0.037| sh degree=2| :  36%|███▌      | 2494/7000 [02:11<01:36, 46.59it/s]
loss=0.047| sh degree=2| :  36%|███▌      | 2494/7000 [02:11<01:36, 46.59it/s]
loss=0.047| sh degree=2| :  36%|███▌      | 2499/7000 [02:11<01:36, 46.70it/s]
loss=0.033| sh degree=2| :  36%|███▌      | 2499/7000 [02:11<01:36, 46.70it/s]
loss=0.037| sh degree=2| :  36%|███▌      | 2499/7000 [02:11<01:36, 46.70it/s]
loss=0.049| sh degree=2| :  36%|███▌      | 2499/7000 [02:11<01:36, 46.70it/s]
loss=0.038| sh degree=2| :  36%|███▌      | 2499/7000 [02:11<01:36, 46.70it/s]
loss=0.038| sh degree=2| :  36%|███▌      | 2499/7000 [02:11<01:36, 46.70it/s]
loss=0.038| sh degree=2| :  36%|███▌      | 2504/7000 [02:11<01:42, 44.07it/s]
loss=0.059| sh degree=2| :  36%|███▌      | 2504/7000 [02:11<01:42, 44.07it/s]
loss=0.042| sh degree=2| :  36%|███▌      | 2504/7000 [02:11<01:42, 44.07it/s]
loss=0.040| sh degree=2| :  36%|███▌      | 2504/7000 [02:11<01:42, 44.07it/s]
loss=0.039| sh degree=2| :  36%|███▌      | 2504/7000 [02:11<01:42, 44.07it/s]
loss=0.033| sh degree=2| :  36%|███▌      | 2504/7000 [02:11<01:42, 44.07it/s]
loss=0.033| sh degree=2| :  36%|███▌      | 2509/7000 [02:11<01:40, 44.66it/s]
loss=0.055| sh degree=2| :  36%|███▌      | 2509/7000 [02:11<01:40, 44.66it/s]
loss=0.034| sh degree=2| :  36%|███▌      | 2509/7000 [02:11<01:40, 44.66it/s]
loss=0.041| sh degree=2| :  36%|███▌      | 2509/7000 [02:11<01:40, 44.66it/s]
loss=0.048| sh degree=2| :  36%|███▌      | 2509/7000 [02:11<01:40, 44.66it/s]
loss=0.050| sh degree=2| :  36%|███▌      | 2509/7000 [02:11<01:40, 44.66it/s]
loss=0.050| sh degree=2| :  36%|███▌      | 2514/7000 [02:11<01:38, 45.68it/s]
loss=0.057| sh degree=2| :  36%|███▌      | 2514/7000 [02:11<01:38, 45.68it/s]
loss=0.029| sh degree=2| :  36%|███▌      | 2514/7000 [02:11<01:38, 45.68it/s]
loss=0.048| sh degree=2| :  36%|███▌      | 2514/7000 [02:11<01:38, 45.68it/s]
loss=0.052| sh degree=2| :  36%|███▌      | 2514/7000 [02:11<01:38, 45.68it/s]
loss=0.034| sh degree=2| :  36%|███▌      | 2514/7000 [02:11<01:38, 45.68it/s]
loss=0.034| sh degree=2| :  36%|███▌      | 2519/7000 [02:11<01:36, 46.36it/s]
loss=0.046| sh degree=2| :  36%|███▌      | 2519/7000 [02:12<01:36, 46.36it/s]
loss=0.037| sh degree=2| :  36%|███▌      | 2519/7000 [02:12<01:36, 46.36it/s]
loss=0.044| sh degree=2| :  36%|███▌      | 2519/7000 [02:12<01:36, 46.36it/s]
loss=0.034| sh degree=2| :  36%|███▌      | 2519/7000 [02:12<01:36, 46.36it/s]
loss=0.044| sh degree=2| :  36%|███▌      | 2519/7000 [02:12<01:36, 46.36it/s]
loss=0.044| sh degree=2| :  36%|███▌      | 2524/7000 [02:12<01:35, 46.66it/s]
loss=0.059| sh degree=2| :  36%|███▌      | 2524/7000 [02:12<01:35, 46.66it/s]
loss=0.052| sh degree=2| :  36%|███▌      | 2524/7000 [02:12<01:35, 46.66it/s]
loss=0.044| sh degree=2| :  36%|███▌      | 2524/7000 [02:12<01:35, 46.66it/s]
loss=0.048| sh degree=2| :  36%|███▌      | 2524/7000 [02:12<01:35, 46.66it/s]
loss=0.037| sh degree=2| :  36%|███▌      | 2524/7000 [02:12<01:35, 46.66it/s]
loss=0.037| sh degree=2| :  36%|███▌      | 2529/7000 [02:12<01:34, 47.23it/s]
loss=0.070| sh degree=2| :  36%|███▌      | 2529/7000 [02:12<01:34, 47.23it/s]
loss=0.041| sh degree=2| :  36%|███▌      | 2529/7000 [02:12<01:34, 47.23it/s]
loss=0.039| sh degree=2| :  36%|███▌      | 2529/7000 [02:12<01:34, 47.23it/s]
loss=0.050| sh degree=2| :  36%|███▌      | 2529/7000 [02:12<01:34, 47.23it/s]
loss=0.043| sh degree=2| :  36%|███▌      | 2529/7000 [02:12<01:34, 47.23it/s]
loss=0.043| sh degree=2| :  36%|███▌      | 2534/7000 [02:12<01:35, 46.53it/s]
loss=0.032| sh degree=2| :  36%|███▌      | 2534/7000 [02:12<01:35, 46.53it/s]
loss=0.044| sh degree=2| :  36%|███▌      | 2534/7000 [02:12<01:35, 46.53it/s]
loss=0.036| sh degree=2| :  36%|███▌      | 2534/7000 [02:12<01:35, 46.53it/s]
loss=0.039| sh degree=2| :  36%|███▌      | 2534/7000 [02:12<01:35, 46.53it/s]
loss=0.045| sh degree=2| :  36%|███▌      | 2534/7000 [02:12<01:35, 46.53it/s]
loss=0.045| sh degree=2| :  36%|███▋      | 2539/7000 [02:12<01:35, 46.83it/s]
loss=0.033| sh degree=2| :  36%|███▋      | 2539/7000 [02:12<01:35, 46.83it/s]
loss=0.039| sh degree=2| :  36%|███▋      | 2539/7000 [02:12<01:35, 46.83it/s]
loss=0.037| sh degree=2| :  36%|███▋      | 2539/7000 [02:12<01:35, 46.83it/s]
loss=0.052| sh degree=2| :  36%|███▋      | 2539/7000 [02:12<01:35, 46.83it/s]
loss=0.036| sh degree=2| :  36%|███▋      | 2539/7000 [02:12<01:35, 46.83it/s]
loss=0.036| sh degree=2| :  36%|███▋      | 2544/7000 [02:12<01:36, 46.34it/s]
loss=0.040| sh degree=2| :  36%|███▋      | 2544/7000 [02:12<01:36, 46.34it/s]
loss=0.033| sh degree=2| :  36%|███▋      | 2544/7000 [02:12<01:36, 46.34it/s]
loss=0.034| sh degree=2| :  36%|███▋      | 2544/7000 [02:12<01:36, 46.34it/s]
loss=0.060| sh degree=2| :  36%|███▋      | 2544/7000 [02:12<01:36, 46.34it/s]
loss=0.030| sh degree=2| :  36%|███▋      | 2544/7000 [02:12<01:36, 46.34it/s]
loss=0.030| sh degree=2| :  36%|███▋      | 2549/7000 [02:12<01:35, 46.75it/s]
loss=0.050| sh degree=2| :  36%|███▋      | 2549/7000 [02:12<01:35, 46.75it/s]
loss=0.033| sh degree=2| :  36%|███▋      | 2549/7000 [02:12<01:35, 46.75it/s]
loss=0.047| sh degree=2| :  36%|███▋      | 2549/7000 [02:12<01:35, 46.75it/s]
loss=0.030| sh degree=2| :  36%|███▋      | 2549/7000 [02:12<01:35, 46.75it/s]
loss=0.045| sh degree=2| :  36%|███▋      | 2549/7000 [02:12<01:35, 46.75it/s]
loss=0.045| sh degree=2| :  36%|███▋      | 2554/7000 [02:12<02:07, 35.00it/s]
loss=0.053| sh degree=2| :  36%|███▋      | 2554/7000 [02:12<02:07, 35.00it/s]
loss=0.032| sh degree=2| :  36%|███▋      | 2554/7000 [02:12<02:07, 35.00it/s]
loss=0.047| sh degree=2| :  36%|███▋      | 2554/7000 [02:12<02:07, 35.00it/s]
loss=0.044| sh degree=2| :  36%|███▋      | 2554/7000 [02:12<02:07, 35.00it/s]
loss=0.037| sh degree=2| :  36%|███▋      | 2554/7000 [02:12<02:07, 35.00it/s]
loss=0.037| sh degree=2| :  37%|███▋      | 2559/7000 [02:12<01:56, 38.17it/s]
loss=0.041| sh degree=2| :  37%|███▋      | 2559/7000 [02:12<01:56, 38.17it/s]
loss=0.033| sh degree=2| :  37%|███▋      | 2559/7000 [02:13<01:56, 38.17it/s]
loss=0.029| sh degree=2| :  37%|███▋      | 2559/7000 [02:13<01:56, 38.17it/s]
loss=0.036| sh degree=2| :  37%|███▋      | 2559/7000 [02:13<01:56, 38.17it/s]
loss=0.050| sh degree=2| :  37%|███▋      | 2559/7000 [02:13<01:56, 38.17it/s]
loss=0.050| sh degree=2| :  37%|███▋      | 2564/7000 [02:13<01:49, 40.55it/s]
loss=0.065| sh degree=2| :  37%|███▋      | 2564/7000 [02:13<01:49, 40.55it/s]
loss=0.041| sh degree=2| :  37%|███▋      | 2564/7000 [02:13<01:49, 40.55it/s]
loss=0.040| sh degree=2| :  37%|███▋      | 2564/7000 [02:13<01:49, 40.55it/s]
loss=0.035| sh degree=2| :  37%|███▋      | 2564/7000 [02:13<01:49, 40.55it/s]
loss=0.036| sh degree=2| :  37%|███▋      | 2564/7000 [02:13<01:49, 40.55it/s]
loss=0.036| sh degree=2| :  37%|███▋      | 2569/7000 [02:13<01:46, 41.57it/s]
loss=0.054| sh degree=2| :  37%|███▋      | 2569/7000 [02:13<01:46, 41.57it/s]
loss=0.035| sh degree=2| :  37%|███▋      | 2569/7000 [02:13<01:46, 41.57it/s]
loss=0.033| sh degree=2| :  37%|███▋      | 2569/7000 [02:13<01:46, 41.57it/s]
loss=0.039| sh degree=2| :  37%|███▋      | 2569/7000 [02:13<01:46, 41.57it/s]
loss=0.046| sh degree=2| :  37%|███▋      | 2569/7000 [02:13<01:46, 41.57it/s]
loss=0.046| sh degree=2| :  37%|███▋      | 2574/7000 [02:13<01:43, 42.96it/s]
loss=0.033| sh degree=2| :  37%|███▋      | 2574/7000 [02:13<01:43, 42.96it/s]
loss=0.032| sh degree=2| :  37%|███▋      | 2574/7000 [02:13<01:43, 42.96it/s]
loss=0.046| sh degree=2| :  37%|███▋      | 2574/7000 [02:13<01:43, 42.96it/s]
loss=0.033| sh degree=2| :  37%|███▋      | 2574/7000 [02:13<01:43, 42.96it/s]
loss=0.051| sh degree=2| :  37%|███▋      | 2574/7000 [02:13<01:43, 42.96it/s]
loss=0.051| sh degree=2| :  37%|███▋      | 2579/7000 [02:13<01:40, 44.02it/s]
loss=0.032| sh degree=2| :  37%|███▋      | 2579/7000 [02:13<01:40, 44.02it/s]
loss=0.032| sh degree=2| :  37%|███▋      | 2579/7000 [02:13<01:40, 44.02it/s]
loss=0.038| sh degree=2| :  37%|███▋      | 2579/7000 [02:13<01:40, 44.02it/s]
loss=0.051| sh degree=2| :  37%|███▋      | 2579/7000 [02:13<01:40, 44.02it/s]
loss=0.037| sh degree=2| :  37%|███▋      | 2579/7000 [02:13<01:40, 44.02it/s]
loss=0.037| sh degree=2| :  37%|███▋      | 2584/7000 [02:13<01:38, 44.95it/s]
loss=0.046| sh degree=2| :  37%|███▋      | 2584/7000 [02:13<01:38, 44.95it/s]
loss=0.048| sh degree=2| :  37%|███▋      | 2584/7000 [02:13<01:38, 44.95it/s]
loss=0.031| sh degree=2| :  37%|███▋      | 2584/7000 [02:13<01:38, 44.95it/s]
loss=0.030| sh degree=2| :  37%|███▋      | 2584/7000 [02:13<01:38, 44.95it/s]
loss=0.033| sh degree=2| :  37%|███▋      | 2584/7000 [02:13<01:38, 44.95it/s]
loss=0.033| sh degree=2| :  37%|███▋      | 2589/7000 [02:13<01:36, 45.49it/s]
loss=0.046| sh degree=2| :  37%|███▋      | 2589/7000 [02:13<01:36, 45.49it/s]
loss=0.048| sh degree=2| :  37%|███▋      | 2589/7000 [02:13<01:36, 45.49it/s]
loss=0.039| sh degree=2| :  37%|███▋      | 2589/7000 [02:13<01:36, 45.49it/s]
loss=0.037| sh degree=2| :  37%|███▋      | 2589/7000 [02:13<01:36, 45.49it/s]
loss=0.032| sh degree=2| :  37%|███▋      | 2589/7000 [02:13<01:36, 45.49it/s]
loss=0.032| sh degree=2| :  37%|███▋      | 2594/7000 [02:13<01:35, 46.03it/s]
loss=0.044| sh degree=2| :  37%|███▋      | 2594/7000 [02:13<01:35, 46.03it/s]
loss=0.045| sh degree=2| :  37%|███▋      | 2594/7000 [02:13<01:35, 46.03it/s]
loss=0.030| sh degree=2| :  37%|███▋      | 2594/7000 [02:13<01:35, 46.03it/s]
loss=0.036| sh degree=2| :  37%|███▋      | 2594/7000 [02:13<01:35, 46.03it/s]
loss=0.033| sh degree=2| :  37%|███▋      | 2594/7000 [02:13<01:35, 46.03it/s]
loss=0.033| sh degree=2| :  37%|███▋      | 2599/7000 [02:13<01:36, 45.43it/s]
loss=0.047| sh degree=2| :  37%|███▋      | 2599/7000 [02:13<01:36, 45.43it/s]
loss=0.049| sh degree=2| :  37%|███▋      | 2599/7000 [02:13<01:36, 45.43it/s]
loss=0.059| sh degree=2| :  37%|███▋      | 2599/7000 [02:13<01:36, 45.43it/s]
loss=0.036| sh degree=2| :  37%|███▋      | 2599/7000 [02:13<01:36, 45.43it/s]
loss=0.035| sh degree=2| :  37%|███▋      | 2599/7000 [02:13<01:36, 45.43it/s]
loss=0.035| sh degree=2| :  37%|███▋      | 2604/7000 [02:13<01:39, 44.27it/s]
loss=0.033| sh degree=2| :  37%|███▋      | 2604/7000 [02:13<01:39, 44.27it/s]
loss=0.047| sh degree=2| :  37%|███▋      | 2604/7000 [02:13<01:39, 44.27it/s]
loss=0.050| sh degree=2| :  37%|███▋      | 2604/7000 [02:14<01:39, 44.27it/s]
loss=0.048| sh degree=2| :  37%|███▋      | 2604/7000 [02:14<01:39, 44.27it/s]
loss=0.051| sh degree=2| :  37%|███▋      | 2604/7000 [02:14<01:39, 44.27it/s]
loss=0.051| sh degree=2| :  37%|███▋      | 2609/7000 [02:14<01:35, 45.79it/s]
loss=0.043| sh degree=2| :  37%|███▋      | 2609/7000 [02:14<01:35, 45.79it/s]
loss=0.050| sh degree=2| :  37%|███▋      | 2609/7000 [02:14<01:35, 45.79it/s]
loss=0.047| sh degree=2| :  37%|███▋      | 2609/7000 [02:14<01:35, 45.79it/s]
loss=0.052| sh degree=2| :  37%|███▋      | 2609/7000 [02:14<01:35, 45.79it/s]
loss=0.057| sh degree=2| :  37%|███▋      | 2609/7000 [02:14<01:35, 45.79it/s]
loss=0.057| sh degree=2| :  37%|███▋      | 2614/7000 [02:14<01:34, 46.62it/s]
loss=0.039| sh degree=2| :  37%|███▋      | 2614/7000 [02:14<01:34, 46.62it/s]
loss=0.054| sh degree=2| :  37%|███▋      | 2614/7000 [02:14<01:34, 46.62it/s]
loss=0.050| sh degree=2| :  37%|███▋      | 2614/7000 [02:14<01:34, 46.62it/s]
loss=0.037| sh degree=2| :  37%|███▋      | 2614/7000 [02:14<01:34, 46.62it/s]
loss=0.038| sh degree=2| :  37%|███▋      | 2614/7000 [02:14<01:34, 46.62it/s]
loss=0.038| sh degree=2| :  37%|███▋      | 2619/7000 [02:14<01:34, 46.30it/s]
loss=0.054| sh degree=2| :  37%|███▋      | 2619/7000 [02:14<01:34, 46.30it/s]
loss=0.036| sh degree=2| :  37%|███▋      | 2619/7000 [02:14<01:34, 46.30it/s]
loss=0.037| sh degree=2| :  37%|███▋      | 2619/7000 [02:14<01:34, 46.30it/s]
loss=0.047| sh degree=2| :  37%|███▋      | 2619/7000 [02:14<01:34, 46.30it/s]
loss=0.050| sh degree=2| :  37%|███▋      | 2619/7000 [02:14<01:34, 46.30it/s]
loss=0.050| sh degree=2| :  37%|███▋      | 2624/7000 [02:14<01:33, 47.02it/s]
loss=0.038| sh degree=2| :  37%|███▋      | 2624/7000 [02:14<01:33, 47.02it/s]
loss=0.040| sh degree=2| :  37%|███▋      | 2624/7000 [02:14<01:33, 47.02it/s]
loss=0.039| sh degree=2| :  37%|███▋      | 2624/7000 [02:14<01:33, 47.02it/s]
loss=0.044| sh degree=2| :  37%|███▋      | 2624/7000 [02:14<01:33, 47.02it/s]
loss=0.050| sh degree=2| :  37%|███▋      | 2624/7000 [02:14<01:33, 47.02it/s]
loss=0.050| sh degree=2| :  38%|███▊      | 2629/7000 [02:14<01:32, 47.29it/s]
loss=0.045| sh degree=2| :  38%|███▊      | 2629/7000 [02:14<01:32, 47.29it/s]
loss=0.045| sh degree=2| :  38%|███▊      | 2629/7000 [02:14<01:32, 47.29it/s]
loss=0.036| sh degree=2| :  38%|███▊      | 2629/7000 [02:14<01:32, 47.29it/s]
loss=0.033| sh degree=2| :  38%|███▊      | 2629/7000 [02:14<01:32, 47.29it/s]
loss=0.064| sh degree=2| :  38%|███▊      | 2629/7000 [02:14<01:32, 47.29it/s]
loss=0.064| sh degree=2| :  38%|███▊      | 2634/7000 [02:14<01:32, 47.12it/s]
loss=0.038| sh degree=2| :  38%|███▊      | 2634/7000 [02:14<01:32, 47.12it/s]
loss=0.041| sh degree=2| :  38%|███▊      | 2634/7000 [02:14<01:32, 47.12it/s]
loss=0.041| sh degree=2| :  38%|███▊      | 2634/7000 [02:14<01:32, 47.12it/s]
loss=0.039| sh degree=2| :  38%|███▊      | 2634/7000 [02:14<01:32, 47.12it/s]
loss=0.033| sh degree=2| :  38%|███▊      | 2634/7000 [02:14<01:32, 47.12it/s]
loss=0.033| sh degree=2| :  38%|███▊      | 2639/7000 [02:14<01:35, 45.76it/s]
loss=0.031| sh degree=2| :  38%|███▊      | 2639/7000 [02:14<01:35, 45.76it/s]
loss=0.051| sh degree=2| :  38%|███▊      | 2639/7000 [02:14<01:35, 45.76it/s]
loss=0.039| sh degree=2| :  38%|███▊      | 2639/7000 [02:14<01:35, 45.76it/s]
loss=0.035| sh degree=2| :  38%|███▊      | 2639/7000 [02:14<01:35, 45.76it/s]
loss=0.029| sh degree=2| :  38%|███▊      | 2639/7000 [02:14<01:35, 45.76it/s]
loss=0.029| sh degree=2| :  38%|███▊      | 2644/7000 [02:14<01:34, 45.89it/s]
loss=0.071| sh degree=2| :  38%|███▊      | 2644/7000 [02:14<01:34, 45.89it/s]
loss=0.046| sh degree=2| :  38%|███▊      | 2644/7000 [02:14<01:34, 45.89it/s]
loss=0.046| sh degree=2| :  38%|███▊      | 2644/7000 [02:14<01:34, 45.89it/s]
loss=0.033| sh degree=2| :  38%|███▊      | 2644/7000 [02:14<01:34, 45.89it/s]
loss=0.047| sh degree=2| :  38%|███▊      | 2644/7000 [02:14<01:34, 45.89it/s]
loss=0.047| sh degree=2| :  38%|███▊      | 2649/7000 [02:14<01:33, 46.50it/s]
loss=0.041| sh degree=2| :  38%|███▊      | 2649/7000 [02:14<01:33, 46.50it/s]
loss=0.039| sh degree=2| :  38%|███▊      | 2649/7000 [02:14<01:33, 46.50it/s]
loss=0.040| sh degree=2| :  38%|███▊      | 2649/7000 [02:14<01:33, 46.50it/s]
loss=0.047| sh degree=2| :  38%|███▊      | 2649/7000 [02:14<01:33, 46.50it/s]
loss=0.039| sh degree=2| :  38%|███▊      | 2649/7000 [02:15<01:33, 46.50it/s]
loss=0.039| sh degree=2| :  38%|███▊      | 2654/7000 [02:15<01:34, 46.01it/s]
loss=0.047| sh degree=2| :  38%|███▊      | 2654/7000 [02:15<01:34, 46.01it/s]
loss=0.032| sh degree=2| :  38%|███▊      | 2654/7000 [02:15<01:34, 46.01it/s]
loss=0.053| sh degree=2| :  38%|███▊      | 2654/7000 [02:15<01:34, 46.01it/s]
loss=0.056| sh degree=2| :  38%|███▊      | 2654/7000 [02:15<01:34, 46.01it/s]
loss=0.054| sh degree=2| :  38%|███▊      | 2654/7000 [02:15<01:34, 46.01it/s]
loss=0.054| sh degree=2| :  38%|███▊      | 2659/7000 [02:15<01:32, 46.88it/s]
loss=0.044| sh degree=2| :  38%|███▊      | 2659/7000 [02:15<01:32, 46.88it/s]
loss=0.056| sh degree=2| :  38%|███▊      | 2659/7000 [02:15<01:32, 46.88it/s]
loss=0.044| sh degree=2| :  38%|███▊      | 2659/7000 [02:15<01:32, 46.88it/s]
loss=0.057| sh degree=2| :  38%|███▊      | 2659/7000 [02:15<01:32, 46.88it/s]
loss=0.040| sh degree=2| :  38%|███▊      | 2659/7000 [02:15<01:32, 46.88it/s]
loss=0.040| sh degree=2| :  38%|███▊      | 2664/7000 [02:15<01:34, 46.01it/s]
loss=0.032| sh degree=2| :  38%|███▊      | 2664/7000 [02:15<01:34, 46.01it/s]
loss=0.036| sh degree=2| :  38%|███▊      | 2664/7000 [02:15<01:34, 46.01it/s]
loss=0.048| sh degree=2| :  38%|███▊      | 2664/7000 [02:15<01:34, 46.01it/s]
loss=0.052| sh degree=2| :  38%|███▊      | 2664/7000 [02:15<01:34, 46.01it/s]
loss=0.035| sh degree=2| :  38%|███▊      | 2664/7000 [02:15<01:34, 46.01it/s]
loss=0.035| sh degree=2| :  38%|███▊      | 2669/7000 [02:15<01:33, 46.26it/s]
loss=0.037| sh degree=2| :  38%|███▊      | 2669/7000 [02:15<01:33, 46.26it/s]
loss=0.038| sh degree=2| :  38%|███▊      | 2669/7000 [02:15<01:33, 46.26it/s]
loss=0.032| sh degree=2| :  38%|███▊      | 2669/7000 [02:15<01:33, 46.26it/s]
loss=0.049| sh degree=2| :  38%|███▊      | 2669/7000 [02:15<01:33, 46.26it/s]
loss=0.055| sh degree=2| :  38%|███▊      | 2669/7000 [02:15<01:33, 46.26it/s]
loss=0.055| sh degree=2| :  38%|███▊      | 2674/7000 [02:15<01:33, 46.40it/s]
loss=0.036| sh degree=2| :  38%|███▊      | 2674/7000 [02:15<01:33, 46.40it/s]
loss=0.030| sh degree=2| :  38%|███▊      | 2674/7000 [02:15<01:33, 46.40it/s]
loss=0.034| sh degree=2| :  38%|███▊      | 2674/7000 [02:15<01:33, 46.40it/s]
loss=0.030| sh degree=2| :  38%|███▊      | 2674/7000 [02:15<01:33, 46.40it/s]
loss=0.037| sh degree=2| :  38%|███▊      | 2674/7000 [02:15<01:33, 46.40it/s]
loss=0.037| sh degree=2| :  38%|███▊      | 2679/7000 [02:15<01:33, 46.28it/s]
loss=0.033| sh degree=2| :  38%|███▊      | 2679/7000 [02:15<01:33, 46.28it/s]
loss=0.030| sh degree=2| :  38%|███▊      | 2679/7000 [02:15<01:33, 46.28it/s]
loss=0.050| sh degree=2| :  38%|███▊      | 2679/7000 [02:15<01:33, 46.28it/s]
loss=0.047| sh degree=2| :  38%|███▊      | 2679/7000 [02:15<01:33, 46.28it/s]
loss=0.048| sh degree=2| :  38%|███▊      | 2679/7000 [02:15<01:33, 46.28it/s]
loss=0.048| sh degree=2| :  38%|███▊      | 2684/7000 [02:15<01:32, 46.51it/s]
loss=0.035| sh degree=2| :  38%|███▊      | 2684/7000 [02:15<01:32, 46.51it/s]
loss=0.034| sh degree=2| :  38%|███▊      | 2684/7000 [02:15<01:32, 46.51it/s]
loss=0.032| sh degree=2| :  38%|███▊      | 2684/7000 [02:15<01:32, 46.51it/s]
loss=0.053| sh degree=2| :  38%|███▊      | 2684/7000 [02:15<01:32, 46.51it/s]
loss=0.043| sh degree=2| :  38%|███▊      | 2684/7000 [02:15<01:32, 46.51it/s]
loss=0.043| sh degree=2| :  38%|███▊      | 2689/7000 [02:15<01:33, 46.27it/s]
loss=0.043| sh degree=2| :  38%|███▊      | 2689/7000 [02:15<01:33, 46.27it/s]
loss=0.047| sh degree=2| :  38%|███▊      | 2689/7000 [02:15<01:33, 46.27it/s]
loss=0.046| sh degree=2| :  38%|███▊      | 2689/7000 [02:15<01:33, 46.27it/s]
loss=0.030| sh degree=2| :  38%|███▊      | 2689/7000 [02:15<01:33, 46.27it/s]
loss=0.050| sh degree=2| :  38%|███▊      | 2689/7000 [02:15<01:33, 46.27it/s]
loss=0.039| sh degree=2| :  38%|███▊      | 2689/7000 [02:15<01:33, 46.27it/s]
loss=0.039| sh degree=2| :  38%|███▊      | 2695/7000 [02:15<01:31, 47.27it/s]
loss=0.039| sh degree=2| :  38%|███▊      | 2695/7000 [02:15<01:31, 47.27it/s]
loss=0.047| sh degree=2| :  38%|███▊      | 2695/7000 [02:15<01:31, 47.27it/s]
loss=0.034| sh degree=2| :  38%|███▊      | 2695/7000 [02:15<01:31, 47.27it/s]
loss=0.042| sh degree=2| :  38%|███▊      | 2695/7000 [02:15<01:31, 47.27it/s]
loss=0.043| sh degree=2| :  38%|███▊      | 2695/7000 [02:16<01:31, 47.27it/s]
loss=0.043| sh degree=2| :  39%|███▊      | 2700/7000 [02:16<01:33, 45.77it/s]
loss=0.032| sh degree=2| :  39%|███▊      | 2700/7000 [02:16<01:33, 45.77it/s]
loss=0.049| sh degree=2| :  39%|███▊      | 2700/7000 [02:16<01:33, 45.77it/s]
loss=0.056| sh degree=2| :  39%|███▊      | 2700/7000 [02:16<01:33, 45.77it/s]
loss=0.035| sh degree=2| :  39%|███▊      | 2700/7000 [02:16<01:33, 45.77it/s]
loss=0.039| sh degree=2| :  39%|███▊      | 2700/7000 [02:16<01:33, 45.77it/s]
loss=0.039| sh degree=2| :  39%|███▊      | 2705/7000 [02:16<01:37, 43.87it/s]
loss=0.035| sh degree=2| :  39%|███▊      | 2705/7000 [02:16<01:37, 43.87it/s]
loss=0.037| sh degree=2| :  39%|███▊      | 2705/7000 [02:16<01:37, 43.87it/s]
loss=0.042| sh degree=2| :  39%|███▊      | 2705/7000 [02:16<01:37, 43.87it/s]
loss=0.048| sh degree=2| :  39%|███▊      | 2705/7000 [02:16<01:37, 43.87it/s]
loss=0.045| sh degree=2| :  39%|███▊      | 2705/7000 [02:16<01:37, 43.87it/s]
loss=0.045| sh degree=2| :  39%|███▊      | 2710/7000 [02:16<01:37, 44.11it/s]
loss=0.047| sh degree=2| :  39%|███▊      | 2710/7000 [02:16<01:37, 44.11it/s]
loss=0.061| sh degree=2| :  39%|███▊      | 2710/7000 [02:16<01:37, 44.11it/s]
loss=0.041| sh degree=2| :  39%|███▊      | 2710/7000 [02:16<01:37, 44.11it/s]
loss=0.051| sh degree=2| :  39%|███▊      | 2710/7000 [02:16<01:37, 44.11it/s]
loss=0.046| sh degree=2| :  39%|███▊      | 2710/7000 [02:16<01:37, 44.11it/s]
loss=0.046| sh degree=2| :  39%|███▉      | 2715/7000 [02:16<01:34, 45.50it/s]
loss=0.034| sh degree=2| :  39%|███▉      | 2715/7000 [02:16<01:34, 45.50it/s]
loss=0.035| sh degree=2| :  39%|███▉      | 2715/7000 [02:16<01:34, 45.50it/s]
loss=0.038| sh degree=2| :  39%|███▉      | 2715/7000 [02:16<01:34, 45.50it/s]
loss=0.034| sh degree=2| :  39%|███▉      | 2715/7000 [02:16<01:34, 45.50it/s]
loss=0.045| sh degree=2| :  39%|███▉      | 2715/7000 [02:16<01:34, 45.50it/s]
loss=0.045| sh degree=2| :  39%|███▉      | 2720/7000 [02:16<01:33, 45.97it/s]
loss=0.032| sh degree=2| :  39%|███▉      | 2720/7000 [02:16<01:33, 45.97it/s]
loss=0.047| sh degree=2| :  39%|███▉      | 2720/7000 [02:16<01:33, 45.97it/s]
loss=0.039| sh degree=2| :  39%|███▉      | 2720/7000 [02:16<01:33, 45.97it/s]
loss=0.040| sh degree=2| :  39%|███▉      | 2720/7000 [02:16<01:33, 45.97it/s]
loss=0.038| sh degree=2| :  39%|███▉      | 2720/7000 [02:16<01:33, 45.97it/s]
loss=0.038| sh degree=2| :  39%|███▉      | 2725/7000 [02:16<01:35, 44.84it/s]
loss=0.049| sh degree=2| :  39%|███▉      | 2725/7000 [02:16<01:35, 44.84it/s]
loss=0.055| sh degree=2| :  39%|███▉      | 2725/7000 [02:16<01:35, 44.84it/s]
loss=0.048| sh degree=2| :  39%|███▉      | 2725/7000 [02:16<01:35, 44.84it/s]
loss=0.037| sh degree=2| :  39%|███▉      | 2725/7000 [02:16<01:35, 44.84it/s]
loss=0.055| sh degree=2| :  39%|███▉      | 2725/7000 [02:16<01:35, 44.84it/s]
loss=0.055| sh degree=2| :  39%|███▉      | 2730/7000 [02:16<01:35, 44.81it/s]
loss=0.031| sh degree=2| :  39%|███▉      | 2730/7000 [02:16<01:35, 44.81it/s]
loss=0.043| sh degree=2| :  39%|███▉      | 2730/7000 [02:16<01:35, 44.81it/s]
loss=0.030| sh degree=2| :  39%|███▉      | 2730/7000 [02:16<01:35, 44.81it/s]
loss=0.036| sh degree=2| :  39%|███▉      | 2730/7000 [02:16<01:35, 44.81it/s]
loss=0.029| sh degree=2| :  39%|███▉      | 2730/7000 [02:16<01:35, 44.81it/s]
loss=0.029| sh degree=2| :  39%|███▉      | 2735/7000 [02:16<01:34, 45.35it/s]
loss=0.042| sh degree=2| :  39%|███▉      | 2735/7000 [02:16<01:34, 45.35it/s]
loss=0.030| sh degree=2| :  39%|███▉      | 2735/7000 [02:16<01:34, 45.35it/s]
loss=0.040| sh degree=2| :  39%|███▉      | 2735/7000 [02:16<01:34, 45.35it/s]
loss=0.040| sh degree=2| :  39%|███▉      | 2735/7000 [02:16<01:34, 45.35it/s]
loss=0.048| sh degree=2| :  39%|███▉      | 2735/7000 [02:16<01:34, 45.35it/s]
loss=0.048| sh degree=2| :  39%|███▉      | 2740/7000 [02:16<01:34, 45.20it/s]
loss=0.037| sh degree=2| :  39%|███▉      | 2740/7000 [02:16<01:34, 45.20it/s]
loss=0.045| sh degree=2| :  39%|███▉      | 2740/7000 [02:16<01:34, 45.20it/s]
loss=0.037| sh degree=2| :  39%|███▉      | 2740/7000 [02:16<01:34, 45.20it/s]
loss=0.043| sh degree=2| :  39%|███▉      | 2740/7000 [02:16<01:34, 45.20it/s]
loss=0.028| sh degree=2| :  39%|███▉      | 2740/7000 [02:17<01:34, 45.20it/s]
loss=0.028| sh degree=2| :  39%|███▉      | 2745/7000 [02:17<01:33, 45.36it/s]
loss=0.031| sh degree=2| :  39%|███▉      | 2745/7000 [02:17<01:33, 45.36it/s]
loss=0.034| sh degree=2| :  39%|███▉      | 2745/7000 [02:17<01:33, 45.36it/s]
loss=0.036| sh degree=2| :  39%|███▉      | 2745/7000 [02:17<01:33, 45.36it/s]
loss=0.049| sh degree=2| :  39%|███▉      | 2745/7000 [02:17<01:33, 45.36it/s]
loss=0.048| sh degree=2| :  39%|███▉      | 2745/7000 [02:17<01:33, 45.36it/s]
loss=0.048| sh degree=2| :  39%|███▉      | 2750/7000 [02:17<01:32, 45.96it/s]
loss=0.032| sh degree=2| :  39%|███▉      | 2750/7000 [02:17<01:32, 45.96it/s]
loss=0.044| sh degree=2| :  39%|███▉      | 2750/7000 [02:17<01:32, 45.96it/s]
loss=0.031| sh degree=2| :  39%|███▉      | 2750/7000 [02:17<01:32, 45.96it/s]
loss=0.031| sh degree=2| :  39%|███▉      | 2750/7000 [02:17<01:32, 45.96it/s]
loss=0.031| sh degree=2| :  39%|███▉      | 2750/7000 [02:17<01:32, 45.96it/s]
loss=0.031| sh degree=2| :  39%|███▉      | 2755/7000 [02:17<01:32, 45.90it/s]
loss=0.043| sh degree=2| :  39%|███▉      | 2755/7000 [02:17<01:32, 45.90it/s]
loss=0.036| sh degree=2| :  39%|███▉      | 2755/7000 [02:17<01:32, 45.90it/s]
loss=0.028| sh degree=2| :  39%|███▉      | 2755/7000 [02:17<01:32, 45.90it/s]
loss=0.039| sh degree=2| :  39%|███▉      | 2755/7000 [02:17<01:32, 45.90it/s]
loss=0.030| sh degree=2| :  39%|███▉      | 2755/7000 [02:17<01:32, 45.90it/s]
loss=0.030| sh degree=2| :  39%|███▉      | 2760/7000 [02:17<01:31, 46.13it/s]
loss=0.045| sh degree=2| :  39%|███▉      | 2760/7000 [02:17<01:31, 46.13it/s]
loss=0.047| sh degree=2| :  39%|███▉      | 2760/7000 [02:17<01:31, 46.13it/s]
loss=0.032| sh degree=2| :  39%|███▉      | 2760/7000 [02:17<01:31, 46.13it/s]
loss=0.039| sh degree=2| :  39%|███▉      | 2760/7000 [02:17<01:31, 46.13it/s]
loss=0.054| sh degree=2| :  39%|███▉      | 2760/7000 [02:17<01:31, 46.13it/s]
loss=0.054| sh degree=2| :  40%|███▉      | 2765/7000 [02:17<01:32, 45.96it/s]
loss=0.030| sh degree=2| :  40%|███▉      | 2765/7000 [02:17<01:32, 45.96it/s]
loss=0.047| sh degree=2| :  40%|███▉      | 2765/7000 [02:17<01:32, 45.96it/s]
loss=0.039| sh degree=2| :  40%|███▉      | 2765/7000 [02:17<01:32, 45.96it/s]
loss=0.047| sh degree=2| :  40%|███▉      | 2765/7000 [02:17<01:32, 45.96it/s]
loss=0.045| sh degree=2| :  40%|███▉      | 2765/7000 [02:17<01:32, 45.96it/s]
loss=0.045| sh degree=2| :  40%|███▉      | 2770/7000 [02:17<01:31, 46.45it/s]
loss=0.030| sh degree=2| :  40%|███▉      | 2770/7000 [02:17<01:31, 46.45it/s]
loss=0.030| sh degree=2| :  40%|███▉      | 2770/7000 [02:17<01:31, 46.45it/s]
loss=0.030| sh degree=2| :  40%|███▉      | 2770/7000 [02:17<01:31, 46.45it/s]
loss=0.031| sh degree=2| :  40%|███▉      | 2770/7000 [02:17<01:31, 46.45it/s]
loss=0.036| sh degree=2| :  40%|███▉      | 2770/7000 [02:17<01:31, 46.45it/s]
loss=0.036| sh degree=2| :  40%|███▉      | 2775/7000 [02:17<01:31, 46.37it/s]
loss=0.045| sh degree=2| :  40%|███▉      | 2775/7000 [02:17<01:31, 46.37it/s]
loss=0.031| sh degree=2| :  40%|███▉      | 2775/7000 [02:17<01:31, 46.37it/s]
loss=0.034| sh degree=2| :  40%|███▉      | 2775/7000 [02:17<01:31, 46.37it/s]
loss=0.036| sh degree=2| :  40%|███▉      | 2775/7000 [02:17<01:31, 46.37it/s]
loss=0.046| sh degree=2| :  40%|███▉      | 2775/7000 [02:17<01:31, 46.37it/s]
loss=0.046| sh degree=2| :  40%|███▉      | 2780/7000 [02:17<01:33, 44.97it/s]
loss=0.035| sh degree=2| :  40%|███▉      | 2780/7000 [02:17<01:33, 44.97it/s]
loss=0.041| sh degree=2| :  40%|███▉      | 2780/7000 [02:17<01:33, 44.97it/s]
loss=0.037| sh degree=2| :  40%|███▉      | 2780/7000 [02:17<01:33, 44.97it/s]
loss=0.031| sh degree=2| :  40%|███▉      | 2780/7000 [02:17<01:33, 44.97it/s]
loss=0.035| sh degree=2| :  40%|███▉      | 2780/7000 [02:17<01:33, 44.97it/s]
loss=0.035| sh degree=2| :  40%|███▉      | 2785/7000 [02:17<01:34, 44.40it/s]
loss=0.036| sh degree=2| :  40%|███▉      | 2785/7000 [02:17<01:34, 44.40it/s]
loss=0.035| sh degree=2| :  40%|███▉      | 2785/7000 [02:17<01:34, 44.40it/s]
loss=0.040| sh degree=2| :  40%|███▉      | 2785/7000 [02:17<01:34, 44.40it/s]
loss=0.032| sh degree=2| :  40%|███▉      | 2785/7000 [02:17<01:34, 44.40it/s]
loss=0.046| sh degree=2| :  40%|███▉      | 2785/7000 [02:18<01:34, 44.40it/s]
loss=0.046| sh degree=2| :  40%|███▉      | 2790/7000 [02:18<01:36, 43.58it/s]
loss=0.046| sh degree=2| :  40%|███▉      | 2790/7000 [02:18<01:36, 43.58it/s]
loss=0.046| sh degree=2| :  40%|███▉      | 2790/7000 [02:18<01:36, 43.58it/s]
loss=0.037| sh degree=2| :  40%|███▉      | 2790/7000 [02:18<01:36, 43.58it/s]
loss=0.030| sh degree=2| :  40%|███▉      | 2790/7000 [02:18<01:36, 43.58it/s]
loss=0.030| sh degree=2| :  40%|███▉      | 2790/7000 [02:18<01:36, 43.58it/s]
loss=0.030| sh degree=2| :  40%|███▉      | 2795/7000 [02:18<01:33, 45.08it/s]
loss=0.030| sh degree=2| :  40%|███▉      | 2795/7000 [02:18<01:33, 45.08it/s]
loss=0.043| sh degree=2| :  40%|███▉      | 2795/7000 [02:18<01:33, 45.08it/s]
loss=0.045| sh degree=2| :  40%|███▉      | 2795/7000 [02:18<01:33, 45.08it/s]
loss=0.044| sh degree=2| :  40%|███▉      | 2795/7000 [02:18<01:33, 45.08it/s]
loss=0.031| sh degree=2| :  40%|███▉      | 2795/7000 [02:18<01:33, 45.08it/s]
loss=0.031| sh degree=2| :  40%|████      | 2800/7000 [02:18<01:31, 46.00it/s]
loss=0.058| sh degree=2| :  40%|████      | 2800/7000 [02:18<01:31, 46.00it/s]
loss=0.038| sh degree=2| :  40%|████      | 2800/7000 [02:18<01:31, 46.00it/s]
loss=0.045| sh degree=2| :  40%|████      | 2800/7000 [02:18<01:31, 46.00it/s]
loss=0.033| sh degree=2| :  40%|████      | 2800/7000 [02:18<01:31, 46.00it/s]
loss=0.037| sh degree=2| :  40%|████      | 2800/7000 [02:18<01:31, 46.00it/s]
loss=0.037| sh degree=2| :  40%|████      | 2805/7000 [02:18<01:36, 43.48it/s]
loss=0.037| sh degree=2| :  40%|████      | 2805/7000 [02:18<01:36, 43.48it/s]
loss=0.037| sh degree=2| :  40%|████      | 2805/7000 [02:18<01:36, 43.48it/s]
loss=0.033| sh degree=2| :  40%|████      | 2805/7000 [02:18<01:36, 43.48it/s]
loss=0.045| sh degree=2| :  40%|████      | 2805/7000 [02:18<01:36, 43.48it/s]
loss=0.048| sh degree=2| :  40%|████      | 2805/7000 [02:18<01:36, 43.48it/s]
loss=0.048| sh degree=2| :  40%|████      | 2810/7000 [02:18<01:58, 35.43it/s]
loss=0.042| sh degree=2| :  40%|████      | 2810/7000 [02:18<01:58, 35.43it/s]
loss=0.036| sh degree=2| :  40%|████      | 2810/7000 [02:18<01:58, 35.43it/s]
loss=0.044| sh degree=2| :  40%|████      | 2810/7000 [02:18<01:58, 35.43it/s]
loss=0.043| sh degree=2| :  40%|████      | 2810/7000 [02:18<01:58, 35.43it/s]
loss=0.031| sh degree=2| :  40%|████      | 2810/7000 [02:18<01:58, 35.43it/s]
loss=0.031| sh degree=2| :  40%|████      | 2815/7000 [02:18<01:51, 37.45it/s]
loss=0.051| sh degree=2| :  40%|████      | 2815/7000 [02:18<01:51, 37.45it/s]
loss=0.044| sh degree=2| :  40%|████      | 2815/7000 [02:18<01:51, 37.45it/s]
loss=0.033| sh degree=2| :  40%|████      | 2815/7000 [02:18<01:51, 37.45it/s]
loss=0.032| sh degree=2| :  40%|████      | 2815/7000 [02:18<01:51, 37.45it/s]
loss=0.039| sh degree=2| :  40%|████      | 2815/7000 [02:18<01:51, 37.45it/s]
loss=0.039| sh degree=2| :  40%|████      | 2820/7000 [02:18<01:44, 39.89it/s]
loss=0.044| sh degree=2| :  40%|████      | 2820/7000 [02:18<01:44, 39.89it/s]
loss=0.034| sh degree=2| :  40%|████      | 2820/7000 [02:18<01:44, 39.89it/s]
loss=0.033| sh degree=2| :  40%|████      | 2820/7000 [02:18<01:44, 39.89it/s]
loss=0.038| sh degree=2| :  40%|████      | 2820/7000 [02:18<01:44, 39.89it/s]
loss=0.029| sh degree=2| :  40%|████      | 2820/7000 [02:18<01:44, 39.89it/s]
loss=0.029| sh degree=2| :  40%|████      | 2825/7000 [02:18<01:40, 41.63it/s]
loss=0.043| sh degree=2| :  40%|████      | 2825/7000 [02:18<01:40, 41.63it/s]
loss=0.046| sh degree=2| :  40%|████      | 2825/7000 [02:18<01:40, 41.63it/s]
loss=0.048| sh degree=2| :  40%|████      | 2825/7000 [02:18<01:40, 41.63it/s]
loss=0.052| sh degree=2| :  40%|████      | 2825/7000 [02:18<01:40, 41.63it/s]
loss=0.033| sh degree=2| :  40%|████      | 2825/7000 [02:18<01:40, 41.63it/s]
loss=0.033| sh degree=2| :  40%|████      | 2830/7000 [02:18<01:36, 43.28it/s]
loss=0.041| sh degree=2| :  40%|████      | 2830/7000 [02:18<01:36, 43.28it/s]
loss=0.053| sh degree=2| :  40%|████      | 2830/7000 [02:19<01:36, 43.28it/s]
loss=0.047| sh degree=2| :  40%|████      | 2830/7000 [02:19<01:36, 43.28it/s]
loss=0.037| sh degree=2| :  40%|████      | 2830/7000 [02:19<01:36, 43.28it/s]
loss=0.030| sh degree=2| :  40%|████      | 2830/7000 [02:19<01:36, 43.28it/s]
loss=0.030| sh degree=2| :  40%|████      | 2835/7000 [02:19<01:35, 43.53it/s]
loss=0.035| sh degree=2| :  40%|████      | 2835/7000 [02:19<01:35, 43.53it/s]
loss=0.047| sh degree=2| :  40%|████      | 2835/7000 [02:19<01:35, 43.53it/s]
loss=0.046| sh degree=2| :  40%|████      | 2835/7000 [02:19<01:35, 43.53it/s]
loss=0.029| sh degree=2| :  40%|████      | 2835/7000 [02:19<01:35, 43.53it/s]
loss=0.032| sh degree=2| :  40%|████      | 2835/7000 [02:19<01:35, 43.53it/s]
loss=0.032| sh degree=2| :  41%|████      | 2840/7000 [02:19<01:35, 43.68it/s]
loss=0.063| sh degree=2| :  41%|████      | 2840/7000 [02:19<01:35, 43.68it/s]
loss=0.038| sh degree=2| :  41%|████      | 2840/7000 [02:19<01:35, 43.68it/s]
loss=0.057| sh degree=2| :  41%|████      | 2840/7000 [02:19<01:35, 43.68it/s]
loss=0.044| sh degree=2| :  41%|████      | 2840/7000 [02:19<01:35, 43.68it/s]
loss=0.048| sh degree=2| :  41%|████      | 2840/7000 [02:19<01:35, 43.68it/s]
loss=0.048| sh degree=2| :  41%|████      | 2845/7000 [02:19<01:32, 45.04it/s]
loss=0.050| sh degree=2| :  41%|████      | 2845/7000 [02:19<01:32, 45.04it/s]
loss=0.042| sh degree=2| :  41%|████      | 2845/7000 [02:19<01:32, 45.04it/s]
loss=0.035| sh degree=2| :  41%|████      | 2845/7000 [02:19<01:32, 45.04it/s]
loss=0.036| sh degree=2| :  41%|████      | 2845/7000 [02:19<01:32, 45.04it/s]
loss=0.033| sh degree=2| :  41%|████      | 2845/7000 [02:19<01:32, 45.04it/s]
loss=0.033| sh degree=2| :  41%|████      | 2850/7000 [02:19<01:32, 44.81it/s]
loss=0.042| sh degree=2| :  41%|████      | 2850/7000 [02:19<01:32, 44.81it/s]
loss=0.034| sh degree=2| :  41%|████      | 2850/7000 [02:19<01:32, 44.81it/s]
loss=0.034| sh degree=2| :  41%|████      | 2850/7000 [02:19<01:32, 44.81it/s]
loss=0.036| sh degree=2| :  41%|████      | 2850/7000 [02:19<01:32, 44.81it/s]
loss=0.047| sh degree=2| :  41%|████      | 2850/7000 [02:19<01:32, 44.81it/s]
loss=0.047| sh degree=2| :  41%|████      | 2855/7000 [02:19<01:33, 44.56it/s]
loss=0.034| sh degree=2| :  41%|████      | 2855/7000 [02:19<01:33, 44.56it/s]
loss=0.039| sh degree=2| :  41%|████      | 2855/7000 [02:19<01:33, 44.56it/s]
loss=0.032| sh degree=2| :  41%|████      | 2855/7000 [02:19<01:33, 44.56it/s]
loss=0.038| sh degree=2| :  41%|████      | 2855/7000 [02:19<01:33, 44.56it/s]
loss=0.037| sh degree=2| :  41%|████      | 2855/7000 [02:19<01:33, 44.56it/s]
loss=0.037| sh degree=2| :  41%|████      | 2860/7000 [02:19<01:34, 43.85it/s]
loss=0.035| sh degree=2| :  41%|████      | 2860/7000 [02:19<01:34, 43.85it/s]
loss=0.041| sh degree=2| :  41%|████      | 2860/7000 [02:19<01:34, 43.85it/s]
loss=0.053| sh degree=2| :  41%|████      | 2860/7000 [02:19<01:34, 43.85it/s]
loss=0.029| sh degree=2| :  41%|████      | 2860/7000 [02:19<01:34, 43.85it/s]
loss=0.033| sh degree=2| :  41%|████      | 2860/7000 [02:19<01:34, 43.85it/s]
loss=0.033| sh degree=2| :  41%|████      | 2865/7000 [02:19<01:33, 44.35it/s]
loss=0.032| sh degree=2| :  41%|████      | 2865/7000 [02:19<01:33, 44.35it/s]
loss=0.059| sh degree=2| :  41%|████      | 2865/7000 [02:19<01:33, 44.35it/s]
loss=0.030| sh degree=2| :  41%|████      | 2865/7000 [02:19<01:33, 44.35it/s]
loss=0.054| sh degree=2| :  41%|████      | 2865/7000 [02:19<01:33, 44.35it/s]
loss=0.042| sh degree=2| :  41%|████      | 2865/7000 [02:19<01:33, 44.35it/s]
loss=0.042| sh degree=2| :  41%|████      | 2870/7000 [02:19<01:31, 44.90it/s]
loss=0.033| sh degree=2| :  41%|████      | 2870/7000 [02:19<01:31, 44.90it/s]
loss=0.030| sh degree=2| :  41%|████      | 2870/7000 [02:19<01:31, 44.90it/s]
loss=0.031| sh degree=2| :  41%|████      | 2870/7000 [02:19<01:31, 44.90it/s]
loss=0.044| sh degree=2| :  41%|████      | 2870/7000 [02:19<01:31, 44.90it/s]
loss=0.046| sh degree=2| :  41%|████      | 2870/7000 [02:19<01:31, 44.90it/s]
loss=0.046| sh degree=2| :  41%|████      | 2875/7000 [02:19<01:31, 44.85it/s]
loss=0.052| sh degree=2| :  41%|████      | 2875/7000 [02:20<01:31, 44.85it/s]
loss=0.029| sh degree=2| :  41%|████      | 2875/7000 [02:20<01:31, 44.85it/s]
loss=0.055| sh degree=2| :  41%|████      | 2875/7000 [02:20<01:31, 44.85it/s]
loss=0.036| sh degree=2| :  41%|████      | 2875/7000 [02:20<01:31, 44.85it/s]
loss=0.028| sh degree=2| :  41%|████      | 2875/7000 [02:20<01:31, 44.85it/s]
loss=0.028| sh degree=2| :  41%|████      | 2880/7000 [02:20<01:30, 45.68it/s]
loss=0.037| sh degree=2| :  41%|████      | 2880/7000 [02:20<01:30, 45.68it/s]
loss=0.037| sh degree=2| :  41%|████      | 2880/7000 [02:20<01:30, 45.68it/s]
loss=0.037| sh degree=2| :  41%|████      | 2880/7000 [02:20<01:30, 45.68it/s]
loss=0.030| sh degree=2| :  41%|████      | 2880/7000 [02:20<01:30, 45.68it/s]
loss=0.029| sh degree=2| :  41%|████      | 2880/7000 [02:20<01:30, 45.68it/s]
loss=0.029| sh degree=2| :  41%|████      | 2885/7000 [02:20<01:31, 44.73it/s]
loss=0.033| sh degree=2| :  41%|████      | 2885/7000 [02:20<01:31, 44.73it/s]
loss=0.034| sh degree=2| :  41%|████      | 2885/7000 [02:20<01:31, 44.73it/s]
loss=0.028| sh degree=2| :  41%|████      | 2885/7000 [02:20<01:31, 44.73it/s]
loss=0.045| sh degree=2| :  41%|████      | 2885/7000 [02:20<01:31, 44.73it/s]
loss=0.049| sh degree=2| :  41%|████      | 2885/7000 [02:20<01:31, 44.73it/s]
loss=0.049| sh degree=2| :  41%|████▏     | 2890/7000 [02:20<01:31, 44.74it/s]
loss=0.037| sh degree=2| :  41%|████▏     | 2890/7000 [02:20<01:31, 44.74it/s]
loss=0.042| sh degree=2| :  41%|████▏     | 2890/7000 [02:20<01:31, 44.74it/s]
loss=0.050| sh degree=2| :  41%|████▏     | 2890/7000 [02:20<01:31, 44.74it/s]
loss=0.031| sh degree=2| :  41%|████▏     | 2890/7000 [02:20<01:31, 44.74it/s]
loss=0.041| sh degree=2| :  41%|████▏     | 2890/7000 [02:20<01:31, 44.74it/s]
loss=0.041| sh degree=2| :  41%|████▏     | 2895/7000 [02:20<01:30, 45.18it/s]
loss=0.041| sh degree=2| :  41%|████▏     | 2895/7000 [02:20<01:30, 45.18it/s]
loss=0.027| sh degree=2| :  41%|████▏     | 2895/7000 [02:20<01:30, 45.18it/s]
loss=0.039| sh degree=2| :  41%|████▏     | 2895/7000 [02:20<01:30, 45.18it/s]
loss=0.031| sh degree=2| :  41%|████▏     | 2895/7000 [02:20<01:30, 45.18it/s]
loss=0.042| sh degree=2| :  41%|████▏     | 2895/7000 [02:20<01:30, 45.18it/s]
loss=0.042| sh degree=2| :  41%|████▏     | 2900/7000 [02:20<01:31, 44.59it/s]
loss=0.042| sh degree=2| :  41%|████▏     | 2900/7000 [02:20<01:31, 44.59it/s]
loss=0.052| sh degree=2| :  41%|████▏     | 2900/7000 [02:20<01:31, 44.59it/s]
loss=0.045| sh degree=2| :  41%|████▏     | 2900/7000 [02:20<01:31, 44.59it/s]
loss=0.035| sh degree=2| :  41%|████▏     | 2900/7000 [02:20<01:31, 44.59it/s]
loss=0.047| sh degree=2| :  41%|████▏     | 2900/7000 [02:20<01:31, 44.59it/s]
loss=0.047| sh degree=2| :  42%|████▏     | 2905/7000 [02:20<01:37, 41.93it/s]
loss=0.040| sh degree=2| :  42%|████▏     | 2905/7000 [02:20<01:37, 41.93it/s]
loss=0.048| sh degree=2| :  42%|████▏     | 2905/7000 [02:20<01:37, 41.93it/s]
loss=0.031| sh degree=2| :  42%|████▏     | 2905/7000 [02:20<01:37, 41.93it/s]
loss=0.030| sh degree=2| :  42%|████▏     | 2905/7000 [02:20<01:37, 41.93it/s]
loss=0.035| sh degree=2| :  42%|████▏     | 2905/7000 [02:20<01:37, 41.93it/s]
loss=0.035| sh degree=2| :  42%|████▏     | 2910/7000 [02:20<01:37, 41.84it/s]
loss=0.037| sh degree=2| :  42%|████▏     | 2910/7000 [02:20<01:37, 41.84it/s]
loss=0.027| sh degree=2| :  42%|████▏     | 2910/7000 [02:20<01:37, 41.84it/s]
loss=0.046| sh degree=2| :  42%|████▏     | 2910/7000 [02:20<01:37, 41.84it/s]
loss=0.041| sh degree=2| :  42%|████▏     | 2910/7000 [02:20<01:37, 41.84it/s]
loss=0.035| sh degree=2| :  42%|████▏     | 2910/7000 [02:20<01:37, 41.84it/s]
loss=0.035| sh degree=2| :  42%|████▏     | 2915/7000 [02:20<01:35, 42.78it/s]
loss=0.058| sh degree=2| :  42%|████▏     | 2915/7000 [02:20<01:35, 42.78it/s]
loss=0.048| sh degree=2| :  42%|████▏     | 2915/7000 [02:20<01:35, 42.78it/s]
loss=0.044| sh degree=2| :  42%|████▏     | 2915/7000 [02:20<01:35, 42.78it/s]
loss=0.036| sh degree=2| :  42%|████▏     | 2915/7000 [02:20<01:35, 42.78it/s]
loss=0.030| sh degree=2| :  42%|████▏     | 2915/7000 [02:21<01:35, 42.78it/s]
loss=0.030| sh degree=2| :  42%|████▏     | 2920/7000 [02:21<01:33, 43.54it/s]
loss=0.032| sh degree=2| :  42%|████▏     | 2920/7000 [02:21<01:33, 43.54it/s]
loss=0.031| sh degree=2| :  42%|████▏     | 2920/7000 [02:21<01:33, 43.54it/s]
loss=0.031| sh degree=2| :  42%|████▏     | 2920/7000 [02:21<01:33, 43.54it/s]
loss=0.036| sh degree=2| :  42%|████▏     | 2920/7000 [02:21<01:33, 43.54it/s]
loss=0.038| sh degree=2| :  42%|████▏     | 2920/7000 [02:21<01:33, 43.54it/s]
loss=0.038| sh degree=2| :  42%|████▏     | 2925/7000 [02:21<01:34, 43.25it/s]
loss=0.046| sh degree=2| :  42%|████▏     | 2925/7000 [02:21<01:34, 43.25it/s]
loss=0.031| sh degree=2| :  42%|████▏     | 2925/7000 [02:21<01:34, 43.25it/s]
loss=0.045| sh degree=2| :  42%|████▏     | 2925/7000 [02:21<01:34, 43.25it/s]
loss=0.038| sh degree=2| :  42%|████▏     | 2925/7000 [02:21<01:34, 43.25it/s]
loss=0.048| sh degree=2| :  42%|████▏     | 2925/7000 [02:21<01:34, 43.25it/s]
loss=0.048| sh degree=2| :  42%|████▏     | 2930/7000 [02:21<01:32, 43.98it/s]
loss=0.046| sh degree=2| :  42%|████▏     | 2930/7000 [02:21<01:32, 43.98it/s]
loss=0.047| sh degree=2| :  42%|████▏     | 2930/7000 [02:21<01:32, 43.98it/s]
loss=0.032| sh degree=2| :  42%|████▏     | 2930/7000 [02:21<01:32, 43.98it/s]
loss=0.038| sh degree=2| :  42%|████▏     | 2930/7000 [02:21<01:32, 43.98it/s]
loss=0.044| sh degree=2| :  42%|████▏     | 2930/7000 [02:21<01:32, 43.98it/s]
loss=0.044| sh degree=2| :  42%|████▏     | 2935/7000 [02:21<01:32, 44.08it/s]
loss=0.035| sh degree=2| :  42%|████▏     | 2935/7000 [02:21<01:32, 44.08it/s]
loss=0.037| sh degree=2| :  42%|████▏     | 2935/7000 [02:21<01:32, 44.08it/s]
loss=0.046| sh degree=2| :  42%|████▏     | 2935/7000 [02:21<01:32, 44.08it/s]
loss=0.033| sh degree=2| :  42%|████▏     | 2935/7000 [02:21<01:32, 44.08it/s]
loss=0.052| sh degree=2| :  42%|████▏     | 2935/7000 [02:21<01:32, 44.08it/s]
loss=0.052| sh degree=2| :  42%|████▏     | 2940/7000 [02:21<01:34, 43.10it/s]
loss=0.038| sh degree=2| :  42%|████▏     | 2940/7000 [02:21<01:34, 43.10it/s]
loss=0.050| sh degree=2| :  42%|████▏     | 2940/7000 [02:21<01:34, 43.10it/s]
loss=0.030| sh degree=2| :  42%|████▏     | 2940/7000 [02:21<01:34, 43.10it/s]
loss=0.035| sh degree=2| :  42%|████▏     | 2940/7000 [02:21<01:34, 43.10it/s]
loss=0.062| sh degree=2| :  42%|████▏     | 2940/7000 [02:21<01:34, 43.10it/s]
loss=0.062| sh degree=2| :  42%|████▏     | 2945/7000 [02:21<01:34, 43.04it/s]
loss=0.031| sh degree=2| :  42%|████▏     | 2945/7000 [02:21<01:34, 43.04it/s]
loss=0.033| sh degree=2| :  42%|████▏     | 2945/7000 [02:21<01:34, 43.04it/s]
loss=0.036| sh degree=2| :  42%|████▏     | 2945/7000 [02:21<01:34, 43.04it/s]
loss=0.032| sh degree=2| :  42%|████▏     | 2945/7000 [02:21<01:34, 43.04it/s]
loss=0.031| sh degree=2| :  42%|████▏     | 2945/7000 [02:21<01:34, 43.04it/s]
loss=0.031| sh degree=2| :  42%|████▏     | 2950/7000 [02:21<01:34, 42.97it/s]
loss=0.030| sh degree=2| :  42%|████▏     | 2950/7000 [02:21<01:34, 42.97it/s]
loss=0.049| sh degree=2| :  42%|████▏     | 2950/7000 [02:21<01:34, 42.97it/s]
loss=0.044| sh degree=2| :  42%|████▏     | 2950/7000 [02:21<01:34, 42.97it/s]
loss=0.030| sh degree=2| :  42%|████▏     | 2950/7000 [02:21<01:34, 42.97it/s]
loss=0.058| sh degree=2| :  42%|████▏     | 2950/7000 [02:21<01:34, 42.97it/s]
loss=0.058| sh degree=2| :  42%|████▏     | 2955/7000 [02:21<01:32, 43.59it/s]
loss=0.052| sh degree=2| :  42%|████▏     | 2955/7000 [02:21<01:32, 43.59it/s]
loss=0.031| sh degree=2| :  42%|████▏     | 2955/7000 [02:21<01:32, 43.59it/s]
loss=0.032| sh degree=2| :  42%|████▏     | 2955/7000 [02:21<01:32, 43.59it/s]
loss=0.046| sh degree=2| :  42%|████▏     | 2955/7000 [02:21<01:32, 43.59it/s]
loss=0.043| sh degree=2| :  42%|████▏     | 2955/7000 [02:21<01:32, 43.59it/s]
loss=0.043| sh degree=2| :  42%|████▏     | 2960/7000 [02:21<01:30, 44.54it/s]
loss=0.045| sh degree=2| :  42%|████▏     | 2960/7000 [02:21<01:30, 44.54it/s]
loss=0.045| sh degree=2| :  42%|████▏     | 2960/7000 [02:21<01:30, 44.54it/s]
loss=0.038| sh degree=2| :  42%|████▏     | 2960/7000 [02:21<01:30, 44.54it/s]
loss=0.045| sh degree=2| :  42%|████▏     | 2960/7000 [02:22<01:30, 44.54it/s]
loss=0.046| sh degree=2| :  42%|████▏     | 2960/7000 [02:22<01:30, 44.54it/s]
loss=0.046| sh degree=2| :  42%|████▏     | 2965/7000 [02:22<01:29, 45.33it/s]
loss=0.043| sh degree=2| :  42%|████▏     | 2965/7000 [02:22<01:29, 45.33it/s]
loss=0.031| sh degree=2| :  42%|████▏     | 2965/7000 [02:22<01:29, 45.33it/s]
loss=0.029| sh degree=2| :  42%|████▏     | 2965/7000 [02:22<01:29, 45.33it/s]
loss=0.036| sh degree=2| :  42%|████▏     | 2965/7000 [02:22<01:29, 45.33it/s]
loss=0.046| sh degree=2| :  42%|████▏     | 2965/7000 [02:22<01:29, 45.33it/s]
loss=0.046| sh degree=2| :  42%|████▏     | 2970/7000 [02:22<01:29, 45.00it/s]
loss=0.036| sh degree=2| :  42%|████▏     | 2970/7000 [02:22<01:29, 45.00it/s]
loss=0.048| sh degree=2| :  42%|████▏     | 2970/7000 [02:22<01:29, 45.00it/s]
loss=0.029| sh degree=2| :  42%|████▏     | 2970/7000 [02:22<01:29, 45.00it/s]
loss=0.034| sh degree=2| :  42%|████▏     | 2970/7000 [02:22<01:29, 45.00it/s]
loss=0.051| sh degree=2| :  42%|████▏     | 2970/7000 [02:22<01:29, 45.00it/s]
loss=0.051| sh degree=2| :  42%|████▎     | 2975/7000 [02:22<01:30, 44.60it/s]
loss=0.044| sh degree=2| :  42%|████▎     | 2975/7000 [02:22<01:30, 44.60it/s]
loss=0.032| sh degree=2| :  42%|████▎     | 2975/7000 [02:22<01:30, 44.60it/s]
loss=0.062| sh degree=2| :  42%|████▎     | 2975/7000 [02:22<01:30, 44.60it/s]
loss=0.030| sh degree=2| :  42%|████▎     | 2975/7000 [02:22<01:30, 44.60it/s]
loss=0.050| sh degree=2| :  42%|████▎     | 2975/7000 [02:22<01:30, 44.60it/s]
loss=0.050| sh degree=2| :  43%|████▎     | 2980/7000 [02:22<01:32, 43.69it/s]
loss=0.042| sh degree=2| :  43%|████▎     | 2980/7000 [02:22<01:32, 43.69it/s]
loss=0.042| sh degree=2| :  43%|████▎     | 2980/7000 [02:22<01:32, 43.69it/s]
loss=0.030| sh degree=2| :  43%|████▎     | 2980/7000 [02:22<01:32, 43.69it/s]
loss=0.033| sh degree=2| :  43%|████▎     | 2980/7000 [02:22<01:32, 43.69it/s]
loss=0.028| sh degree=2| :  43%|████▎     | 2980/7000 [02:22<01:32, 43.69it/s]
loss=0.028| sh degree=2| :  43%|████▎     | 2985/7000 [02:22<01:30, 44.35it/s]
loss=0.030| sh degree=2| :  43%|████▎     | 2985/7000 [02:22<01:30, 44.35it/s]
loss=0.030| sh degree=2| :  43%|████▎     | 2985/7000 [02:22<01:30, 44.35it/s]
loss=0.039| sh degree=2| :  43%|████▎     | 2985/7000 [02:22<01:30, 44.35it/s]
loss=0.039| sh degree=2| :  43%|████▎     | 2985/7000 [02:22<01:30, 44.35it/s]
loss=0.054| sh degree=2| :  43%|████▎     | 2985/7000 [02:22<01:30, 44.35it/s]
loss=0.054| sh degree=2| :  43%|████▎     | 2990/7000 [02:22<01:31, 44.06it/s]
loss=0.044| sh degree=2| :  43%|████▎     | 2990/7000 [02:22<01:31, 44.06it/s]
loss=0.036| sh degree=2| :  43%|████▎     | 2990/7000 [02:22<01:31, 44.06it/s]
loss=0.026| sh degree=2| :  43%|████▎     | 2990/7000 [02:22<01:31, 44.06it/s]
loss=0.046| sh degree=2| :  43%|████▎     | 2990/7000 [02:22<01:31, 44.06it/s]
loss=0.047| sh degree=2| :  43%|████▎     | 2990/7000 [02:22<01:31, 44.06it/s]
loss=0.047| sh degree=2| :  43%|████▎     | 2995/7000 [02:22<01:29, 44.66it/s]
loss=0.048| sh degree=2| :  43%|████▎     | 2995/7000 [02:22<01:29, 44.66it/s]
loss=0.045| sh degree=2| :  43%|████▎     | 2995/7000 [02:22<01:29, 44.66it/s]
loss=0.049| sh degree=2| :  43%|████▎     | 2995/7000 [02:22<01:29, 44.66it/s]
loss=0.044| sh degree=2| :  43%|████▎     | 2995/7000 [02:22<01:29, 44.66it/s]
loss=0.029| sh degree=2| :  43%|████▎     | 2995/7000 [02:22<01:29, 44.66it/s]
loss=0.029| sh degree=2| :  43%|████▎     | 3000/7000 [02:22<01:28, 45.24it/s]
loss=0.030| sh degree=3| :  43%|████▎     | 3000/7000 [02:22<01:28, 45.24it/s]
loss=0.054| sh degree=3| :  43%|████▎     | 3000/7000 [02:22<01:28, 45.24it/s]
loss=0.040| sh degree=3| :  43%|████▎     | 3000/7000 [02:22<01:28, 45.24it/s]
loss=0.049| sh degree=3| :  43%|████▎     | 3000/7000 [02:22<01:28, 45.24it/s]
loss=0.058| sh degree=3| :  43%|████▎     | 3000/7000 [02:22<01:28, 45.24it/s]
loss=0.058| sh degree=3| :  43%|████▎     | 3005/7000 [02:22<01:35, 42.01it/s]
loss=0.046| sh degree=3| :  43%|████▎     | 3005/7000 [02:22<01:35, 42.01it/s]
loss=0.046| sh degree=3| :  43%|████▎     | 3005/7000 [02:23<01:35, 42.01it/s]
loss=0.034| sh degree=3| :  43%|████▎     | 3005/7000 [02:23<01:35, 42.01it/s]
loss=0.038| sh degree=3| :  43%|████▎     | 3005/7000 [02:23<01:35, 42.01it/s]
loss=0.037| sh degree=3| :  43%|████▎     | 3005/7000 [02:23<01:35, 42.01it/s]
loss=0.037| sh degree=3| :  43%|████▎     | 3010/7000 [02:23<01:37, 40.84it/s]
loss=0.048| sh degree=3| :  43%|████▎     | 3010/7000 [02:23<01:37, 40.84it/s]
loss=0.047| sh degree=3| :  43%|████▎     | 3010/7000 [02:23<01:37, 40.84it/s]
loss=0.035| sh degree=3| :  43%|████▎     | 3010/7000 [02:23<01:37, 40.84it/s]
loss=0.032| sh degree=3| :  43%|████▎     | 3010/7000 [02:23<01:37, 40.84it/s]
loss=0.053| sh degree=3| :  43%|████▎     | 3010/7000 [02:23<01:37, 40.84it/s]
loss=0.053| sh degree=3| :  43%|████▎     | 3015/7000 [02:23<01:34, 42.14it/s]
loss=0.033| sh degree=3| :  43%|████▎     | 3015/7000 [02:23<01:34, 42.14it/s]
loss=0.032| sh degree=3| :  43%|████▎     | 3015/7000 [02:23<01:34, 42.14it/s]
loss=0.037| sh degree=3| :  43%|████▎     | 3015/7000 [02:23<01:34, 42.14it/s]
loss=0.031| sh degree=3| :  43%|████▎     | 3015/7000 [02:23<01:34, 42.14it/s]
loss=0.030| sh degree=3| :  43%|████▎     | 3015/7000 [02:23<01:34, 42.14it/s]
loss=0.030| sh degree=3| :  43%|████▎     | 3020/7000 [02:23<01:34, 42.06it/s]
loss=0.029| sh degree=3| :  43%|████▎     | 3020/7000 [02:23<01:34, 42.06it/s]
loss=0.043| sh degree=3| :  43%|████▎     | 3020/7000 [02:23<01:34, 42.06it/s]
loss=0.032| sh degree=3| :  43%|████▎     | 3020/7000 [02:23<01:34, 42.06it/s]
loss=0.055| sh degree=3| :  43%|████▎     | 3020/7000 [02:23<01:34, 42.06it/s]
loss=0.053| sh degree=3| :  43%|████▎     | 3020/7000 [02:23<01:34, 42.06it/s]
loss=0.053| sh degree=3| :  43%|████▎     | 3025/7000 [02:23<01:34, 42.08it/s]
loss=0.033| sh degree=3| :  43%|████▎     | 3025/7000 [02:23<01:34, 42.08it/s]
loss=0.039| sh degree=3| :  43%|████▎     | 3025/7000 [02:23<01:34, 42.08it/s]
loss=0.030| sh degree=3| :  43%|████▎     | 3025/7000 [02:23<01:34, 42.08it/s]
loss=0.038| sh degree=3| :  43%|████▎     | 3025/7000 [02:23<01:34, 42.08it/s]
loss=0.045| sh degree=3| :  43%|████▎     | 3025/7000 [02:23<01:34, 42.08it/s]
loss=0.045| sh degree=3| :  43%|████▎     | 3030/7000 [02:23<01:36, 41.03it/s]
loss=0.026| sh degree=3| :  43%|████▎     | 3030/7000 [02:23<01:36, 41.03it/s]
loss=0.032| sh degree=3| :  43%|████▎     | 3030/7000 [02:23<01:36, 41.03it/s]
loss=0.037| sh degree=3| :  43%|████▎     | 3030/7000 [02:23<01:36, 41.03it/s]
loss=0.050| sh degree=3| :  43%|████▎     | 3030/7000 [02:23<01:36, 41.03it/s]
loss=0.050| sh degree=3| :  43%|████▎     | 3030/7000 [02:23<01:36, 41.03it/s]
loss=0.050| sh degree=3| :  43%|████▎     | 3035/7000 [02:23<01:34, 41.82it/s]
loss=0.029| sh degree=3| :  43%|████▎     | 3035/7000 [02:23<01:34, 41.82it/s]
loss=0.034| sh degree=3| :  43%|████▎     | 3035/7000 [02:23<01:34, 41.82it/s]
loss=0.048| sh degree=3| :  43%|████▎     | 3035/7000 [02:23<01:34, 41.82it/s]
loss=0.034| sh degree=3| :  43%|████▎     | 3035/7000 [02:23<01:34, 41.82it/s]
loss=0.045| sh degree=3| :  43%|████▎     | 3035/7000 [02:23<01:34, 41.82it/s]
loss=0.045| sh degree=3| :  43%|████▎     | 3040/7000 [02:23<01:34, 41.84it/s]
loss=0.036| sh degree=3| :  43%|████▎     | 3040/7000 [02:23<01:34, 41.84it/s]
loss=0.045| sh degree=3| :  43%|████▎     | 3040/7000 [02:23<01:34, 41.84it/s]
loss=0.028| sh degree=3| :  43%|████▎     | 3040/7000 [02:23<01:34, 41.84it/s]
loss=0.052| sh degree=3| :  43%|████▎     | 3040/7000 [02:23<01:34, 41.84it/s]
loss=0.034| sh degree=3| :  43%|████▎     | 3040/7000 [02:23<01:34, 41.84it/s]
loss=0.034| sh degree=3| :  44%|████▎     | 3045/7000 [02:23<01:32, 42.82it/s]
loss=0.034| sh degree=3| :  44%|████▎     | 3045/7000 [02:23<01:32, 42.82it/s]
loss=0.044| sh degree=3| :  44%|████▎     | 3045/7000 [02:23<01:32, 42.82it/s]
loss=0.045| sh degree=3| :  44%|████▎     | 3045/7000 [02:23<01:32, 42.82it/s]
loss=0.027| sh degree=3| :  44%|████▎     | 3045/7000 [02:24<01:32, 42.82it/s]
loss=0.038| sh degree=3| :  44%|████▎     | 3045/7000 [02:24<01:32, 42.82it/s]
loss=0.038| sh degree=3| :  44%|████▎     | 3050/7000 [02:24<01:32, 42.91it/s]
loss=0.044| sh degree=3| :  44%|████▎     | 3050/7000 [02:24<01:32, 42.91it/s]
loss=0.036| sh degree=3| :  44%|████▎     | 3050/7000 [02:24<01:32, 42.91it/s]
loss=0.037| sh degree=3| :  44%|████▎     | 3050/7000 [02:24<01:32, 42.91it/s]
loss=0.048| sh degree=3| :  44%|████▎     | 3050/7000 [02:24<01:32, 42.91it/s]
loss=0.038| sh degree=3| :  44%|████▎     | 3050/7000 [02:24<01:32, 42.91it/s]
loss=0.038| sh degree=3| :  44%|████▎     | 3055/7000 [02:24<01:30, 43.55it/s]
loss=0.033| sh degree=3| :  44%|████▎     | 3055/7000 [02:24<01:30, 43.55it/s]
loss=0.047| sh degree=3| :  44%|████▎     | 3055/7000 [02:24<01:30, 43.55it/s]
loss=0.040| sh degree=3| :  44%|████▎     | 3055/7000 [02:24<01:30, 43.55it/s]
loss=0.035| sh degree=3| :  44%|████▎     | 3055/7000 [02:24<01:30, 43.55it/s]
loss=0.032| sh degree=3| :  44%|████▎     | 3055/7000 [02:24<01:30, 43.55it/s]
loss=0.032| sh degree=3| :  44%|████▎     | 3060/7000 [02:24<01:30, 43.51it/s]
loss=0.034| sh degree=3| :  44%|████▎     | 3060/7000 [02:24<01:30, 43.51it/s]
loss=0.037| sh degree=3| :  44%|████▎     | 3060/7000 [02:24<01:30, 43.51it/s]
loss=0.045| sh degree=3| :  44%|████▎     | 3060/7000 [02:24<01:30, 43.51it/s]
loss=0.033| sh degree=3| :  44%|████▎     | 3060/7000 [02:24<01:30, 43.51it/s]
loss=0.046| sh degree=3| :  44%|████▎     | 3060/7000 [02:24<01:30, 43.51it/s]
loss=0.046| sh degree=3| :  44%|████▍     | 3065/7000 [02:24<01:49, 35.91it/s]
loss=0.060| sh degree=3| :  44%|████▍     | 3065/7000 [02:24<01:49, 35.91it/s]
loss=0.046| sh degree=3| :  44%|████▍     | 3065/7000 [02:24<01:49, 35.91it/s]
loss=0.030| sh degree=3| :  44%|████▍     | 3065/7000 [02:24<01:49, 35.91it/s]
loss=0.030| sh degree=3| :  44%|████▍     | 3065/7000 [02:24<01:49, 35.91it/s]
loss=0.030| sh degree=3| :  44%|████▍     | 3065/7000 [02:24<01:49, 35.91it/s]
loss=0.030| sh degree=3| :  44%|████▍     | 3070/7000 [02:24<01:44, 37.44it/s]
loss=0.045| sh degree=3| :  44%|████▍     | 3070/7000 [02:24<01:44, 37.44it/s]
loss=0.035| sh degree=3| :  44%|████▍     | 3070/7000 [02:24<01:44, 37.44it/s]
loss=0.032| sh degree=3| :  44%|████▍     | 3070/7000 [02:24<01:44, 37.44it/s]
loss=0.027| sh degree=3| :  44%|████▍     | 3070/7000 [02:24<01:44, 37.44it/s]
loss=0.042| sh degree=3| :  44%|████▍     | 3070/7000 [02:24<01:44, 37.44it/s]
loss=0.042| sh degree=3| :  44%|████▍     | 3075/7000 [02:24<01:39, 39.27it/s]
loss=0.033| sh degree=3| :  44%|████▍     | 3075/7000 [02:24<01:39, 39.27it/s]
loss=0.031| sh degree=3| :  44%|████▍     | 3075/7000 [02:24<01:39, 39.27it/s]
loss=0.042| sh degree=3| :  44%|████▍     | 3075/7000 [02:24<01:39, 39.27it/s]
loss=0.043| sh degree=3| :  44%|████▍     | 3075/7000 [02:24<01:39, 39.27it/s]
loss=0.042| sh degree=3| :  44%|████▍     | 3075/7000 [02:24<01:39, 39.27it/s]
loss=0.042| sh degree=3| :  44%|████▍     | 3080/7000 [02:24<01:34, 41.43it/s]
loss=0.046| sh degree=3| :  44%|████▍     | 3080/7000 [02:24<01:34, 41.43it/s]
loss=0.041| sh degree=3| :  44%|████▍     | 3080/7000 [02:24<01:34, 41.43it/s]
loss=0.029| sh degree=3| :  44%|████▍     | 3080/7000 [02:24<01:34, 41.43it/s]
loss=0.045| sh degree=3| :  44%|████▍     | 3080/7000 [02:24<01:34, 41.43it/s]
loss=0.038| sh degree=3| :  44%|████▍     | 3080/7000 [02:24<01:34, 41.43it/s]
loss=0.038| sh degree=3| :  44%|████▍     | 3085/7000 [02:24<01:33, 41.99it/s]
loss=0.042| sh degree=3| :  44%|████▍     | 3085/7000 [02:24<01:33, 41.99it/s]
loss=0.031| sh degree=3| :  44%|████▍     | 3085/7000 [02:24<01:33, 41.99it/s]
loss=0.030| sh degree=3| :  44%|████▍     | 3085/7000 [02:24<01:33, 41.99it/s]
loss=0.042| sh degree=3| :  44%|████▍     | 3085/7000 [02:24<01:33, 41.99it/s]
loss=0.043| sh degree=3| :  44%|████▍     | 3085/7000 [02:25<01:33, 41.99it/s]
loss=0.043| sh degree=3| :  44%|████▍     | 3090/7000 [02:25<01:30, 43.27it/s]
loss=0.027| sh degree=3| :  44%|████▍     | 3090/7000 [02:25<01:30, 43.27it/s]
loss=0.037| sh degree=3| :  44%|████▍     | 3090/7000 [02:25<01:30, 43.27it/s]
loss=0.028| sh degree=3| :  44%|████▍     | 3090/7000 [02:25<01:30, 43.27it/s]
loss=0.032| sh degree=3| :  44%|████▍     | 3090/7000 [02:25<01:30, 43.27it/s]
loss=0.026| sh degree=3| :  44%|████▍     | 3090/7000 [02:25<01:30, 43.27it/s]
loss=0.026| sh degree=3| :  44%|████▍     | 3095/7000 [02:25<01:31, 42.84it/s]
loss=0.033| sh degree=3| :  44%|████▍     | 3095/7000 [02:25<01:31, 42.84it/s]
loss=0.043| sh degree=3| :  44%|████▍     | 3095/7000 [02:25<01:31, 42.84it/s]
loss=0.031| sh degree=3| :  44%|████▍     | 3095/7000 [02:25<01:31, 42.84it/s]
loss=0.036| sh degree=3| :  44%|████▍     | 3095/7000 [02:25<01:31, 42.84it/s]
loss=0.029| sh degree=3| :  44%|████▍     | 3095/7000 [02:25<01:31, 42.84it/s]
loss=0.029| sh degree=3| :  44%|████▍     | 3100/7000 [02:25<01:31, 42.85it/s]
loss=0.039| sh degree=3| :  44%|████▍     | 3100/7000 [02:25<01:31, 42.85it/s]
loss=0.128| sh degree=3| :  44%|████▍     | 3100/7000 [02:25<01:31, 42.85it/s]
loss=0.202| sh degree=3| :  44%|████▍     | 3100/7000 [02:25<01:31, 42.85it/s]
loss=0.117| sh degree=3| :  44%|████▍     | 3100/7000 [02:25<01:31, 42.85it/s]
loss=0.214| sh degree=3| :  44%|████▍     | 3100/7000 [02:25<01:31, 42.85it/s]
loss=0.214| sh degree=3| :  44%|████▍     | 3105/7000 [02:25<01:34, 41.07it/s]
loss=0.122| sh degree=3| :  44%|████▍     | 3105/7000 [02:25<01:34, 41.07it/s]
loss=0.190| sh degree=3| :  44%|████▍     | 3105/7000 [02:25<01:34, 41.07it/s]
loss=0.187| sh degree=3| :  44%|████▍     | 3105/7000 [02:25<01:34, 41.07it/s]
loss=0.171| sh degree=3| :  44%|████▍     | 3105/7000 [02:25<01:34, 41.07it/s]
loss=0.147| sh degree=3| :  44%|████▍     | 3105/7000 [02:25<01:34, 41.07it/s]
loss=0.124| sh degree=3| :  44%|████▍     | 3105/7000 [02:25<01:34, 41.07it/s]
loss=0.124| sh degree=3| :  44%|████▍     | 3111/7000 [02:25<01:28, 44.02it/s]
loss=0.127| sh degree=3| :  44%|████▍     | 3111/7000 [02:25<01:28, 44.02it/s]
loss=0.137| sh degree=3| :  44%|████▍     | 3111/7000 [02:25<01:28, 44.02it/s]
loss=0.079| sh degree=3| :  44%|████▍     | 3111/7000 [02:25<01:28, 44.02it/s]
loss=0.149| sh degree=3| :  44%|████▍     | 3111/7000 [02:25<01:28, 44.02it/s]
loss=0.089| sh degree=3| :  44%|████▍     | 3111/7000 [02:25<01:28, 44.02it/s]
loss=0.089| sh degree=3| :  45%|████▍     | 3116/7000 [02:25<01:25, 45.29it/s]
loss=0.131| sh degree=3| :  45%|████▍     | 3116/7000 [02:25<01:25, 45.29it/s]
loss=0.125| sh degree=3| :  45%|████▍     | 3116/7000 [02:25<01:25, 45.29it/s]
loss=0.127| sh degree=3| :  45%|████▍     | 3116/7000 [02:25<01:25, 45.29it/s]
loss=0.089| sh degree=3| :  45%|████▍     | 3116/7000 [02:25<01:25, 45.29it/s]
loss=0.062| sh degree=3| :  45%|████▍     | 3116/7000 [02:25<01:25, 45.29it/s]
loss=0.062| sh degree=3| :  45%|████▍     | 3121/7000 [02:25<01:23, 46.36it/s]
loss=0.092| sh degree=3| :  45%|████▍     | 3121/7000 [02:25<01:23, 46.36it/s]
loss=0.093| sh degree=3| :  45%|████▍     | 3121/7000 [02:25<01:23, 46.36it/s]
loss=0.095| sh degree=3| :  45%|████▍     | 3121/7000 [02:25<01:23, 46.36it/s]
loss=0.054| sh degree=3| :  45%|████▍     | 3121/7000 [02:25<01:23, 46.36it/s]
loss=0.074| sh degree=3| :  45%|████▍     | 3121/7000 [02:25<01:23, 46.36it/s]
loss=0.074| sh degree=3| :  45%|████▍     | 3126/7000 [02:25<01:22, 46.80it/s]
loss=0.093| sh degree=3| :  45%|████▍     | 3126/7000 [02:25<01:22, 46.80it/s]
loss=0.100| sh degree=3| :  45%|████▍     | 3126/7000 [02:25<01:22, 46.80it/s]
loss=0.086| sh degree=3| :  45%|████▍     | 3126/7000 [02:25<01:22, 46.80it/s]
loss=0.111| sh degree=3| :  45%|████▍     | 3126/7000 [02:25<01:22, 46.80it/s]
loss=0.089| sh degree=3| :  45%|████▍     | 3126/7000 [02:25<01:22, 46.80it/s]
loss=0.061| sh degree=3| :  45%|████▍     | 3126/7000 [02:25<01:22, 46.80it/s]
loss=0.061| sh degree=3| :  45%|████▍     | 3132/7000 [02:25<01:20, 48.00it/s]
loss=0.061| sh degree=3| :  45%|████▍     | 3132/7000 [02:25<01:20, 48.00it/s]
loss=0.075| sh degree=3| :  45%|████▍     | 3132/7000 [02:25<01:20, 48.00it/s]
loss=0.059| sh degree=3| :  45%|████▍     | 3132/7000 [02:25<01:20, 48.00it/s]
loss=0.059| sh degree=3| :  45%|████▍     | 3132/7000 [02:26<01:20, 48.00it/s]
loss=0.083| sh degree=3| :  45%|████▍     | 3132/7000 [02:26<01:20, 48.00it/s]
loss=0.083| sh degree=3| :  45%|████▍     | 3137/7000 [02:26<01:20, 48.09it/s]
loss=0.082| sh degree=3| :  45%|████▍     | 3137/7000 [02:26<01:20, 48.09it/s]
loss=0.054| sh degree=3| :  45%|████▍     | 3137/7000 [02:26<01:20, 48.09it/s]
loss=0.053| sh degree=3| :  45%|████▍     | 3137/7000 [02:26<01:20, 48.09it/s]
loss=0.074| sh degree=3| :  45%|████▍     | 3137/7000 [02:26<01:20, 48.09it/s]
loss=0.062| sh degree=3| :  45%|████▍     | 3137/7000 [02:26<01:20, 48.09it/s]
loss=0.062| sh degree=3| :  45%|████▍     | 3142/7000 [02:26<01:19, 48.37it/s]
loss=0.052| sh degree=3| :  45%|████▍     | 3142/7000 [02:26<01:19, 48.37it/s]
loss=0.048| sh degree=3| :  45%|████▍     | 3142/7000 [02:26<01:19, 48.37it/s]
loss=0.048| sh degree=3| :  45%|████▍     | 3142/7000 [02:26<01:19, 48.37it/s]
loss=0.060| sh degree=3| :  45%|████▍     | 3142/7000 [02:26<01:19, 48.37it/s]
loss=0.065| sh degree=3| :  45%|████▍     | 3142/7000 [02:26<01:19, 48.37it/s]
loss=0.065| sh degree=3| :  45%|████▍     | 3147/7000 [02:26<01:20, 47.97it/s]
loss=0.045| sh degree=3| :  45%|████▍     | 3147/7000 [02:26<01:20, 47.97it/s]
loss=0.046| sh degree=3| :  45%|████▍     | 3147/7000 [02:26<01:20, 47.97it/s]
loss=0.046| sh degree=3| :  45%|████▍     | 3147/7000 [02:26<01:20, 47.97it/s]
loss=0.046| sh degree=3| :  45%|████▍     | 3147/7000 [02:26<01:20, 47.97it/s]
loss=0.043| sh degree=3| :  45%|████▍     | 3147/7000 [02:26<01:20, 47.97it/s]
loss=0.043| sh degree=3| :  45%|████▌     | 3152/7000 [02:26<01:20, 47.77it/s]
loss=0.041| sh degree=3| :  45%|████▌     | 3152/7000 [02:26<01:20, 47.77it/s]
loss=0.058| sh degree=3| :  45%|████▌     | 3152/7000 [02:26<01:20, 47.77it/s]
loss=0.065| sh degree=3| :  45%|████▌     | 3152/7000 [02:26<01:20, 47.77it/s]
loss=0.051| sh degree=3| :  45%|████▌     | 3152/7000 [02:26<01:20, 47.77it/s]
loss=0.065| sh degree=3| :  45%|████▌     | 3152/7000 [02:26<01:20, 47.77it/s]
loss=0.065| sh degree=3| :  45%|████▌     | 3157/7000 [02:26<01:19, 48.33it/s]
loss=0.042| sh degree=3| :  45%|████▌     | 3157/7000 [02:26<01:19, 48.33it/s]
loss=0.047| sh degree=3| :  45%|████▌     | 3157/7000 [02:26<01:19, 48.33it/s]
loss=0.078| sh degree=3| :  45%|████▌     | 3157/7000 [02:26<01:19, 48.33it/s]
loss=0.047| sh degree=3| :  45%|████▌     | 3157/7000 [02:26<01:19, 48.33it/s]
loss=0.042| sh degree=3| :  45%|████▌     | 3157/7000 [02:26<01:19, 48.33it/s]
loss=0.042| sh degree=3| :  45%|████▌     | 3162/7000 [02:26<01:22, 46.61it/s]
loss=0.042| sh degree=3| :  45%|████▌     | 3162/7000 [02:26<01:22, 46.61it/s]
loss=0.057| sh degree=3| :  45%|████▌     | 3162/7000 [02:26<01:22, 46.61it/s]
loss=0.067| sh degree=3| :  45%|████▌     | 3162/7000 [02:26<01:22, 46.61it/s]
loss=0.057| sh degree=3| :  45%|████▌     | 3162/7000 [02:26<01:22, 46.61it/s]
loss=0.040| sh degree=3| :  45%|████▌     | 3162/7000 [02:26<01:22, 46.61it/s]
loss=0.068| sh degree=3| :  45%|████▌     | 3162/7000 [02:26<01:22, 46.61it/s]
loss=0.068| sh degree=3| :  45%|████▌     | 3168/7000 [02:26<01:19, 48.24it/s]
loss=0.041| sh degree=3| :  45%|████▌     | 3168/7000 [02:26<01:19, 48.24it/s]
loss=0.039| sh degree=3| :  45%|████▌     | 3168/7000 [02:26<01:19, 48.24it/s]
loss=0.044| sh degree=3| :  45%|████▌     | 3168/7000 [02:26<01:19, 48.24it/s]
loss=0.057| sh degree=3| :  45%|████▌     | 3168/7000 [02:26<01:19, 48.24it/s]
loss=0.042| sh degree=3| :  45%|████▌     | 3168/7000 [02:26<01:19, 48.24it/s]
loss=0.077| sh degree=3| :  45%|████▌     | 3168/7000 [02:26<01:19, 48.24it/s]
loss=0.077| sh degree=3| :  45%|████▌     | 3174/7000 [02:26<01:19, 48.40it/s]
loss=0.047| sh degree=3| :  45%|████▌     | 3174/7000 [02:26<01:19, 48.40it/s]
loss=0.048| sh degree=3| :  45%|████▌     | 3174/7000 [02:26<01:19, 48.40it/s]
loss=0.054| sh degree=3| :  45%|████▌     | 3174/7000 [02:26<01:19, 48.40it/s]
loss=0.038| sh degree=3| :  45%|████▌     | 3174/7000 [02:26<01:19, 48.40it/s]
loss=0.049| sh degree=3| :  45%|████▌     | 3174/7000 [02:26<01:19, 48.40it/s]
loss=0.049| sh degree=3| :  45%|████▌     | 3179/7000 [02:26<01:19, 47.81it/s]
loss=0.041| sh degree=3| :  45%|████▌     | 3179/7000 [02:26<01:19, 47.81it/s]
loss=0.050| sh degree=3| :  45%|████▌     | 3179/7000 [02:26<01:19, 47.81it/s]
loss=0.058| sh degree=3| :  45%|████▌     | 3179/7000 [02:26<01:19, 47.81it/s]
loss=0.041| sh degree=3| :  45%|████▌     | 3179/7000 [02:26<01:19, 47.81it/s]
loss=0.067| sh degree=3| :  45%|████▌     | 3179/7000 [02:26<01:19, 47.81it/s]
loss=0.040| sh degree=3| :  45%|████▌     | 3179/7000 [02:27<01:19, 47.81it/s]
loss=0.040| sh degree=3| :  46%|████▌     | 3185/7000 [02:27<01:17, 49.26it/s]
loss=0.049| sh degree=3| :  46%|████▌     | 3185/7000 [02:27<01:17, 49.26it/s]
loss=0.036| sh degree=3| :  46%|████▌     | 3185/7000 [02:27<01:17, 49.26it/s]
loss=0.062| sh degree=3| :  46%|████▌     | 3185/7000 [02:27<01:17, 49.26it/s]
loss=0.041| sh degree=3| :  46%|████▌     | 3185/7000 [02:27<01:17, 49.26it/s]
loss=0.051| sh degree=3| :  46%|████▌     | 3185/7000 [02:27<01:17, 49.26it/s]
loss=0.037| sh degree=3| :  46%|████▌     | 3185/7000 [02:27<01:17, 49.26it/s]
loss=0.037| sh degree=3| :  46%|████▌     | 3191/7000 [02:27<01:16, 49.87it/s]
loss=0.059| sh degree=3| :  46%|████▌     | 3191/7000 [02:27<01:16, 49.87it/s]
loss=0.054| sh degree=3| :  46%|████▌     | 3191/7000 [02:27<01:16, 49.87it/s]
loss=0.059| sh degree=3| :  46%|████▌     | 3191/7000 [02:27<01:16, 49.87it/s]
loss=0.035| sh degree=3| :  46%|████▌     | 3191/7000 [02:27<01:16, 49.87it/s]
loss=0.039| sh degree=3| :  46%|████▌     | 3191/7000 [02:27<01:16, 49.87it/s]
loss=0.050| sh degree=3| :  46%|████▌     | 3191/7000 [02:27<01:16, 49.87it/s]
loss=0.050| sh degree=3| :  46%|████▌     | 3197/7000 [02:27<01:15, 50.08it/s]
loss=0.049| sh degree=3| :  46%|████▌     | 3197/7000 [02:27<01:15, 50.08it/s]
loss=0.037| sh degree=3| :  46%|████▌     | 3197/7000 [02:27<01:15, 50.08it/s]
loss=0.038| sh degree=3| :  46%|████▌     | 3197/7000 [02:27<01:15, 50.08it/s]
loss=0.040| sh degree=3| :  46%|████▌     | 3197/7000 [02:27<01:15, 50.08it/s]
loss=0.079| sh degree=3| :  46%|████▌     | 3197/7000 [02:27<01:15, 50.08it/s]
loss=0.062| sh degree=3| :  46%|████▌     | 3197/7000 [02:27<01:15, 50.08it/s]
loss=0.062| sh degree=3| :  46%|████▌     | 3203/7000 [02:27<01:21, 46.46it/s]
loss=0.056| sh degree=3| :  46%|████▌     | 3203/7000 [02:27<01:21, 46.46it/s]
loss=0.069| sh degree=3| :  46%|████▌     | 3203/7000 [02:27<01:21, 46.46it/s]
loss=0.166| sh degree=3| :  46%|████▌     | 3203/7000 [02:27<01:21, 46.46it/s]
loss=0.129| sh degree=3| :  46%|████▌     | 3203/7000 [02:27<01:21, 46.46it/s]
loss=0.145| sh degree=3| :  46%|████▌     | 3203/7000 [02:27<01:21, 46.46it/s]
loss=0.145| sh degree=3| :  46%|████▌     | 3208/7000 [02:27<01:20, 46.97it/s]
loss=0.046| sh degree=3| :  46%|████▌     | 3208/7000 [02:27<01:20, 46.97it/s]
loss=0.131| sh degree=3| :  46%|████▌     | 3208/7000 [02:27<01:20, 46.97it/s]
loss=0.129| sh degree=3| :  46%|████▌     | 3208/7000 [02:27<01:20, 46.97it/s]
loss=0.065| sh degree=3| :  46%|████▌     | 3208/7000 [02:27<01:20, 46.97it/s]
loss=0.062| sh degree=3| :  46%|████▌     | 3208/7000 [02:27<01:20, 46.97it/s]
loss=0.062| sh degree=3| :  46%|████▌     | 3213/7000 [02:27<01:20, 47.32it/s]
loss=0.126| sh degree=3| :  46%|████▌     | 3213/7000 [02:27<01:20, 47.32it/s]
loss=0.131| sh degree=3| :  46%|████▌     | 3213/7000 [02:27<01:20, 47.32it/s]
loss=0.063| sh degree=3| :  46%|████▌     | 3213/7000 [02:27<01:20, 47.32it/s]
loss=0.040| sh degree=3| :  46%|████▌     | 3213/7000 [02:27<01:20, 47.32it/s]
loss=0.111| sh degree=3| :  46%|████▌     | 3213/7000 [02:27<01:20, 47.32it/s]
loss=0.111| sh degree=3| :  46%|████▌     | 3218/7000 [02:27<01:19, 47.44it/s]
loss=0.063| sh degree=3| :  46%|████▌     | 3218/7000 [02:27<01:19, 47.44it/s]
loss=0.044| sh degree=3| :  46%|████▌     | 3218/7000 [02:27<01:19, 47.44it/s]
loss=0.053| sh degree=3| :  46%|████▌     | 3218/7000 [02:27<01:19, 47.44it/s]
loss=0.057| sh degree=3| :  46%|████▌     | 3218/7000 [02:27<01:19, 47.44it/s]
loss=0.073| sh degree=3| :  46%|████▌     | 3218/7000 [02:27<01:19, 47.44it/s]
loss=0.073| sh degree=3| :  46%|████▌     | 3223/7000 [02:27<01:21, 46.29it/s]
loss=0.115| sh degree=3| :  46%|████▌     | 3223/7000 [02:27<01:21, 46.29it/s]
loss=0.065| sh degree=3| :  46%|████▌     | 3223/7000 [02:27<01:21, 46.29it/s]
loss=0.061| sh degree=3| :  46%|████▌     | 3223/7000 [02:27<01:21, 46.29it/s]
loss=0.054| sh degree=3| :  46%|████▌     | 3223/7000 [02:27<01:21, 46.29it/s]
loss=0.037| sh degree=3| :  46%|████▌     | 3223/7000 [02:27<01:21, 46.29it/s]
loss=0.037| sh degree=3| :  46%|████▌     | 3228/7000 [02:27<01:20, 47.07it/s]
loss=0.106| sh degree=3| :  46%|████▌     | 3228/7000 [02:27<01:20, 47.07it/s]
loss=0.052| sh degree=3| :  46%|████▌     | 3228/7000 [02:27<01:20, 47.07it/s]
loss=0.103| sh degree=3| :  46%|████▌     | 3228/7000 [02:27<01:20, 47.07it/s]
loss=0.057| sh degree=3| :  46%|████▌     | 3228/7000 [02:28<01:20, 47.07it/s]
loss=0.046| sh degree=3| :  46%|████▌     | 3228/7000 [02:28<01:20, 47.07it/s]
loss=0.046| sh degree=3| :  46%|████▌     | 3233/7000 [02:28<01:18, 47.83it/s]
loss=0.103| sh degree=3| :  46%|████▌     | 3233/7000 [02:28<01:18, 47.83it/s]
loss=0.085| sh degree=3| :  46%|████▌     | 3233/7000 [02:28<01:18, 47.83it/s]
loss=0.083| sh degree=3| :  46%|████▌     | 3233/7000 [02:28<01:18, 47.83it/s]
loss=0.061| sh degree=3| :  46%|████▌     | 3233/7000 [02:28<01:18, 47.83it/s]
loss=0.055| sh degree=3| :  46%|████▌     | 3233/7000 [02:28<01:18, 47.83it/s]
loss=0.055| sh degree=3| :  46%|████▋     | 3238/7000 [02:28<01:18, 47.90it/s]
loss=0.073| sh degree=3| :  46%|████▋     | 3238/7000 [02:28<01:18, 47.90it/s]
loss=0.063| sh degree=3| :  46%|████▋     | 3238/7000 [02:28<01:18, 47.90it/s]
loss=0.058| sh degree=3| :  46%|████▋     | 3238/7000 [02:28<01:18, 47.90it/s]
loss=0.071| sh degree=3| :  46%|████▋     | 3238/7000 [02:28<01:18, 47.90it/s]
loss=0.087| sh degree=3| :  46%|████▋     | 3238/7000 [02:28<01:18, 47.90it/s]
loss=0.087| sh degree=3| :  46%|████▋     | 3243/7000 [02:28<01:18, 48.00it/s]
loss=0.050| sh degree=3| :  46%|████▋     | 3243/7000 [02:28<01:18, 48.00it/s]
loss=0.074| sh degree=3| :  46%|████▋     | 3243/7000 [02:28<01:18, 48.00it/s]
loss=0.050| sh degree=3| :  46%|████▋     | 3243/7000 [02:28<01:18, 48.00it/s]
loss=0.057| sh degree=3| :  46%|████▋     | 3243/7000 [02:28<01:18, 48.00it/s]
loss=0.051| sh degree=3| :  46%|████▋     | 3243/7000 [02:28<01:18, 48.00it/s]
loss=0.051| sh degree=3| :  46%|████▋     | 3248/7000 [02:28<01:17, 48.34it/s]
loss=0.049| sh degree=3| :  46%|████▋     | 3248/7000 [02:28<01:17, 48.34it/s]
loss=0.048| sh degree=3| :  46%|████▋     | 3248/7000 [02:28<01:17, 48.34it/s]
loss=0.044| sh degree=3| :  46%|████▋     | 3248/7000 [02:28<01:17, 48.34it/s]
loss=0.046| sh degree=3| :  46%|████▋     | 3248/7000 [02:28<01:17, 48.34it/s]
loss=0.060| sh degree=3| :  46%|████▋     | 3248/7000 [02:28<01:17, 48.34it/s]
loss=0.060| sh degree=3| :  46%|████▋     | 3253/7000 [02:28<01:17, 48.19it/s]
loss=0.064| sh degree=3| :  46%|████▋     | 3253/7000 [02:28<01:17, 48.19it/s]
loss=0.041| sh degree=3| :  46%|████▋     | 3253/7000 [02:28<01:17, 48.19it/s]
loss=0.055| sh degree=3| :  46%|████▋     | 3253/7000 [02:28<01:17, 48.19it/s]
loss=0.085| sh degree=3| :  46%|████▋     | 3253/7000 [02:28<01:17, 48.19it/s]
loss=0.040| sh degree=3| :  46%|████▋     | 3253/7000 [02:28<01:17, 48.19it/s]
loss=0.040| sh degree=3| :  47%|████▋     | 3258/7000 [02:28<01:18, 47.68it/s]
loss=0.068| sh degree=3| :  47%|████▋     | 3258/7000 [02:28<01:18, 47.68it/s]
loss=0.077| sh degree=3| :  47%|████▋     | 3258/7000 [02:28<01:18, 47.68it/s]
loss=0.064| sh degree=3| :  47%|████▋     | 3258/7000 [02:28<01:18, 47.68it/s]
loss=0.063| sh degree=3| :  47%|████▋     | 3258/7000 [02:28<01:18, 47.68it/s]
loss=0.039| sh degree=3| :  47%|████▋     | 3258/7000 [02:28<01:18, 47.68it/s]
loss=0.039| sh degree=3| :  47%|████▋     | 3263/7000 [02:28<01:17, 48.16it/s]
loss=0.054| sh degree=3| :  47%|████▋     | 3263/7000 [02:28<01:17, 48.16it/s]
loss=0.055| sh degree=3| :  47%|████▋     | 3263/7000 [02:28<01:17, 48.16it/s]
loss=0.062| sh degree=3| :  47%|████▋     | 3263/7000 [02:28<01:17, 48.16it/s]
loss=0.040| sh degree=3| :  47%|████▋     | 3263/7000 [02:28<01:17, 48.16it/s]
loss=0.050| sh degree=3| :  47%|████▋     | 3263/7000 [02:28<01:17, 48.16it/s]
loss=0.050| sh degree=3| :  47%|████▋     | 3268/7000 [02:28<01:16, 48.56it/s]
loss=0.061| sh degree=3| :  47%|████▋     | 3268/7000 [02:28<01:16, 48.56it/s]
loss=0.053| sh degree=3| :  47%|████▋     | 3268/7000 [02:28<01:16, 48.56it/s]
loss=0.050| sh degree=3| :  47%|████▋     | 3268/7000 [02:28<01:16, 48.56it/s]
loss=0.060| sh degree=3| :  47%|████▋     | 3268/7000 [02:28<01:16, 48.56it/s]
loss=0.062| sh degree=3| :  47%|████▋     | 3268/7000 [02:28<01:16, 48.56it/s]
loss=0.062| sh degree=3| :  47%|████▋     | 3273/7000 [02:28<01:16, 48.66it/s]
loss=0.049| sh degree=3| :  47%|████▋     | 3273/7000 [02:28<01:16, 48.66it/s]
loss=0.052| sh degree=3| :  47%|████▋     | 3273/7000 [02:28<01:16, 48.66it/s]
loss=0.054| sh degree=3| :  47%|████▋     | 3273/7000 [02:28<01:16, 48.66it/s]
loss=0.058| sh degree=3| :  47%|████▋     | 3273/7000 [02:28<01:16, 48.66it/s]
loss=0.053| sh degree=3| :  47%|████▋     | 3273/7000 [02:28<01:16, 48.66it/s]
loss=0.053| sh degree=3| :  47%|████▋     | 3278/7000 [02:28<01:17, 47.97it/s]
loss=0.055| sh degree=3| :  47%|████▋     | 3278/7000 [02:28<01:17, 47.97it/s]
loss=0.049| sh degree=3| :  47%|████▋     | 3278/7000 [02:29<01:17, 47.97it/s]
loss=0.068| sh degree=3| :  47%|████▋     | 3278/7000 [02:29<01:17, 47.97it/s]
loss=0.072| sh degree=3| :  47%|████▋     | 3278/7000 [02:29<01:17, 47.97it/s]
loss=0.044| sh degree=3| :  47%|████▋     | 3278/7000 [02:29<01:17, 47.97it/s]
loss=0.044| sh degree=3| :  47%|████▋     | 3283/7000 [02:29<01:18, 47.24it/s]
loss=0.052| sh degree=3| :  47%|████▋     | 3283/7000 [02:29<01:18, 47.24it/s]
loss=0.042| sh degree=3| :  47%|████▋     | 3283/7000 [02:29<01:18, 47.24it/s]
loss=0.049| sh degree=3| :  47%|████▋     | 3283/7000 [02:29<01:18, 47.24it/s]
loss=0.061| sh degree=3| :  47%|████▋     | 3283/7000 [02:29<01:18, 47.24it/s]
loss=0.054| sh degree=3| :  47%|████▋     | 3283/7000 [02:29<01:18, 47.24it/s]
loss=0.054| sh degree=3| :  47%|████▋     | 3288/7000 [02:29<01:17, 47.98it/s]
loss=0.042| sh degree=3| :  47%|████▋     | 3288/7000 [02:29<01:17, 47.98it/s]
loss=0.051| sh degree=3| :  47%|████▋     | 3288/7000 [02:29<01:17, 47.98it/s]
loss=0.050| sh degree=3| :  47%|████▋     | 3288/7000 [02:29<01:17, 47.98it/s]
loss=0.047| sh degree=3| :  47%|████▋     | 3288/7000 [02:29<01:17, 47.98it/s]
loss=0.055| sh degree=3| :  47%|████▋     | 3288/7000 [02:29<01:17, 47.98it/s]
loss=0.048| sh degree=3| :  47%|████▋     | 3288/7000 [02:29<01:17, 47.98it/s]
loss=0.048| sh degree=3| :  47%|████▋     | 3294/7000 [02:29<01:15, 49.24it/s]
loss=0.039| sh degree=3| :  47%|████▋     | 3294/7000 [02:29<01:15, 49.24it/s]
loss=0.047| sh degree=3| :  47%|████▋     | 3294/7000 [02:29<01:15, 49.24it/s]
loss=0.047| sh degree=3| :  47%|████▋     | 3294/7000 [02:29<01:15, 49.24it/s]
loss=0.054| sh degree=3| :  47%|████▋     | 3294/7000 [02:29<01:15, 49.24it/s]
loss=0.043| sh degree=3| :  47%|████▋     | 3294/7000 [02:29<01:15, 49.24it/s]
loss=0.057| sh degree=3| :  47%|████▋     | 3294/7000 [02:29<01:15, 49.24it/s]
loss=0.057| sh degree=3| :  47%|████▋     | 3300/7000 [02:29<01:14, 49.92it/s]
loss=0.051| sh degree=3| :  47%|████▋     | 3300/7000 [02:29<01:14, 49.92it/s]
loss=0.069| sh degree=3| :  47%|████▋     | 3300/7000 [02:29<01:14, 49.92it/s]
loss=0.139| sh degree=3| :  47%|████▋     | 3300/7000 [02:29<01:14, 49.92it/s]
loss=0.080| sh degree=3| :  47%|████▋     | 3300/7000 [02:29<01:14, 49.92it/s]
loss=0.057| sh degree=3| :  47%|████▋     | 3300/7000 [02:29<01:14, 49.92it/s]
loss=0.057| sh degree=3| :  47%|████▋     | 3305/7000 [02:29<01:17, 47.39it/s]
loss=0.056| sh degree=3| :  47%|████▋     | 3305/7000 [02:29<01:17, 47.39it/s]
loss=0.084| sh degree=3| :  47%|████▋     | 3305/7000 [02:29<01:17, 47.39it/s]
loss=0.056| sh degree=3| :  47%|████▋     | 3305/7000 [02:29<01:17, 47.39it/s]
loss=0.054| sh degree=3| :  47%|████▋     | 3305/7000 [02:29<01:17, 47.39it/s]
loss=0.057| sh degree=3| :  47%|████▋     | 3305/7000 [02:29<01:17, 47.39it/s]
loss=0.057| sh degree=3| :  47%|████▋     | 3310/7000 [02:29<01:18, 46.72it/s]
loss=0.052| sh degree=3| :  47%|████▋     | 3310/7000 [02:29<01:18, 46.72it/s]
loss=0.064| sh degree=3| :  47%|████▋     | 3310/7000 [02:29<01:18, 46.72it/s]
loss=0.118| sh degree=3| :  47%|████▋     | 3310/7000 [02:29<01:18, 46.72it/s]
loss=0.054| sh degree=3| :  47%|████▋     | 3310/7000 [02:29<01:18, 46.72it/s]
loss=0.058| sh degree=3| :  47%|████▋     | 3310/7000 [02:29<01:18, 46.72it/s]
loss=0.058| sh degree=3| :  47%|████▋     | 3315/7000 [02:29<01:17, 47.27it/s]
loss=0.054| sh degree=3| :  47%|████▋     | 3315/7000 [02:29<01:17, 47.27it/s]
loss=0.111| sh degree=3| :  47%|████▋     | 3315/7000 [02:29<01:17, 47.27it/s]
loss=0.049| sh degree=3| :  47%|████▋     | 3315/7000 [02:29<01:17, 47.27it/s]
loss=0.043| sh degree=3| :  47%|████▋     | 3315/7000 [02:29<01:17, 47.27it/s]
loss=0.069| sh degree=3| :  47%|████▋     | 3315/7000 [02:29<01:17, 47.27it/s]
loss=0.069| sh degree=3| :  47%|████▋     | 3320/7000 [02:29<01:44, 35.10it/s]
loss=0.083| sh degree=3| :  47%|████▋     | 3320/7000 [02:29<01:44, 35.10it/s]
loss=0.086| sh degree=3| :  47%|████▋     | 3320/7000 [02:30<01:44, 35.10it/s]
loss=0.062| sh degree=3| :  47%|████▋     | 3320/7000 [02:30<01:44, 35.10it/s]
loss=0.063| sh degree=3| :  47%|████▋     | 3320/7000 [02:30<01:44, 35.10it/s]
loss=0.044| sh degree=3| :  47%|████▋     | 3320/7000 [02:30<01:44, 35.10it/s]
loss=0.044| sh degree=3| :  48%|████▊     | 3325/7000 [02:30<01:36, 37.90it/s]
loss=0.073| sh degree=3| :  48%|████▊     | 3325/7000 [02:30<01:36, 37.90it/s]
loss=0.042| sh degree=3| :  48%|████▊     | 3325/7000 [02:30<01:36, 37.90it/s]
loss=0.042| sh degree=3| :  48%|████▊     | 3325/7000 [02:30<01:36, 37.90it/s]
loss=0.059| sh degree=3| :  48%|████▊     | 3325/7000 [02:30<01:36, 37.90it/s]
loss=0.049| sh degree=3| :  48%|████▊     | 3325/7000 [02:30<01:36, 37.90it/s]
loss=0.049| sh degree=3| :  48%|████▊     | 3330/7000 [02:30<01:31, 40.08it/s]
loss=0.083| sh degree=3| :  48%|████▊     | 3330/7000 [02:30<01:31, 40.08it/s]
loss=0.055| sh degree=3| :  48%|████▊     | 3330/7000 [02:30<01:31, 40.08it/s]
loss=0.046| sh degree=3| :  48%|████▊     | 3330/7000 [02:30<01:31, 40.08it/s]
loss=0.061| sh degree=3| :  48%|████▊     | 3330/7000 [02:30<01:31, 40.08it/s]
loss=0.042| sh degree=3| :  48%|████▊     | 3330/7000 [02:30<01:31, 40.08it/s]
loss=0.042| sh degree=3| :  48%|████▊     | 3335/7000 [02:30<01:28, 41.49it/s]
loss=0.061| sh degree=3| :  48%|████▊     | 3335/7000 [02:30<01:28, 41.49it/s]
loss=0.047| sh degree=3| :  48%|████▊     | 3335/7000 [02:30<01:28, 41.49it/s]
loss=0.056| sh degree=3| :  48%|████▊     | 3335/7000 [02:30<01:28, 41.49it/s]
loss=0.048| sh degree=3| :  48%|████▊     | 3335/7000 [02:30<01:28, 41.49it/s]
loss=0.104| sh degree=3| :  48%|████▊     | 3335/7000 [02:30<01:28, 41.49it/s]
loss=0.104| sh degree=3| :  48%|████▊     | 3340/7000 [02:30<01:24, 43.11it/s]
loss=0.051| sh degree=3| :  48%|████▊     | 3340/7000 [02:30<01:24, 43.11it/s]
loss=0.056| sh degree=3| :  48%|████▊     | 3340/7000 [02:30<01:24, 43.11it/s]
loss=0.052| sh degree=3| :  48%|████▊     | 3340/7000 [02:30<01:24, 43.11it/s]
loss=0.087| sh degree=3| :  48%|████▊     | 3340/7000 [02:30<01:24, 43.11it/s]
loss=0.049| sh degree=3| :  48%|████▊     | 3340/7000 [02:30<01:24, 43.11it/s]
loss=0.049| sh degree=3| :  48%|████▊     | 3345/7000 [02:30<01:22, 44.49it/s]
loss=0.042| sh degree=3| :  48%|████▊     | 3345/7000 [02:30<01:22, 44.49it/s]
loss=0.082| sh degree=3| :  48%|████▊     | 3345/7000 [02:30<01:22, 44.49it/s]
loss=0.043| sh degree=3| :  48%|████▊     | 3345/7000 [02:30<01:22, 44.49it/s]
loss=0.055| sh degree=3| :  48%|████▊     | 3345/7000 [02:30<01:22, 44.49it/s]
loss=0.047| sh degree=3| :  48%|████▊     | 3345/7000 [02:30<01:22, 44.49it/s]
loss=0.047| sh degree=3| :  48%|████▊     | 3350/7000 [02:30<01:22, 44.00it/s]
loss=0.045| sh degree=3| :  48%|████▊     | 3350/7000 [02:30<01:22, 44.00it/s]
loss=0.050| sh degree=3| :  48%|████▊     | 3350/7000 [02:30<01:22, 44.00it/s]
loss=0.061| sh degree=3| :  48%|████▊     | 3350/7000 [02:30<01:22, 44.00it/s]
loss=0.079| sh degree=3| :  48%|████▊     | 3350/7000 [02:30<01:22, 44.00it/s]
loss=0.038| sh degree=3| :  48%|████▊     | 3350/7000 [02:30<01:22, 44.00it/s]
loss=0.038| sh degree=3| :  48%|████▊     | 3355/7000 [02:30<01:23, 43.87it/s]
loss=0.063| sh degree=3| :  48%|████▊     | 3355/7000 [02:30<01:23, 43.87it/s]
loss=0.038| sh degree=3| :  48%|████▊     | 3355/7000 [02:30<01:23, 43.87it/s]
loss=0.046| sh degree=3| :  48%|████▊     | 3355/7000 [02:30<01:23, 43.87it/s]
loss=0.058| sh degree=3| :  48%|████▊     | 3355/7000 [02:30<01:23, 43.87it/s]
loss=0.059| sh degree=3| :  48%|████▊     | 3355/7000 [02:30<01:23, 43.87it/s]
loss=0.059| sh degree=3| :  48%|████▊     | 3360/7000 [02:30<01:20, 45.47it/s]
loss=0.041| sh degree=3| :  48%|████▊     | 3360/7000 [02:30<01:20, 45.47it/s]
loss=0.052| sh degree=3| :  48%|████▊     | 3360/7000 [02:30<01:20, 45.47it/s]
loss=0.051| sh degree=3| :  48%|████▊     | 3360/7000 [02:30<01:20, 45.47it/s]
loss=0.049| sh degree=3| :  48%|████▊     | 3360/7000 [02:30<01:20, 45.47it/s]
loss=0.049| sh degree=3| :  48%|████▊     | 3360/7000 [02:30<01:20, 45.47it/s]
loss=0.053| sh degree=3| :  48%|████▊     | 3360/7000 [02:30<01:20, 45.47it/s]
loss=0.053| sh degree=3| :  48%|████▊     | 3366/7000 [02:30<01:16, 47.48it/s]
loss=0.067| sh degree=3| :  48%|████▊     | 3366/7000 [02:30<01:16, 47.48it/s]
loss=0.050| sh degree=3| :  48%|████▊     | 3366/7000 [02:30<01:16, 47.48it/s]
loss=0.046| sh degree=3| :  48%|████▊     | 3366/7000 [02:31<01:16, 47.48it/s]
loss=0.047| sh degree=3| :  48%|████▊     | 3366/7000 [02:31<01:16, 47.48it/s]
loss=0.061| sh degree=3| :  48%|████▊     | 3366/7000 [02:31<01:16, 47.48it/s]
loss=0.048| sh degree=3| :  48%|████▊     | 3366/7000 [02:31<01:16, 47.48it/s]
loss=0.048| sh degree=3| :  48%|████▊     | 3372/7000 [02:31<01:14, 48.85it/s]
loss=0.047| sh degree=3| :  48%|████▊     | 3372/7000 [02:31<01:14, 48.85it/s]
loss=0.047| sh degree=3| :  48%|████▊     | 3372/7000 [02:31<01:14, 48.85it/s]
loss=0.046| sh degree=3| :  48%|████▊     | 3372/7000 [02:31<01:14, 48.85it/s]
loss=0.043| sh degree=3| :  48%|████▊     | 3372/7000 [02:31<01:14, 48.85it/s]
loss=0.041| sh degree=3| :  48%|████▊     | 3372/7000 [02:31<01:14, 48.85it/s]
loss=0.041| sh degree=3| :  48%|████▊     | 3377/7000 [02:31<01:15, 47.85it/s]
loss=0.041| sh degree=3| :  48%|████▊     | 3377/7000 [02:31<01:15, 47.85it/s]
loss=0.040| sh degree=3| :  48%|████▊     | 3377/7000 [02:31<01:15, 47.85it/s]
loss=0.077| sh degree=3| :  48%|████▊     | 3377/7000 [02:31<01:15, 47.85it/s]
loss=0.045| sh degree=3| :  48%|████▊     | 3377/7000 [02:31<01:15, 47.85it/s]
loss=0.068| sh degree=3| :  48%|████▊     | 3377/7000 [02:31<01:15, 47.85it/s]
loss=0.068| sh degree=3| :  48%|████▊     | 3382/7000 [02:31<01:16, 47.40it/s]
loss=0.077| sh degree=3| :  48%|████▊     | 3382/7000 [02:31<01:16, 47.40it/s]
loss=0.040| sh degree=3| :  48%|████▊     | 3382/7000 [02:31<01:16, 47.40it/s]
loss=0.060| sh degree=3| :  48%|████▊     | 3382/7000 [02:31<01:16, 47.40it/s]
loss=0.040| sh degree=3| :  48%|████▊     | 3382/7000 [02:31<01:16, 47.40it/s]
loss=0.065| sh degree=3| :  48%|████▊     | 3382/7000 [02:31<01:16, 47.40it/s]
loss=0.046| sh degree=3| :  48%|████▊     | 3382/7000 [02:31<01:16, 47.40it/s]
loss=0.046| sh degree=3| :  48%|████▊     | 3388/7000 [02:31<01:13, 48.94it/s]
loss=0.056| sh degree=3| :  48%|████▊     | 3388/7000 [02:31<01:13, 48.94it/s]
loss=0.055| sh degree=3| :  48%|████▊     | 3388/7000 [02:31<01:13, 48.94it/s]
loss=0.048| sh degree=3| :  48%|████▊     | 3388/7000 [02:31<01:13, 48.94it/s]
loss=0.047| sh degree=3| :  48%|████▊     | 3388/7000 [02:31<01:13, 48.94it/s]
loss=0.053| sh degree=3| :  48%|████▊     | 3388/7000 [02:31<01:13, 48.94it/s]
loss=0.040| sh degree=3| :  48%|████▊     | 3388/7000 [02:31<01:13, 48.94it/s]
loss=0.040| sh degree=3| :  48%|████▊     | 3394/7000 [02:31<01:13, 49.24it/s]
loss=0.039| sh degree=3| :  48%|████▊     | 3394/7000 [02:31<01:13, 49.24it/s]
loss=0.038| sh degree=3| :  48%|████▊     | 3394/7000 [02:31<01:13, 49.24it/s]
loss=0.053| sh degree=3| :  48%|████▊     | 3394/7000 [02:31<01:13, 49.24it/s]
loss=0.052| sh degree=3| :  48%|████▊     | 3394/7000 [02:31<01:13, 49.24it/s]
loss=0.054| sh degree=3| :  48%|████▊     | 3394/7000 [02:31<01:13, 49.24it/s]
loss=0.051| sh degree=3| :  48%|████▊     | 3394/7000 [02:31<01:13, 49.24it/s]
loss=0.051| sh degree=3| :  49%|████▊     | 3400/7000 [02:31<01:11, 50.06it/s]
loss=0.053| sh degree=3| :  49%|████▊     | 3400/7000 [02:31<01:11, 50.06it/s]
loss=0.064| sh degree=3| :  49%|████▊     | 3400/7000 [02:31<01:11, 50.06it/s]
loss=0.054| sh degree=3| :  49%|████▊     | 3400/7000 [02:31<01:11, 50.06it/s]
loss=0.050| sh degree=3| :  49%|████▊     | 3400/7000 [02:31<01:11, 50.06it/s]
loss=0.117| sh degree=3| :  49%|████▊     | 3400/7000 [02:31<01:11, 50.06it/s]
loss=0.059| sh degree=3| :  49%|████▊     | 3400/7000 [02:31<01:11, 50.06it/s]
loss=0.059| sh degree=3| :  49%|████▊     | 3406/7000 [02:31<01:17, 46.15it/s]
loss=0.047| sh degree=3| :  49%|████▊     | 3406/7000 [02:31<01:17, 46.15it/s]
loss=0.089| sh degree=3| :  49%|████▊     | 3406/7000 [02:31<01:17, 46.15it/s]
loss=0.072| sh degree=3| :  49%|████▊     | 3406/7000 [02:31<01:17, 46.15it/s]
loss=0.058| sh degree=3| :  49%|████▊     | 3406/7000 [02:31<01:17, 46.15it/s]
loss=0.058| sh degree=3| :  49%|████▊     | 3406/7000 [02:31<01:17, 46.15it/s]
loss=0.058| sh degree=3| :  49%|████▊     | 3411/7000 [02:31<01:17, 46.51it/s]
loss=0.104| sh degree=3| :  49%|████▊     | 3411/7000 [02:31<01:17, 46.51it/s]
loss=0.054| sh degree=3| :  49%|████▊     | 3411/7000 [02:31<01:17, 46.51it/s]
loss=0.097| sh degree=3| :  49%|████▊     | 3411/7000 [02:31<01:17, 46.51it/s]
loss=0.061| sh degree=3| :  49%|████▊     | 3411/7000 [02:31<01:17, 46.51it/s]
loss=0.045| sh degree=3| :  49%|████▊     | 3411/7000 [02:31<01:17, 46.51it/s]
loss=0.045| sh degree=3| :  49%|████▉     | 3416/7000 [02:32<01:16, 46.80it/s]
loss=0.043| sh degree=3| :  49%|████▉     | 3416/7000 [02:32<01:16, 46.80it/s]
loss=0.057| sh degree=3| :  49%|████▉     | 3416/7000 [02:32<01:16, 46.80it/s]
loss=0.068| sh degree=3| :  49%|████▉     | 3416/7000 [02:32<01:16, 46.80it/s]
loss=0.069| sh degree=3| :  49%|████▉     | 3416/7000 [02:32<01:16, 46.80it/s]
loss=0.062| sh degree=3| :  49%|████▉     | 3416/7000 [02:32<01:16, 46.80it/s]
loss=0.062| sh degree=3| :  49%|████▉     | 3421/7000 [02:32<01:18, 45.74it/s]
loss=0.068| sh degree=3| :  49%|████▉     | 3421/7000 [02:32<01:18, 45.74it/s]
loss=0.091| sh degree=3| :  49%|████▉     | 3421/7000 [02:32<01:18, 45.74it/s]
loss=0.051| sh degree=3| :  49%|████▉     | 3421/7000 [02:32<01:18, 45.74it/s]
loss=0.062| sh degree=3| :  49%|████▉     | 3421/7000 [02:32<01:18, 45.74it/s]
loss=0.080| sh degree=3| :  49%|████▉     | 3421/7000 [02:32<01:18, 45.74it/s]
loss=0.080| sh degree=3| :  49%|████▉     | 3426/7000 [02:32<01:17, 46.32it/s]
loss=0.056| sh degree=3| :  49%|████▉     | 3426/7000 [02:32<01:17, 46.32it/s]
loss=0.067| sh degree=3| :  49%|████▉     | 3426/7000 [02:32<01:17, 46.32it/s]
loss=0.049| sh degree=3| :  49%|████▉     | 3426/7000 [02:32<01:17, 46.32it/s]
loss=0.058| sh degree=3| :  49%|████▉     | 3426/7000 [02:32<01:17, 46.32it/s]
loss=0.049| sh degree=3| :  49%|████▉     | 3426/7000 [02:32<01:17, 46.32it/s]
loss=0.049| sh degree=3| :  49%|████▉     | 3431/7000 [02:32<01:18, 45.27it/s]
loss=0.050| sh degree=3| :  49%|████▉     | 3431/7000 [02:32<01:18, 45.27it/s]
loss=0.073| sh degree=3| :  49%|████▉     | 3431/7000 [02:32<01:18, 45.27it/s]
loss=0.067| sh degree=3| :  49%|████▉     | 3431/7000 [02:32<01:18, 45.27it/s]
loss=0.065| sh degree=3| :  49%|████▉     | 3431/7000 [02:32<01:18, 45.27it/s]
loss=0.057| sh degree=3| :  49%|████▉     | 3431/7000 [02:32<01:18, 45.27it/s]
loss=0.060| sh degree=3| :  49%|████▉     | 3431/7000 [02:32<01:18, 45.27it/s]
loss=0.060| sh degree=3| :  49%|████▉     | 3437/7000 [02:32<01:16, 46.47it/s]
loss=0.058| sh degree=3| :  49%|████▉     | 3437/7000 [02:32<01:16, 46.47it/s]
loss=0.079| sh degree=3| :  49%|████▉     | 3437/7000 [02:32<01:16, 46.47it/s]
loss=0.045| sh degree=3| :  49%|████▉     | 3437/7000 [02:32<01:16, 46.47it/s]
loss=0.044| sh degree=3| :  49%|████▉     | 3437/7000 [02:32<01:16, 46.47it/s]
loss=0.042| sh degree=3| :  49%|████▉     | 3437/7000 [02:32<01:16, 46.47it/s]
loss=0.042| sh degree=3| :  49%|████▉     | 3442/7000 [02:32<01:16, 46.34it/s]
loss=0.118| sh degree=3| :  49%|████▉     | 3442/7000 [02:32<01:16, 46.34it/s]
loss=0.041| sh degree=3| :  49%|████▉     | 3442/7000 [02:32<01:16, 46.34it/s]
loss=0.039| sh degree=3| :  49%|████▉     | 3442/7000 [02:32<01:16, 46.34it/s]
loss=0.042| sh degree=3| :  49%|████▉     | 3442/7000 [02:32<01:16, 46.34it/s]
loss=0.051| sh degree=3| :  49%|████▉     | 3442/7000 [02:32<01:16, 46.34it/s]
loss=0.051| sh degree=3| :  49%|████▉     | 3447/7000 [02:32<01:17, 45.63it/s]
loss=0.052| sh degree=3| :  49%|████▉     | 3447/7000 [02:32<01:17, 45.63it/s]
loss=0.043| sh degree=3| :  49%|████▉     | 3447/7000 [02:32<01:17, 45.63it/s]
loss=0.058| sh degree=3| :  49%|████▉     | 3447/7000 [02:32<01:17, 45.63it/s]
loss=0.049| sh degree=3| :  49%|████▉     | 3447/7000 [02:32<01:17, 45.63it/s]
loss=0.068| sh degree=3| :  49%|████▉     | 3447/7000 [02:32<01:17, 45.63it/s]
loss=0.068| sh degree=3| :  49%|████▉     | 3452/7000 [02:32<01:17, 46.02it/s]
loss=0.055| sh degree=3| :  49%|████▉     | 3452/7000 [02:32<01:17, 46.02it/s]
loss=0.038| sh degree=3| :  49%|████▉     | 3452/7000 [02:32<01:17, 46.02it/s]
loss=0.041| sh degree=3| :  49%|████▉     | 3452/7000 [02:32<01:17, 46.02it/s]
loss=0.056| sh degree=3| :  49%|████▉     | 3452/7000 [02:32<01:17, 46.02it/s]
loss=0.036| sh degree=3| :  49%|████▉     | 3452/7000 [02:32<01:17, 46.02it/s]
loss=0.036| sh degree=3| :  49%|████▉     | 3457/7000 [02:32<01:17, 45.77it/s]
loss=0.060| sh degree=3| :  49%|████▉     | 3457/7000 [02:32<01:17, 45.77it/s]
loss=0.054| sh degree=3| :  49%|████▉     | 3457/7000 [02:32<01:17, 45.77it/s]
loss=0.037| sh degree=3| :  49%|████▉     | 3457/7000 [02:32<01:17, 45.77it/s]
loss=0.079| sh degree=3| :  49%|████▉     | 3457/7000 [02:32<01:17, 45.77it/s]
loss=0.046| sh degree=3| :  49%|████▉     | 3457/7000 [02:33<01:17, 45.77it/s]
loss=0.046| sh degree=3| :  49%|████▉     | 3462/7000 [02:33<01:17, 45.86it/s]
loss=0.041| sh degree=3| :  49%|████▉     | 3462/7000 [02:33<01:17, 45.86it/s]
loss=0.047| sh degree=3| :  49%|████▉     | 3462/7000 [02:33<01:17, 45.86it/s]
loss=0.059| sh degree=3| :  49%|████▉     | 3462/7000 [02:33<01:17, 45.86it/s]
loss=0.055| sh degree=3| :  49%|████▉     | 3462/7000 [02:33<01:17, 45.86it/s]
loss=0.042| sh degree=3| :  49%|████▉     | 3462/7000 [02:33<01:17, 45.86it/s]
loss=0.042| sh degree=3| :  50%|████▉     | 3467/7000 [02:33<01:16, 45.95it/s]
loss=0.050| sh degree=3| :  50%|████▉     | 3467/7000 [02:33<01:16, 45.95it/s]
loss=0.035| sh degree=3| :  50%|████▉     | 3467/7000 [02:33<01:16, 45.95it/s]
loss=0.053| sh degree=3| :  50%|████▉     | 3467/7000 [02:33<01:16, 45.95it/s]
loss=0.040| sh degree=3| :  50%|████▉     | 3467/7000 [02:33<01:16, 45.95it/s]
loss=0.058| sh degree=3| :  50%|████▉     | 3467/7000 [02:33<01:16, 45.95it/s]
loss=0.058| sh degree=3| :  50%|████▉     | 3472/7000 [02:33<01:15, 46.83it/s]
loss=0.058| sh degree=3| :  50%|████▉     | 3472/7000 [02:33<01:15, 46.83it/s]
loss=0.044| sh degree=3| :  50%|████▉     | 3472/7000 [02:33<01:15, 46.83it/s]
loss=0.039| sh degree=3| :  50%|████▉     | 3472/7000 [02:33<01:15, 46.83it/s]
loss=0.054| sh degree=3| :  50%|████▉     | 3472/7000 [02:33<01:15, 46.83it/s]
loss=0.043| sh degree=3| :  50%|████▉     | 3472/7000 [02:33<01:15, 46.83it/s]
loss=0.054| sh degree=3| :  50%|████▉     | 3472/7000 [02:33<01:15, 46.83it/s]
loss=0.054| sh degree=3| :  50%|████▉     | 3478/7000 [02:33<01:13, 48.06it/s]
loss=0.052| sh degree=3| :  50%|████▉     | 3478/7000 [02:33<01:13, 48.06it/s]
loss=0.055| sh degree=3| :  50%|████▉     | 3478/7000 [02:33<01:13, 48.06it/s]
loss=0.036| sh degree=3| :  50%|████▉     | 3478/7000 [02:33<01:13, 48.06it/s]
loss=0.062| sh degree=3| :  50%|████▉     | 3478/7000 [02:33<01:13, 48.06it/s]
loss=0.056| sh degree=3| :  50%|████▉     | 3478/7000 [02:33<01:13, 48.06it/s]
loss=0.056| sh degree=3| :  50%|████▉     | 3483/7000 [02:33<01:14, 47.29it/s]
loss=0.051| sh degree=3| :  50%|████▉     | 3483/7000 [02:33<01:14, 47.29it/s]
loss=0.039| sh degree=3| :  50%|████▉     | 3483/7000 [02:33<01:14, 47.29it/s]
loss=0.034| sh degree=3| :  50%|████▉     | 3483/7000 [02:33<01:14, 47.29it/s]
loss=0.051| sh degree=3| :  50%|████▉     | 3483/7000 [02:33<01:14, 47.29it/s]
loss=0.038| sh degree=3| :  50%|████▉     | 3483/7000 [02:33<01:14, 47.29it/s]
loss=0.038| sh degree=3| :  50%|████▉     | 3488/7000 [02:33<01:15, 46.76it/s]
loss=0.052| sh degree=3| :  50%|████▉     | 3488/7000 [02:33<01:15, 46.76it/s]
loss=0.068| sh degree=3| :  50%|████▉     | 3488/7000 [02:33<01:15, 46.76it/s]
loss=0.055| sh degree=3| :  50%|████▉     | 3488/7000 [02:33<01:15, 46.76it/s]
loss=0.046| sh degree=3| :  50%|████▉     | 3488/7000 [02:33<01:15, 46.76it/s]
loss=0.045| sh degree=3| :  50%|████▉     | 3488/7000 [02:33<01:15, 46.76it/s]
loss=0.045| sh degree=3| :  50%|████▉     | 3493/7000 [02:33<01:13, 47.50it/s]
loss=0.042| sh degree=3| :  50%|████▉     | 3493/7000 [02:33<01:13, 47.50it/s]
loss=0.059| sh degree=3| :  50%|████▉     | 3493/7000 [02:33<01:13, 47.50it/s]
loss=0.054| sh degree=3| :  50%|████▉     | 3493/7000 [02:33<01:13, 47.50it/s]
loss=0.052| sh degree=3| :  50%|████▉     | 3493/7000 [02:33<01:13, 47.50it/s]
loss=0.033| sh degree=3| :  50%|████▉     | 3493/7000 [02:33<01:13, 47.50it/s]
loss=0.033| sh degree=3| :  50%|████▉     | 3498/7000 [02:33<01:15, 46.22it/s]
loss=0.048| sh degree=3| :  50%|████▉     | 3498/7000 [02:33<01:15, 46.22it/s]
loss=0.070| sh degree=3| :  50%|████▉     | 3498/7000 [02:33<01:15, 46.22it/s]
loss=0.059| sh degree=3| :  50%|████▉     | 3498/7000 [02:33<01:15, 46.22it/s]
loss=0.089| sh degree=3| :  50%|████▉     | 3498/7000 [02:33<01:15, 46.22it/s]
loss=0.120| sh degree=3| :  50%|████▉     | 3498/7000 [02:33<01:15, 46.22it/s]
loss=0.120| sh degree=3| :  50%|█████     | 3503/7000 [02:33<01:16, 45.82it/s]
loss=0.057| sh degree=3| :  50%|█████     | 3503/7000 [02:33<01:16, 45.82it/s]
loss=0.088| sh degree=3| :  50%|█████     | 3503/7000 [02:33<01:16, 45.82it/s]
loss=0.062| sh degree=3| :  50%|█████     | 3503/7000 [02:33<01:16, 45.82it/s]
loss=0.058| sh degree=3| :  50%|█████     | 3503/7000 [02:33<01:16, 45.82it/s]
loss=0.055| sh degree=3| :  50%|█████     | 3503/7000 [02:33<01:16, 45.82it/s]
loss=0.055| sh degree=3| :  50%|█████     | 3508/7000 [02:34<01:17, 45.17it/s]
loss=0.052| sh degree=3| :  50%|█████     | 3508/7000 [02:34<01:17, 45.17it/s]
loss=0.060| sh degree=3| :  50%|█████     | 3508/7000 [02:34<01:17, 45.17it/s]
loss=0.052| sh degree=3| :  50%|█████     | 3508/7000 [02:34<01:17, 45.17it/s]
loss=0.049| sh degree=3| :  50%|█████     | 3508/7000 [02:34<01:17, 45.17it/s]
loss=0.044| sh degree=3| :  50%|█████     | 3508/7000 [02:34<01:17, 45.17it/s]
loss=0.044| sh degree=3| :  50%|█████     | 3513/7000 [02:34<01:17, 45.26it/s]
loss=0.088| sh degree=3| :  50%|█████     | 3513/7000 [02:34<01:17, 45.26it/s]
loss=0.060| sh degree=3| :  50%|█████     | 3513/7000 [02:34<01:17, 45.26it/s]
loss=0.062| sh degree=3| :  50%|█████     | 3513/7000 [02:34<01:17, 45.26it/s]
loss=0.040| sh degree=3| :  50%|█████     | 3513/7000 [02:34<01:17, 45.26it/s]
loss=0.044| sh degree=3| :  50%|█████     | 3513/7000 [02:34<01:17, 45.26it/s]
loss=0.044| sh degree=3| :  50%|█████     | 3518/7000 [02:34<01:14, 46.44it/s]
loss=0.062| sh degree=3| :  50%|█████     | 3518/7000 [02:34<01:14, 46.44it/s]
loss=0.050| sh degree=3| :  50%|█████     | 3518/7000 [02:34<01:14, 46.44it/s]
loss=0.084| sh degree=3| :  50%|█████     | 3518/7000 [02:34<01:14, 46.44it/s]
loss=0.041| sh degree=3| :  50%|█████     | 3518/7000 [02:34<01:14, 46.44it/s]
loss=0.058| sh degree=3| :  50%|█████     | 3518/7000 [02:34<01:14, 46.44it/s]
loss=0.058| sh degree=3| :  50%|█████     | 3523/7000 [02:34<01:13, 47.21it/s]
loss=0.043| sh degree=3| :  50%|█████     | 3523/7000 [02:34<01:13, 47.21it/s]
loss=0.040| sh degree=3| :  50%|█████     | 3523/7000 [02:34<01:13, 47.21it/s]
loss=0.058| sh degree=3| :  50%|█████     | 3523/7000 [02:34<01:13, 47.21it/s]
loss=0.046| sh degree=3| :  50%|█████     | 3523/7000 [02:34<01:13, 47.21it/s]
loss=0.069| sh degree=3| :  50%|█████     | 3523/7000 [02:34<01:13, 47.21it/s]
loss=0.069| sh degree=3| :  50%|█████     | 3528/7000 [02:34<01:14, 46.70it/s]
loss=0.055| sh degree=3| :  50%|█████     | 3528/7000 [02:34<01:14, 46.70it/s]
loss=0.041| sh degree=3| :  50%|█████     | 3528/7000 [02:34<01:14, 46.70it/s]
loss=0.052| sh degree=3| :  50%|█████     | 3528/7000 [02:34<01:14, 46.70it/s]
loss=0.076| sh degree=3| :  50%|█████     | 3528/7000 [02:34<01:14, 46.70it/s]
loss=0.038| sh degree=3| :  50%|█████     | 3528/7000 [02:34<01:14, 46.70it/s]
loss=0.038| sh degree=3| :  50%|█████     | 3533/7000 [02:34<01:16, 45.60it/s]
loss=0.056| sh degree=3| :  50%|█████     | 3533/7000 [02:34<01:16, 45.60it/s]
loss=0.051| sh degree=3| :  50%|█████     | 3533/7000 [02:34<01:16, 45.60it/s]
loss=0.069| sh degree=3| :  50%|█████     | 3533/7000 [02:34<01:16, 45.60it/s]
loss=0.042| sh degree=3| :  50%|█████     | 3533/7000 [02:34<01:16, 45.60it/s]
loss=0.062| sh degree=3| :  50%|█████     | 3533/7000 [02:34<01:16, 45.60it/s]
loss=0.049| sh degree=3| :  50%|█████     | 3533/7000 [02:34<01:16, 45.60it/s]
loss=0.049| sh degree=3| :  51%|█████     | 3539/7000 [02:34<01:12, 47.54it/s]
loss=0.055| sh degree=3| :  51%|█████     | 3539/7000 [02:34<01:12, 47.54it/s]
loss=0.046| sh degree=3| :  51%|█████     | 3539/7000 [02:34<01:12, 47.54it/s]
loss=0.037| sh degree=3| :  51%|█████     | 3539/7000 [02:34<01:12, 47.54it/s]
loss=0.054| sh degree=3| :  51%|█████     | 3539/7000 [02:34<01:12, 47.54it/s]
loss=0.054| sh degree=3| :  51%|█████     | 3539/7000 [02:34<01:12, 47.54it/s]
loss=0.054| sh degree=3| :  51%|█████     | 3544/7000 [02:34<01:12, 47.75it/s]
loss=0.045| sh degree=3| :  51%|█████     | 3544/7000 [02:34<01:12, 47.75it/s]
loss=0.142| sh degree=3| :  51%|█████     | 3544/7000 [02:34<01:12, 47.75it/s]
loss=0.047| sh degree=3| :  51%|█████     | 3544/7000 [02:34<01:12, 47.75it/s]
loss=0.066| sh degree=3| :  51%|█████     | 3544/7000 [02:34<01:12, 47.75it/s]
loss=0.043| sh degree=3| :  51%|█████     | 3544/7000 [02:34<01:12, 47.75it/s]
loss=0.043| sh degree=3| :  51%|█████     | 3549/7000 [02:34<01:14, 46.20it/s]
loss=0.072| sh degree=3| :  51%|█████     | 3549/7000 [02:34<01:14, 46.20it/s]
loss=0.039| sh degree=3| :  51%|█████     | 3549/7000 [02:34<01:14, 46.20it/s]
loss=0.054| sh degree=3| :  51%|█████     | 3549/7000 [02:34<01:14, 46.20it/s]
loss=0.047| sh degree=3| :  51%|█████     | 3549/7000 [02:34<01:14, 46.20it/s]
loss=0.081| sh degree=3| :  51%|█████     | 3549/7000 [02:34<01:14, 46.20it/s]
loss=0.081| sh degree=3| :  51%|█████     | 3554/7000 [02:34<01:14, 46.04it/s]
loss=0.039| sh degree=3| :  51%|█████     | 3554/7000 [02:35<01:14, 46.04it/s]
loss=0.044| sh degree=3| :  51%|█████     | 3554/7000 [02:35<01:14, 46.04it/s]
loss=0.068| sh degree=3| :  51%|█████     | 3554/7000 [02:35<01:14, 46.04it/s]
loss=0.105| sh degree=3| :  51%|█████     | 3554/7000 [02:35<01:14, 46.04it/s]
loss=0.058| sh degree=3| :  51%|█████     | 3554/7000 [02:35<01:14, 46.04it/s]
loss=0.058| sh degree=3| :  51%|█████     | 3559/7000 [02:35<01:17, 44.40it/s]
loss=0.042| sh degree=3| :  51%|█████     | 3559/7000 [02:35<01:17, 44.40it/s]
loss=0.046| sh degree=3| :  51%|█████     | 3559/7000 [02:35<01:17, 44.40it/s]
loss=0.053| sh degree=3| :  51%|█████     | 3559/7000 [02:35<01:17, 44.40it/s]
loss=0.056| sh degree=3| :  51%|█████     | 3559/7000 [02:35<01:17, 44.40it/s]
loss=0.035| sh degree=3| :  51%|█████     | 3559/7000 [02:35<01:17, 44.40it/s]
loss=0.035| sh degree=3| :  51%|█████     | 3564/7000 [02:35<01:16, 45.16it/s]
loss=0.062| sh degree=3| :  51%|█████     | 3564/7000 [02:35<01:16, 45.16it/s]
loss=0.038| sh degree=3| :  51%|█████     | 3564/7000 [02:35<01:16, 45.16it/s]
loss=0.052| sh degree=3| :  51%|█████     | 3564/7000 [02:35<01:16, 45.16it/s]
loss=0.050| sh degree=3| :  51%|█████     | 3564/7000 [02:35<01:16, 45.16it/s]
loss=0.052| sh degree=3| :  51%|█████     | 3564/7000 [02:35<01:16, 45.16it/s]
loss=0.052| sh degree=3| :  51%|█████     | 3569/7000 [02:35<01:15, 45.69it/s]
loss=0.050| sh degree=3| :  51%|█████     | 3569/7000 [02:35<01:15, 45.69it/s]
loss=0.046| sh degree=3| :  51%|█████     | 3569/7000 [02:35<01:15, 45.69it/s]
loss=0.039| sh degree=3| :  51%|█████     | 3569/7000 [02:35<01:15, 45.69it/s]
loss=0.051| sh degree=3| :  51%|█████     | 3569/7000 [02:35<01:15, 45.69it/s]
loss=0.039| sh degree=3| :  51%|█████     | 3569/7000 [02:35<01:15, 45.69it/s]
loss=0.039| sh degree=3| :  51%|█████     | 3574/7000 [02:35<01:31, 37.34it/s]
loss=0.045| sh degree=3| :  51%|█████     | 3574/7000 [02:35<01:31, 37.34it/s]
loss=0.048| sh degree=3| :  51%|█████     | 3574/7000 [02:35<01:31, 37.34it/s]
loss=0.048| sh degree=3| :  51%|█████     | 3574/7000 [02:35<01:31, 37.34it/s]
loss=0.047| sh degree=3| :  51%|█████     | 3574/7000 [02:35<01:31, 37.34it/s]
loss=0.058| sh degree=3| :  51%|█████     | 3574/7000 [02:35<01:31, 37.34it/s]
loss=0.058| sh degree=3| :  51%|█████     | 3579/7000 [02:35<01:26, 39.52it/s]
loss=0.042| sh degree=3| :  51%|█████     | 3579/7000 [02:35<01:26, 39.52it/s]
loss=0.042| sh degree=3| :  51%|█████     | 3579/7000 [02:35<01:26, 39.52it/s]
loss=0.040| sh degree=3| :  51%|█████     | 3579/7000 [02:35<01:26, 39.52it/s]
loss=0.038| sh degree=3| :  51%|█████     | 3579/7000 [02:35<01:26, 39.52it/s]
loss=0.045| sh degree=3| :  51%|█████     | 3579/7000 [02:35<01:26, 39.52it/s]
loss=0.045| sh degree=3| :  51%|█████     | 3584/7000 [02:35<01:26, 39.60it/s]
loss=0.041| sh degree=3| :  51%|█████     | 3584/7000 [02:35<01:26, 39.60it/s]
loss=0.040| sh degree=3| :  51%|█████     | 3584/7000 [02:35<01:26, 39.60it/s]
loss=0.083| sh degree=3| :  51%|█████     | 3584/7000 [02:35<01:26, 39.60it/s]
loss=0.050| sh degree=3| :  51%|█████     | 3584/7000 [02:35<01:26, 39.60it/s]
loss=0.044| sh degree=3| :  51%|█████     | 3584/7000 [02:35<01:26, 39.60it/s]
loss=0.044| sh degree=3| :  51%|█████▏    | 3589/7000 [02:35<01:23, 41.09it/s]
loss=0.046| sh degree=3| :  51%|█████▏    | 3589/7000 [02:35<01:23, 41.09it/s]
loss=0.057| sh degree=3| :  51%|█████▏    | 3589/7000 [02:35<01:23, 41.09it/s]
loss=0.037| sh degree=3| :  51%|█████▏    | 3589/7000 [02:35<01:23, 41.09it/s]
loss=0.040| sh degree=3| :  51%|█████▏    | 3589/7000 [02:35<01:23, 41.09it/s]
loss=0.087| sh degree=3| :  51%|█████▏    | 3589/7000 [02:35<01:23, 41.09it/s]
loss=0.087| sh degree=3| :  51%|█████▏    | 3594/7000 [02:35<01:20, 42.25it/s]
loss=0.036| sh degree=3| :  51%|█████▏    | 3594/7000 [02:35<01:20, 42.25it/s]
loss=0.058| sh degree=3| :  51%|█████▏    | 3594/7000 [02:36<01:20, 42.25it/s]
loss=0.044| sh degree=3| :  51%|█████▏    | 3594/7000 [02:36<01:20, 42.25it/s]
loss=0.067| sh degree=3| :  51%|█████▏    | 3594/7000 [02:36<01:20, 42.25it/s]
loss=0.035| sh degree=3| :  51%|█████▏    | 3594/7000 [02:36<01:20, 42.25it/s]
loss=0.035| sh degree=3| :  51%|█████▏    | 3599/7000 [02:36<01:21, 41.96it/s]
loss=0.049| sh degree=3| :  51%|█████▏    | 3599/7000 [02:36<01:21, 41.96it/s]
loss=0.054| sh degree=3| :  51%|█████▏    | 3599/7000 [02:36<01:21, 41.96it/s]
loss=0.073| sh degree=3| :  51%|█████▏    | 3599/7000 [02:36<01:21, 41.96it/s]
loss=0.094| sh degree=3| :  51%|█████▏    | 3599/7000 [02:36<01:21, 41.96it/s]
loss=0.090| sh degree=3| :  51%|█████▏    | 3599/7000 [02:36<01:21, 41.96it/s]
loss=0.090| sh degree=3| :  51%|█████▏    | 3604/7000 [02:36<01:19, 42.77it/s]
loss=0.043| sh degree=3| :  51%|█████▏    | 3604/7000 [02:36<01:19, 42.77it/s]
loss=0.060| sh degree=3| :  51%|█████▏    | 3604/7000 [02:36<01:19, 42.77it/s]
loss=0.049| sh degree=3| :  51%|█████▏    | 3604/7000 [02:36<01:19, 42.77it/s]
loss=0.049| sh degree=3| :  51%|█████▏    | 3604/7000 [02:36<01:19, 42.77it/s]
loss=0.047| sh degree=3| :  51%|█████▏    | 3604/7000 [02:36<01:19, 42.77it/s]
loss=0.047| sh degree=3| :  52%|█████▏    | 3609/7000 [02:36<01:18, 43.15it/s]
loss=0.051| sh degree=3| :  52%|█████▏    | 3609/7000 [02:36<01:18, 43.15it/s]
loss=0.038| sh degree=3| :  52%|█████▏    | 3609/7000 [02:36<01:18, 43.15it/s]
loss=0.062| sh degree=3| :  52%|█████▏    | 3609/7000 [02:36<01:18, 43.15it/s]
loss=0.050| sh degree=3| :  52%|█████▏    | 3609/7000 [02:36<01:18, 43.15it/s]
loss=0.047| sh degree=3| :  52%|█████▏    | 3609/7000 [02:36<01:18, 43.15it/s]
loss=0.047| sh degree=3| :  52%|█████▏    | 3614/7000 [02:36<01:18, 43.32it/s]
loss=0.058| sh degree=3| :  52%|█████▏    | 3614/7000 [02:36<01:18, 43.32it/s]
loss=0.061| sh degree=3| :  52%|█████▏    | 3614/7000 [02:36<01:18, 43.32it/s]
loss=0.052| sh degree=3| :  52%|█████▏    | 3614/7000 [02:36<01:18, 43.32it/s]
loss=0.039| sh degree=3| :  52%|█████▏    | 3614/7000 [02:36<01:18, 43.32it/s]
loss=0.071| sh degree=3| :  52%|█████▏    | 3614/7000 [02:36<01:18, 43.32it/s]
loss=0.071| sh degree=3| :  52%|█████▏    | 3619/7000 [02:36<01:16, 44.46it/s]
loss=0.053| sh degree=3| :  52%|█████▏    | 3619/7000 [02:36<01:16, 44.46it/s]
loss=0.058| sh degree=3| :  52%|█████▏    | 3619/7000 [02:36<01:16, 44.46it/s]
loss=0.054| sh degree=3| :  52%|█████▏    | 3619/7000 [02:36<01:16, 44.46it/s]
loss=0.044| sh degree=3| :  52%|█████▏    | 3619/7000 [02:36<01:16, 44.46it/s]
loss=0.084| sh degree=3| :  52%|█████▏    | 3619/7000 [02:36<01:16, 44.46it/s]
loss=0.084| sh degree=3| :  52%|█████▏    | 3624/7000 [02:36<01:16, 44.25it/s]
loss=0.045| sh degree=3| :  52%|█████▏    | 3624/7000 [02:36<01:16, 44.25it/s]
loss=0.053| sh degree=3| :  52%|█████▏    | 3624/7000 [02:36<01:16, 44.25it/s]
loss=0.052| sh degree=3| :  52%|█████▏    | 3624/7000 [02:36<01:16, 44.25it/s]
loss=0.041| sh degree=3| :  52%|█████▏    | 3624/7000 [02:36<01:16, 44.25it/s]
loss=0.054| sh degree=3| :  52%|█████▏    | 3624/7000 [02:36<01:16, 44.25it/s]
loss=0.054| sh degree=3| :  52%|█████▏    | 3629/7000 [02:36<01:13, 45.67it/s]
loss=0.041| sh degree=3| :  52%|█████▏    | 3629/7000 [02:36<01:13, 45.67it/s]
loss=0.054| sh degree=3| :  52%|█████▏    | 3629/7000 [02:36<01:13, 45.67it/s]
loss=0.040| sh degree=3| :  52%|█████▏    | 3629/7000 [02:36<01:13, 45.67it/s]
loss=0.074| sh degree=3| :  52%|█████▏    | 3629/7000 [02:36<01:13, 45.67it/s]
loss=0.037| sh degree=3| :  52%|█████▏    | 3629/7000 [02:36<01:13, 45.67it/s]
loss=0.037| sh degree=3| :  52%|█████▏    | 3634/7000 [02:36<01:13, 45.64it/s]
loss=0.059| sh degree=3| :  52%|█████▏    | 3634/7000 [02:36<01:13, 45.64it/s]
loss=0.063| sh degree=3| :  52%|█████▏    | 3634/7000 [02:36<01:13, 45.64it/s]
loss=0.041| sh degree=3| :  52%|█████▏    | 3634/7000 [02:36<01:13, 45.64it/s]
loss=0.046| sh degree=3| :  52%|█████▏    | 3634/7000 [02:36<01:13, 45.64it/s]
loss=0.040| sh degree=3| :  52%|█████▏    | 3634/7000 [02:36<01:13, 45.64it/s]
loss=0.049| sh degree=3| :  52%|█████▏    | 3634/7000 [02:36<01:13, 45.64it/s]
loss=0.049| sh degree=3| :  52%|█████▏    | 3640/7000 [02:36<01:12, 46.34it/s]
loss=0.048| sh degree=3| :  52%|█████▏    | 3640/7000 [02:36<01:12, 46.34it/s]
loss=0.060| sh degree=3| :  52%|█████▏    | 3640/7000 [02:37<01:12, 46.34it/s]
loss=0.046| sh degree=3| :  52%|█████▏    | 3640/7000 [02:37<01:12, 46.34it/s]
loss=0.052| sh degree=3| :  52%|█████▏    | 3640/7000 [02:37<01:12, 46.34it/s]
loss=0.035| sh degree=3| :  52%|█████▏    | 3640/7000 [02:37<01:12, 46.34it/s]
loss=0.047| sh degree=3| :  52%|█████▏    | 3640/7000 [02:37<01:12, 46.34it/s]
loss=0.047| sh degree=3| :  52%|█████▏    | 3646/7000 [02:37<01:10, 47.76it/s]
loss=0.056| sh degree=3| :  52%|█████▏    | 3646/7000 [02:37<01:10, 47.76it/s]
loss=0.041| sh degree=3| :  52%|█████▏    | 3646/7000 [02:37<01:10, 47.76it/s]
loss=0.035| sh degree=3| :  52%|█████▏    | 3646/7000 [02:37<01:10, 47.76it/s]
loss=0.063| sh degree=3| :  52%|█████▏    | 3646/7000 [02:37<01:10, 47.76it/s]
loss=0.054| sh degree=3| :  52%|█████▏    | 3646/7000 [02:37<01:10, 47.76it/s]
loss=0.054| sh degree=3| :  52%|█████▏    | 3651/7000 [02:37<01:09, 48.21it/s]
loss=0.071| sh degree=3| :  52%|█████▏    | 3651/7000 [02:37<01:09, 48.21it/s]
loss=0.044| sh degree=3| :  52%|█████▏    | 3651/7000 [02:37<01:09, 48.21it/s]
loss=0.056| sh degree=3| :  52%|█████▏    | 3651/7000 [02:37<01:09, 48.21it/s]
loss=0.038| sh degree=3| :  52%|█████▏    | 3651/7000 [02:37<01:09, 48.21it/s]
loss=0.038| sh degree=3| :  52%|█████▏    | 3651/7000 [02:37<01:09, 48.21it/s]
loss=0.038| sh degree=3| :  52%|█████▏    | 3656/7000 [02:37<01:11, 47.09it/s]
loss=0.040| sh degree=3| :  52%|█████▏    | 3656/7000 [02:37<01:11, 47.09it/s]
loss=0.049| sh degree=3| :  52%|█████▏    | 3656/7000 [02:37<01:11, 47.09it/s]
loss=0.037| sh degree=3| :  52%|█████▏    | 3656/7000 [02:37<01:11, 47.09it/s]
loss=0.042| sh degree=3| :  52%|█████▏    | 3656/7000 [02:37<01:11, 47.09it/s]
loss=0.047| sh degree=3| :  52%|█████▏    | 3656/7000 [02:37<01:11, 47.09it/s]
loss=0.047| sh degree=3| :  52%|█████▏    | 3661/7000 [02:37<01:12, 46.17it/s]
loss=0.061| sh degree=3| :  52%|█████▏    | 3661/7000 [02:37<01:12, 46.17it/s]
loss=0.057| sh degree=3| :  52%|█████▏    | 3661/7000 [02:37<01:12, 46.17it/s]
loss=0.035| sh degree=3| :  52%|█████▏    | 3661/7000 [02:37<01:12, 46.17it/s]
loss=0.045| sh degree=3| :  52%|█████▏    | 3661/7000 [02:37<01:12, 46.17it/s]
loss=0.040| sh degree=3| :  52%|█████▏    | 3661/7000 [02:37<01:12, 46.17it/s]
loss=0.040| sh degree=3| :  52%|█████▏    | 3666/7000 [02:37<01:14, 44.89it/s]
loss=0.043| sh degree=3| :  52%|█████▏    | 3666/7000 [02:37<01:14, 44.89it/s]
loss=0.041| sh degree=3| :  52%|█████▏    | 3666/7000 [02:37<01:14, 44.89it/s]
loss=0.047| sh degree=3| :  52%|█████▏    | 3666/7000 [02:37<01:14, 44.89it/s]
loss=0.034| sh degree=3| :  52%|█████▏    | 3666/7000 [02:37<01:14, 44.89it/s]
loss=0.048| sh degree=3| :  52%|█████▏    | 3666/7000 [02:37<01:14, 44.89it/s]
loss=0.048| sh degree=3| :  52%|█████▏    | 3671/7000 [02:37<01:14, 44.55it/s]
loss=0.068| sh degree=3| :  52%|█████▏    | 3671/7000 [02:37<01:14, 44.55it/s]
loss=0.034| sh degree=3| :  52%|█████▏    | 3671/7000 [02:37<01:14, 44.55it/s]
loss=0.049| sh degree=3| :  52%|█████▏    | 3671/7000 [02:37<01:14, 44.55it/s]
loss=0.035| sh degree=3| :  52%|█████▏    | 3671/7000 [02:37<01:14, 44.55it/s]
loss=0.049| sh degree=3| :  52%|█████▏    | 3671/7000 [02:37<01:14, 44.55it/s]
loss=0.049| sh degree=3| :  53%|█████▎    | 3676/7000 [02:37<01:14, 44.57it/s]
loss=0.044| sh degree=3| :  53%|█████▎    | 3676/7000 [02:37<01:14, 44.57it/s]
loss=0.042| sh degree=3| :  53%|█████▎    | 3676/7000 [02:37<01:14, 44.57it/s]
loss=0.057| sh degree=3| :  53%|█████▎    | 3676/7000 [02:37<01:14, 44.57it/s]
loss=0.040| sh degree=3| :  53%|█████▎    | 3676/7000 [02:37<01:14, 44.57it/s]
loss=0.051| sh degree=3| :  53%|█████▎    | 3676/7000 [02:37<01:14, 44.57it/s]
loss=0.051| sh degree=3| :  53%|█████▎    | 3681/7000 [02:37<01:13, 44.94it/s]
loss=0.051| sh degree=3| :  53%|█████▎    | 3681/7000 [02:37<01:13, 44.94it/s]
loss=0.052| sh degree=3| :  53%|█████▎    | 3681/7000 [02:37<01:13, 44.94it/s]
loss=0.048| sh degree=3| :  53%|█████▎    | 3681/7000 [02:37<01:13, 44.94it/s]
loss=0.048| sh degree=3| :  53%|█████▎    | 3681/7000 [02:37<01:13, 44.94it/s]
loss=0.097| sh degree=3| :  53%|█████▎    | 3681/7000 [02:37<01:13, 44.94it/s]
loss=0.097| sh degree=3| :  53%|█████▎    | 3686/7000 [02:37<01:12, 45.84it/s]
loss=0.053| sh degree=3| :  53%|█████▎    | 3686/7000 [02:38<01:12, 45.84it/s]
loss=0.057| sh degree=3| :  53%|█████▎    | 3686/7000 [02:38<01:12, 45.84it/s]
loss=0.043| sh degree=3| :  53%|█████▎    | 3686/7000 [02:38<01:12, 45.84it/s]
loss=0.039| sh degree=3| :  53%|█████▎    | 3686/7000 [02:38<01:12, 45.84it/s]
loss=0.049| sh degree=3| :  53%|█████▎    | 3686/7000 [02:38<01:12, 45.84it/s]
loss=0.049| sh degree=3| :  53%|█████▎    | 3691/7000 [02:38<01:13, 45.27it/s]
loss=0.079| sh degree=3| :  53%|█████▎    | 3691/7000 [02:38<01:13, 45.27it/s]
loss=0.045| sh degree=3| :  53%|█████▎    | 3691/7000 [02:38<01:13, 45.27it/s]
loss=0.043| sh degree=3| :  53%|█████▎    | 3691/7000 [02:38<01:13, 45.27it/s]
loss=0.037| sh degree=3| :  53%|█████▎    | 3691/7000 [02:38<01:13, 45.27it/s]
loss=0.049| sh degree=3| :  53%|█████▎    | 3691/7000 [02:38<01:13, 45.27it/s]
loss=0.049| sh degree=3| :  53%|█████▎    | 3696/7000 [02:38<01:14, 44.58it/s]
loss=0.050| sh degree=3| :  53%|█████▎    | 3696/7000 [02:38<01:14, 44.58it/s]
loss=0.042| sh degree=3| :  53%|█████▎    | 3696/7000 [02:38<01:14, 44.58it/s]
loss=0.048| sh degree=3| :  53%|█████▎    | 3696/7000 [02:38<01:14, 44.58it/s]
loss=0.035| sh degree=3| :  53%|█████▎    | 3696/7000 [02:38<01:14, 44.58it/s]
loss=0.053| sh degree=3| :  53%|█████▎    | 3696/7000 [02:38<01:14, 44.58it/s]
loss=0.053| sh degree=3| :  53%|█████▎    | 3701/7000 [02:38<01:19, 41.55it/s]
loss=0.057| sh degree=3| :  53%|█████▎    | 3701/7000 [02:38<01:19, 41.55it/s]
loss=0.062| sh degree=3| :  53%|█████▎    | 3701/7000 [02:38<01:19, 41.55it/s]
loss=0.069| sh degree=3| :  53%|█████▎    | 3701/7000 [02:38<01:19, 41.55it/s]
loss=0.052| sh degree=3| :  53%|█████▎    | 3701/7000 [02:38<01:19, 41.55it/s]
loss=0.047| sh degree=3| :  53%|█████▎    | 3701/7000 [02:38<01:19, 41.55it/s]
loss=0.047| sh degree=3| :  53%|█████▎    | 3706/7000 [02:38<01:16, 42.93it/s]
loss=0.053| sh degree=3| :  53%|█████▎    | 3706/7000 [02:38<01:16, 42.93it/s]
loss=0.055| sh degree=3| :  53%|█████▎    | 3706/7000 [02:38<01:16, 42.93it/s]
loss=0.050| sh degree=3| :  53%|█████▎    | 3706/7000 [02:38<01:16, 42.93it/s]
loss=0.050| sh degree=3| :  53%|█████▎    | 3706/7000 [02:38<01:16, 42.93it/s]
loss=0.047| sh degree=3| :  53%|█████▎    | 3706/7000 [02:38<01:16, 42.93it/s]
loss=0.047| sh degree=3| :  53%|█████▎    | 3711/7000 [02:38<01:15, 43.53it/s]
loss=0.042| sh degree=3| :  53%|█████▎    | 3711/7000 [02:38<01:15, 43.53it/s]
loss=0.054| sh degree=3| :  53%|█████▎    | 3711/7000 [02:38<01:15, 43.53it/s]
loss=0.047| sh degree=3| :  53%|█████▎    | 3711/7000 [02:38<01:15, 43.53it/s]
loss=0.049| sh degree=3| :  53%|█████▎    | 3711/7000 [02:38<01:15, 43.53it/s]
loss=0.053| sh degree=3| :  53%|█████▎    | 3711/7000 [02:38<01:15, 43.53it/s]
loss=0.053| sh degree=3| :  53%|█████▎    | 3716/7000 [02:38<01:14, 44.11it/s]
loss=0.041| sh degree=3| :  53%|█████▎    | 3716/7000 [02:38<01:14, 44.11it/s]
loss=0.050| sh degree=3| :  53%|█████▎    | 3716/7000 [02:38<01:14, 44.11it/s]
loss=0.047| sh degree=3| :  53%|█████▎    | 3716/7000 [02:38<01:14, 44.11it/s]
loss=0.086| sh degree=3| :  53%|█████▎    | 3716/7000 [02:38<01:14, 44.11it/s]
loss=0.040| sh degree=3| :  53%|█████▎    | 3716/7000 [02:38<01:14, 44.11it/s]
loss=0.040| sh degree=3| :  53%|█████▎    | 3721/7000 [02:38<01:17, 42.58it/s]
loss=0.045| sh degree=3| :  53%|█████▎    | 3721/7000 [02:38<01:17, 42.58it/s]
loss=0.037| sh degree=3| :  53%|█████▎    | 3721/7000 [02:38<01:17, 42.58it/s]
loss=0.042| sh degree=3| :  53%|█████▎    | 3721/7000 [02:38<01:17, 42.58it/s]
loss=0.053| sh degree=3| :  53%|█████▎    | 3721/7000 [02:38<01:17, 42.58it/s]
loss=0.035| sh degree=3| :  53%|█████▎    | 3721/7000 [02:38<01:17, 42.58it/s]
loss=0.035| sh degree=3| :  53%|█████▎    | 3726/7000 [02:38<01:14, 43.68it/s]
loss=0.051| sh degree=3| :  53%|█████▎    | 3726/7000 [02:38<01:14, 43.68it/s]
loss=0.037| sh degree=3| :  53%|█████▎    | 3726/7000 [02:38<01:14, 43.68it/s]
loss=0.036| sh degree=3| :  53%|█████▎    | 3726/7000 [02:38<01:14, 43.68it/s]
loss=0.041| sh degree=3| :  53%|█████▎    | 3726/7000 [02:39<01:14, 43.68it/s]
loss=0.047| sh degree=3| :  53%|█████▎    | 3726/7000 [02:39<01:14, 43.68it/s]
loss=0.047| sh degree=3| :  53%|█████▎    | 3731/7000 [02:39<01:13, 44.29it/s]
loss=0.047| sh degree=3| :  53%|█████▎    | 3731/7000 [02:39<01:13, 44.29it/s]
loss=0.056| sh degree=3| :  53%|█████▎    | 3731/7000 [02:39<01:13, 44.29it/s]
loss=0.034| sh degree=3| :  53%|█████▎    | 3731/7000 [02:39<01:13, 44.29it/s]
loss=0.034| sh degree=3| :  53%|█████▎    | 3731/7000 [02:39<01:13, 44.29it/s]
loss=0.052| sh degree=3| :  53%|█████▎    | 3731/7000 [02:39<01:13, 44.29it/s]
loss=0.052| sh degree=3| :  53%|█████▎    | 3736/7000 [02:39<01:11, 45.82it/s]
loss=0.045| sh degree=3| :  53%|█████▎    | 3736/7000 [02:39<01:11, 45.82it/s]
loss=0.059| sh degree=3| :  53%|█████▎    | 3736/7000 [02:39<01:11, 45.82it/s]
loss=0.061| sh degree=3| :  53%|█████▎    | 3736/7000 [02:39<01:11, 45.82it/s]
loss=0.049| sh degree=3| :  53%|█████▎    | 3736/7000 [02:39<01:11, 45.82it/s]
loss=0.049| sh degree=3| :  53%|█████▎    | 3736/7000 [02:39<01:11, 45.82it/s]
loss=0.049| sh degree=3| :  53%|█████▎    | 3741/7000 [02:39<01:10, 46.02it/s]
loss=0.051| sh degree=3| :  53%|█████▎    | 3741/7000 [02:39<01:10, 46.02it/s]
loss=0.068| sh degree=3| :  53%|█████▎    | 3741/7000 [02:39<01:10, 46.02it/s]
loss=0.052| sh degree=3| :  53%|█████▎    | 3741/7000 [02:39<01:10, 46.02it/s]
loss=0.046| sh degree=3| :  53%|█████▎    | 3741/7000 [02:39<01:10, 46.02it/s]
loss=0.035| sh degree=3| :  53%|█████▎    | 3741/7000 [02:39<01:10, 46.02it/s]
loss=0.035| sh degree=3| :  54%|█████▎    | 3746/7000 [02:39<01:10, 46.08it/s]
loss=0.048| sh degree=3| :  54%|█████▎    | 3746/7000 [02:39<01:10, 46.08it/s]
loss=0.038| sh degree=3| :  54%|█████▎    | 3746/7000 [02:39<01:10, 46.08it/s]
loss=0.040| sh degree=3| :  54%|█████▎    | 3746/7000 [02:39<01:10, 46.08it/s]
loss=0.036| sh degree=3| :  54%|█████▎    | 3746/7000 [02:39<01:10, 46.08it/s]
loss=0.048| sh degree=3| :  54%|█████▎    | 3746/7000 [02:39<01:10, 46.08it/s]
loss=0.049| sh degree=3| :  54%|█████▎    | 3746/7000 [02:39<01:10, 46.08it/s]
loss=0.049| sh degree=3| :  54%|█████▎    | 3752/7000 [02:39<01:08, 47.48it/s]
loss=0.048| sh degree=3| :  54%|█████▎    | 3752/7000 [02:39<01:08, 47.48it/s]
loss=0.053| sh degree=3| :  54%|█████▎    | 3752/7000 [02:39<01:08, 47.48it/s]
loss=0.056| sh degree=3| :  54%|█████▎    | 3752/7000 [02:39<01:08, 47.48it/s]
loss=0.037| sh degree=3| :  54%|█████▎    | 3752/7000 [02:39<01:08, 47.48it/s]
loss=0.046| sh degree=3| :  54%|█████▎    | 3752/7000 [02:39<01:08, 47.48it/s]
loss=0.046| sh degree=3| :  54%|█████▎    | 3757/7000 [02:39<01:08, 47.09it/s]
loss=0.036| sh degree=3| :  54%|█████▎    | 3757/7000 [02:39<01:08, 47.09it/s]
loss=0.044| sh degree=3| :  54%|█████▎    | 3757/7000 [02:39<01:08, 47.09it/s]
loss=0.076| sh degree=3| :  54%|█████▎    | 3757/7000 [02:39<01:08, 47.09it/s]
loss=0.044| sh degree=3| :  54%|█████▎    | 3757/7000 [02:39<01:08, 47.09it/s]
loss=0.034| sh degree=3| :  54%|█████▎    | 3757/7000 [02:39<01:08, 47.09it/s]
loss=0.034| sh degree=3| :  54%|█████▎    | 3762/7000 [02:39<01:10, 45.72it/s]
loss=0.053| sh degree=3| :  54%|█████▎    | 3762/7000 [02:39<01:10, 45.72it/s]
loss=0.041| sh degree=3| :  54%|█████▎    | 3762/7000 [02:39<01:10, 45.72it/s]
loss=0.052| sh degree=3| :  54%|█████▎    | 3762/7000 [02:39<01:10, 45.72it/s]
loss=0.048| sh degree=3| :  54%|█████▎    | 3762/7000 [02:39<01:10, 45.72it/s]
loss=0.050| sh degree=3| :  54%|█████▎    | 3762/7000 [02:39<01:10, 45.72it/s]
loss=0.050| sh degree=3| :  54%|█████▍    | 3767/7000 [02:39<01:10, 45.97it/s]
loss=0.062| sh degree=3| :  54%|█████▍    | 3767/7000 [02:39<01:10, 45.97it/s]
loss=0.039| sh degree=3| :  54%|█████▍    | 3767/7000 [02:39<01:10, 45.97it/s]
loss=0.049| sh degree=3| :  54%|█████▍    | 3767/7000 [02:39<01:10, 45.97it/s]
loss=0.036| sh degree=3| :  54%|█████▍    | 3767/7000 [02:39<01:10, 45.97it/s]
loss=0.049| sh degree=3| :  54%|█████▍    | 3767/7000 [02:39<01:10, 45.97it/s]
loss=0.049| sh degree=3| :  54%|█████▍    | 3772/7000 [02:39<01:09, 46.54it/s]
loss=0.062| sh degree=3| :  54%|█████▍    | 3772/7000 [02:39<01:09, 46.54it/s]
loss=0.046| sh degree=3| :  54%|█████▍    | 3772/7000 [02:39<01:09, 46.54it/s]
loss=0.033| sh degree=3| :  54%|█████▍    | 3772/7000 [02:39<01:09, 46.54it/s]
loss=0.045| sh degree=3| :  54%|█████▍    | 3772/7000 [02:39<01:09, 46.54it/s]
loss=0.041| sh degree=3| :  54%|█████▍    | 3772/7000 [02:40<01:09, 46.54it/s]
loss=0.041| sh degree=3| :  54%|█████▍    | 3777/7000 [02:40<01:09, 46.40it/s]
loss=0.070| sh degree=3| :  54%|█████▍    | 3777/7000 [02:40<01:09, 46.40it/s]
loss=0.034| sh degree=3| :  54%|█████▍    | 3777/7000 [02:40<01:09, 46.40it/s]
loss=0.066| sh degree=3| :  54%|█████▍    | 3777/7000 [02:40<01:09, 46.40it/s]
loss=0.037| sh degree=3| :  54%|█████▍    | 3777/7000 [02:40<01:09, 46.40it/s]
loss=0.063| sh degree=3| :  54%|█████▍    | 3777/7000 [02:40<01:09, 46.40it/s]
loss=0.063| sh degree=3| :  54%|█████▍    | 3782/7000 [02:40<01:10, 45.42it/s]
loss=0.038| sh degree=3| :  54%|█████▍    | 3782/7000 [02:40<01:10, 45.42it/s]
loss=0.059| sh degree=3| :  54%|█████▍    | 3782/7000 [02:40<01:10, 45.42it/s]
loss=0.046| sh degree=3| :  54%|█████▍    | 3782/7000 [02:40<01:10, 45.42it/s]
loss=0.050| sh degree=3| :  54%|█████▍    | 3782/7000 [02:40<01:10, 45.42it/s]
loss=0.047| sh degree=3| :  54%|█████▍    | 3782/7000 [02:40<01:10, 45.42it/s]
loss=0.047| sh degree=3| :  54%|█████▍    | 3787/7000 [02:40<01:12, 44.03it/s]
loss=0.052| sh degree=3| :  54%|█████▍    | 3787/7000 [02:40<01:12, 44.03it/s]
loss=0.059| sh degree=3| :  54%|█████▍    | 3787/7000 [02:40<01:12, 44.03it/s]
loss=0.051| sh degree=3| :  54%|█████▍    | 3787/7000 [02:40<01:12, 44.03it/s]
loss=0.038| sh degree=3| :  54%|█████▍    | 3787/7000 [02:40<01:12, 44.03it/s]
loss=0.043| sh degree=3| :  54%|█████▍    | 3787/7000 [02:40<01:12, 44.03it/s]
loss=0.043| sh degree=3| :  54%|█████▍    | 3792/7000 [02:40<01:11, 44.79it/s]
loss=0.047| sh degree=3| :  54%|█████▍    | 3792/7000 [02:40<01:11, 44.79it/s]
loss=0.052| sh degree=3| :  54%|█████▍    | 3792/7000 [02:40<01:11, 44.79it/s]
loss=0.049| sh degree=3| :  54%|█████▍    | 3792/7000 [02:40<01:11, 44.79it/s]
loss=0.053| sh degree=3| :  54%|█████▍    | 3792/7000 [02:40<01:11, 44.79it/s]
loss=0.033| sh degree=3| :  54%|█████▍    | 3792/7000 [02:40<01:11, 44.79it/s]
loss=0.047| sh degree=3| :  54%|█████▍    | 3792/7000 [02:40<01:11, 44.79it/s]
loss=0.047| sh degree=3| :  54%|█████▍    | 3798/7000 [02:40<01:08, 46.59it/s]
loss=0.036| sh degree=3| :  54%|█████▍    | 3798/7000 [02:40<01:08, 46.59it/s]
loss=0.047| sh degree=3| :  54%|█████▍    | 3798/7000 [02:40<01:08, 46.59it/s]
loss=0.043| sh degree=3| :  54%|█████▍    | 3798/7000 [02:40<01:08, 46.59it/s]
loss=0.041| sh degree=3| :  54%|█████▍    | 3798/7000 [02:40<01:08, 46.59it/s]
loss=0.051| sh degree=3| :  54%|█████▍    | 3798/7000 [02:40<01:08, 46.59it/s]
loss=0.051| sh degree=3| :  54%|█████▍    | 3803/7000 [02:40<01:14, 43.16it/s]
loss=0.053| sh degree=3| :  54%|█████▍    | 3803/7000 [02:40<01:14, 43.16it/s]
loss=0.045| sh degree=3| :  54%|█████▍    | 3803/7000 [02:40<01:14, 43.16it/s]
loss=0.057| sh degree=3| :  54%|█████▍    | 3803/7000 [02:40<01:14, 43.16it/s]
loss=0.047| sh degree=3| :  54%|█████▍    | 3803/7000 [02:40<01:14, 43.16it/s]
loss=0.043| sh degree=3| :  54%|█████▍    | 3803/7000 [02:40<01:14, 43.16it/s]
loss=0.043| sh degree=3| :  54%|█████▍    | 3808/7000 [02:40<01:13, 43.57it/s]
loss=0.036| sh degree=3| :  54%|█████▍    | 3808/7000 [02:40<01:13, 43.57it/s]
loss=0.041| sh degree=3| :  54%|█████▍    | 3808/7000 [02:40<01:13, 43.57it/s]
loss=0.062| sh degree=3| :  54%|█████▍    | 3808/7000 [02:40<01:13, 43.57it/s]
loss=0.050| sh degree=3| :  54%|█████▍    | 3808/7000 [02:40<01:13, 43.57it/s]
loss=0.055| sh degree=3| :  54%|█████▍    | 3808/7000 [02:40<01:13, 43.57it/s]
loss=0.055| sh degree=3| :  54%|█████▍    | 3813/7000 [02:40<01:12, 43.69it/s]
loss=0.037| sh degree=3| :  54%|█████▍    | 3813/7000 [02:40<01:12, 43.69it/s]
loss=0.051| sh degree=3| :  54%|█████▍    | 3813/7000 [02:40<01:12, 43.69it/s]
loss=0.050| sh degree=3| :  54%|█████▍    | 3813/7000 [02:40<01:12, 43.69it/s]
loss=0.068| sh degree=3| :  54%|█████▍    | 3813/7000 [02:40<01:12, 43.69it/s]
loss=0.067| sh degree=3| :  54%|█████▍    | 3813/7000 [02:40<01:12, 43.69it/s]
loss=0.067| sh degree=3| :  55%|█████▍    | 3818/7000 [02:40<01:11, 44.52it/s]
loss=0.041| sh degree=3| :  55%|█████▍    | 3818/7000 [02:40<01:11, 44.52it/s]
loss=0.047| sh degree=3| :  55%|█████▍    | 3818/7000 [02:40<01:11, 44.52it/s]
loss=0.036| sh degree=3| :  55%|█████▍    | 3818/7000 [02:41<01:11, 44.52it/s]
loss=0.041| sh degree=3| :  55%|█████▍    | 3818/7000 [02:41<01:11, 44.52it/s]
loss=0.043| sh degree=3| :  55%|█████▍    | 3818/7000 [02:41<01:11, 44.52it/s]
loss=0.043| sh degree=3| :  55%|█████▍    | 3823/7000 [02:41<01:12, 43.81it/s]
loss=0.039| sh degree=3| :  55%|█████▍    | 3823/7000 [02:41<01:12, 43.81it/s]
loss=0.056| sh degree=3| :  55%|█████▍    | 3823/7000 [02:41<01:12, 43.81it/s]
loss=0.075| sh degree=3| :  55%|█████▍    | 3823/7000 [02:41<01:12, 43.81it/s]
loss=0.044| sh degree=3| :  55%|█████▍    | 3823/7000 [02:41<01:12, 43.81it/s]
loss=0.052| sh degree=3| :  55%|█████▍    | 3823/7000 [02:41<01:12, 43.81it/s]
loss=0.052| sh degree=3| :  55%|█████▍    | 3828/7000 [02:41<01:28, 35.99it/s]
loss=0.051| sh degree=3| :  55%|█████▍    | 3828/7000 [02:41<01:28, 35.99it/s]
loss=0.046| sh degree=3| :  55%|█████▍    | 3828/7000 [02:41<01:28, 35.99it/s]
loss=0.052| sh degree=3| :  55%|█████▍    | 3828/7000 [02:41<01:28, 35.99it/s]
loss=0.085| sh degree=3| :  55%|█████▍    | 3828/7000 [02:41<01:28, 35.99it/s]
loss=0.085| sh degree=3| :  55%|█████▍    | 3832/7000 [02:41<01:28, 35.74it/s]
loss=0.070| sh degree=3| :  55%|█████▍    | 3832/7000 [02:41<01:28, 35.74it/s]
loss=0.049| sh degree=3| :  55%|█████▍    | 3832/7000 [02:41<01:28, 35.74it/s]
loss=0.053| sh degree=3| :  55%|█████▍    | 3832/7000 [02:41<01:28, 35.74it/s]
loss=0.046| sh degree=3| :  55%|█████▍    | 3832/7000 [02:41<01:28, 35.74it/s]
loss=0.050| sh degree=3| :  55%|█████▍    | 3832/7000 [02:41<01:28, 35.74it/s]
loss=0.050| sh degree=3| :  55%|█████▍    | 3837/7000 [02:41<01:24, 37.54it/s]
loss=0.036| sh degree=3| :  55%|█████▍    | 3837/7000 [02:41<01:24, 37.54it/s]
loss=0.048| sh degree=3| :  55%|█████▍    | 3837/7000 [02:41<01:24, 37.54it/s]
loss=0.044| sh degree=3| :  55%|█████▍    | 3837/7000 [02:41<01:24, 37.54it/s]
loss=0.039| sh degree=3| :  55%|█████▍    | 3837/7000 [02:41<01:24, 37.54it/s]
loss=0.036| sh degree=3| :  55%|█████▍    | 3837/7000 [02:41<01:24, 37.54it/s]
loss=0.036| sh degree=3| :  55%|█████▍    | 3842/7000 [02:41<01:20, 39.09it/s]
loss=0.042| sh degree=3| :  55%|█████▍    | 3842/7000 [02:41<01:20, 39.09it/s]
loss=0.050| sh degree=3| :  55%|█████▍    | 3842/7000 [02:41<01:20, 39.09it/s]
loss=0.050| sh degree=3| :  55%|█████▍    | 3842/7000 [02:41<01:20, 39.09it/s]
loss=0.035| sh degree=3| :  55%|█████▍    | 3842/7000 [02:41<01:20, 39.09it/s]
loss=0.058| sh degree=3| :  55%|█████▍    | 3842/7000 [02:41<01:20, 39.09it/s]
loss=0.058| sh degree=3| :  55%|█████▍    | 3847/7000 [02:41<01:17, 40.59it/s]
loss=0.039| sh degree=3| :  55%|█████▍    | 3847/7000 [02:41<01:17, 40.59it/s]
loss=0.043| sh degree=3| :  55%|█████▍    | 3847/7000 [02:41<01:17, 40.59it/s]
loss=0.047| sh degree=3| :  55%|█████▍    | 3847/7000 [02:41<01:17, 40.59it/s]
loss=0.046| sh degree=3| :  55%|█████▍    | 3847/7000 [02:41<01:17, 40.59it/s]
loss=0.037| sh degree=3| :  55%|█████▍    | 3847/7000 [02:41<01:17, 40.59it/s]
loss=0.037| sh degree=3| :  55%|█████▌    | 3852/7000 [02:41<01:15, 41.81it/s]
loss=0.046| sh degree=3| :  55%|█████▌    | 3852/7000 [02:41<01:15, 41.81it/s]
loss=0.039| sh degree=3| :  55%|█████▌    | 3852/7000 [02:41<01:15, 41.81it/s]
loss=0.035| sh degree=3| :  55%|█████▌    | 3852/7000 [02:41<01:15, 41.81it/s]
loss=0.035| sh degree=3| :  55%|█████▌    | 3852/7000 [02:41<01:15, 41.81it/s]
loss=0.047| sh degree=3| :  55%|█████▌    | 3852/7000 [02:41<01:15, 41.81it/s]
loss=0.047| sh degree=3| :  55%|█████▌    | 3857/7000 [02:41<01:13, 42.77it/s]
loss=0.038| sh degree=3| :  55%|█████▌    | 3857/7000 [02:41<01:13, 42.77it/s]
loss=0.035| sh degree=3| :  55%|█████▌    | 3857/7000 [02:41<01:13, 42.77it/s]
loss=0.044| sh degree=3| :  55%|█████▌    | 3857/7000 [02:42<01:13, 42.77it/s]
loss=0.050| sh degree=3| :  55%|█████▌    | 3857/7000 [02:42<01:13, 42.77it/s]
loss=0.042| sh degree=3| :  55%|█████▌    | 3857/7000 [02:42<01:13, 42.77it/s]
loss=0.042| sh degree=3| :  55%|█████▌    | 3862/7000 [02:42<01:13, 42.45it/s]
loss=0.048| sh degree=3| :  55%|█████▌    | 3862/7000 [02:42<01:13, 42.45it/s]
loss=0.064| sh degree=3| :  55%|█████▌    | 3862/7000 [02:42<01:13, 42.45it/s]
loss=0.046| sh degree=3| :  55%|█████▌    | 3862/7000 [02:42<01:13, 42.45it/s]
loss=0.057| sh degree=3| :  55%|█████▌    | 3862/7000 [02:42<01:13, 42.45it/s]
loss=0.041| sh degree=3| :  55%|█████▌    | 3862/7000 [02:42<01:13, 42.45it/s]
loss=0.041| sh degree=3| :  55%|█████▌    | 3867/7000 [02:42<01:14, 41.98it/s]
loss=0.051| sh degree=3| :  55%|█████▌    | 3867/7000 [02:42<01:14, 41.98it/s]
loss=0.042| sh degree=3| :  55%|█████▌    | 3867/7000 [02:42<01:14, 41.98it/s]
loss=0.059| sh degree=3| :  55%|█████▌    | 3867/7000 [02:42<01:14, 41.98it/s]
loss=0.039| sh degree=3| :  55%|█████▌    | 3867/7000 [02:42<01:14, 41.98it/s]
loss=0.036| sh degree=3| :  55%|█████▌    | 3867/7000 [02:42<01:14, 41.98it/s]
loss=0.036| sh degree=3| :  55%|█████▌    | 3872/7000 [02:42<01:11, 43.64it/s]
loss=0.039| sh degree=3| :  55%|█████▌    | 3872/7000 [02:42<01:11, 43.64it/s]
loss=0.038| sh degree=3| :  55%|█████▌    | 3872/7000 [02:42<01:11, 43.64it/s]
loss=0.050| sh degree=3| :  55%|█████▌    | 3872/7000 [02:42<01:11, 43.64it/s]
loss=0.049| sh degree=3| :  55%|█████▌    | 3872/7000 [02:42<01:11, 43.64it/s]
loss=0.033| sh degree=3| :  55%|█████▌    | 3872/7000 [02:42<01:11, 43.64it/s]
loss=0.033| sh degree=3| :  55%|█████▌    | 3877/7000 [02:42<01:10, 44.38it/s]
loss=0.051| sh degree=3| :  55%|█████▌    | 3877/7000 [02:42<01:10, 44.38it/s]
loss=0.033| sh degree=3| :  55%|█████▌    | 3877/7000 [02:42<01:10, 44.38it/s]
loss=0.044| sh degree=3| :  55%|█████▌    | 3877/7000 [02:42<01:10, 44.38it/s]
loss=0.050| sh degree=3| :  55%|█████▌    | 3877/7000 [02:42<01:10, 44.38it/s]
loss=0.054| sh degree=3| :  55%|█████▌    | 3877/7000 [02:42<01:10, 44.38it/s]
loss=0.054| sh degree=3| :  55%|█████▌    | 3882/7000 [02:42<01:11, 43.57it/s]
loss=0.037| sh degree=3| :  55%|█████▌    | 3882/7000 [02:42<01:11, 43.57it/s]
loss=0.037| sh degree=3| :  55%|█████▌    | 3882/7000 [02:42<01:11, 43.57it/s]
loss=0.049| sh degree=3| :  55%|█████▌    | 3882/7000 [02:42<01:11, 43.57it/s]
loss=0.034| sh degree=3| :  55%|█████▌    | 3882/7000 [02:42<01:11, 43.57it/s]
loss=0.079| sh degree=3| :  55%|█████▌    | 3882/7000 [02:42<01:11, 43.57it/s]
loss=0.079| sh degree=3| :  56%|█████▌    | 3887/7000 [02:42<01:11, 43.33it/s]
loss=0.045| sh degree=3| :  56%|█████▌    | 3887/7000 [02:42<01:11, 43.33it/s]
loss=0.037| sh degree=3| :  56%|█████▌    | 3887/7000 [02:42<01:11, 43.33it/s]
loss=0.041| sh degree=3| :  56%|█████▌    | 3887/7000 [02:42<01:11, 43.33it/s]
loss=0.034| sh degree=3| :  56%|█████▌    | 3887/7000 [02:42<01:11, 43.33it/s]
loss=0.036| sh degree=3| :  56%|█████▌    | 3887/7000 [02:42<01:11, 43.33it/s]
loss=0.036| sh degree=3| :  56%|█████▌    | 3892/7000 [02:42<01:12, 42.98it/s]
loss=0.039| sh degree=3| :  56%|█████▌    | 3892/7000 [02:42<01:12, 42.98it/s]
loss=0.038| sh degree=3| :  56%|█████▌    | 3892/7000 [02:42<01:12, 42.98it/s]
loss=0.034| sh degree=3| :  56%|█████▌    | 3892/7000 [02:42<01:12, 42.98it/s]
loss=0.050| sh degree=3| :  56%|█████▌    | 3892/7000 [02:42<01:12, 42.98it/s]
loss=0.033| sh degree=3| :  56%|█████▌    | 3892/7000 [02:42<01:12, 42.98it/s]
loss=0.033| sh degree=3| :  56%|█████▌    | 3897/7000 [02:42<01:12, 43.04it/s]
loss=0.035| sh degree=3| :  56%|█████▌    | 3897/7000 [02:42<01:12, 43.04it/s]
loss=0.045| sh degree=3| :  56%|█████▌    | 3897/7000 [02:42<01:12, 43.04it/s]
loss=0.045| sh degree=3| :  56%|█████▌    | 3897/7000 [02:42<01:12, 43.04it/s]
loss=0.047| sh degree=3| :  56%|█████▌    | 3897/7000 [02:42<01:12, 43.04it/s]
loss=0.045| sh degree=3| :  56%|█████▌    | 3897/7000 [02:43<01:12, 43.04it/s]
loss=0.045| sh degree=3| :  56%|█████▌    | 3902/7000 [02:43<01:16, 40.53it/s]
loss=0.057| sh degree=3| :  56%|█████▌    | 3902/7000 [02:43<01:16, 40.53it/s]
loss=0.055| sh degree=3| :  56%|█████▌    | 3902/7000 [02:43<01:16, 40.53it/s]
loss=0.038| sh degree=3| :  56%|█████▌    | 3902/7000 [02:43<01:16, 40.53it/s]
loss=0.039| sh degree=3| :  56%|█████▌    | 3902/7000 [02:43<01:16, 40.53it/s]
loss=0.065| sh degree=3| :  56%|█████▌    | 3902/7000 [02:43<01:16, 40.53it/s]
loss=0.065| sh degree=3| :  56%|█████▌    | 3907/7000 [02:43<01:14, 41.65it/s]
loss=0.060| sh degree=3| :  56%|█████▌    | 3907/7000 [02:43<01:14, 41.65it/s]
loss=0.056| sh degree=3| :  56%|█████▌    | 3907/7000 [02:43<01:14, 41.65it/s]
loss=0.040| sh degree=3| :  56%|█████▌    | 3907/7000 [02:43<01:14, 41.65it/s]
loss=0.059| sh degree=3| :  56%|█████▌    | 3907/7000 [02:43<01:14, 41.65it/s]
loss=0.048| sh degree=3| :  56%|█████▌    | 3907/7000 [02:43<01:14, 41.65it/s]
loss=0.048| sh degree=3| :  56%|█████▌    | 3912/7000 [02:43<01:12, 42.64it/s]
loss=0.057| sh degree=3| :  56%|█████▌    | 3912/7000 [02:43<01:12, 42.64it/s]
loss=0.075| sh degree=3| :  56%|█████▌    | 3912/7000 [02:43<01:12, 42.64it/s]
loss=0.050| sh degree=3| :  56%|█████▌    | 3912/7000 [02:43<01:12, 42.64it/s]
loss=0.048| sh degree=3| :  56%|█████▌    | 3912/7000 [02:43<01:12, 42.64it/s]
loss=0.059| sh degree=3| :  56%|█████▌    | 3912/7000 [02:43<01:12, 42.64it/s]
loss=0.047| sh degree=3| :  56%|█████▌    | 3912/7000 [02:43<01:12, 42.64it/s]
loss=0.047| sh degree=3| :  56%|█████▌    | 3918/7000 [02:43<01:08, 44.74it/s]
loss=0.040| sh degree=3| :  56%|█████▌    | 3918/7000 [02:43<01:08, 44.74it/s]
loss=0.055| sh degree=3| :  56%|█████▌    | 3918/7000 [02:43<01:08, 44.74it/s]
loss=0.039| sh degree=3| :  56%|█████▌    | 3918/7000 [02:43<01:08, 44.74it/s]
loss=0.050| sh degree=3| :  56%|█████▌    | 3918/7000 [02:43<01:08, 44.74it/s]
loss=0.057| sh degree=3| :  56%|█████▌    | 3918/7000 [02:43<01:08, 44.74it/s]
loss=0.057| sh degree=3| :  56%|█████▌    | 3923/7000 [02:43<01:10, 43.59it/s]
loss=0.053| sh degree=3| :  56%|█████▌    | 3923/7000 [02:43<01:10, 43.59it/s]
loss=0.065| sh degree=3| :  56%|█████▌    | 3923/7000 [02:43<01:10, 43.59it/s]
loss=0.036| sh degree=3| :  56%|█████▌    | 3923/7000 [02:43<01:10, 43.59it/s]
loss=0.044| sh degree=3| :  56%|█████▌    | 3923/7000 [02:43<01:10, 43.59it/s]
loss=0.048| sh degree=3| :  56%|█████▌    | 3923/7000 [02:43<01:10, 43.59it/s]
loss=0.048| sh degree=3| :  56%|█████▌    | 3928/7000 [02:43<01:10, 43.65it/s]
loss=0.042| sh degree=3| :  56%|█████▌    | 3928/7000 [02:43<01:10, 43.65it/s]
loss=0.046| sh degree=3| :  56%|█████▌    | 3928/7000 [02:43<01:10, 43.65it/s]
loss=0.044| sh degree=3| :  56%|█████▌    | 3928/7000 [02:43<01:10, 43.65it/s]
loss=0.055| sh degree=3| :  56%|█████▌    | 3928/7000 [02:43<01:10, 43.65it/s]
loss=0.057| sh degree=3| :  56%|█████▌    | 3928/7000 [02:43<01:10, 43.65it/s]
loss=0.057| sh degree=3| :  56%|█████▌    | 3933/7000 [02:43<01:08, 44.60it/s]
loss=0.035| sh degree=3| :  56%|█████▌    | 3933/7000 [02:43<01:08, 44.60it/s]
loss=0.046| sh degree=3| :  56%|█████▌    | 3933/7000 [02:43<01:08, 44.60it/s]
loss=0.038| sh degree=3| :  56%|█████▌    | 3933/7000 [02:43<01:08, 44.60it/s]
loss=0.044| sh degree=3| :  56%|█████▌    | 3933/7000 [02:43<01:08, 44.60it/s]
loss=0.046| sh degree=3| :  56%|█████▌    | 3933/7000 [02:43<01:08, 44.60it/s]
loss=0.046| sh degree=3| :  56%|█████▋    | 3938/7000 [02:43<01:08, 45.03it/s]
loss=0.041| sh degree=3| :  56%|█████▋    | 3938/7000 [02:43<01:08, 45.03it/s]
loss=0.054| sh degree=3| :  56%|█████▋    | 3938/7000 [02:43<01:08, 45.03it/s]
loss=0.087| sh degree=3| :  56%|█████▋    | 3938/7000 [02:43<01:08, 45.03it/s]
loss=0.044| sh degree=3| :  56%|█████▋    | 3938/7000 [02:43<01:08, 45.03it/s]
loss=0.051| sh degree=3| :  56%|█████▋    | 3938/7000 [02:43<01:08, 45.03it/s]
loss=0.051| sh degree=3| :  56%|█████▋    | 3943/7000 [02:43<01:11, 42.69it/s]
loss=0.044| sh degree=3| :  56%|█████▋    | 3943/7000 [02:43<01:11, 42.69it/s]
loss=0.048| sh degree=3| :  56%|█████▋    | 3943/7000 [02:43<01:11, 42.69it/s]
loss=0.049| sh degree=3| :  56%|█████▋    | 3943/7000 [02:43<01:11, 42.69it/s]
loss=0.045| sh degree=3| :  56%|█████▋    | 3943/7000 [02:44<01:11, 42.69it/s]
loss=0.047| sh degree=3| :  56%|█████▋    | 3943/7000 [02:44<01:11, 42.69it/s]
loss=0.047| sh degree=3| :  56%|█████▋    | 3948/7000 [02:44<01:10, 43.02it/s]
loss=0.036| sh degree=3| :  56%|█████▋    | 3948/7000 [02:44<01:10, 43.02it/s]
loss=0.054| sh degree=3| :  56%|█████▋    | 3948/7000 [02:44<01:10, 43.02it/s]
loss=0.038| sh degree=3| :  56%|█████▋    | 3948/7000 [02:44<01:10, 43.02it/s]
loss=0.057| sh degree=3| :  56%|█████▋    | 3948/7000 [02:44<01:10, 43.02it/s]
loss=0.037| sh degree=3| :  56%|█████▋    | 3948/7000 [02:44<01:10, 43.02it/s]
loss=0.037| sh degree=3| :  56%|█████▋    | 3953/7000 [02:44<01:09, 43.70it/s]
loss=0.037| sh degree=3| :  56%|█████▋    | 3953/7000 [02:44<01:09, 43.70it/s]
loss=0.042| sh degree=3| :  56%|█████▋    | 3953/7000 [02:44<01:09, 43.70it/s]
loss=0.058| sh degree=3| :  56%|█████▋    | 3953/7000 [02:44<01:09, 43.70it/s]
loss=0.047| sh degree=3| :  56%|█████▋    | 3953/7000 [02:44<01:09, 43.70it/s]
loss=0.034| sh degree=3| :  56%|█████▋    | 3953/7000 [02:44<01:09, 43.70it/s]
loss=0.034| sh degree=3| :  57%|█████▋    | 3958/7000 [02:44<01:08, 44.70it/s]
loss=0.052| sh degree=3| :  57%|█████▋    | 3958/7000 [02:44<01:08, 44.70it/s]
loss=0.038| sh degree=3| :  57%|█████▋    | 3958/7000 [02:44<01:08, 44.70it/s]
loss=0.050| sh degree=3| :  57%|█████▋    | 3958/7000 [02:44<01:08, 44.70it/s]
loss=0.103| sh degree=3| :  57%|█████▋    | 3958/7000 [02:44<01:08, 44.70it/s]
loss=0.063| sh degree=3| :  57%|█████▋    | 3958/7000 [02:44<01:08, 44.70it/s]
loss=0.063| sh degree=3| :  57%|█████▋    | 3963/7000 [02:44<01:12, 42.05it/s]
loss=0.086| sh degree=3| :  57%|█████▋    | 3963/7000 [02:44<01:12, 42.05it/s]
loss=0.048| sh degree=3| :  57%|█████▋    | 3963/7000 [02:44<01:12, 42.05it/s]
loss=0.035| sh degree=3| :  57%|█████▋    | 3963/7000 [02:44<01:12, 42.05it/s]
loss=0.053| sh degree=3| :  57%|█████▋    | 3963/7000 [02:44<01:12, 42.05it/s]
loss=0.038| sh degree=3| :  57%|█████▋    | 3963/7000 [02:44<01:12, 42.05it/s]
loss=0.038| sh degree=3| :  57%|█████▋    | 3968/7000 [02:44<01:12, 41.89it/s]
loss=0.060| sh degree=3| :  57%|█████▋    | 3968/7000 [02:44<01:12, 41.89it/s]
loss=0.037| sh degree=3| :  57%|█████▋    | 3968/7000 [02:44<01:12, 41.89it/s]
loss=0.044| sh degree=3| :  57%|█████▋    | 3968/7000 [02:44<01:12, 41.89it/s]
loss=0.036| sh degree=3| :  57%|█████▋    | 3968/7000 [02:44<01:12, 41.89it/s]
loss=0.065| sh degree=3| :  57%|█████▋    | 3968/7000 [02:44<01:12, 41.89it/s]
loss=0.065| sh degree=3| :  57%|█████▋    | 3973/7000 [02:44<01:11, 42.20it/s]
loss=0.035| sh degree=3| :  57%|█████▋    | 3973/7000 [02:44<01:11, 42.20it/s]
loss=0.045| sh degree=3| :  57%|█████▋    | 3973/7000 [02:44<01:11, 42.20it/s]
loss=0.051| sh degree=3| :  57%|█████▋    | 3973/7000 [02:44<01:11, 42.20it/s]
loss=0.056| sh degree=3| :  57%|█████▋    | 3973/7000 [02:44<01:11, 42.20it/s]
loss=0.033| sh degree=3| :  57%|█████▋    | 3973/7000 [02:44<01:11, 42.20it/s]
loss=0.033| sh degree=3| :  57%|█████▋    | 3978/7000 [02:44<01:08, 43.80it/s]
loss=0.050| sh degree=3| :  57%|█████▋    | 3978/7000 [02:44<01:08, 43.80it/s]
loss=0.040| sh degree=3| :  57%|█████▋    | 3978/7000 [02:44<01:08, 43.80it/s]
loss=0.051| sh degree=3| :  57%|█████▋    | 3978/7000 [02:44<01:08, 43.80it/s]
loss=0.038| sh degree=3| :  57%|█████▋    | 3978/7000 [02:44<01:08, 43.80it/s]
loss=0.050| sh degree=3| :  57%|█████▋    | 3978/7000 [02:44<01:08, 43.80it/s]
loss=0.050| sh degree=3| :  57%|█████▋    | 3983/7000 [02:44<01:08, 43.82it/s]
loss=0.043| sh degree=3| :  57%|█████▋    | 3983/7000 [02:44<01:08, 43.82it/s]
loss=0.046| sh degree=3| :  57%|█████▋    | 3983/7000 [02:44<01:08, 43.82it/s]
loss=0.035| sh degree=3| :  57%|█████▋    | 3983/7000 [02:44<01:08, 43.82it/s]
loss=0.049| sh degree=3| :  57%|█████▋    | 3983/7000 [02:44<01:08, 43.82it/s]
loss=0.048| sh degree=3| :  57%|█████▋    | 3983/7000 [02:44<01:08, 43.82it/s]
loss=0.048| sh degree=3| :  57%|█████▋    | 3988/7000 [02:44<01:07, 44.51it/s]
loss=0.034| sh degree=3| :  57%|█████▋    | 3988/7000 [02:44<01:07, 44.51it/s]
loss=0.051| sh degree=3| :  57%|█████▋    | 3988/7000 [02:45<01:07, 44.51it/s]
loss=0.048| sh degree=3| :  57%|█████▋    | 3988/7000 [02:45<01:07, 44.51it/s]
loss=0.050| sh degree=3| :  57%|█████▋    | 3988/7000 [02:45<01:07, 44.51it/s]
loss=0.047| sh degree=3| :  57%|█████▋    | 3988/7000 [02:45<01:07, 44.51it/s]
loss=0.047| sh degree=3| :  57%|█████▋    | 3993/7000 [02:45<01:05, 45.68it/s]
loss=0.038| sh degree=3| :  57%|█████▋    | 3993/7000 [02:45<01:05, 45.68it/s]
loss=0.049| sh degree=3| :  57%|█████▋    | 3993/7000 [02:45<01:05, 45.68it/s]
loss=0.048| sh degree=3| :  57%|█████▋    | 3993/7000 [02:45<01:05, 45.68it/s]
loss=0.064| sh degree=3| :  57%|█████▋    | 3993/7000 [02:45<01:05, 45.68it/s]
loss=0.044| sh degree=3| :  57%|█████▋    | 3993/7000 [02:45<01:05, 45.68it/s]
loss=0.044| sh degree=3| :  57%|█████▋    | 3998/7000 [02:45<01:06, 45.44it/s]
loss=0.038| sh degree=3| :  57%|█████▋    | 3998/7000 [02:45<01:06, 45.44it/s]
loss=0.044| sh degree=3| :  57%|█████▋    | 3998/7000 [02:45<01:06, 45.44it/s]
loss=0.044| sh degree=3| :  57%|█████▋    | 3998/7000 [02:45<01:06, 45.44it/s]
loss=0.059| sh degree=3| :  57%|█████▋    | 3998/7000 [02:45<01:06, 45.44it/s]
loss=0.046| sh degree=3| :  57%|█████▋    | 3998/7000 [02:45<01:06, 45.44it/s]
loss=0.046| sh degree=3| :  57%|█████▋    | 4003/7000 [02:45<01:10, 42.44it/s]
loss=0.044| sh degree=3| :  57%|█████▋    | 4003/7000 [02:45<01:10, 42.44it/s]
loss=0.057| sh degree=3| :  57%|█████▋    | 4003/7000 [02:45<01:10, 42.44it/s]
loss=0.052| sh degree=3| :  57%|█████▋    | 4003/7000 [02:45<01:10, 42.44it/s]
loss=0.052| sh degree=3| :  57%|█████▋    | 4003/7000 [02:45<01:10, 42.44it/s]
loss=0.047| sh degree=3| :  57%|█████▋    | 4003/7000 [02:45<01:10, 42.44it/s]
loss=0.047| sh degree=3| :  57%|█████▋    | 4008/7000 [02:45<01:09, 43.28it/s]
loss=0.073| sh degree=3| :  57%|█████▋    | 4008/7000 [02:45<01:09, 43.28it/s]
loss=0.042| sh degree=3| :  57%|█████▋    | 4008/7000 [02:45<01:09, 43.28it/s]
loss=0.041| sh degree=3| :  57%|█████▋    | 4008/7000 [02:45<01:09, 43.28it/s]
loss=0.040| sh degree=3| :  57%|█████▋    | 4008/7000 [02:45<01:09, 43.28it/s]
loss=0.041| sh degree=3| :  57%|█████▋    | 4008/7000 [02:45<01:09, 43.28it/s]
loss=0.041| sh degree=3| :  57%|█████▋    | 4013/7000 [02:45<01:12, 41.21it/s]
loss=0.039| sh degree=3| :  57%|█████▋    | 4013/7000 [02:45<01:12, 41.21it/s]
loss=0.037| sh degree=3| :  57%|█████▋    | 4013/7000 [02:45<01:12, 41.21it/s]
loss=0.043| sh degree=3| :  57%|█████▋    | 4013/7000 [02:45<01:12, 41.21it/s]
loss=0.052| sh degree=3| :  57%|█████▋    | 4013/7000 [02:45<01:12, 41.21it/s]
loss=0.037| sh degree=3| :  57%|█████▋    | 4013/7000 [02:45<01:12, 41.21it/s]
loss=0.037| sh degree=3| :  57%|█████▋    | 4018/7000 [02:45<01:11, 41.66it/s]
loss=0.052| sh degree=3| :  57%|█████▋    | 4018/7000 [02:45<01:11, 41.66it/s]
loss=0.036| sh degree=3| :  57%|█████▋    | 4018/7000 [02:45<01:11, 41.66it/s]
loss=0.049| sh degree=3| :  57%|█████▋    | 4018/7000 [02:45<01:11, 41.66it/s]
loss=0.035| sh degree=3| :  57%|█████▋    | 4018/7000 [02:45<01:11, 41.66it/s]
loss=0.034| sh degree=3| :  57%|█████▋    | 4018/7000 [02:45<01:11, 41.66it/s]
loss=0.034| sh degree=3| :  57%|█████▋    | 4023/7000 [02:45<01:11, 41.44it/s]
loss=0.036| sh degree=3| :  57%|█████▋    | 4023/7000 [02:45<01:11, 41.44it/s]
loss=0.044| sh degree=3| :  57%|█████▋    | 4023/7000 [02:45<01:11, 41.44it/s]
loss=0.049| sh degree=3| :  57%|█████▋    | 4023/7000 [02:45<01:11, 41.44it/s]
loss=0.032| sh degree=3| :  57%|█████▋    | 4023/7000 [02:45<01:11, 41.44it/s]
loss=0.032| sh degree=3| :  57%|█████▋    | 4023/7000 [02:45<01:11, 41.44it/s]
loss=0.032| sh degree=3| :  58%|█████▊    | 4028/7000 [02:45<01:09, 42.97it/s]
loss=0.058| sh degree=3| :  58%|█████▊    | 4028/7000 [02:45<01:09, 42.97it/s]
loss=0.042| sh degree=3| :  58%|█████▊    | 4028/7000 [02:45<01:09, 42.97it/s]
loss=0.045| sh degree=3| :  58%|█████▊    | 4028/7000 [02:45<01:09, 42.97it/s]
loss=0.052| sh degree=3| :  58%|█████▊    | 4028/7000 [02:45<01:09, 42.97it/s]
loss=0.046| sh degree=3| :  58%|█████▊    | 4028/7000 [02:46<01:09, 42.97it/s]
loss=0.046| sh degree=3| :  58%|█████▊    | 4033/7000 [02:46<01:06, 44.39it/s]
loss=0.045| sh degree=3| :  58%|█████▊    | 4033/7000 [02:46<01:06, 44.39it/s]
loss=0.054| sh degree=3| :  58%|█████▊    | 4033/7000 [02:46<01:06, 44.39it/s]
loss=0.050| sh degree=3| :  58%|█████▊    | 4033/7000 [02:46<01:06, 44.39it/s]
loss=0.042| sh degree=3| :  58%|█████▊    | 4033/7000 [02:46<01:06, 44.39it/s]
loss=0.046| sh degree=3| :  58%|█████▊    | 4033/7000 [02:46<01:06, 44.39it/s]
loss=0.046| sh degree=3| :  58%|█████▊    | 4038/7000 [02:46<01:06, 44.31it/s]
loss=0.052| sh degree=3| :  58%|█████▊    | 4038/7000 [02:46<01:06, 44.31it/s]
loss=0.055| sh degree=3| :  58%|█████▊    | 4038/7000 [02:46<01:06, 44.31it/s]
loss=0.038| sh degree=3| :  58%|█████▊    | 4038/7000 [02:46<01:06, 44.31it/s]
loss=0.038| sh degree=3| :  58%|█████▊    | 4038/7000 [02:46<01:06, 44.31it/s]
loss=0.053| sh degree=3| :  58%|█████▊    | 4038/7000 [02:46<01:06, 44.31it/s]
loss=0.053| sh degree=3| :  58%|█████▊    | 4043/7000 [02:46<01:07, 43.68it/s]
loss=0.040| sh degree=3| :  58%|█████▊    | 4043/7000 [02:46<01:07, 43.68it/s]
loss=0.048| sh degree=3| :  58%|█████▊    | 4043/7000 [02:46<01:07, 43.68it/s]
loss=0.040| sh degree=3| :  58%|█████▊    | 4043/7000 [02:46<01:07, 43.68it/s]
loss=0.054| sh degree=3| :  58%|█████▊    | 4043/7000 [02:46<01:07, 43.68it/s]
loss=0.058| sh degree=3| :  58%|█████▊    | 4043/7000 [02:46<01:07, 43.68it/s]
loss=0.058| sh degree=3| :  58%|█████▊    | 4048/7000 [02:46<01:07, 44.02it/s]
loss=0.040| sh degree=3| :  58%|█████▊    | 4048/7000 [02:46<01:07, 44.02it/s]
loss=0.039| sh degree=3| :  58%|█████▊    | 4048/7000 [02:46<01:07, 44.02it/s]
loss=0.037| sh degree=3| :  58%|█████▊    | 4048/7000 [02:46<01:07, 44.02it/s]
loss=0.033| sh degree=3| :  58%|█████▊    | 4048/7000 [02:46<01:07, 44.02it/s]
loss=0.047| sh degree=3| :  58%|█████▊    | 4048/7000 [02:46<01:07, 44.02it/s]
loss=0.047| sh degree=3| :  58%|█████▊    | 4053/7000 [02:46<01:07, 43.49it/s]
loss=0.072| sh degree=3| :  58%|█████▊    | 4053/7000 [02:46<01:07, 43.49it/s]
loss=0.054| sh degree=3| :  58%|█████▊    | 4053/7000 [02:46<01:07, 43.49it/s]
loss=0.045| sh degree=3| :  58%|█████▊    | 4053/7000 [02:46<01:07, 43.49it/s]
loss=0.041| sh degree=3| :  58%|█████▊    | 4053/7000 [02:46<01:07, 43.49it/s]
loss=0.047| sh degree=3| :  58%|█████▊    | 4053/7000 [02:46<01:07, 43.49it/s]
loss=0.047| sh degree=3| :  58%|█████▊    | 4058/7000 [02:46<01:07, 43.43it/s]
loss=0.044| sh degree=3| :  58%|█████▊    | 4058/7000 [02:46<01:07, 43.43it/s]
loss=0.036| sh degree=3| :  58%|█████▊    | 4058/7000 [02:46<01:07, 43.43it/s]
loss=0.033| sh degree=3| :  58%|█████▊    | 4058/7000 [02:46<01:07, 43.43it/s]
loss=0.037| sh degree=3| :  58%|█████▊    | 4058/7000 [02:46<01:07, 43.43it/s]
loss=0.040| sh degree=3| :  58%|█████▊    | 4058/7000 [02:46<01:07, 43.43it/s]
loss=0.040| sh degree=3| :  58%|█████▊    | 4063/7000 [02:46<01:06, 43.93it/s]
loss=0.053| sh degree=3| :  58%|█████▊    | 4063/7000 [02:46<01:06, 43.93it/s]
loss=0.045| sh degree=3| :  58%|█████▊    | 4063/7000 [02:46<01:06, 43.93it/s]
loss=0.033| sh degree=3| :  58%|█████▊    | 4063/7000 [02:46<01:06, 43.93it/s]
loss=0.044| sh degree=3| :  58%|█████▊    | 4063/7000 [02:46<01:06, 43.93it/s]
loss=0.031| sh degree=3| :  58%|█████▊    | 4063/7000 [02:46<01:06, 43.93it/s]
loss=0.031| sh degree=3| :  58%|█████▊    | 4068/7000 [02:46<01:05, 44.63it/s]
loss=0.050| sh degree=3| :  58%|█████▊    | 4068/7000 [02:46<01:05, 44.63it/s]
loss=0.037| sh degree=3| :  58%|█████▊    | 4068/7000 [02:46<01:05, 44.63it/s]
loss=0.051| sh degree=3| :  58%|█████▊    | 4068/7000 [02:46<01:05, 44.63it/s]
loss=0.063| sh degree=3| :  58%|█████▊    | 4068/7000 [02:46<01:05, 44.63it/s]
loss=0.043| sh degree=3| :  58%|█████▊    | 4068/7000 [02:46<01:05, 44.63it/s]
loss=0.043| sh degree=3| :  58%|█████▊    | 4073/7000 [02:46<01:07, 43.15it/s]
loss=0.035| sh degree=3| :  58%|█████▊    | 4073/7000 [02:46<01:07, 43.15it/s]
loss=0.050| sh degree=3| :  58%|█████▊    | 4073/7000 [02:46<01:07, 43.15it/s]
loss=0.041| sh degree=3| :  58%|█████▊    | 4073/7000 [02:47<01:07, 43.15it/s]
loss=0.051| sh degree=3| :  58%|█████▊    | 4073/7000 [02:47<01:07, 43.15it/s]
loss=0.054| sh degree=3| :  58%|█████▊    | 4073/7000 [02:47<01:07, 43.15it/s]
loss=0.054| sh degree=3| :  58%|█████▊    | 4078/7000 [02:47<01:10, 41.68it/s]
loss=0.040| sh degree=3| :  58%|█████▊    | 4078/7000 [02:47<01:10, 41.68it/s]
loss=0.038| sh degree=3| :  58%|█████▊    | 4078/7000 [02:47<01:10, 41.68it/s]
loss=0.043| sh degree=3| :  58%|█████▊    | 4078/7000 [02:47<01:10, 41.68it/s]
loss=0.037| sh degree=3| :  58%|█████▊    | 4078/7000 [02:47<01:10, 41.68it/s]
loss=0.037| sh degree=3| :  58%|█████▊    | 4078/7000 [02:47<01:10, 41.68it/s]
loss=0.037| sh degree=3| :  58%|█████▊    | 4083/7000 [02:47<01:31, 32.01it/s]
loss=0.048| sh degree=3| :  58%|█████▊    | 4083/7000 [02:47<01:31, 32.01it/s]
loss=0.045| sh degree=3| :  58%|█████▊    | 4083/7000 [02:47<01:31, 32.01it/s]
loss=0.052| sh degree=3| :  58%|█████▊    | 4083/7000 [02:47<01:31, 32.01it/s]
loss=0.039| sh degree=3| :  58%|█████▊    | 4083/7000 [02:47<01:31, 32.01it/s]
loss=0.047| sh degree=3| :  58%|█████▊    | 4083/7000 [02:47<01:31, 32.01it/s]
loss=0.047| sh degree=3| :  58%|█████▊    | 4088/7000 [02:47<01:22, 35.42it/s]
loss=0.049| sh degree=3| :  58%|█████▊    | 4088/7000 [02:47<01:22, 35.42it/s]
loss=0.048| sh degree=3| :  58%|█████▊    | 4088/7000 [02:47<01:22, 35.42it/s]
loss=0.052| sh degree=3| :  58%|█████▊    | 4088/7000 [02:47<01:22, 35.42it/s]
loss=0.051| sh degree=3| :  58%|█████▊    | 4088/7000 [02:47<01:22, 35.42it/s]
loss=0.038| sh degree=3| :  58%|█████▊    | 4088/7000 [02:47<01:22, 35.42it/s]
loss=0.038| sh degree=3| :  58%|█████▊    | 4093/7000 [02:47<01:17, 37.75it/s]
loss=0.044| sh degree=3| :  58%|█████▊    | 4093/7000 [02:47<01:17, 37.75it/s]
loss=0.039| sh degree=3| :  58%|█████▊    | 4093/7000 [02:47<01:17, 37.75it/s]
loss=0.044| sh degree=3| :  58%|█████▊    | 4093/7000 [02:47<01:17, 37.75it/s]
loss=0.037| sh degree=3| :  58%|█████▊    | 4093/7000 [02:47<01:17, 37.75it/s]
loss=0.049| sh degree=3| :  58%|█████▊    | 4093/7000 [02:47<01:17, 37.75it/s]
loss=0.049| sh degree=3| :  59%|█████▊    | 4098/7000 [02:47<01:15, 38.35it/s]
loss=0.042| sh degree=3| :  59%|█████▊    | 4098/7000 [02:47<01:15, 38.35it/s]
loss=0.036| sh degree=3| :  59%|█████▊    | 4098/7000 [02:47<01:15, 38.35it/s]
loss=0.037| sh degree=3| :  59%|█████▊    | 4098/7000 [02:47<01:15, 38.35it/s]
loss=0.044| sh degree=3| :  59%|█████▊    | 4098/7000 [02:47<01:15, 38.35it/s]
loss=0.072| sh degree=3| :  59%|█████▊    | 4098/7000 [02:47<01:15, 38.35it/s]
loss=0.072| sh degree=3| :  59%|█████▊    | 4103/7000 [02:47<01:15, 38.24it/s]
loss=0.040| sh degree=3| :  59%|█████▊    | 4103/7000 [02:47<01:15, 38.24it/s]
loss=0.053| sh degree=3| :  59%|█████▊    | 4103/7000 [02:47<01:15, 38.24it/s]
loss=0.054| sh degree=3| :  59%|█████▊    | 4103/7000 [02:47<01:15, 38.24it/s]
loss=0.039| sh degree=3| :  59%|█████▊    | 4103/7000 [02:47<01:15, 38.24it/s]
loss=0.051| sh degree=3| :  59%|█████▊    | 4103/7000 [02:47<01:15, 38.24it/s]
loss=0.051| sh degree=3| :  59%|█████▊    | 4108/7000 [02:47<01:12, 40.06it/s]
loss=0.049| sh degree=3| :  59%|█████▊    | 4108/7000 [02:47<01:12, 40.06it/s]
loss=0.045| sh degree=3| :  59%|█████▊    | 4108/7000 [02:47<01:12, 40.06it/s]
loss=0.036| sh degree=3| :  59%|█████▊    | 4108/7000 [02:47<01:12, 40.06it/s]
loss=0.049| sh degree=3| :  59%|█████▊    | 4108/7000 [02:47<01:12, 40.06it/s]
loss=0.048| sh degree=3| :  59%|█████▊    | 4108/7000 [02:48<01:12, 40.06it/s]
loss=0.048| sh degree=3| :  59%|█████▉    | 4113/7000 [02:48<01:11, 40.14it/s]
loss=0.037| sh degree=3| :  59%|█████▉    | 4113/7000 [02:48<01:11, 40.14it/s]
loss=0.053| sh degree=3| :  59%|█████▉    | 4113/7000 [02:48<01:11, 40.14it/s]
loss=0.045| sh degree=3| :  59%|█████▉    | 4113/7000 [02:48<01:11, 40.14it/s]
loss=0.045| sh degree=3| :  59%|█████▉    | 4113/7000 [02:48<01:11, 40.14it/s]
loss=0.036| sh degree=3| :  59%|█████▉    | 4113/7000 [02:48<01:11, 40.14it/s]
loss=0.036| sh degree=3| :  59%|█████▉    | 4118/7000 [02:48<01:13, 39.37it/s]
loss=0.033| sh degree=3| :  59%|█████▉    | 4118/7000 [02:48<01:13, 39.37it/s]
loss=0.048| sh degree=3| :  59%|█████▉    | 4118/7000 [02:48<01:13, 39.37it/s]
loss=0.035| sh degree=3| :  59%|█████▉    | 4118/7000 [02:48<01:13, 39.37it/s]
loss=0.040| sh degree=3| :  59%|█████▉    | 4118/7000 [02:48<01:13, 39.37it/s]
loss=0.104| sh degree=3| :  59%|█████▉    | 4118/7000 [02:48<01:13, 39.37it/s]
loss=0.104| sh degree=3| :  59%|█████▉    | 4123/7000 [02:48<01:13, 39.40it/s]
loss=0.051| sh degree=3| :  59%|█████▉    | 4123/7000 [02:48<01:13, 39.40it/s]
loss=0.038| sh degree=3| :  59%|█████▉    | 4123/7000 [02:48<01:13, 39.40it/s]
loss=0.057| sh degree=3| :  59%|█████▉    | 4123/7000 [02:48<01:13, 39.40it/s]
loss=0.039| sh degree=3| :  59%|█████▉    | 4123/7000 [02:48<01:13, 39.40it/s]
loss=0.061| sh degree=3| :  59%|█████▉    | 4123/7000 [02:48<01:13, 39.40it/s]
loss=0.061| sh degree=3| :  59%|█████▉    | 4128/7000 [02:48<01:10, 40.50it/s]
loss=0.060| sh degree=3| :  59%|█████▉    | 4128/7000 [02:48<01:10, 40.50it/s]
loss=0.033| sh degree=3| :  59%|█████▉    | 4128/7000 [02:48<01:10, 40.50it/s]
loss=0.044| sh degree=3| :  59%|█████▉    | 4128/7000 [02:48<01:10, 40.50it/s]
loss=0.033| sh degree=3| :  59%|█████▉    | 4128/7000 [02:48<01:10, 40.50it/s]
loss=0.035| sh degree=3| :  59%|█████▉    | 4128/7000 [02:48<01:10, 40.50it/s]
loss=0.035| sh degree=3| :  59%|█████▉    | 4133/7000 [02:48<01:09, 41.10it/s]
loss=0.047| sh degree=3| :  59%|█████▉    | 4133/7000 [02:48<01:09, 41.10it/s]
loss=0.032| sh degree=3| :  59%|█████▉    | 4133/7000 [02:48<01:09, 41.10it/s]
loss=0.056| sh degree=3| :  59%|█████▉    | 4133/7000 [02:48<01:09, 41.10it/s]
loss=0.043| sh degree=3| :  59%|█████▉    | 4133/7000 [02:48<01:09, 41.10it/s]
loss=0.031| sh degree=3| :  59%|█████▉    | 4133/7000 [02:48<01:09, 41.10it/s]
loss=0.031| sh degree=3| :  59%|█████▉    | 4138/7000 [02:48<01:07, 42.45it/s]
loss=0.053| sh degree=3| :  59%|█████▉    | 4138/7000 [02:48<01:07, 42.45it/s]
loss=0.045| sh degree=3| :  59%|█████▉    | 4138/7000 [02:48<01:07, 42.45it/s]
loss=0.035| sh degree=3| :  59%|█████▉    | 4138/7000 [02:48<01:07, 42.45it/s]
loss=0.046| sh degree=3| :  59%|█████▉    | 4138/7000 [02:48<01:07, 42.45it/s]
loss=0.034| sh degree=3| :  59%|█████▉    | 4138/7000 [02:48<01:07, 42.45it/s]
loss=0.034| sh degree=3| :  59%|█████▉    | 4143/7000 [02:48<01:06, 42.70it/s]
loss=0.050| sh degree=3| :  59%|█████▉    | 4143/7000 [02:48<01:06, 42.70it/s]
loss=0.053| sh degree=3| :  59%|█████▉    | 4143/7000 [02:48<01:06, 42.70it/s]
loss=0.032| sh degree=3| :  59%|█████▉    | 4143/7000 [02:48<01:06, 42.70it/s]
loss=0.068| sh degree=3| :  59%|█████▉    | 4143/7000 [02:48<01:06, 42.70it/s]
loss=0.051| sh degree=3| :  59%|█████▉    | 4143/7000 [02:48<01:06, 42.70it/s]
loss=0.051| sh degree=3| :  59%|█████▉    | 4148/7000 [02:48<01:05, 43.79it/s]
loss=0.046| sh degree=3| :  59%|█████▉    | 4148/7000 [02:48<01:05, 43.79it/s]
loss=0.033| sh degree=3| :  59%|█████▉    | 4148/7000 [02:48<01:05, 43.79it/s]
loss=0.079| sh degree=3| :  59%|█████▉    | 4148/7000 [02:48<01:05, 43.79it/s]
loss=0.054| sh degree=3| :  59%|█████▉    | 4148/7000 [02:48<01:05, 43.79it/s]
loss=0.058| sh degree=3| :  59%|█████▉    | 4148/7000 [02:48<01:05, 43.79it/s]
loss=0.058| sh degree=3| :  59%|█████▉    | 4153/7000 [02:48<01:06, 42.54it/s]
loss=0.032| sh degree=3| :  59%|█████▉    | 4153/7000 [02:48<01:06, 42.54it/s]
loss=0.031| sh degree=3| :  59%|█████▉    | 4153/7000 [02:48<01:06, 42.54it/s]
loss=0.034| sh degree=3| :  59%|█████▉    | 4153/7000 [02:49<01:06, 42.54it/s]
loss=0.042| sh degree=3| :  59%|█████▉    | 4153/7000 [02:49<01:06, 42.54it/s]
loss=0.047| sh degree=3| :  59%|█████▉    | 4153/7000 [02:49<01:06, 42.54it/s]
loss=0.047| sh degree=3| :  59%|█████▉    | 4158/7000 [02:49<01:06, 43.00it/s]
loss=0.048| sh degree=3| :  59%|█████▉    | 4158/7000 [02:49<01:06, 43.00it/s]
loss=0.041| sh degree=3| :  59%|█████▉    | 4158/7000 [02:49<01:06, 43.00it/s]
loss=0.036| sh degree=3| :  59%|█████▉    | 4158/7000 [02:49<01:06, 43.00it/s]
loss=0.031| sh degree=3| :  59%|█████▉    | 4158/7000 [02:49<01:06, 43.00it/s]
loss=0.030| sh degree=3| :  59%|█████▉    | 4158/7000 [02:49<01:06, 43.00it/s]
loss=0.030| sh degree=3| :  59%|█████▉    | 4163/7000 [02:49<01:07, 41.81it/s]
loss=0.030| sh degree=3| :  59%|█████▉    | 4163/7000 [02:49<01:07, 41.81it/s]
loss=0.047| sh degree=3| :  59%|█████▉    | 4163/7000 [02:49<01:07, 41.81it/s]
loss=0.032| sh degree=3| :  59%|█████▉    | 4163/7000 [02:49<01:07, 41.81it/s]
loss=0.094| sh degree=3| :  59%|█████▉    | 4163/7000 [02:49<01:07, 41.81it/s]
loss=0.050| sh degree=3| :  59%|█████▉    | 4163/7000 [02:49<01:07, 41.81it/s]
loss=0.050| sh degree=3| :  60%|█████▉    | 4168/7000 [02:49<01:07, 41.87it/s]
loss=0.045| sh degree=3| :  60%|█████▉    | 4168/7000 [02:49<01:07, 41.87it/s]
loss=0.044| sh degree=3| :  60%|█████▉    | 4168/7000 [02:49<01:07, 41.87it/s]
loss=0.045| sh degree=3| :  60%|█████▉    | 4168/7000 [02:49<01:07, 41.87it/s]
loss=0.044| sh degree=3| :  60%|█████▉    | 4168/7000 [02:49<01:07, 41.87it/s]
loss=0.049| sh degree=3| :  60%|█████▉    | 4168/7000 [02:49<01:07, 41.87it/s]
loss=0.049| sh degree=3| :  60%|█████▉    | 4173/7000 [02:49<01:06, 42.77it/s]
loss=0.042| sh degree=3| :  60%|█████▉    | 4173/7000 [02:49<01:06, 42.77it/s]
loss=0.045| sh degree=3| :  60%|█████▉    | 4173/7000 [02:49<01:06, 42.77it/s]
loss=0.040| sh degree=3| :  60%|█████▉    | 4173/7000 [02:49<01:06, 42.77it/s]
loss=0.047| sh degree=3| :  60%|█████▉    | 4173/7000 [02:49<01:06, 42.77it/s]
loss=0.042| sh degree=3| :  60%|█████▉    | 4173/7000 [02:49<01:06, 42.77it/s]
loss=0.042| sh degree=3| :  60%|█████▉    | 4178/7000 [02:49<01:05, 43.11it/s]
loss=0.044| sh degree=3| :  60%|█████▉    | 4178/7000 [02:49<01:05, 43.11it/s]
loss=0.040| sh degree=3| :  60%|█████▉    | 4178/7000 [02:49<01:05, 43.11it/s]
loss=0.040| sh degree=3| :  60%|█████▉    | 4178/7000 [02:49<01:05, 43.11it/s]
loss=0.036| sh degree=3| :  60%|█████▉    | 4178/7000 [02:49<01:05, 43.11it/s]
loss=0.040| sh degree=3| :  60%|█████▉    | 4178/7000 [02:49<01:05, 43.11it/s]
loss=0.040| sh degree=3| :  60%|█████▉    | 4183/7000 [02:49<01:04, 43.46it/s]
loss=0.057| sh degree=3| :  60%|█████▉    | 4183/7000 [02:49<01:04, 43.46it/s]
loss=0.039| sh degree=3| :  60%|█████▉    | 4183/7000 [02:49<01:04, 43.46it/s]
loss=0.055| sh degree=3| :  60%|█████▉    | 4183/7000 [02:49<01:04, 43.46it/s]
loss=0.045| sh degree=3| :  60%|█████▉    | 4183/7000 [02:49<01:04, 43.46it/s]
loss=0.034| sh degree=3| :  60%|█████▉    | 4183/7000 [02:49<01:04, 43.46it/s]
loss=0.034| sh degree=3| :  60%|█████▉    | 4188/7000 [02:49<01:03, 44.13it/s]
loss=0.052| sh degree=3| :  60%|█████▉    | 4188/7000 [02:49<01:03, 44.13it/s]
loss=0.039| sh degree=3| :  60%|█████▉    | 4188/7000 [02:49<01:03, 44.13it/s]
loss=0.038| sh degree=3| :  60%|█████▉    | 4188/7000 [02:49<01:03, 44.13it/s]
loss=0.038| sh degree=3| :  60%|█████▉    | 4188/7000 [02:49<01:03, 44.13it/s]
loss=0.071| sh degree=3| :  60%|█████▉    | 4188/7000 [02:49<01:03, 44.13it/s]
loss=0.071| sh degree=3| :  60%|█████▉    | 4193/7000 [02:49<01:05, 42.91it/s]
loss=0.035| sh degree=3| :  60%|█████▉    | 4193/7000 [02:49<01:05, 42.91it/s]
loss=0.037| sh degree=3| :  60%|█████▉    | 4193/7000 [02:49<01:05, 42.91it/s]
loss=0.076| sh degree=3| :  60%|█████▉    | 4193/7000 [02:49<01:05, 42.91it/s]
loss=0.051| sh degree=3| :  60%|█████▉    | 4193/7000 [02:49<01:05, 42.91it/s]
loss=0.041| sh degree=3| :  60%|█████▉    | 4193/7000 [02:50<01:05, 42.91it/s]
loss=0.041| sh degree=3| :  60%|█████▉    | 4198/7000 [02:50<01:06, 42.37it/s]
loss=0.046| sh degree=3| :  60%|█████▉    | 4198/7000 [02:50<01:06, 42.37it/s]
loss=0.037| sh degree=3| :  60%|█████▉    | 4198/7000 [02:50<01:06, 42.37it/s]
loss=0.033| sh degree=3| :  60%|█████▉    | 4198/7000 [02:50<01:06, 42.37it/s]
loss=0.057| sh degree=3| :  60%|█████▉    | 4198/7000 [02:50<01:06, 42.37it/s]
loss=0.049| sh degree=3| :  60%|█████▉    | 4198/7000 [02:50<01:06, 42.37it/s]
loss=0.049| sh degree=3| :  60%|██████    | 4203/7000 [02:50<01:09, 40.16it/s]
loss=0.056| sh degree=3| :  60%|██████    | 4203/7000 [02:50<01:09, 40.16it/s]
loss=0.039| sh degree=3| :  60%|██████    | 4203/7000 [02:50<01:09, 40.16it/s]
loss=0.050| sh degree=3| :  60%|██████    | 4203/7000 [02:50<01:09, 40.16it/s]
loss=0.050| sh degree=3| :  60%|██████    | 4203/7000 [02:50<01:09, 40.16it/s]
loss=0.050| sh degree=3| :  60%|██████    | 4203/7000 [02:50<01:09, 40.16it/s]
loss=0.050| sh degree=3| :  60%|██████    | 4208/7000 [02:50<01:09, 39.93it/s]
loss=0.045| sh degree=3| :  60%|██████    | 4208/7000 [02:50<01:09, 39.93it/s]
loss=0.060| sh degree=3| :  60%|██████    | 4208/7000 [02:50<01:09, 39.93it/s]
loss=0.047| sh degree=3| :  60%|██████    | 4208/7000 [02:50<01:09, 39.93it/s]
loss=0.054| sh degree=3| :  60%|██████    | 4208/7000 [02:50<01:09, 39.93it/s]
loss=0.067| sh degree=3| :  60%|██████    | 4208/7000 [02:50<01:09, 39.93it/s]
loss=0.067| sh degree=3| :  60%|██████    | 4213/7000 [02:50<01:07, 41.40it/s]
loss=0.043| sh degree=3| :  60%|██████    | 4213/7000 [02:50<01:07, 41.40it/s]
loss=0.049| sh degree=3| :  60%|██████    | 4213/7000 [02:50<01:07, 41.40it/s]
loss=0.037| sh degree=3| :  60%|██████    | 4213/7000 [02:50<01:07, 41.40it/s]
loss=0.044| sh degree=3| :  60%|██████    | 4213/7000 [02:50<01:07, 41.40it/s]
loss=0.051| sh degree=3| :  60%|██████    | 4213/7000 [02:50<01:07, 41.40it/s]
loss=0.051| sh degree=3| :  60%|██████    | 4218/7000 [02:50<01:05, 42.49it/s]
loss=0.044| sh degree=3| :  60%|██████    | 4218/7000 [02:50<01:05, 42.49it/s]
loss=0.046| sh degree=3| :  60%|██████    | 4218/7000 [02:50<01:05, 42.49it/s]
loss=0.043| sh degree=3| :  60%|██████    | 4218/7000 [02:50<01:05, 42.49it/s]
loss=0.042| sh degree=3| :  60%|██████    | 4218/7000 [02:50<01:05, 42.49it/s]
loss=0.037| sh degree=3| :  60%|██████    | 4218/7000 [02:50<01:05, 42.49it/s]
loss=0.037| sh degree=3| :  60%|██████    | 4223/7000 [02:50<01:05, 42.60it/s]
loss=0.071| sh degree=3| :  60%|██████    | 4223/7000 [02:50<01:05, 42.60it/s]
loss=0.036| sh degree=3| :  60%|██████    | 4223/7000 [02:50<01:05, 42.60it/s]
loss=0.044| sh degree=3| :  60%|██████    | 4223/7000 [02:50<01:05, 42.60it/s]
loss=0.050| sh degree=3| :  60%|██████    | 4223/7000 [02:50<01:05, 42.60it/s]
loss=0.047| sh degree=3| :  60%|██████    | 4223/7000 [02:50<01:05, 42.60it/s]
loss=0.047| sh degree=3| :  60%|██████    | 4228/7000 [02:50<01:06, 41.52it/s]
loss=0.057| sh degree=3| :  60%|██████    | 4228/7000 [02:50<01:06, 41.52it/s]
loss=0.046| sh degree=3| :  60%|██████    | 4228/7000 [02:50<01:06, 41.52it/s]
loss=0.043| sh degree=3| :  60%|██████    | 4228/7000 [02:50<01:06, 41.52it/s]
loss=0.043| sh degree=3| :  60%|██████    | 4228/7000 [02:50<01:06, 41.52it/s]
loss=0.065| sh degree=3| :  60%|██████    | 4228/7000 [02:50<01:06, 41.52it/s]
loss=0.049| sh degree=3| :  60%|██████    | 4228/7000 [02:50<01:06, 41.52it/s]
loss=0.049| sh degree=3| :  60%|██████    | 4234/7000 [02:50<01:02, 44.20it/s]
loss=0.055| sh degree=3| :  60%|██████    | 4234/7000 [02:50<01:02, 44.20it/s]
loss=0.043| sh degree=3| :  60%|██████    | 4234/7000 [02:50<01:02, 44.20it/s]
loss=0.041| sh degree=3| :  60%|██████    | 4234/7000 [02:50<01:02, 44.20it/s]
loss=0.046| sh degree=3| :  60%|██████    | 4234/7000 [02:50<01:02, 44.20it/s]
loss=0.041| sh degree=3| :  60%|██████    | 4234/7000 [02:50<01:02, 44.20it/s]
loss=0.041| sh degree=3| :  61%|██████    | 4239/7000 [02:50<01:04, 42.99it/s]
loss=0.048| sh degree=3| :  61%|██████    | 4239/7000 [02:51<01:04, 42.99it/s]
loss=0.039| sh degree=3| :  61%|██████    | 4239/7000 [02:51<01:04, 42.99it/s]
loss=0.052| sh degree=3| :  61%|██████    | 4239/7000 [02:51<01:04, 42.99it/s]
loss=0.046| sh degree=3| :  61%|██████    | 4239/7000 [02:51<01:04, 42.99it/s]
loss=0.057| sh degree=3| :  61%|██████    | 4239/7000 [02:51<01:04, 42.99it/s]
loss=0.057| sh degree=3| :  61%|██████    | 4244/7000 [02:51<01:05, 42.30it/s]
loss=0.047| sh degree=3| :  61%|██████    | 4244/7000 [02:51<01:05, 42.30it/s]
loss=0.045| sh degree=3| :  61%|██████    | 4244/7000 [02:51<01:05, 42.30it/s]
loss=0.035| sh degree=3| :  61%|██████    | 4244/7000 [02:51<01:05, 42.30it/s]
loss=0.045| sh degree=3| :  61%|██████    | 4244/7000 [02:51<01:05, 42.30it/s]
loss=0.035| sh degree=3| :  61%|██████    | 4244/7000 [02:51<01:05, 42.30it/s]
loss=0.035| sh degree=3| :  61%|██████    | 4249/7000 [02:51<01:04, 42.46it/s]
loss=0.040| sh degree=3| :  61%|██████    | 4249/7000 [02:51<01:04, 42.46it/s]
loss=0.036| sh degree=3| :  61%|██████    | 4249/7000 [02:51<01:04, 42.46it/s]
loss=0.056| sh degree=3| :  61%|██████    | 4249/7000 [02:51<01:04, 42.46it/s]
loss=0.037| sh degree=3| :  61%|██████    | 4249/7000 [02:51<01:04, 42.46it/s]
loss=0.037| sh degree=3| :  61%|██████    | 4249/7000 [02:51<01:04, 42.46it/s]
loss=0.037| sh degree=3| :  61%|██████    | 4254/7000 [02:51<01:04, 42.53it/s]
loss=0.051| sh degree=3| :  61%|██████    | 4254/7000 [02:51<01:04, 42.53it/s]
loss=0.036| sh degree=3| :  61%|██████    | 4254/7000 [02:51<01:04, 42.53it/s]
loss=0.043| sh degree=3| :  61%|██████    | 4254/7000 [02:51<01:04, 42.53it/s]
loss=0.048| sh degree=3| :  61%|██████    | 4254/7000 [02:51<01:04, 42.53it/s]
loss=0.040| sh degree=3| :  61%|██████    | 4254/7000 [02:51<01:04, 42.53it/s]
loss=0.040| sh degree=3| :  61%|██████    | 4259/7000 [02:51<01:04, 42.77it/s]
loss=0.042| sh degree=3| :  61%|██████    | 4259/7000 [02:51<01:04, 42.77it/s]
loss=0.051| sh degree=3| :  61%|██████    | 4259/7000 [02:51<01:04, 42.77it/s]
loss=0.041| sh degree=3| :  61%|██████    | 4259/7000 [02:51<01:04, 42.77it/s]
loss=0.046| sh degree=3| :  61%|██████    | 4259/7000 [02:51<01:04, 42.77it/s]
loss=0.058| sh degree=3| :  61%|██████    | 4259/7000 [02:51<01:04, 42.77it/s]
loss=0.058| sh degree=3| :  61%|██████    | 4264/7000 [02:51<01:03, 43.03it/s]
loss=0.045| sh degree=3| :  61%|██████    | 4264/7000 [02:51<01:03, 43.03it/s]
loss=0.046| sh degree=3| :  61%|██████    | 4264/7000 [02:51<01:03, 43.03it/s]
loss=0.039| sh degree=3| :  61%|██████    | 4264/7000 [02:51<01:03, 43.03it/s]
loss=0.056| sh degree=3| :  61%|██████    | 4264/7000 [02:51<01:03, 43.03it/s]
loss=0.046| sh degree=3| :  61%|██████    | 4264/7000 [02:51<01:03, 43.03it/s]
loss=0.046| sh degree=3| :  61%|██████    | 4269/7000 [02:51<01:02, 43.86it/s]
loss=0.042| sh degree=3| :  61%|██████    | 4269/7000 [02:51<01:02, 43.86it/s]
loss=0.033| sh degree=3| :  61%|██████    | 4269/7000 [02:51<01:02, 43.86it/s]
loss=0.042| sh degree=3| :  61%|██████    | 4269/7000 [02:51<01:02, 43.86it/s]
loss=0.033| sh degree=3| :  61%|██████    | 4269/7000 [02:51<01:02, 43.86it/s]
loss=0.032| sh degree=3| :  61%|██████    | 4269/7000 [02:51<01:02, 43.86it/s]
loss=0.032| sh degree=3| :  61%|██████    | 4274/7000 [02:51<01:01, 44.04it/s]
loss=0.050| sh degree=3| :  61%|██████    | 4274/7000 [02:51<01:01, 44.04it/s]
loss=0.040| sh degree=3| :  61%|██████    | 4274/7000 [02:51<01:01, 44.04it/s]
loss=0.039| sh degree=3| :  61%|██████    | 4274/7000 [02:51<01:01, 44.04it/s]
loss=0.037| sh degree=3| :  61%|██████    | 4274/7000 [02:51<01:01, 44.04it/s]
loss=0.054| sh degree=3| :  61%|██████    | 4274/7000 [02:51<01:01, 44.04it/s]
loss=0.054| sh degree=3| :  61%|██████    | 4279/7000 [02:51<01:03, 43.05it/s]
loss=0.049| sh degree=3| :  61%|██████    | 4279/7000 [02:51<01:03, 43.05it/s]
loss=0.048| sh degree=3| :  61%|██████    | 4279/7000 [02:51<01:03, 43.05it/s]
loss=0.031| sh degree=3| :  61%|██████    | 4279/7000 [02:51<01:03, 43.05it/s]
loss=0.047| sh degree=3| :  61%|██████    | 4279/7000 [02:51<01:03, 43.05it/s]
loss=0.035| sh degree=3| :  61%|██████    | 4279/7000 [02:52<01:03, 43.05it/s]
loss=0.035| sh degree=3| :  61%|██████    | 4284/7000 [02:52<01:02, 43.80it/s]
loss=0.057| sh degree=3| :  61%|██████    | 4284/7000 [02:52<01:02, 43.80it/s]
loss=0.052| sh degree=3| :  61%|██████    | 4284/7000 [02:52<01:02, 43.80it/s]
loss=0.035| sh degree=3| :  61%|██████    | 4284/7000 [02:52<01:02, 43.80it/s]
loss=0.034| sh degree=3| :  61%|██████    | 4284/7000 [02:52<01:02, 43.80it/s]
loss=0.030| sh degree=3| :  61%|██████    | 4284/7000 [02:52<01:02, 43.80it/s]
loss=0.030| sh degree=3| :  61%|██████▏   | 4289/7000 [02:52<01:03, 42.57it/s]
loss=0.046| sh degree=3| :  61%|██████▏   | 4289/7000 [02:52<01:03, 42.57it/s]
loss=0.046| sh degree=3| :  61%|██████▏   | 4289/7000 [02:52<01:03, 42.57it/s]
loss=0.046| sh degree=3| :  61%|██████▏   | 4289/7000 [02:52<01:03, 42.57it/s]
loss=0.039| sh degree=3| :  61%|██████▏   | 4289/7000 [02:52<01:03, 42.57it/s]
loss=0.033| sh degree=3| :  61%|██████▏   | 4289/7000 [02:52<01:03, 42.57it/s]
loss=0.033| sh degree=3| :  61%|██████▏   | 4294/7000 [02:52<01:03, 42.95it/s]
loss=0.046| sh degree=3| :  61%|██████▏   | 4294/7000 [02:52<01:03, 42.95it/s]
loss=0.031| sh degree=3| :  61%|██████▏   | 4294/7000 [02:52<01:03, 42.95it/s]
loss=0.044| sh degree=3| :  61%|██████▏   | 4294/7000 [02:52<01:03, 42.95it/s]
loss=0.039| sh degree=3| :  61%|██████▏   | 4294/7000 [02:52<01:03, 42.95it/s]
loss=0.042| sh degree=3| :  61%|██████▏   | 4294/7000 [02:52<01:03, 42.95it/s]
loss=0.042| sh degree=3| :  61%|██████▏   | 4299/7000 [02:52<01:02, 43.13it/s]
loss=0.033| sh degree=3| :  61%|██████▏   | 4299/7000 [02:52<01:02, 43.13it/s]
loss=0.035| sh degree=3| :  61%|██████▏   | 4299/7000 [02:52<01:02, 43.13it/s]
loss=0.055| sh degree=3| :  61%|██████▏   | 4299/7000 [02:52<01:02, 43.13it/s]
loss=0.047| sh degree=3| :  61%|██████▏   | 4299/7000 [02:52<01:02, 43.13it/s]
loss=0.059| sh degree=3| :  61%|██████▏   | 4299/7000 [02:52<01:02, 43.13it/s]
loss=0.059| sh degree=3| :  61%|██████▏   | 4304/7000 [02:52<01:06, 40.56it/s]
loss=0.045| sh degree=3| :  61%|██████▏   | 4304/7000 [02:52<01:06, 40.56it/s]
loss=0.044| sh degree=3| :  61%|██████▏   | 4304/7000 [02:52<01:06, 40.56it/s]
loss=0.037| sh degree=3| :  61%|██████▏   | 4304/7000 [02:52<01:06, 40.56it/s]
loss=0.046| sh degree=3| :  61%|██████▏   | 4304/7000 [02:52<01:06, 40.56it/s]
loss=0.041| sh degree=3| :  61%|██████▏   | 4304/7000 [02:52<01:06, 40.56it/s]
loss=0.041| sh degree=3| :  62%|██████▏   | 4309/7000 [02:52<01:07, 40.08it/s]
loss=0.054| sh degree=3| :  62%|██████▏   | 4309/7000 [02:52<01:07, 40.08it/s]
loss=0.039| sh degree=3| :  62%|██████▏   | 4309/7000 [02:52<01:07, 40.08it/s]
loss=0.047| sh degree=3| :  62%|██████▏   | 4309/7000 [02:52<01:07, 40.08it/s]
loss=0.049| sh degree=3| :  62%|██████▏   | 4309/7000 [02:52<01:07, 40.08it/s]
loss=0.043| sh degree=3| :  62%|██████▏   | 4309/7000 [02:52<01:07, 40.08it/s]
loss=0.043| sh degree=3| :  62%|██████▏   | 4314/7000 [02:52<01:05, 40.98it/s]
loss=0.050| sh degree=3| :  62%|██████▏   | 4314/7000 [02:52<01:05, 40.98it/s]
loss=0.046| sh degree=3| :  62%|██████▏   | 4314/7000 [02:52<01:05, 40.98it/s]
loss=0.038| sh degree=3| :  62%|██████▏   | 4314/7000 [02:52<01:05, 40.98it/s]
loss=0.044| sh degree=3| :  62%|██████▏   | 4314/7000 [02:52<01:05, 40.98it/s]
loss=0.052| sh degree=3| :  62%|██████▏   | 4314/7000 [02:52<01:05, 40.98it/s]
loss=0.052| sh degree=3| :  62%|██████▏   | 4319/7000 [02:52<01:03, 42.31it/s]
loss=0.046| sh degree=3| :  62%|██████▏   | 4319/7000 [02:52<01:03, 42.31it/s]
loss=0.036| sh degree=3| :  62%|██████▏   | 4319/7000 [02:52<01:03, 42.31it/s]
loss=0.037| sh degree=3| :  62%|██████▏   | 4319/7000 [02:52<01:03, 42.31it/s]
loss=0.040| sh degree=3| :  62%|██████▏   | 4319/7000 [02:52<01:03, 42.31it/s]
loss=0.035| sh degree=3| :  62%|██████▏   | 4319/7000 [02:52<01:03, 42.31it/s]
loss=0.035| sh degree=3| :  62%|██████▏   | 4324/7000 [02:52<01:03, 42.39it/s]
loss=0.049| sh degree=3| :  62%|██████▏   | 4324/7000 [02:53<01:03, 42.39it/s]
loss=0.037| sh degree=3| :  62%|██████▏   | 4324/7000 [02:53<01:03, 42.39it/s]
loss=0.036| sh degree=3| :  62%|██████▏   | 4324/7000 [02:53<01:03, 42.39it/s]
loss=0.053| sh degree=3| :  62%|██████▏   | 4324/7000 [02:53<01:03, 42.39it/s]
loss=0.038| sh degree=3| :  62%|██████▏   | 4324/7000 [02:53<01:03, 42.39it/s]
loss=0.038| sh degree=3| :  62%|██████▏   | 4329/7000 [02:53<01:03, 42.30it/s]
loss=0.066| sh degree=3| :  62%|██████▏   | 4329/7000 [02:53<01:03, 42.30it/s]
loss=0.055| sh degree=3| :  62%|██████▏   | 4329/7000 [02:53<01:03, 42.30it/s]
loss=0.050| sh degree=3| :  62%|██████▏   | 4329/7000 [02:53<01:03, 42.30it/s]
loss=0.037| sh degree=3| :  62%|██████▏   | 4329/7000 [02:53<01:03, 42.30it/s]
loss=0.052| sh degree=3| :  62%|██████▏   | 4329/7000 [02:53<01:03, 42.30it/s]
loss=0.052| sh degree=3| :  62%|██████▏   | 4334/7000 [02:53<01:04, 41.25it/s]
loss=0.050| sh degree=3| :  62%|██████▏   | 4334/7000 [02:53<01:04, 41.25it/s]
loss=0.038| sh degree=3| :  62%|██████▏   | 4334/7000 [02:53<01:04, 41.25it/s]
loss=0.049| sh degree=3| :  62%|██████▏   | 4334/7000 [02:53<01:04, 41.25it/s]
loss=0.036| sh degree=3| :  62%|██████▏   | 4334/7000 [02:53<01:04, 41.25it/s]
loss=0.046| sh degree=3| :  62%|██████▏   | 4334/7000 [02:53<01:04, 41.25it/s]
loss=0.046| sh degree=3| :  62%|██████▏   | 4339/7000 [02:53<01:24, 31.54it/s]
loss=0.035| sh degree=3| :  62%|██████▏   | 4339/7000 [02:53<01:24, 31.54it/s]
loss=0.033| sh degree=3| :  62%|██████▏   | 4339/7000 [02:53<01:24, 31.54it/s]
loss=0.035| sh degree=3| :  62%|██████▏   | 4339/7000 [02:53<01:24, 31.54it/s]
loss=0.051| sh degree=3| :  62%|██████▏   | 4339/7000 [02:53<01:24, 31.54it/s]
loss=0.051| sh degree=3| :  62%|██████▏   | 4343/7000 [02:53<01:20, 33.20it/s]
loss=0.040| sh degree=3| :  62%|██████▏   | 4343/7000 [02:53<01:20, 33.20it/s]
loss=0.046| sh degree=3| :  62%|██████▏   | 4343/7000 [02:53<01:20, 33.20it/s]
loss=0.048| sh degree=3| :  62%|██████▏   | 4343/7000 [02:53<01:20, 33.20it/s]
loss=0.052| sh degree=3| :  62%|██████▏   | 4343/7000 [02:53<01:20, 33.20it/s]
loss=0.037| sh degree=3| :  62%|██████▏   | 4343/7000 [02:53<01:20, 33.20it/s]
loss=0.037| sh degree=3| :  62%|██████▏   | 4348/7000 [02:53<01:13, 35.95it/s]
loss=0.033| sh degree=3| :  62%|██████▏   | 4348/7000 [02:53<01:13, 35.95it/s]
loss=0.084| sh degree=3| :  62%|██████▏   | 4348/7000 [02:53<01:13, 35.95it/s]
loss=0.046| sh degree=3| :  62%|██████▏   | 4348/7000 [02:53<01:13, 35.95it/s]
loss=0.032| sh degree=3| :  62%|██████▏   | 4348/7000 [02:53<01:13, 35.95it/s]
loss=0.032| sh degree=3| :  62%|██████▏   | 4352/7000 [02:53<01:12, 36.60it/s]
loss=0.032| sh degree=3| :  62%|██████▏   | 4352/7000 [02:53<01:12, 36.60it/s]
loss=0.036| sh degree=3| :  62%|██████▏   | 4352/7000 [02:53<01:12, 36.60it/s]
loss=0.035| sh degree=3| :  62%|██████▏   | 4352/7000 [02:53<01:12, 36.60it/s]
loss=0.039| sh degree=3| :  62%|██████▏   | 4352/7000 [02:53<01:12, 36.60it/s]
loss=0.039| sh degree=3| :  62%|██████▏   | 4356/7000 [02:53<01:12, 36.69it/s]
loss=0.067| sh degree=3| :  62%|██████▏   | 4356/7000 [02:53<01:12, 36.69it/s]
loss=0.046| sh degree=3| :  62%|██████▏   | 4356/7000 [02:53<01:12, 36.69it/s]
loss=0.032| sh degree=3| :  62%|██████▏   | 4356/7000 [02:53<01:12, 36.69it/s]
loss=0.035| sh degree=3| :  62%|██████▏   | 4356/7000 [02:54<01:12, 36.69it/s]
loss=0.041| sh degree=3| :  62%|██████▏   | 4356/7000 [02:54<01:12, 36.69it/s]
loss=0.041| sh degree=3| :  62%|██████▏   | 4361/7000 [02:54<01:10, 37.39it/s]
loss=0.040| sh degree=3| :  62%|██████▏   | 4361/7000 [02:54<01:10, 37.39it/s]
loss=0.035| sh degree=3| :  62%|██████▏   | 4361/7000 [02:54<01:10, 37.39it/s]
loss=0.041| sh degree=3| :  62%|██████▏   | 4361/7000 [02:54<01:10, 37.39it/s]
loss=0.048| sh degree=3| :  62%|██████▏   | 4361/7000 [02:54<01:10, 37.39it/s]
loss=0.048| sh degree=3| :  62%|██████▏   | 4365/7000 [02:54<01:09, 37.81it/s]
loss=0.051| sh degree=3| :  62%|██████▏   | 4365/7000 [02:54<01:09, 37.81it/s]
loss=0.047| sh degree=3| :  62%|██████▏   | 4365/7000 [02:54<01:09, 37.81it/s]
loss=0.035| sh degree=3| :  62%|██████▏   | 4365/7000 [02:54<01:09, 37.81it/s]
loss=0.066| sh degree=3| :  62%|██████▏   | 4365/7000 [02:54<01:09, 37.81it/s]
loss=0.047| sh degree=3| :  62%|██████▏   | 4365/7000 [02:54<01:09, 37.81it/s]
loss=0.047| sh degree=3| :  62%|██████▏   | 4370/7000 [02:54<01:05, 40.23it/s]
loss=0.046| sh degree=3| :  62%|██████▏   | 4370/7000 [02:54<01:05, 40.23it/s]
loss=0.072| sh degree=3| :  62%|██████▏   | 4370/7000 [02:54<01:05, 40.23it/s]
loss=0.043| sh degree=3| :  62%|██████▏   | 4370/7000 [02:54<01:05, 40.23it/s]
loss=0.033| sh degree=3| :  62%|██████▏   | 4370/7000 [02:54<01:05, 40.23it/s]
loss=0.046| sh degree=3| :  62%|██████▏   | 4370/7000 [02:54<01:05, 40.23it/s]
loss=0.046| sh degree=3| :  62%|██████▎   | 4375/7000 [02:54<01:04, 40.70it/s]
loss=0.043| sh degree=3| :  62%|██████▎   | 4375/7000 [02:54<01:04, 40.70it/s]
loss=0.040| sh degree=3| :  62%|██████▎   | 4375/7000 [02:54<01:04, 40.70it/s]
loss=0.034| sh degree=3| :  62%|██████▎   | 4375/7000 [02:54<01:04, 40.70it/s]
loss=0.032| sh degree=3| :  62%|██████▎   | 4375/7000 [02:54<01:04, 40.70it/s]
loss=0.056| sh degree=3| :  62%|██████▎   | 4375/7000 [02:54<01:04, 40.70it/s]
loss=0.056| sh degree=3| :  63%|██████▎   | 4380/7000 [02:54<01:03, 41.54it/s]
loss=0.031| sh degree=3| :  63%|██████▎   | 4380/7000 [02:54<01:03, 41.54it/s]
loss=0.039| sh degree=3| :  63%|██████▎   | 4380/7000 [02:54<01:03, 41.54it/s]
loss=0.043| sh degree=3| :  63%|██████▎   | 4380/7000 [02:54<01:03, 41.54it/s]
loss=0.037| sh degree=3| :  63%|██████▎   | 4380/7000 [02:54<01:03, 41.54it/s]
loss=0.035| sh degree=3| :  63%|██████▎   | 4380/7000 [02:54<01:03, 41.54it/s]
loss=0.035| sh degree=3| :  63%|██████▎   | 4385/7000 [02:54<01:03, 41.12it/s]
loss=0.033| sh degree=3| :  63%|██████▎   | 4385/7000 [02:54<01:03, 41.12it/s]
loss=0.042| sh degree=3| :  63%|██████▎   | 4385/7000 [02:54<01:03, 41.12it/s]
loss=0.047| sh degree=3| :  63%|██████▎   | 4385/7000 [02:54<01:03, 41.12it/s]
loss=0.036| sh degree=3| :  63%|██████▎   | 4385/7000 [02:54<01:03, 41.12it/s]
loss=0.057| sh degree=3| :  63%|██████▎   | 4385/7000 [02:54<01:03, 41.12it/s]
loss=0.057| sh degree=3| :  63%|██████▎   | 4390/7000 [02:54<01:02, 41.57it/s]
loss=0.037| sh degree=3| :  63%|██████▎   | 4390/7000 [02:54<01:02, 41.57it/s]
loss=0.047| sh degree=3| :  63%|██████▎   | 4390/7000 [02:54<01:02, 41.57it/s]
loss=0.048| sh degree=3| :  63%|██████▎   | 4390/7000 [02:54<01:02, 41.57it/s]
loss=0.037| sh degree=3| :  63%|██████▎   | 4390/7000 [02:54<01:02, 41.57it/s]
loss=0.043| sh degree=3| :  63%|██████▎   | 4390/7000 [02:54<01:02, 41.57it/s]
loss=0.043| sh degree=3| :  63%|██████▎   | 4395/7000 [02:54<01:02, 41.49it/s]
loss=0.036| sh degree=3| :  63%|██████▎   | 4395/7000 [02:54<01:02, 41.49it/s]
loss=0.038| sh degree=3| :  63%|██████▎   | 4395/7000 [02:54<01:02, 41.49it/s]
loss=0.061| sh degree=3| :  63%|██████▎   | 4395/7000 [02:54<01:02, 41.49it/s]
loss=0.034| sh degree=3| :  63%|██████▎   | 4395/7000 [02:54<01:02, 41.49it/s]
loss=0.047| sh degree=3| :  63%|██████▎   | 4395/7000 [02:54<01:02, 41.49it/s]
loss=0.047| sh degree=3| :  63%|██████▎   | 4400/7000 [02:54<01:04, 40.12it/s]
loss=0.033| sh degree=3| :  63%|██████▎   | 4400/7000 [02:55<01:04, 40.12it/s]
loss=0.047| sh degree=3| :  63%|██████▎   | 4400/7000 [02:55<01:04, 40.12it/s]
loss=0.052| sh degree=3| :  63%|██████▎   | 4400/7000 [02:55<01:04, 40.12it/s]
loss=0.057| sh degree=3| :  63%|██████▎   | 4400/7000 [02:55<01:04, 40.12it/s]
loss=0.042| sh degree=3| :  63%|██████▎   | 4400/7000 [02:55<01:04, 40.12it/s]
loss=0.042| sh degree=3| :  63%|██████▎   | 4405/7000 [02:55<01:06, 39.01it/s]
loss=0.038| sh degree=3| :  63%|██████▎   | 4405/7000 [02:55<01:06, 39.01it/s]
loss=0.045| sh degree=3| :  63%|██████▎   | 4405/7000 [02:55<01:06, 39.01it/s]
loss=0.043| sh degree=3| :  63%|██████▎   | 4405/7000 [02:55<01:06, 39.01it/s]
loss=0.045| sh degree=3| :  63%|██████▎   | 4405/7000 [02:55<01:06, 39.01it/s]
loss=0.037| sh degree=3| :  63%|██████▎   | 4405/7000 [02:55<01:06, 39.01it/s]
loss=0.037| sh degree=3| :  63%|██████▎   | 4410/7000 [02:55<01:03, 40.60it/s]
loss=0.050| sh degree=3| :  63%|██████▎   | 4410/7000 [02:55<01:03, 40.60it/s]
loss=0.034| sh degree=3| :  63%|██████▎   | 4410/7000 [02:55<01:03, 40.60it/s]
loss=0.044| sh degree=3| :  63%|██████▎   | 4410/7000 [02:55<01:03, 40.60it/s]
loss=0.051| sh degree=3| :  63%|██████▎   | 4410/7000 [02:55<01:03, 40.60it/s]
loss=0.043| sh degree=3| :  63%|██████▎   | 4410/7000 [02:55<01:03, 40.60it/s]
loss=0.043| sh degree=3| :  63%|██████▎   | 4415/7000 [02:55<01:01, 42.00it/s]
loss=0.034| sh degree=3| :  63%|██████▎   | 4415/7000 [02:55<01:01, 42.00it/s]
loss=0.035| sh degree=3| :  63%|██████▎   | 4415/7000 [02:55<01:01, 42.00it/s]
loss=0.040| sh degree=3| :  63%|██████▎   | 4415/7000 [02:55<01:01, 42.00it/s]
loss=0.039| sh degree=3| :  63%|██████▎   | 4415/7000 [02:55<01:01, 42.00it/s]
loss=0.033| sh degree=3| :  63%|██████▎   | 4415/7000 [02:55<01:01, 42.00it/s]
loss=0.033| sh degree=3| :  63%|██████▎   | 4420/7000 [02:55<01:01, 41.75it/s]
loss=0.049| sh degree=3| :  63%|██████▎   | 4420/7000 [02:55<01:01, 41.75it/s]
loss=0.038| sh degree=3| :  63%|██████▎   | 4420/7000 [02:55<01:01, 41.75it/s]
loss=0.057| sh degree=3| :  63%|██████▎   | 4420/7000 [02:55<01:01, 41.75it/s]
loss=0.045| sh degree=3| :  63%|██████▎   | 4420/7000 [02:55<01:01, 41.75it/s]
loss=0.048| sh degree=3| :  63%|██████▎   | 4420/7000 [02:55<01:01, 41.75it/s]
loss=0.048| sh degree=3| :  63%|██████▎   | 4425/7000 [02:55<01:00, 42.34it/s]
loss=0.044| sh degree=3| :  63%|██████▎   | 4425/7000 [02:55<01:00, 42.34it/s]
loss=0.048| sh degree=3| :  63%|██████▎   | 4425/7000 [02:55<01:00, 42.34it/s]
loss=0.040| sh degree=3| :  63%|██████▎   | 4425/7000 [02:55<01:00, 42.34it/s]
loss=0.033| sh degree=3| :  63%|██████▎   | 4425/7000 [02:55<01:00, 42.34it/s]
loss=0.033| sh degree=3| :  63%|██████▎   | 4425/7000 [02:55<01:00, 42.34it/s]
loss=0.033| sh degree=3| :  63%|██████▎   | 4430/7000 [02:55<01:00, 42.54it/s]
loss=0.057| sh degree=3| :  63%|██████▎   | 4430/7000 [02:55<01:00, 42.54it/s]
loss=0.048| sh degree=3| :  63%|██████▎   | 4430/7000 [02:55<01:00, 42.54it/s]
loss=0.057| sh degree=3| :  63%|██████▎   | 4430/7000 [02:55<01:00, 42.54it/s]
loss=0.052| sh degree=3| :  63%|██████▎   | 4430/7000 [02:55<01:00, 42.54it/s]
loss=0.039| sh degree=3| :  63%|██████▎   | 4430/7000 [02:55<01:00, 42.54it/s]
loss=0.039| sh degree=3| :  63%|██████▎   | 4435/7000 [02:55<01:00, 42.72it/s]
loss=0.034| sh degree=3| :  63%|██████▎   | 4435/7000 [02:55<01:00, 42.72it/s]
loss=0.040| sh degree=3| :  63%|██████▎   | 4435/7000 [02:55<01:00, 42.72it/s]
loss=0.032| sh degree=3| :  63%|██████▎   | 4435/7000 [02:55<01:00, 42.72it/s]
loss=0.057| sh degree=3| :  63%|██████▎   | 4435/7000 [02:55<01:00, 42.72it/s]
loss=0.041| sh degree=3| :  63%|██████▎   | 4435/7000 [02:55<01:00, 42.72it/s]
loss=0.041| sh degree=3| :  63%|██████▎   | 4440/7000 [02:55<01:00, 42.05it/s]
loss=0.031| sh degree=3| :  63%|██████▎   | 4440/7000 [02:55<01:00, 42.05it/s]
loss=0.038| sh degree=3| :  63%|██████▎   | 4440/7000 [02:55<01:00, 42.05it/s]
loss=0.044| sh degree=3| :  63%|██████▎   | 4440/7000 [02:55<01:00, 42.05it/s]
loss=0.034| sh degree=3| :  63%|██████▎   | 4440/7000 [02:56<01:00, 42.05it/s]
loss=0.055| sh degree=3| :  63%|██████▎   | 4440/7000 [02:56<01:00, 42.05it/s]
loss=0.055| sh degree=3| :  64%|██████▎   | 4445/7000 [02:56<00:59, 42.84it/s]
loss=0.030| sh degree=3| :  64%|██████▎   | 4445/7000 [02:56<00:59, 42.84it/s]
loss=0.049| sh degree=3| :  64%|██████▎   | 4445/7000 [02:56<00:59, 42.84it/s]
loss=0.046| sh degree=3| :  64%|██████▎   | 4445/7000 [02:56<00:59, 42.84it/s]
loss=0.041| sh degree=3| :  64%|██████▎   | 4445/7000 [02:56<00:59, 42.84it/s]
loss=0.045| sh degree=3| :  64%|██████▎   | 4445/7000 [02:56<00:59, 42.84it/s]
loss=0.045| sh degree=3| :  64%|██████▎   | 4450/7000 [02:56<00:58, 43.68it/s]
loss=0.044| sh degree=3| :  64%|██████▎   | 4450/7000 [02:56<00:58, 43.68it/s]
loss=0.032| sh degree=3| :  64%|██████▎   | 4450/7000 [02:56<00:58, 43.68it/s]
loss=0.041| sh degree=3| :  64%|██████▎   | 4450/7000 [02:56<00:58, 43.68it/s]
loss=0.047| sh degree=3| :  64%|██████▎   | 4450/7000 [02:56<00:58, 43.68it/s]
loss=0.035| sh degree=3| :  64%|██████▎   | 4450/7000 [02:56<00:58, 43.68it/s]
loss=0.035| sh degree=3| :  64%|██████▎   | 4455/7000 [02:56<01:00, 42.18it/s]
loss=0.044| sh degree=3| :  64%|██████▎   | 4455/7000 [02:56<01:00, 42.18it/s]
loss=0.056| sh degree=3| :  64%|██████▎   | 4455/7000 [02:56<01:00, 42.18it/s]
loss=0.040| sh degree=3| :  64%|██████▎   | 4455/7000 [02:56<01:00, 42.18it/s]
loss=0.039| sh degree=3| :  64%|██████▎   | 4455/7000 [02:56<01:00, 42.18it/s]
loss=0.045| sh degree=3| :  64%|██████▎   | 4455/7000 [02:56<01:00, 42.18it/s]
loss=0.045| sh degree=3| :  64%|██████▎   | 4460/7000 [02:56<01:03, 40.31it/s]
loss=0.032| sh degree=3| :  64%|██████▎   | 4460/7000 [02:56<01:03, 40.31it/s]
loss=0.036| sh degree=3| :  64%|██████▎   | 4460/7000 [02:56<01:03, 40.31it/s]
loss=0.037| sh degree=3| :  64%|██████▎   | 4460/7000 [02:56<01:03, 40.31it/s]
loss=0.042| sh degree=3| :  64%|██████▎   | 4460/7000 [02:56<01:03, 40.31it/s]
loss=0.090| sh degree=3| :  64%|██████▎   | 4460/7000 [02:56<01:03, 40.31it/s]
loss=0.090| sh degree=3| :  64%|██████▍   | 4465/7000 [02:56<01:04, 39.57it/s]
loss=0.036| sh degree=3| :  64%|██████▍   | 4465/7000 [02:56<01:04, 39.57it/s]
loss=0.033| sh degree=3| :  64%|██████▍   | 4465/7000 [02:56<01:04, 39.57it/s]
loss=0.037| sh degree=3| :  64%|██████▍   | 4465/7000 [02:56<01:04, 39.57it/s]
loss=0.042| sh degree=3| :  64%|██████▍   | 4465/7000 [02:56<01:04, 39.57it/s]
loss=0.036| sh degree=3| :  64%|██████▍   | 4465/7000 [02:56<01:04, 39.57it/s]
loss=0.036| sh degree=3| :  64%|██████▍   | 4470/7000 [02:56<01:03, 39.95it/s]
loss=0.051| sh degree=3| :  64%|██████▍   | 4470/7000 [02:56<01:03, 39.95it/s]
loss=0.043| sh degree=3| :  64%|██████▍   | 4470/7000 [02:56<01:03, 39.95it/s]
loss=0.042| sh degree=3| :  64%|██████▍   | 4470/7000 [02:56<01:03, 39.95it/s]
loss=0.045| sh degree=3| :  64%|██████▍   | 4470/7000 [02:56<01:03, 39.95it/s]
loss=0.036| sh degree=3| :  64%|██████▍   | 4470/7000 [02:56<01:03, 39.95it/s]
loss=0.036| sh degree=3| :  64%|██████▍   | 4475/7000 [02:56<01:00, 41.65it/s]
loss=0.046| sh degree=3| :  64%|██████▍   | 4475/7000 [02:56<01:00, 41.65it/s]
loss=0.042| sh degree=3| :  64%|██████▍   | 4475/7000 [02:56<01:00, 41.65it/s]
loss=0.044| sh degree=3| :  64%|██████▍   | 4475/7000 [02:56<01:00, 41.65it/s]
loss=0.043| sh degree=3| :  64%|██████▍   | 4475/7000 [02:56<01:00, 41.65it/s]
loss=0.049| sh degree=3| :  64%|██████▍   | 4475/7000 [02:56<01:00, 41.65it/s]
loss=0.049| sh degree=3| :  64%|██████▍   | 4480/7000 [02:56<00:58, 42.96it/s]
loss=0.057| sh degree=3| :  64%|██████▍   | 4480/7000 [02:56<00:58, 42.96it/s]
loss=0.042| sh degree=3| :  64%|██████▍   | 4480/7000 [02:56<00:58, 42.96it/s]
loss=0.037| sh degree=3| :  64%|██████▍   | 4480/7000 [02:56<00:58, 42.96it/s]
loss=0.046| sh degree=3| :  64%|██████▍   | 4480/7000 [02:56<00:58, 42.96it/s]
loss=0.042| sh degree=3| :  64%|██████▍   | 4480/7000 [02:56<00:58, 42.96it/s]
loss=0.042| sh degree=3| :  64%|██████▍   | 4485/7000 [02:57<00:58, 42.69it/s]
loss=0.042| sh degree=3| :  64%|██████▍   | 4485/7000 [02:57<00:58, 42.69it/s]
loss=0.041| sh degree=3| :  64%|██████▍   | 4485/7000 [02:57<00:58, 42.69it/s]
loss=0.034| sh degree=3| :  64%|██████▍   | 4485/7000 [02:57<00:58, 42.69it/s]
loss=0.033| sh degree=3| :  64%|██████▍   | 4485/7000 [02:57<00:58, 42.69it/s]
loss=0.044| sh degree=3| :  64%|██████▍   | 4485/7000 [02:57<00:58, 42.69it/s]
loss=0.044| sh degree=3| :  64%|██████▍   | 4490/7000 [02:57<01:00, 41.81it/s]
loss=0.049| sh degree=3| :  64%|██████▍   | 4490/7000 [02:57<01:00, 41.81it/s]
loss=0.055| sh degree=3| :  64%|██████▍   | 4490/7000 [02:57<01:00, 41.81it/s]
loss=0.048| sh degree=3| :  64%|██████▍   | 4490/7000 [02:57<01:00, 41.81it/s]
loss=0.036| sh degree=3| :  64%|██████▍   | 4490/7000 [02:57<01:00, 41.81it/s]
loss=0.050| sh degree=3| :  64%|██████▍   | 4490/7000 [02:57<01:00, 41.81it/s]
loss=0.050| sh degree=3| :  64%|██████▍   | 4495/7000 [02:57<01:00, 41.57it/s]
loss=0.050| sh degree=3| :  64%|██████▍   | 4495/7000 [02:57<01:00, 41.57it/s]
loss=0.051| sh degree=3| :  64%|██████▍   | 4495/7000 [02:57<01:00, 41.57it/s]
loss=0.043| sh degree=3| :  64%|██████▍   | 4495/7000 [02:57<01:00, 41.57it/s]
loss=0.045| sh degree=3| :  64%|██████▍   | 4495/7000 [02:57<01:00, 41.57it/s]
loss=0.043| sh degree=3| :  64%|██████▍   | 4495/7000 [02:57<01:00, 41.57it/s]
loss=0.043| sh degree=3| :  64%|██████▍   | 4500/7000 [02:57<01:00, 41.22it/s]
loss=0.036| sh degree=3| :  64%|██████▍   | 4500/7000 [02:57<01:00, 41.22it/s]
loss=0.049| sh degree=3| :  64%|██████▍   | 4500/7000 [02:57<01:00, 41.22it/s]
loss=0.049| sh degree=3| :  64%|██████▍   | 4500/7000 [02:57<01:00, 41.22it/s]
loss=0.053| sh degree=3| :  64%|██████▍   | 4500/7000 [02:57<01:00, 41.22it/s]
loss=0.044| sh degree=3| :  64%|██████▍   | 4500/7000 [02:57<01:00, 41.22it/s]
loss=0.044| sh degree=3| :  64%|██████▍   | 4505/7000 [02:57<01:02, 39.85it/s]
loss=0.046| sh degree=3| :  64%|██████▍   | 4505/7000 [02:57<01:02, 39.85it/s]
loss=0.047| sh degree=3| :  64%|██████▍   | 4505/7000 [02:57<01:02, 39.85it/s]
loss=0.043| sh degree=3| :  64%|██████▍   | 4505/7000 [02:57<01:02, 39.85it/s]
loss=0.040| sh degree=3| :  64%|██████▍   | 4505/7000 [02:57<01:02, 39.85it/s]
loss=0.044| sh degree=3| :  64%|██████▍   | 4505/7000 [02:57<01:02, 39.85it/s]
loss=0.044| sh degree=3| :  64%|██████▍   | 4510/7000 [02:57<01:04, 38.78it/s]
loss=0.038| sh degree=3| :  64%|██████▍   | 4510/7000 [02:57<01:04, 38.78it/s]
loss=0.040| sh degree=3| :  64%|██████▍   | 4510/7000 [02:57<01:04, 38.78it/s]
loss=0.051| sh degree=3| :  64%|██████▍   | 4510/7000 [02:57<01:04, 38.78it/s]
loss=0.041| sh degree=3| :  64%|██████▍   | 4510/7000 [02:57<01:04, 38.78it/s]
loss=0.047| sh degree=3| :  64%|██████▍   | 4510/7000 [02:57<01:04, 38.78it/s]
loss=0.047| sh degree=3| :  64%|██████▍   | 4515/7000 [02:57<01:02, 39.71it/s]
loss=0.047| sh degree=3| :  64%|██████▍   | 4515/7000 [02:57<01:02, 39.71it/s]
loss=0.058| sh degree=3| :  64%|██████▍   | 4515/7000 [02:57<01:02, 39.71it/s]
loss=0.046| sh degree=3| :  64%|██████▍   | 4515/7000 [02:57<01:02, 39.71it/s]
loss=0.036| sh degree=3| :  64%|██████▍   | 4515/7000 [02:57<01:02, 39.71it/s]
loss=0.036| sh degree=3| :  65%|██████▍   | 4519/7000 [02:57<01:02, 39.51it/s]
loss=0.053| sh degree=3| :  65%|██████▍   | 4519/7000 [02:57<01:02, 39.51it/s]
loss=0.043| sh degree=3| :  65%|██████▍   | 4519/7000 [02:57<01:02, 39.51it/s]
loss=0.055| sh degree=3| :  65%|██████▍   | 4519/7000 [02:57<01:02, 39.51it/s]
loss=0.061| sh degree=3| :  65%|██████▍   | 4519/7000 [02:57<01:02, 39.51it/s]
loss=0.049| sh degree=3| :  65%|██████▍   | 4519/7000 [02:57<01:02, 39.51it/s]
loss=0.049| sh degree=3| :  65%|██████▍   | 4524/7000 [02:57<01:02, 39.87it/s]
loss=0.042| sh degree=3| :  65%|██████▍   | 4524/7000 [02:58<01:02, 39.87it/s]
loss=0.039| sh degree=3| :  65%|██████▍   | 4524/7000 [02:58<01:02, 39.87it/s]
loss=0.037| sh degree=3| :  65%|██████▍   | 4524/7000 [02:58<01:02, 39.87it/s]
loss=0.048| sh degree=3| :  65%|██████▍   | 4524/7000 [02:58<01:02, 39.87it/s]
loss=0.057| sh degree=3| :  65%|██████▍   | 4524/7000 [02:58<01:02, 39.87it/s]
loss=0.057| sh degree=3| :  65%|██████▍   | 4529/7000 [02:58<01:01, 40.30it/s]
loss=0.044| sh degree=3| :  65%|██████▍   | 4529/7000 [02:58<01:01, 40.30it/s]
loss=0.048| sh degree=3| :  65%|██████▍   | 4529/7000 [02:58<01:01, 40.30it/s]
loss=0.055| sh degree=3| :  65%|██████▍   | 4529/7000 [02:58<01:01, 40.30it/s]
loss=0.043| sh degree=3| :  65%|██████▍   | 4529/7000 [02:58<01:01, 40.30it/s]
loss=0.037| sh degree=3| :  65%|██████▍   | 4529/7000 [02:58<01:01, 40.30it/s]
loss=0.037| sh degree=3| :  65%|██████▍   | 4534/7000 [02:58<01:02, 39.46it/s]
loss=0.039| sh degree=3| :  65%|██████▍   | 4534/7000 [02:58<01:02, 39.46it/s]
loss=0.036| sh degree=3| :  65%|██████▍   | 4534/7000 [02:58<01:02, 39.46it/s]
loss=0.055| sh degree=3| :  65%|██████▍   | 4534/7000 [02:58<01:02, 39.46it/s]
loss=0.044| sh degree=3| :  65%|██████▍   | 4534/7000 [02:58<01:02, 39.46it/s]
loss=0.036| sh degree=3| :  65%|██████▍   | 4534/7000 [02:58<01:02, 39.46it/s]
loss=0.036| sh degree=3| :  65%|██████▍   | 4539/7000 [02:58<01:00, 40.39it/s]
loss=0.044| sh degree=3| :  65%|██████▍   | 4539/7000 [02:58<01:00, 40.39it/s]
loss=0.036| sh degree=3| :  65%|██████▍   | 4539/7000 [02:58<01:00, 40.39it/s]
loss=0.043| sh degree=3| :  65%|██████▍   | 4539/7000 [02:58<01:00, 40.39it/s]
loss=0.035| sh degree=3| :  65%|██████▍   | 4539/7000 [02:58<01:00, 40.39it/s]
loss=0.045| sh degree=3| :  65%|██████▍   | 4539/7000 [02:58<01:00, 40.39it/s]
loss=0.045| sh degree=3| :  65%|██████▍   | 4544/7000 [02:58<01:01, 39.95it/s]
loss=0.039| sh degree=3| :  65%|██████▍   | 4544/7000 [02:58<01:01, 39.95it/s]
loss=0.044| sh degree=3| :  65%|██████▍   | 4544/7000 [02:58<01:01, 39.95it/s]
loss=0.057| sh degree=3| :  65%|██████▍   | 4544/7000 [02:58<01:01, 39.95it/s]
loss=0.044| sh degree=3| :  65%|██████▍   | 4544/7000 [02:58<01:01, 39.95it/s]
loss=0.041| sh degree=3| :  65%|██████▍   | 4544/7000 [02:58<01:01, 39.95it/s]
loss=0.041| sh degree=3| :  65%|██████▍   | 4549/7000 [02:58<00:58, 42.14it/s]
loss=0.030| sh degree=3| :  65%|██████▍   | 4549/7000 [02:58<00:58, 42.14it/s]
loss=0.036| sh degree=3| :  65%|██████▍   | 4549/7000 [02:58<00:58, 42.14it/s]
loss=0.059| sh degree=3| :  65%|██████▍   | 4549/7000 [02:58<00:58, 42.14it/s]
loss=0.036| sh degree=3| :  65%|██████▍   | 4549/7000 [02:58<00:58, 42.14it/s]
loss=0.036| sh degree=3| :  65%|██████▍   | 4549/7000 [02:58<00:58, 42.14it/s]
loss=0.036| sh degree=3| :  65%|██████▌   | 4554/7000 [02:58<00:58, 42.04it/s]
loss=0.039| sh degree=3| :  65%|██████▌   | 4554/7000 [02:58<00:58, 42.04it/s]
loss=0.043| sh degree=3| :  65%|██████▌   | 4554/7000 [02:58<00:58, 42.04it/s]
loss=0.036| sh degree=3| :  65%|██████▌   | 4554/7000 [02:58<00:58, 42.04it/s]
loss=0.038| sh degree=3| :  65%|██████▌   | 4554/7000 [02:58<00:58, 42.04it/s]
loss=0.054| sh degree=3| :  65%|██████▌   | 4554/7000 [02:58<00:58, 42.04it/s]
loss=0.054| sh degree=3| :  65%|██████▌   | 4559/7000 [02:58<00:59, 41.35it/s]
loss=0.043| sh degree=3| :  65%|██████▌   | 4559/7000 [02:58<00:59, 41.35it/s]
loss=0.068| sh degree=3| :  65%|██████▌   | 4559/7000 [02:58<00:59, 41.35it/s]
loss=0.033| sh degree=3| :  65%|██████▌   | 4559/7000 [02:58<00:59, 41.35it/s]
loss=0.040| sh degree=3| :  65%|██████▌   | 4559/7000 [02:58<00:59, 41.35it/s]
loss=0.044| sh degree=3| :  65%|██████▌   | 4559/7000 [02:58<00:59, 41.35it/s]
loss=0.044| sh degree=3| :  65%|██████▌   | 4564/7000 [02:58<00:59, 40.89it/s]
loss=0.050| sh degree=3| :  65%|██████▌   | 4564/7000 [02:58<00:59, 40.89it/s]
loss=0.041| sh degree=3| :  65%|██████▌   | 4564/7000 [02:59<00:59, 40.89it/s]
loss=0.075| sh degree=3| :  65%|██████▌   | 4564/7000 [02:59<00:59, 40.89it/s]
loss=0.038| sh degree=3| :  65%|██████▌   | 4564/7000 [02:59<00:59, 40.89it/s]
loss=0.035| sh degree=3| :  65%|██████▌   | 4564/7000 [02:59<00:59, 40.89it/s]
loss=0.035| sh degree=3| :  65%|██████▌   | 4569/7000 [02:59<01:00, 40.29it/s]
loss=0.032| sh degree=3| :  65%|██████▌   | 4569/7000 [02:59<01:00, 40.29it/s]
loss=0.047| sh degree=3| :  65%|██████▌   | 4569/7000 [02:59<01:00, 40.29it/s]
loss=0.032| sh degree=3| :  65%|██████▌   | 4569/7000 [02:59<01:00, 40.29it/s]
loss=0.050| sh degree=3| :  65%|██████▌   | 4569/7000 [02:59<01:00, 40.29it/s]
loss=0.047| sh degree=3| :  65%|██████▌   | 4569/7000 [02:59<01:00, 40.29it/s]
loss=0.047| sh degree=3| :  65%|██████▌   | 4574/7000 [02:59<00:58, 41.25it/s]
loss=0.059| sh degree=3| :  65%|██████▌   | 4574/7000 [02:59<00:58, 41.25it/s]
loss=0.038| sh degree=3| :  65%|██████▌   | 4574/7000 [02:59<00:58, 41.25it/s]
loss=0.046| sh degree=3| :  65%|██████▌   | 4574/7000 [02:59<00:58, 41.25it/s]
loss=0.058| sh degree=3| :  65%|██████▌   | 4574/7000 [02:59<00:58, 41.25it/s]
loss=0.037| sh degree=3| :  65%|██████▌   | 4574/7000 [02:59<00:58, 41.25it/s]
loss=0.037| sh degree=3| :  65%|██████▌   | 4579/7000 [02:59<00:59, 40.79it/s]
loss=0.034| sh degree=3| :  65%|██████▌   | 4579/7000 [02:59<00:59, 40.79it/s]
loss=0.049| sh degree=3| :  65%|██████▌   | 4579/7000 [02:59<00:59, 40.79it/s]
loss=0.032| sh degree=3| :  65%|██████▌   | 4579/7000 [02:59<00:59, 40.79it/s]
loss=0.055| sh degree=3| :  65%|██████▌   | 4579/7000 [02:59<00:59, 40.79it/s]
loss=0.033| sh degree=3| :  65%|██████▌   | 4579/7000 [02:59<00:59, 40.79it/s]
loss=0.033| sh degree=3| :  65%|██████▌   | 4584/7000 [02:59<00:58, 41.49it/s]
loss=0.050| sh degree=3| :  65%|██████▌   | 4584/7000 [02:59<00:58, 41.49it/s]
loss=0.030| sh degree=3| :  65%|██████▌   | 4584/7000 [02:59<00:58, 41.49it/s]
loss=0.031| sh degree=3| :  65%|██████▌   | 4584/7000 [02:59<00:58, 41.49it/s]
loss=0.041| sh degree=3| :  65%|██████▌   | 4584/7000 [02:59<00:58, 41.49it/s]
loss=0.035| sh degree=3| :  65%|██████▌   | 4584/7000 [02:59<00:58, 41.49it/s]
loss=0.035| sh degree=3| :  66%|██████▌   | 4589/7000 [02:59<00:58, 41.24it/s]
loss=0.046| sh degree=3| :  66%|██████▌   | 4589/7000 [02:59<00:58, 41.24it/s]
loss=0.042| sh degree=3| :  66%|██████▌   | 4589/7000 [02:59<00:58, 41.24it/s]
loss=0.041| sh degree=3| :  66%|██████▌   | 4589/7000 [02:59<00:58, 41.24it/s]
loss=0.066| sh degree=3| :  66%|██████▌   | 4589/7000 [02:59<00:58, 41.24it/s]
loss=0.043| sh degree=3| :  66%|██████▌   | 4589/7000 [02:59<00:58, 41.24it/s]
loss=0.043| sh degree=3| :  66%|██████▌   | 4594/7000 [02:59<01:14, 32.22it/s]
loss=0.047| sh degree=3| :  66%|██████▌   | 4594/7000 [02:59<01:14, 32.22it/s]
loss=0.064| sh degree=3| :  66%|██████▌   | 4594/7000 [02:59<01:14, 32.22it/s]
loss=0.041| sh degree=3| :  66%|██████▌   | 4594/7000 [02:59<01:14, 32.22it/s]
loss=0.047| sh degree=3| :  66%|██████▌   | 4594/7000 [02:59<01:14, 32.22it/s]
loss=0.031| sh degree=3| :  66%|██████▌   | 4594/7000 [02:59<01:14, 32.22it/s]
loss=0.031| sh degree=3| :  66%|██████▌   | 4599/7000 [02:59<01:09, 34.60it/s]
loss=0.045| sh degree=3| :  66%|██████▌   | 4599/7000 [02:59<01:09, 34.60it/s]
loss=0.049| sh degree=3| :  66%|██████▌   | 4599/7000 [02:59<01:09, 34.60it/s]
loss=0.043| sh degree=3| :  66%|██████▌   | 4599/7000 [03:00<01:09, 34.60it/s]
loss=0.048| sh degree=3| :  66%|██████▌   | 4599/7000 [03:00<01:09, 34.60it/s]
loss=0.048| sh degree=3| :  66%|██████▌   | 4603/7000 [03:00<01:10, 33.96it/s]
loss=0.034| sh degree=3| :  66%|██████▌   | 4603/7000 [03:00<01:10, 33.96it/s]
loss=0.044| sh degree=3| :  66%|██████▌   | 4603/7000 [03:00<01:10, 33.96it/s]
loss=0.058| sh degree=3| :  66%|██████▌   | 4603/7000 [03:00<01:10, 33.96it/s]
loss=0.036| sh degree=3| :  66%|██████▌   | 4603/7000 [03:00<01:10, 33.96it/s]
loss=0.036| sh degree=3| :  66%|██████▌   | 4607/7000 [03:00<01:07, 35.32it/s]
loss=0.032| sh degree=3| :  66%|██████▌   | 4607/7000 [03:00<01:07, 35.32it/s]
loss=0.043| sh degree=3| :  66%|██████▌   | 4607/7000 [03:00<01:07, 35.32it/s]
loss=0.037| sh degree=3| :  66%|██████▌   | 4607/7000 [03:00<01:07, 35.32it/s]
loss=0.049| sh degree=3| :  66%|██████▌   | 4607/7000 [03:00<01:07, 35.32it/s]
loss=0.045| sh degree=3| :  66%|██████▌   | 4607/7000 [03:00<01:07, 35.32it/s]
loss=0.045| sh degree=3| :  66%|██████▌   | 4612/7000 [03:00<01:04, 37.21it/s]
loss=0.055| sh degree=3| :  66%|██████▌   | 4612/7000 [03:00<01:04, 37.21it/s]
loss=0.039| sh degree=3| :  66%|██████▌   | 4612/7000 [03:00<01:04, 37.21it/s]
loss=0.048| sh degree=3| :  66%|██████▌   | 4612/7000 [03:00<01:04, 37.21it/s]
loss=0.031| sh degree=3| :  66%|██████▌   | 4612/7000 [03:00<01:04, 37.21it/s]
loss=0.031| sh degree=3| :  66%|██████▌   | 4616/7000 [03:00<01:03, 37.70it/s]
loss=0.045| sh degree=3| :  66%|██████▌   | 4616/7000 [03:00<01:03, 37.70it/s]
loss=0.044| sh degree=3| :  66%|██████▌   | 4616/7000 [03:00<01:03, 37.70it/s]
loss=0.042| sh degree=3| :  66%|██████▌   | 4616/7000 [03:00<01:03, 37.70it/s]
loss=0.042| sh degree=3| :  66%|██████▌   | 4616/7000 [03:00<01:03, 37.70it/s]
loss=0.042| sh degree=3| :  66%|██████▌   | 4616/7000 [03:00<01:03, 37.70it/s]
loss=0.042| sh degree=3| :  66%|██████▌   | 4621/7000 [03:00<00:58, 40.50it/s]
loss=0.037| sh degree=3| :  66%|██████▌   | 4621/7000 [03:00<00:58, 40.50it/s]
loss=0.030| sh degree=3| :  66%|██████▌   | 4621/7000 [03:00<00:58, 40.50it/s]
loss=0.036| sh degree=3| :  66%|██████▌   | 4621/7000 [03:00<00:58, 40.50it/s]
loss=0.051| sh degree=3| :  66%|██████▌   | 4621/7000 [03:00<00:58, 40.50it/s]
loss=0.050| sh degree=3| :  66%|██████▌   | 4621/7000 [03:00<00:58, 40.50it/s]
loss=0.050| sh degree=3| :  66%|██████▌   | 4626/7000 [03:00<00:57, 41.64it/s]
loss=0.042| sh degree=3| :  66%|██████▌   | 4626/7000 [03:00<00:57, 41.64it/s]
loss=0.054| sh degree=3| :  66%|██████▌   | 4626/7000 [03:00<00:57, 41.64it/s]
loss=0.031| sh degree=3| :  66%|██████▌   | 4626/7000 [03:00<00:57, 41.64it/s]
loss=0.038| sh degree=3| :  66%|██████▌   | 4626/7000 [03:00<00:57, 41.64it/s]
loss=0.047| sh degree=3| :  66%|██████▌   | 4626/7000 [03:00<00:57, 41.64it/s]
loss=0.047| sh degree=3| :  66%|██████▌   | 4631/7000 [03:00<00:54, 43.08it/s]
loss=0.040| sh degree=3| :  66%|██████▌   | 4631/7000 [03:00<00:54, 43.08it/s]
loss=0.030| sh degree=3| :  66%|██████▌   | 4631/7000 [03:00<00:54, 43.08it/s]
loss=0.046| sh degree=3| :  66%|██████▌   | 4631/7000 [03:00<00:54, 43.08it/s]
loss=0.087| sh degree=3| :  66%|██████▌   | 4631/7000 [03:00<00:54, 43.08it/s]
loss=0.031| sh degree=3| :  66%|██████▌   | 4631/7000 [03:00<00:54, 43.08it/s]
loss=0.031| sh degree=3| :  66%|██████▌   | 4636/7000 [03:00<00:57, 41.40it/s]
loss=0.035| sh degree=3| :  66%|██████▌   | 4636/7000 [03:00<00:57, 41.40it/s]
loss=0.028| sh degree=3| :  66%|██████▌   | 4636/7000 [03:00<00:57, 41.40it/s]
loss=0.037| sh degree=3| :  66%|██████▌   | 4636/7000 [03:00<00:57, 41.40it/s]
loss=0.034| sh degree=3| :  66%|██████▌   | 4636/7000 [03:00<00:57, 41.40it/s]
loss=0.043| sh degree=3| :  66%|██████▌   | 4636/7000 [03:00<00:57, 41.40it/s]
loss=0.043| sh degree=3| :  66%|██████▋   | 4641/7000 [03:00<00:58, 40.44it/s]
loss=0.035| sh degree=3| :  66%|██████▋   | 4641/7000 [03:00<00:58, 40.44it/s]
loss=0.050| sh degree=3| :  66%|██████▋   | 4641/7000 [03:00<00:58, 40.44it/s]
loss=0.054| sh degree=3| :  66%|██████▋   | 4641/7000 [03:01<00:58, 40.44it/s]
loss=0.045| sh degree=3| :  66%|██████▋   | 4641/7000 [03:01<00:58, 40.44it/s]
loss=0.054| sh degree=3| :  66%|██████▋   | 4641/7000 [03:01<00:58, 40.44it/s]
loss=0.054| sh degree=3| :  66%|██████▋   | 4646/7000 [03:01<00:56, 42.02it/s]
loss=0.056| sh degree=3| :  66%|██████▋   | 4646/7000 [03:01<00:56, 42.02it/s]
loss=0.047| sh degree=3| :  66%|██████▋   | 4646/7000 [03:01<00:56, 42.02it/s]
loss=0.046| sh degree=3| :  66%|██████▋   | 4646/7000 [03:01<00:56, 42.02it/s]
loss=0.048| sh degree=3| :  66%|██████▋   | 4646/7000 [03:01<00:56, 42.02it/s]
loss=0.051| sh degree=3| :  66%|██████▋   | 4646/7000 [03:01<00:56, 42.02it/s]
loss=0.051| sh degree=3| :  66%|██████▋   | 4651/7000 [03:01<00:54, 42.83it/s]
loss=0.047| sh degree=3| :  66%|██████▋   | 4651/7000 [03:01<00:54, 42.83it/s]
loss=0.071| sh degree=3| :  66%|██████▋   | 4651/7000 [03:01<00:54, 42.83it/s]
loss=0.047| sh degree=3| :  66%|██████▋   | 4651/7000 [03:01<00:54, 42.83it/s]
loss=0.034| sh degree=3| :  66%|██████▋   | 4651/7000 [03:01<00:54, 42.83it/s]
loss=0.058| sh degree=3| :  66%|██████▋   | 4651/7000 [03:01<00:54, 42.83it/s]
loss=0.058| sh degree=3| :  67%|██████▋   | 4656/7000 [03:01<00:57, 40.77it/s]
loss=0.047| sh degree=3| :  67%|██████▋   | 4656/7000 [03:01<00:57, 40.77it/s]
loss=0.053| sh degree=3| :  67%|██████▋   | 4656/7000 [03:01<00:57, 40.77it/s]
loss=0.041| sh degree=3| :  67%|██████▋   | 4656/7000 [03:01<00:57, 40.77it/s]
loss=0.050| sh degree=3| :  67%|██████▋   | 4656/7000 [03:01<00:57, 40.77it/s]
loss=0.043| sh degree=3| :  67%|██████▋   | 4656/7000 [03:01<00:57, 40.77it/s]
loss=0.043| sh degree=3| :  67%|██████▋   | 4661/7000 [03:01<00:58, 40.05it/s]
loss=0.033| sh degree=3| :  67%|██████▋   | 4661/7000 [03:01<00:58, 40.05it/s]
loss=0.036| sh degree=3| :  67%|██████▋   | 4661/7000 [03:01<00:58, 40.05it/s]
loss=0.032| sh degree=3| :  67%|██████▋   | 4661/7000 [03:01<00:58, 40.05it/s]
loss=0.051| sh degree=3| :  67%|██████▋   | 4661/7000 [03:01<00:58, 40.05it/s]
loss=0.037| sh degree=3| :  67%|██████▋   | 4661/7000 [03:01<00:58, 40.05it/s]
loss=0.037| sh degree=3| :  67%|██████▋   | 4666/7000 [03:01<00:59, 39.35it/s]
loss=0.037| sh degree=3| :  67%|██████▋   | 4666/7000 [03:01<00:59, 39.35it/s]
loss=0.054| sh degree=3| :  67%|██████▋   | 4666/7000 [03:01<00:59, 39.35it/s]
loss=0.044| sh degree=3| :  67%|██████▋   | 4666/7000 [03:01<00:59, 39.35it/s]
loss=0.037| sh degree=3| :  67%|██████▋   | 4666/7000 [03:01<00:59, 39.35it/s]
loss=0.045| sh degree=3| :  67%|██████▋   | 4666/7000 [03:01<00:59, 39.35it/s]
loss=0.045| sh degree=3| :  67%|██████▋   | 4671/7000 [03:01<00:57, 40.76it/s]
loss=0.048| sh degree=3| :  67%|██████▋   | 4671/7000 [03:01<00:57, 40.76it/s]
loss=0.044| sh degree=3| :  67%|██████▋   | 4671/7000 [03:01<00:57, 40.76it/s]
loss=0.050| sh degree=3| :  67%|██████▋   | 4671/7000 [03:01<00:57, 40.76it/s]
loss=0.043| sh degree=3| :  67%|██████▋   | 4671/7000 [03:01<00:57, 40.76it/s]
loss=0.043| sh degree=3| :  67%|██████▋   | 4671/7000 [03:01<00:57, 40.76it/s]
loss=0.043| sh degree=3| :  67%|██████▋   | 4676/7000 [03:01<00:57, 40.15it/s]
loss=0.035| sh degree=3| :  67%|██████▋   | 4676/7000 [03:01<00:57, 40.15it/s]
loss=0.042| sh degree=3| :  67%|██████▋   | 4676/7000 [03:01<00:57, 40.15it/s]
loss=0.044| sh degree=3| :  67%|██████▋   | 4676/7000 [03:01<00:57, 40.15it/s]
loss=0.065| sh degree=3| :  67%|██████▋   | 4676/7000 [03:01<00:57, 40.15it/s]
loss=0.034| sh degree=3| :  67%|██████▋   | 4676/7000 [03:01<00:57, 40.15it/s]
loss=0.034| sh degree=3| :  67%|██████▋   | 4681/7000 [03:01<00:56, 40.79it/s]
loss=0.033| sh degree=3| :  67%|██████▋   | 4681/7000 [03:01<00:56, 40.79it/s]
loss=0.046| sh degree=3| :  67%|██████▋   | 4681/7000 [03:01<00:56, 40.79it/s]
loss=0.046| sh degree=3| :  67%|██████▋   | 4681/7000 [03:02<00:56, 40.79it/s]
loss=0.045| sh degree=3| :  67%|██████▋   | 4681/7000 [03:02<00:56, 40.79it/s]
loss=0.051| sh degree=3| :  67%|██████▋   | 4681/7000 [03:02<00:56, 40.79it/s]
loss=0.051| sh degree=3| :  67%|██████▋   | 4686/7000 [03:02<00:58, 39.59it/s]
loss=0.051| sh degree=3| :  67%|██████▋   | 4686/7000 [03:02<00:58, 39.59it/s]
loss=0.043| sh degree=3| :  67%|██████▋   | 4686/7000 [03:02<00:58, 39.59it/s]
loss=0.043| sh degree=3| :  67%|██████▋   | 4686/7000 [03:02<00:58, 39.59it/s]
loss=0.045| sh degree=3| :  67%|██████▋   | 4686/7000 [03:02<00:58, 39.59it/s]
loss=0.039| sh degree=3| :  67%|██████▋   | 4686/7000 [03:02<00:58, 39.59it/s]
loss=0.039| sh degree=3| :  67%|██████▋   | 4691/7000 [03:02<00:57, 40.27it/s]
loss=0.039| sh degree=3| :  67%|██████▋   | 4691/7000 [03:02<00:57, 40.27it/s]
loss=0.044| sh degree=3| :  67%|██████▋   | 4691/7000 [03:02<00:57, 40.27it/s]
loss=0.040| sh degree=3| :  67%|██████▋   | 4691/7000 [03:02<00:57, 40.27it/s]
loss=0.041| sh degree=3| :  67%|██████▋   | 4691/7000 [03:02<00:57, 40.27it/s]
loss=0.046| sh degree=3| :  67%|██████▋   | 4691/7000 [03:02<00:57, 40.27it/s]
loss=0.046| sh degree=3| :  67%|██████▋   | 4696/7000 [03:02<00:57, 39.80it/s]
loss=0.036| sh degree=3| :  67%|██████▋   | 4696/7000 [03:02<00:57, 39.80it/s]
loss=0.035| sh degree=3| :  67%|██████▋   | 4696/7000 [03:02<00:57, 39.80it/s]
loss=0.050| sh degree=3| :  67%|██████▋   | 4696/7000 [03:02<00:57, 39.80it/s]
loss=0.042| sh degree=3| :  67%|██████▋   | 4696/7000 [03:02<00:57, 39.80it/s]
loss=0.040| sh degree=3| :  67%|██████▋   | 4696/7000 [03:02<00:57, 39.80it/s]
loss=0.040| sh degree=3| :  67%|██████▋   | 4701/7000 [03:02<00:59, 38.46it/s]
loss=0.045| sh degree=3| :  67%|██████▋   | 4701/7000 [03:02<00:59, 38.46it/s]
loss=0.042| sh degree=3| :  67%|██████▋   | 4701/7000 [03:02<00:59, 38.46it/s]
loss=0.052| sh degree=3| :  67%|██████▋   | 4701/7000 [03:02<00:59, 38.46it/s]
loss=0.047| sh degree=3| :  67%|██████▋   | 4701/7000 [03:02<00:59, 38.46it/s]
loss=0.051| sh degree=3| :  67%|██████▋   | 4701/7000 [03:02<00:59, 38.46it/s]
loss=0.051| sh degree=3| :  67%|██████▋   | 4706/7000 [03:02<00:58, 38.89it/s]
loss=0.051| sh degree=3| :  67%|██████▋   | 4706/7000 [03:02<00:58, 38.89it/s]
loss=0.063| sh degree=3| :  67%|██████▋   | 4706/7000 [03:02<00:58, 38.89it/s]
loss=0.044| sh degree=3| :  67%|██████▋   | 4706/7000 [03:02<00:58, 38.89it/s]
loss=0.037| sh degree=3| :  67%|██████▋   | 4706/7000 [03:02<00:58, 38.89it/s]
loss=0.047| sh degree=3| :  67%|██████▋   | 4706/7000 [03:02<00:58, 38.89it/s]
loss=0.047| sh degree=3| :  67%|██████▋   | 4711/7000 [03:02<00:58, 39.40it/s]
loss=0.043| sh degree=3| :  67%|██████▋   | 4711/7000 [03:02<00:58, 39.40it/s]
loss=0.038| sh degree=3| :  67%|██████▋   | 4711/7000 [03:02<00:58, 39.40it/s]
loss=0.049| sh degree=3| :  67%|██████▋   | 4711/7000 [03:02<00:58, 39.40it/s]
loss=0.046| sh degree=3| :  67%|██████▋   | 4711/7000 [03:02<00:58, 39.40it/s]
loss=0.036| sh degree=3| :  67%|██████▋   | 4711/7000 [03:02<00:58, 39.40it/s]
loss=0.036| sh degree=3| :  67%|██████▋   | 4716/7000 [03:02<00:57, 40.02it/s]
loss=0.036| sh degree=3| :  67%|██████▋   | 4716/7000 [03:02<00:57, 40.02it/s]
loss=0.036| sh degree=3| :  67%|██████▋   | 4716/7000 [03:02<00:57, 40.02it/s]
loss=0.034| sh degree=3| :  67%|██████▋   | 4716/7000 [03:02<00:57, 40.02it/s]
loss=0.035| sh degree=3| :  67%|██████▋   | 4716/7000 [03:02<00:57, 40.02it/s]
loss=0.055| sh degree=3| :  67%|██████▋   | 4716/7000 [03:02<00:57, 40.02it/s]
loss=0.055| sh degree=3| :  67%|██████▋   | 4721/7000 [03:02<00:58, 38.86it/s]
loss=0.054| sh degree=3| :  67%|██████▋   | 4721/7000 [03:02<00:58, 38.86it/s]
loss=0.055| sh degree=3| :  67%|██████▋   | 4721/7000 [03:03<00:58, 38.86it/s]
loss=0.040| sh degree=3| :  67%|██████▋   | 4721/7000 [03:03<00:58, 38.86it/s]
loss=0.046| sh degree=3| :  67%|██████▋   | 4721/7000 [03:03<00:58, 38.86it/s]
loss=0.044| sh degree=3| :  67%|██████▋   | 4721/7000 [03:03<00:58, 38.86it/s]
loss=0.044| sh degree=3| :  68%|██████▊   | 4726/7000 [03:03<00:57, 39.34it/s]
loss=0.034| sh degree=3| :  68%|██████▊   | 4726/7000 [03:03<00:57, 39.34it/s]
loss=0.037| sh degree=3| :  68%|██████▊   | 4726/7000 [03:03<00:57, 39.34it/s]
loss=0.044| sh degree=3| :  68%|██████▊   | 4726/7000 [03:03<00:57, 39.34it/s]
loss=0.032| sh degree=3| :  68%|██████▊   | 4726/7000 [03:03<00:57, 39.34it/s]
loss=0.035| sh degree=3| :  68%|██████▊   | 4726/7000 [03:03<00:57, 39.34it/s]
loss=0.035| sh degree=3| :  68%|██████▊   | 4731/7000 [03:03<00:56, 39.95it/s]
loss=0.031| sh degree=3| :  68%|██████▊   | 4731/7000 [03:03<00:56, 39.95it/s]
loss=0.032| sh degree=3| :  68%|██████▊   | 4731/7000 [03:03<00:56, 39.95it/s]
loss=0.034| sh degree=3| :  68%|██████▊   | 4731/7000 [03:03<00:56, 39.95it/s]
loss=0.039| sh degree=3| :  68%|██████▊   | 4731/7000 [03:03<00:56, 39.95it/s]
loss=0.040| sh degree=3| :  68%|██████▊   | 4731/7000 [03:03<00:56, 39.95it/s]
loss=0.040| sh degree=3| :  68%|██████▊   | 4736/7000 [03:03<00:57, 39.21it/s]
loss=0.045| sh degree=3| :  68%|██████▊   | 4736/7000 [03:03<00:57, 39.21it/s]
loss=0.045| sh degree=3| :  68%|██████▊   | 4736/7000 [03:03<00:57, 39.21it/s]
loss=0.048| sh degree=3| :  68%|██████▊   | 4736/7000 [03:03<00:57, 39.21it/s]
loss=0.037| sh degree=3| :  68%|██████▊   | 4736/7000 [03:03<00:57, 39.21it/s]
loss=0.040| sh degree=3| :  68%|██████▊   | 4736/7000 [03:03<00:57, 39.21it/s]
loss=0.040| sh degree=3| :  68%|██████▊   | 4741/7000 [03:03<00:55, 40.39it/s]
loss=0.031| sh degree=3| :  68%|██████▊   | 4741/7000 [03:03<00:55, 40.39it/s]
loss=0.029| sh degree=3| :  68%|██████▊   | 4741/7000 [03:03<00:55, 40.39it/s]
loss=0.034| sh degree=3| :  68%|██████▊   | 4741/7000 [03:03<00:55, 40.39it/s]
loss=0.031| sh degree=3| :  68%|██████▊   | 4741/7000 [03:03<00:55, 40.39it/s]
loss=0.041| sh degree=3| :  68%|██████▊   | 4741/7000 [03:03<00:55, 40.39it/s]
loss=0.041| sh degree=3| :  68%|██████▊   | 4746/7000 [03:03<00:56, 39.82it/s]
loss=0.046| sh degree=3| :  68%|██████▊   | 4746/7000 [03:03<00:56, 39.82it/s]
loss=0.054| sh degree=3| :  68%|██████▊   | 4746/7000 [03:03<00:56, 39.82it/s]
loss=0.035| sh degree=3| :  68%|██████▊   | 4746/7000 [03:03<00:56, 39.82it/s]
loss=0.048| sh degree=3| :  68%|██████▊   | 4746/7000 [03:03<00:56, 39.82it/s]
loss=0.047| sh degree=3| :  68%|██████▊   | 4746/7000 [03:03<00:56, 39.82it/s]
loss=0.047| sh degree=3| :  68%|██████▊   | 4751/7000 [03:03<00:55, 40.45it/s]
loss=0.038| sh degree=3| :  68%|██████▊   | 4751/7000 [03:03<00:55, 40.45it/s]
loss=0.031| sh degree=3| :  68%|██████▊   | 4751/7000 [03:03<00:55, 40.45it/s]
loss=0.049| sh degree=3| :  68%|██████▊   | 4751/7000 [03:03<00:55, 40.45it/s]
loss=0.046| sh degree=3| :  68%|██████▊   | 4751/7000 [03:03<00:55, 40.45it/s]
loss=0.049| sh degree=3| :  68%|██████▊   | 4751/7000 [03:03<00:55, 40.45it/s]
loss=0.049| sh degree=3| :  68%|██████▊   | 4756/7000 [03:03<00:53, 42.10it/s]
loss=0.043| sh degree=3| :  68%|██████▊   | 4756/7000 [03:03<00:53, 42.10it/s]
loss=0.044| sh degree=3| :  68%|██████▊   | 4756/7000 [03:03<00:53, 42.10it/s]
loss=0.045| sh degree=3| :  68%|██████▊   | 4756/7000 [03:03<00:53, 42.10it/s]
loss=0.030| sh degree=3| :  68%|██████▊   | 4756/7000 [03:03<00:53, 42.10it/s]
loss=0.031| sh degree=3| :  68%|██████▊   | 4756/7000 [03:03<00:53, 42.10it/s]
loss=0.031| sh degree=3| :  68%|██████▊   | 4761/7000 [03:03<00:51, 43.40it/s]
loss=0.044| sh degree=3| :  68%|██████▊   | 4761/7000 [03:03<00:51, 43.40it/s]
loss=0.058| sh degree=3| :  68%|██████▊   | 4761/7000 [03:03<00:51, 43.40it/s]
loss=0.030| sh degree=3| :  68%|██████▊   | 4761/7000 [03:03<00:51, 43.40it/s]
loss=0.037| sh degree=3| :  68%|██████▊   | 4761/7000 [03:04<00:51, 43.40it/s]
loss=0.031| sh degree=3| :  68%|██████▊   | 4761/7000 [03:04<00:51, 43.40it/s]
loss=0.031| sh degree=3| :  68%|██████▊   | 4766/7000 [03:04<00:52, 42.75it/s]
loss=0.050| sh degree=3| :  68%|██████▊   | 4766/7000 [03:04<00:52, 42.75it/s]
loss=0.044| sh degree=3| :  68%|██████▊   | 4766/7000 [03:04<00:52, 42.75it/s]
loss=0.043| sh degree=3| :  68%|██████▊   | 4766/7000 [03:04<00:52, 42.75it/s]
loss=0.045| sh degree=3| :  68%|██████▊   | 4766/7000 [03:04<00:52, 42.75it/s]
loss=0.034| sh degree=3| :  68%|██████▊   | 4766/7000 [03:04<00:52, 42.75it/s]
loss=0.034| sh degree=3| :  68%|██████▊   | 4771/7000 [03:04<00:54, 40.67it/s]
loss=0.043| sh degree=3| :  68%|██████▊   | 4771/7000 [03:04<00:54, 40.67it/s]
loss=0.047| sh degree=3| :  68%|██████▊   | 4771/7000 [03:04<00:54, 40.67it/s]
loss=0.040| sh degree=3| :  68%|██████▊   | 4771/7000 [03:04<00:54, 40.67it/s]
loss=0.040| sh degree=3| :  68%|██████▊   | 4771/7000 [03:04<00:54, 40.67it/s]
loss=0.047| sh degree=3| :  68%|██████▊   | 4771/7000 [03:04<00:54, 40.67it/s]
loss=0.047| sh degree=3| :  68%|██████▊   | 4776/7000 [03:04<00:54, 41.09it/s]
loss=0.033| sh degree=3| :  68%|██████▊   | 4776/7000 [03:04<00:54, 41.09it/s]
loss=0.031| sh degree=3| :  68%|██████▊   | 4776/7000 [03:04<00:54, 41.09it/s]
loss=0.054| sh degree=3| :  68%|██████▊   | 4776/7000 [03:04<00:54, 41.09it/s]
loss=0.044| sh degree=3| :  68%|██████▊   | 4776/7000 [03:04<00:54, 41.09it/s]
loss=0.052| sh degree=3| :  68%|██████▊   | 4776/7000 [03:04<00:54, 41.09it/s]
loss=0.052| sh degree=3| :  68%|██████▊   | 4781/7000 [03:04<00:55, 40.21it/s]
loss=0.030| sh degree=3| :  68%|██████▊   | 4781/7000 [03:04<00:55, 40.21it/s]
loss=0.042| sh degree=3| :  68%|██████▊   | 4781/7000 [03:04<00:55, 40.21it/s]
loss=0.044| sh degree=3| :  68%|██████▊   | 4781/7000 [03:04<00:55, 40.21it/s]
loss=0.043| sh degree=3| :  68%|██████▊   | 4781/7000 [03:04<00:55, 40.21it/s]
loss=0.036| sh degree=3| :  68%|██████▊   | 4781/7000 [03:04<00:55, 40.21it/s]
loss=0.036| sh degree=3| :  68%|██████▊   | 4786/7000 [03:04<00:53, 41.12it/s]
loss=0.034| sh degree=3| :  68%|██████▊   | 4786/7000 [03:04<00:53, 41.12it/s]
loss=0.044| sh degree=3| :  68%|██████▊   | 4786/7000 [03:04<00:53, 41.12it/s]
loss=0.034| sh degree=3| :  68%|██████▊   | 4786/7000 [03:04<00:53, 41.12it/s]
loss=0.029| sh degree=3| :  68%|██████▊   | 4786/7000 [03:04<00:53, 41.12it/s]
loss=0.046| sh degree=3| :  68%|██████▊   | 4786/7000 [03:04<00:53, 41.12it/s]
loss=0.046| sh degree=3| :  68%|██████▊   | 4791/7000 [03:04<00:56, 38.90it/s]
loss=0.044| sh degree=3| :  68%|██████▊   | 4791/7000 [03:04<00:56, 38.90it/s]
loss=0.049| sh degree=3| :  68%|██████▊   | 4791/7000 [03:04<00:56, 38.90it/s]
loss=0.044| sh degree=3| :  68%|██████▊   | 4791/7000 [03:04<00:56, 38.90it/s]
loss=0.045| sh degree=3| :  68%|██████▊   | 4791/7000 [03:04<00:56, 38.90it/s]
loss=0.060| sh degree=3| :  68%|██████▊   | 4791/7000 [03:04<00:56, 38.90it/s]
loss=0.060| sh degree=3| :  69%|██████▊   | 4796/7000 [03:04<00:54, 40.34it/s]
loss=0.030| sh degree=3| :  69%|██████▊   | 4796/7000 [03:04<00:54, 40.34it/s]
loss=0.066| sh degree=3| :  69%|██████▊   | 4796/7000 [03:04<00:54, 40.34it/s]
loss=0.036| sh degree=3| :  69%|██████▊   | 4796/7000 [03:04<00:54, 40.34it/s]
loss=0.034| sh degree=3| :  69%|██████▊   | 4796/7000 [03:04<00:54, 40.34it/s]
loss=0.031| sh degree=3| :  69%|██████▊   | 4796/7000 [03:04<00:54, 40.34it/s]
loss=0.031| sh degree=3| :  69%|██████▊   | 4801/7000 [03:04<00:58, 37.81it/s]
loss=0.045| sh degree=3| :  69%|██████▊   | 4801/7000 [03:04<00:58, 37.81it/s]
loss=0.055| sh degree=3| :  69%|██████▊   | 4801/7000 [03:04<00:58, 37.81it/s]
loss=0.044| sh degree=3| :  69%|██████▊   | 4801/7000 [03:05<00:58, 37.81it/s]
loss=0.048| sh degree=3| :  69%|██████▊   | 4801/7000 [03:05<00:58, 37.81it/s]
loss=0.037| sh degree=3| :  69%|██████▊   | 4801/7000 [03:05<00:58, 37.81it/s]
loss=0.037| sh degree=3| :  69%|██████▊   | 4806/7000 [03:05<00:55, 39.72it/s]
loss=0.048| sh degree=3| :  69%|██████▊   | 4806/7000 [03:05<00:55, 39.72it/s]
loss=0.045| sh degree=3| :  69%|██████▊   | 4806/7000 [03:05<00:55, 39.72it/s]
loss=0.045| sh degree=3| :  69%|██████▊   | 4806/7000 [03:05<00:55, 39.72it/s]
loss=0.042| sh degree=3| :  69%|██████▊   | 4806/7000 [03:05<00:55, 39.72it/s]
loss=0.040| sh degree=3| :  69%|██████▊   | 4806/7000 [03:05<00:55, 39.72it/s]
loss=0.040| sh degree=3| :  69%|██████▊   | 4811/7000 [03:05<00:53, 41.02it/s]
loss=0.039| sh degree=3| :  69%|██████▊   | 4811/7000 [03:05<00:53, 41.02it/s]
loss=0.032| sh degree=3| :  69%|██████▊   | 4811/7000 [03:05<00:53, 41.02it/s]
loss=0.042| sh degree=3| :  69%|██████▊   | 4811/7000 [03:05<00:53, 41.02it/s]
loss=0.030| sh degree=3| :  69%|██████▊   | 4811/7000 [03:05<00:53, 41.02it/s]
loss=0.037| sh degree=3| :  69%|██████▊   | 4811/7000 [03:05<00:53, 41.02it/s]
loss=0.037| sh degree=3| :  69%|██████▉   | 4816/7000 [03:05<00:54, 40.34it/s]
loss=0.042| sh degree=3| :  69%|██████▉   | 4816/7000 [03:05<00:54, 40.34it/s]
loss=0.030| sh degree=3| :  69%|██████▉   | 4816/7000 [03:05<00:54, 40.34it/s]
loss=0.038| sh degree=3| :  69%|██████▉   | 4816/7000 [03:05<00:54, 40.34it/s]
loss=0.032| sh degree=3| :  69%|██████▉   | 4816/7000 [03:05<00:54, 40.34it/s]
loss=0.036| sh degree=3| :  69%|██████▉   | 4816/7000 [03:05<00:54, 40.34it/s]
loss=0.036| sh degree=3| :  69%|██████▉   | 4821/7000 [03:05<00:53, 40.66it/s]
loss=0.036| sh degree=3| :  69%|██████▉   | 4821/7000 [03:05<00:53, 40.66it/s]
loss=0.047| sh degree=3| :  69%|██████▉   | 4821/7000 [03:05<00:53, 40.66it/s]
loss=0.053| sh degree=3| :  69%|██████▉   | 4821/7000 [03:05<00:53, 40.66it/s]
loss=0.037| sh degree=3| :  69%|██████▉   | 4821/7000 [03:05<00:53, 40.66it/s]
loss=0.030| sh degree=3| :  69%|██████▉   | 4821/7000 [03:05<00:53, 40.66it/s]
loss=0.030| sh degree=3| :  69%|██████▉   | 4826/7000 [03:05<00:54, 40.20it/s]
loss=0.044| sh degree=3| :  69%|██████▉   | 4826/7000 [03:05<00:54, 40.20it/s]
loss=0.044| sh degree=3| :  69%|██████▉   | 4826/7000 [03:05<00:54, 40.20it/s]
loss=0.075| sh degree=3| :  69%|██████▉   | 4826/7000 [03:05<00:54, 40.20it/s]
loss=0.033| sh degree=3| :  69%|██████▉   | 4826/7000 [03:05<00:54, 40.20it/s]
loss=0.048| sh degree=3| :  69%|██████▉   | 4826/7000 [03:05<00:54, 40.20it/s]
loss=0.048| sh degree=3| :  69%|██████▉   | 4831/7000 [03:05<00:53, 40.18it/s]
loss=0.057| sh degree=3| :  69%|██████▉   | 4831/7000 [03:05<00:53, 40.18it/s]
loss=0.045| sh degree=3| :  69%|██████▉   | 4831/7000 [03:05<00:53, 40.18it/s]
loss=0.034| sh degree=3| :  69%|██████▉   | 4831/7000 [03:05<00:53, 40.18it/s]
loss=0.045| sh degree=3| :  69%|██████▉   | 4831/7000 [03:05<00:53, 40.18it/s]
loss=0.041| sh degree=3| :  69%|██████▉   | 4831/7000 [03:05<00:53, 40.18it/s]
loss=0.041| sh degree=3| :  69%|██████▉   | 4836/7000 [03:05<00:54, 39.87it/s]
loss=0.045| sh degree=3| :  69%|██████▉   | 4836/7000 [03:05<00:54, 39.87it/s]
loss=0.035| sh degree=3| :  69%|██████▉   | 4836/7000 [03:05<00:54, 39.87it/s]
loss=0.031| sh degree=3| :  69%|██████▉   | 4836/7000 [03:05<00:54, 39.87it/s]
loss=0.058| sh degree=3| :  69%|██████▉   | 4836/7000 [03:05<00:54, 39.87it/s]
loss=0.058| sh degree=3| :  69%|██████▉   | 4840/7000 [03:05<00:54, 39.53it/s]
loss=0.050| sh degree=3| :  69%|██████▉   | 4840/7000 [03:05<00:54, 39.53it/s]
loss=0.040| sh degree=3| :  69%|██████▉   | 4840/7000 [03:05<00:54, 39.53it/s]
loss=0.043| sh degree=3| :  69%|██████▉   | 4840/7000 [03:05<00:54, 39.53it/s]
loss=0.046| sh degree=3| :  69%|██████▉   | 4840/7000 [03:05<00:54, 39.53it/s]
loss=0.036| sh degree=3| :  69%|██████▉   | 4840/7000 [03:06<00:54, 39.53it/s]
loss=0.036| sh degree=3| :  69%|██████▉   | 4845/7000 [03:06<00:53, 40.25it/s]
loss=0.034| sh degree=3| :  69%|██████▉   | 4845/7000 [03:06<00:53, 40.25it/s]
loss=0.047| sh degree=3| :  69%|██████▉   | 4845/7000 [03:06<00:53, 40.25it/s]
loss=0.044| sh degree=3| :  69%|██████▉   | 4845/7000 [03:06<00:53, 40.25it/s]
loss=0.031| sh degree=3| :  69%|██████▉   | 4845/7000 [03:06<00:53, 40.25it/s]
loss=0.051| sh degree=3| :  69%|██████▉   | 4845/7000 [03:06<00:53, 40.25it/s]
loss=0.051| sh degree=3| :  69%|██████▉   | 4850/7000 [03:06<01:03, 33.69it/s]
loss=0.034| sh degree=3| :  69%|██████▉   | 4850/7000 [03:06<01:03, 33.69it/s]
loss=0.033| sh degree=3| :  69%|██████▉   | 4850/7000 [03:06<01:03, 33.69it/s]
loss=0.035| sh degree=3| :  69%|██████▉   | 4850/7000 [03:06<01:03, 33.69it/s]
loss=0.048| sh degree=3| :  69%|██████▉   | 4850/7000 [03:06<01:03, 33.69it/s]
loss=0.040| sh degree=3| :  69%|██████▉   | 4850/7000 [03:06<01:03, 33.69it/s]
loss=0.040| sh degree=3| :  69%|██████▉   | 4855/7000 [03:06<01:00, 35.45it/s]
loss=0.031| sh degree=3| :  69%|██████▉   | 4855/7000 [03:06<01:00, 35.45it/s]
loss=0.030| sh degree=3| :  69%|██████▉   | 4855/7000 [03:06<01:00, 35.45it/s]
loss=0.033| sh degree=3| :  69%|██████▉   | 4855/7000 [03:06<01:00, 35.45it/s]
loss=0.034| sh degree=3| :  69%|██████▉   | 4855/7000 [03:06<01:00, 35.45it/s]
loss=0.034| sh degree=3| :  69%|██████▉   | 4859/7000 [03:06<00:58, 36.43it/s]
loss=0.030| sh degree=3| :  69%|██████▉   | 4859/7000 [03:06<00:58, 36.43it/s]
loss=0.040| sh degree=3| :  69%|██████▉   | 4859/7000 [03:06<00:58, 36.43it/s]
loss=0.101| sh degree=3| :  69%|██████▉   | 4859/7000 [03:06<00:58, 36.43it/s]
loss=0.055| sh degree=3| :  69%|██████▉   | 4859/7000 [03:06<00:58, 36.43it/s]
loss=0.055| sh degree=3| :  69%|██████▉   | 4863/7000 [03:06<00:58, 36.41it/s]
loss=0.059| sh degree=3| :  69%|██████▉   | 4863/7000 [03:06<00:58, 36.41it/s]
loss=0.049| sh degree=3| :  69%|██████▉   | 4863/7000 [03:06<00:58, 36.41it/s]
loss=0.052| sh degree=3| :  69%|██████▉   | 4863/7000 [03:06<00:58, 36.41it/s]
loss=0.041| sh degree=3| :  69%|██████▉   | 4863/7000 [03:06<00:58, 36.41it/s]
loss=0.041| sh degree=3| :  70%|██████▉   | 4867/7000 [03:06<00:57, 37.12it/s]
loss=0.033| sh degree=3| :  70%|██████▉   | 4867/7000 [03:06<00:57, 37.12it/s]
loss=0.041| sh degree=3| :  70%|██████▉   | 4867/7000 [03:06<00:57, 37.12it/s]
loss=0.033| sh degree=3| :  70%|██████▉   | 4867/7000 [03:06<00:57, 37.12it/s]
loss=0.037| sh degree=3| :  70%|██████▉   | 4867/7000 [03:06<00:57, 37.12it/s]
loss=0.037| sh degree=3| :  70%|██████▉   | 4871/7000 [03:06<00:57, 37.22it/s]
loss=0.032| sh degree=3| :  70%|██████▉   | 4871/7000 [03:06<00:57, 37.22it/s]
loss=0.052| sh degree=3| :  70%|██████▉   | 4871/7000 [03:06<00:57, 37.22it/s]
loss=0.038| sh degree=3| :  70%|██████▉   | 4871/7000 [03:06<00:57, 37.22it/s]
loss=0.044| sh degree=3| :  70%|██████▉   | 4871/7000 [03:06<00:57, 37.22it/s]
loss=0.044| sh degree=3| :  70%|██████▉   | 4875/7000 [03:06<00:57, 37.12it/s]
loss=0.041| sh degree=3| :  70%|██████▉   | 4875/7000 [03:06<00:57, 37.12it/s]
loss=0.043| sh degree=3| :  70%|██████▉   | 4875/7000 [03:06<00:57, 37.12it/s]
loss=0.042| sh degree=3| :  70%|██████▉   | 4875/7000 [03:06<00:57, 37.12it/s]
loss=0.033| sh degree=3| :  70%|██████▉   | 4875/7000 [03:06<00:57, 37.12it/s]
loss=0.033| sh degree=3| :  70%|██████▉   | 4879/7000 [03:06<00:57, 37.10it/s]
loss=0.044| sh degree=3| :  70%|██████▉   | 4879/7000 [03:07<00:57, 37.10it/s]
loss=0.030| sh degree=3| :  70%|██████▉   | 4879/7000 [03:07<00:57, 37.10it/s]
loss=0.029| sh degree=3| :  70%|██████▉   | 4879/7000 [03:07<00:57, 37.10it/s]
loss=0.039| sh degree=3| :  70%|██████▉   | 4879/7000 [03:07<00:57, 37.10it/s]
loss=0.043| sh degree=3| :  70%|██████▉   | 4879/7000 [03:07<00:57, 37.10it/s]
loss=0.043| sh degree=3| :  70%|██████▉   | 4884/7000 [03:07<00:55, 38.45it/s]
loss=0.029| sh degree=3| :  70%|██████▉   | 4884/7000 [03:07<00:55, 38.45it/s]
loss=0.044| sh degree=3| :  70%|██████▉   | 4884/7000 [03:07<00:55, 38.45it/s]
loss=0.028| sh degree=3| :  70%|██████▉   | 4884/7000 [03:07<00:55, 38.45it/s]
loss=0.041| sh degree=3| :  70%|██████▉   | 4884/7000 [03:07<00:55, 38.45it/s]
loss=0.042| sh degree=3| :  70%|██████▉   | 4884/7000 [03:07<00:55, 38.45it/s]
loss=0.042| sh degree=3| :  70%|██████▉   | 4889/7000 [03:07<00:53, 39.72it/s]
loss=0.040| sh degree=3| :  70%|██████▉   | 4889/7000 [03:07<00:53, 39.72it/s]
loss=0.030| sh degree=3| :  70%|██████▉   | 4889/7000 [03:07<00:53, 39.72it/s]
loss=0.037| sh degree=3| :  70%|██████▉   | 4889/7000 [03:07<00:53, 39.72it/s]
loss=0.040| sh degree=3| :  70%|██████▉   | 4889/7000 [03:07<00:53, 39.72it/s]
loss=0.040| sh degree=3| :  70%|██████▉   | 4893/7000 [03:07<00:53, 39.67it/s]
loss=0.026| sh degree=3| :  70%|██████▉   | 4893/7000 [03:07<00:53, 39.67it/s]
loss=0.045| sh degree=3| :  70%|██████▉   | 4893/7000 [03:07<00:53, 39.67it/s]
loss=0.047| sh degree=3| :  70%|██████▉   | 4893/7000 [03:07<00:53, 39.67it/s]
loss=0.048| sh degree=3| :  70%|██████▉   | 4893/7000 [03:07<00:53, 39.67it/s]
loss=0.054| sh degree=3| :  70%|██████▉   | 4893/7000 [03:07<00:53, 39.67it/s]
loss=0.054| sh degree=3| :  70%|██████▉   | 4898/7000 [03:07<00:52, 39.91it/s]
loss=0.032| sh degree=3| :  70%|██████▉   | 4898/7000 [03:07<00:52, 39.91it/s]
loss=0.048| sh degree=3| :  70%|██████▉   | 4898/7000 [03:07<00:52, 39.91it/s]
loss=0.034| sh degree=3| :  70%|██████▉   | 4898/7000 [03:07<00:52, 39.91it/s]
loss=0.041| sh degree=3| :  70%|██████▉   | 4898/7000 [03:07<00:52, 39.91it/s]
loss=0.041| sh degree=3| :  70%|███████   | 4902/7000 [03:07<00:57, 36.38it/s]
loss=0.036| sh degree=3| :  70%|███████   | 4902/7000 [03:07<00:57, 36.38it/s]
loss=0.057| sh degree=3| :  70%|███████   | 4902/7000 [03:07<00:57, 36.38it/s]
loss=0.054| sh degree=3| :  70%|███████   | 4902/7000 [03:07<00:57, 36.38it/s]
loss=0.048| sh degree=3| :  70%|███████   | 4902/7000 [03:07<00:57, 36.38it/s]
loss=0.037| sh degree=3| :  70%|███████   | 4902/7000 [03:07<00:57, 36.38it/s]
loss=0.037| sh degree=3| :  70%|███████   | 4907/7000 [03:07<00:54, 38.21it/s]
loss=0.049| sh degree=3| :  70%|███████   | 4907/7000 [03:07<00:54, 38.21it/s]
loss=0.040| sh degree=3| :  70%|███████   | 4907/7000 [03:07<00:54, 38.21it/s]
loss=0.052| sh degree=3| :  70%|███████   | 4907/7000 [03:07<00:54, 38.21it/s]
loss=0.043| sh degree=3| :  70%|███████   | 4907/7000 [03:07<00:54, 38.21it/s]
loss=0.043| sh degree=3| :  70%|███████   | 4911/7000 [03:07<00:55, 37.39it/s]
loss=0.032| sh degree=3| :  70%|███████   | 4911/7000 [03:07<00:55, 37.39it/s]
loss=0.068| sh degree=3| :  70%|███████   | 4911/7000 [03:07<00:55, 37.39it/s]
loss=0.047| sh degree=3| :  70%|███████   | 4911/7000 [03:07<00:55, 37.39it/s]
loss=0.040| sh degree=3| :  70%|███████   | 4911/7000 [03:07<00:55, 37.39it/s]
loss=0.040| sh degree=3| :  70%|███████   | 4915/7000 [03:07<00:55, 37.45it/s]
loss=0.039| sh degree=3| :  70%|███████   | 4915/7000 [03:07<00:55, 37.45it/s]
loss=0.047| sh degree=3| :  70%|███████   | 4915/7000 [03:07<00:55, 37.45it/s]
loss=0.062| sh degree=3| :  70%|███████   | 4915/7000 [03:07<00:55, 37.45it/s]
loss=0.047| sh degree=3| :  70%|███████   | 4915/7000 [03:08<00:55, 37.45it/s]
loss=0.038| sh degree=3| :  70%|███████   | 4915/7000 [03:08<00:55, 37.45it/s]
loss=0.038| sh degree=3| :  70%|███████   | 4920/7000 [03:08<00:54, 37.90it/s]
loss=0.042| sh degree=3| :  70%|███████   | 4920/7000 [03:08<00:54, 37.90it/s]
loss=0.031| sh degree=3| :  70%|███████   | 4920/7000 [03:08<00:54, 37.90it/s]
loss=0.037| sh degree=3| :  70%|███████   | 4920/7000 [03:08<00:54, 37.90it/s]
loss=0.050| sh degree=3| :  70%|███████   | 4920/7000 [03:08<00:54, 37.90it/s]
loss=0.034| sh degree=3| :  70%|███████   | 4920/7000 [03:08<00:54, 37.90it/s]
loss=0.034| sh degree=3| :  70%|███████   | 4925/7000 [03:08<00:52, 39.17it/s]
loss=0.044| sh degree=3| :  70%|███████   | 4925/7000 [03:08<00:52, 39.17it/s]
loss=0.045| sh degree=3| :  70%|███████   | 4925/7000 [03:08<00:52, 39.17it/s]
loss=0.038| sh degree=3| :  70%|███████   | 4925/7000 [03:08<00:52, 39.17it/s]
loss=0.060| sh degree=3| :  70%|███████   | 4925/7000 [03:08<00:52, 39.17it/s]
loss=0.060| sh degree=3| :  70%|███████   | 4929/7000 [03:08<00:53, 38.77it/s]
loss=0.058| sh degree=3| :  70%|███████   | 4929/7000 [03:08<00:53, 38.77it/s]
loss=0.047| sh degree=3| :  70%|███████   | 4929/7000 [03:08<00:53, 38.77it/s]
loss=0.037| sh degree=3| :  70%|███████   | 4929/7000 [03:08<00:53, 38.77it/s]
loss=0.048| sh degree=3| :  70%|███████   | 4929/7000 [03:08<00:53, 38.77it/s]
loss=0.036| sh degree=3| :  70%|███████   | 4929/7000 [03:08<00:53, 38.77it/s]
loss=0.036| sh degree=3| :  70%|███████   | 4934/7000 [03:08<00:50, 40.61it/s]
loss=0.036| sh degree=3| :  70%|███████   | 4934/7000 [03:08<00:50, 40.61it/s]
loss=0.030| sh degree=3| :  70%|███████   | 4934/7000 [03:08<00:50, 40.61it/s]
loss=0.051| sh degree=3| :  70%|███████   | 4934/7000 [03:08<00:50, 40.61it/s]
loss=0.043| sh degree=3| :  70%|███████   | 4934/7000 [03:08<00:50, 40.61it/s]
loss=0.034| sh degree=3| :  70%|███████   | 4934/7000 [03:08<00:50, 40.61it/s]
loss=0.034| sh degree=3| :  71%|███████   | 4939/7000 [03:08<00:51, 39.99it/s]
loss=0.051| sh degree=3| :  71%|███████   | 4939/7000 [03:08<00:51, 39.99it/s]
loss=0.033| sh degree=3| :  71%|███████   | 4939/7000 [03:08<00:51, 39.99it/s]
loss=0.047| sh degree=3| :  71%|███████   | 4939/7000 [03:08<00:51, 39.99it/s]
loss=0.041| sh degree=3| :  71%|███████   | 4939/7000 [03:08<00:51, 39.99it/s]
loss=0.052| sh degree=3| :  71%|███████   | 4939/7000 [03:08<00:51, 39.99it/s]
loss=0.052| sh degree=3| :  71%|███████   | 4944/7000 [03:08<00:52, 38.83it/s]
loss=0.044| sh degree=3| :  71%|███████   | 4944/7000 [03:08<00:52, 38.83it/s]
loss=0.046| sh degree=3| :  71%|███████   | 4944/7000 [03:08<00:52, 38.83it/s]
loss=0.044| sh degree=3| :  71%|███████   | 4944/7000 [03:08<00:52, 38.83it/s]
loss=0.048| sh degree=3| :  71%|███████   | 4944/7000 [03:08<00:52, 38.83it/s]
loss=0.048| sh degree=3| :  71%|███████   | 4948/7000 [03:08<00:52, 39.11it/s]
loss=0.081| sh degree=3| :  71%|███████   | 4948/7000 [03:08<00:52, 39.11it/s]
loss=0.048| sh degree=3| :  71%|███████   | 4948/7000 [03:08<00:52, 39.11it/s]
loss=0.044| sh degree=3| :  71%|███████   | 4948/7000 [03:08<00:52, 39.11it/s]
loss=0.042| sh degree=3| :  71%|███████   | 4948/7000 [03:08<00:52, 39.11it/s]
loss=0.042| sh degree=3| :  71%|███████   | 4948/7000 [03:08<00:52, 39.11it/s]
loss=0.042| sh degree=3| :  71%|███████   | 4953/7000 [03:08<00:51, 40.11it/s]
loss=0.043| sh degree=3| :  71%|███████   | 4953/7000 [03:08<00:51, 40.11it/s]
loss=0.043| sh degree=3| :  71%|███████   | 4953/7000 [03:08<00:51, 40.11it/s]
loss=0.036| sh degree=3| :  71%|███████   | 4953/7000 [03:08<00:51, 40.11it/s]
loss=0.045| sh degree=3| :  71%|███████   | 4953/7000 [03:08<00:51, 40.11it/s]
loss=0.035| sh degree=3| :  71%|███████   | 4953/7000 [03:08<00:51, 40.11it/s]
loss=0.035| sh degree=3| :  71%|███████   | 4958/7000 [03:09<00:50, 40.16it/s]
loss=0.065| sh degree=3| :  71%|███████   | 4958/7000 [03:09<00:50, 40.16it/s]
loss=0.033| sh degree=3| :  71%|███████   | 4958/7000 [03:09<00:50, 40.16it/s]
loss=0.034| sh degree=3| :  71%|███████   | 4958/7000 [03:09<00:50, 40.16it/s]
loss=0.043| sh degree=3| :  71%|███████   | 4958/7000 [03:09<00:50, 40.16it/s]
loss=0.046| sh degree=3| :  71%|███████   | 4958/7000 [03:09<00:50, 40.16it/s]
loss=0.046| sh degree=3| :  71%|███████   | 4963/7000 [03:09<00:52, 38.83it/s]
loss=0.051| sh degree=3| :  71%|███████   | 4963/7000 [03:09<00:52, 38.83it/s]
loss=0.045| sh degree=3| :  71%|███████   | 4963/7000 [03:09<00:52, 38.83it/s]
loss=0.034| sh degree=3| :  71%|███████   | 4963/7000 [03:09<00:52, 38.83it/s]
loss=0.046| sh degree=3| :  71%|███████   | 4963/7000 [03:09<00:52, 38.83it/s]
loss=0.059| sh degree=3| :  71%|███████   | 4963/7000 [03:09<00:52, 38.83it/s]
loss=0.059| sh degree=3| :  71%|███████   | 4968/7000 [03:09<00:51, 39.59it/s]
loss=0.040| sh degree=3| :  71%|███████   | 4968/7000 [03:09<00:51, 39.59it/s]
loss=0.060| sh degree=3| :  71%|███████   | 4968/7000 [03:09<00:51, 39.59it/s]
loss=0.033| sh degree=3| :  71%|███████   | 4968/7000 [03:09<00:51, 39.59it/s]
loss=0.034| sh degree=3| :  71%|███████   | 4968/7000 [03:09<00:51, 39.59it/s]
loss=0.034| sh degree=3| :  71%|███████   | 4972/7000 [03:09<00:51, 39.48it/s]
loss=0.041| sh degree=3| :  71%|███████   | 4972/7000 [03:09<00:51, 39.48it/s]
loss=0.042| sh degree=3| :  71%|███████   | 4972/7000 [03:09<00:51, 39.48it/s]
loss=0.061| sh degree=3| :  71%|███████   | 4972/7000 [03:09<00:51, 39.48it/s]
loss=0.041| sh degree=3| :  71%|███████   | 4972/7000 [03:09<00:51, 39.48it/s]
loss=0.040| sh degree=3| :  71%|███████   | 4972/7000 [03:09<00:51, 39.48it/s]
loss=0.040| sh degree=3| :  71%|███████   | 4977/7000 [03:09<00:50, 40.31it/s]
loss=0.041| sh degree=3| :  71%|███████   | 4977/7000 [03:09<00:50, 40.31it/s]
loss=0.033| sh degree=3| :  71%|███████   | 4977/7000 [03:09<00:50, 40.31it/s]
loss=0.050| sh degree=3| :  71%|███████   | 4977/7000 [03:09<00:50, 40.31it/s]
loss=0.038| sh degree=3| :  71%|███████   | 4977/7000 [03:09<00:50, 40.31it/s]
loss=0.037| sh degree=3| :  71%|███████   | 4977/7000 [03:09<00:50, 40.31it/s]
loss=0.037| sh degree=3| :  71%|███████   | 4982/7000 [03:09<00:49, 40.40it/s]
loss=0.036| sh degree=3| :  71%|███████   | 4982/7000 [03:09<00:49, 40.40it/s]
loss=0.037| sh degree=3| :  71%|███████   | 4982/7000 [03:09<00:49, 40.40it/s]
loss=0.045| sh degree=3| :  71%|███████   | 4982/7000 [03:09<00:49, 40.40it/s]
loss=0.038| sh degree=3| :  71%|███████   | 4982/7000 [03:09<00:49, 40.40it/s]
loss=0.034| sh degree=3| :  71%|███████   | 4982/7000 [03:09<00:49, 40.40it/s]
loss=0.034| sh degree=3| :  71%|███████   | 4987/7000 [03:09<00:51, 39.30it/s]
loss=0.035| sh degree=3| :  71%|███████   | 4987/7000 [03:09<00:51, 39.30it/s]
loss=0.030| sh degree=3| :  71%|███████   | 4987/7000 [03:09<00:51, 39.30it/s]
loss=0.040| sh degree=3| :  71%|███████   | 4987/7000 [03:09<00:51, 39.30it/s]
loss=0.039| sh degree=3| :  71%|███████   | 4987/7000 [03:09<00:51, 39.30it/s]
loss=0.033| sh degree=3| :  71%|███████   | 4987/7000 [03:09<00:51, 39.30it/s]
loss=0.033| sh degree=3| :  71%|███████▏  | 4992/7000 [03:09<00:50, 40.16it/s]
loss=0.035| sh degree=3| :  71%|███████▏  | 4992/7000 [03:09<00:50, 40.16it/s]
loss=0.033| sh degree=3| :  71%|███████▏  | 4992/7000 [03:09<00:50, 40.16it/s]
loss=0.067| sh degree=3| :  71%|███████▏  | 4992/7000 [03:09<00:50, 40.16it/s]
loss=0.043| sh degree=3| :  71%|███████▏  | 4992/7000 [03:09<00:50, 40.16it/s]
loss=0.030| sh degree=3| :  71%|███████▏  | 4992/7000 [03:09<00:50, 40.16it/s]
loss=0.030| sh degree=3| :  71%|███████▏  | 4997/7000 [03:09<00:51, 39.11it/s]
loss=0.041| sh degree=3| :  71%|███████▏  | 4997/7000 [03:10<00:51, 39.11it/s]
loss=0.032| sh degree=3| :  71%|███████▏  | 4997/7000 [03:10<00:51, 39.11it/s]
loss=0.042| sh degree=3| :  71%|███████▏  | 4997/7000 [03:10<00:51, 39.11it/s]
loss=0.047| sh degree=3| :  71%|███████▏  | 4997/7000 [03:10<00:51, 39.11it/s]
loss=0.047| sh degree=3| :  71%|███████▏  | 5001/7000 [03:10<00:52, 37.93it/s]
loss=0.054| sh degree=3| :  71%|███████▏  | 5001/7000 [03:10<00:52, 37.93it/s]
loss=0.051| sh degree=3| :  71%|███████▏  | 5001/7000 [03:10<00:52, 37.93it/s]
loss=0.032| sh degree=3| :  71%|███████▏  | 5001/7000 [03:10<00:52, 37.93it/s]
loss=0.036| sh degree=3| :  71%|███████▏  | 5001/7000 [03:10<00:52, 37.93it/s]
loss=0.036| sh degree=3| :  72%|███████▏  | 5005/7000 [03:10<00:51, 38.37it/s]
loss=0.036| sh degree=3| :  72%|███████▏  | 5005/7000 [03:10<00:51, 38.37it/s]
loss=0.033| sh degree=3| :  72%|███████▏  | 5005/7000 [03:10<00:51, 38.37it/s]
loss=0.040| sh degree=3| :  72%|███████▏  | 5005/7000 [03:10<00:51, 38.37it/s]
loss=0.046| sh degree=3| :  72%|███████▏  | 5005/7000 [03:10<00:51, 38.37it/s]
loss=0.046| sh degree=3| :  72%|███████▏  | 5009/7000 [03:10<00:51, 38.42it/s]
loss=0.045| sh degree=3| :  72%|███████▏  | 5009/7000 [03:10<00:51, 38.42it/s]
loss=0.044| sh degree=3| :  72%|███████▏  | 5009/7000 [03:10<00:51, 38.42it/s]
loss=0.048| sh degree=3| :  72%|███████▏  | 5009/7000 [03:10<00:51, 38.42it/s]
loss=0.045| sh degree=3| :  72%|███████▏  | 5009/7000 [03:10<00:51, 38.42it/s]
loss=0.034| sh degree=3| :  72%|███████▏  | 5009/7000 [03:10<00:51, 38.42it/s]
loss=0.034| sh degree=3| :  72%|███████▏  | 5014/7000 [03:10<00:50, 39.16it/s]
loss=0.059| sh degree=3| :  72%|███████▏  | 5014/7000 [03:10<00:50, 39.16it/s]
loss=0.067| sh degree=3| :  72%|███████▏  | 5014/7000 [03:10<00:50, 39.16it/s]
loss=0.044| sh degree=3| :  72%|███████▏  | 5014/7000 [03:10<00:50, 39.16it/s]
loss=0.046| sh degree=3| :  72%|███████▏  | 5014/7000 [03:10<00:50, 39.16it/s]
loss=0.052| sh degree=3| :  72%|███████▏  | 5014/7000 [03:10<00:50, 39.16it/s]
loss=0.052| sh degree=3| :  72%|███████▏  | 5019/7000 [03:10<00:48, 40.91it/s]
loss=0.029| sh degree=3| :  72%|███████▏  | 5019/7000 [03:10<00:48, 40.91it/s]
loss=0.043| sh degree=3| :  72%|███████▏  | 5019/7000 [03:10<00:48, 40.91it/s]
loss=0.044| sh degree=3| :  72%|███████▏  | 5019/7000 [03:10<00:48, 40.91it/s]
loss=0.037| sh degree=3| :  72%|███████▏  | 5019/7000 [03:10<00:48, 40.91it/s]
loss=0.046| sh degree=3| :  72%|███████▏  | 5019/7000 [03:10<00:48, 40.91it/s]
loss=0.046| sh degree=3| :  72%|███████▏  | 5024/7000 [03:10<00:49, 40.18it/s]
loss=0.030| sh degree=3| :  72%|███████▏  | 5024/7000 [03:10<00:49, 40.18it/s]
loss=0.044| sh degree=3| :  72%|███████▏  | 5024/7000 [03:10<00:49, 40.18it/s]
loss=0.034| sh degree=3| :  72%|███████▏  | 5024/7000 [03:10<00:49, 40.18it/s]
loss=0.044| sh degree=3| :  72%|███████▏  | 5024/7000 [03:10<00:49, 40.18it/s]
loss=0.041| sh degree=3| :  72%|███████▏  | 5024/7000 [03:10<00:49, 40.18it/s]
loss=0.041| sh degree=3| :  72%|███████▏  | 5029/7000 [03:10<00:48, 40.68it/s]
loss=0.036| sh degree=3| :  72%|███████▏  | 5029/7000 [03:10<00:48, 40.68it/s]
loss=0.047| sh degree=3| :  72%|███████▏  | 5029/7000 [03:10<00:48, 40.68it/s]
loss=0.035| sh degree=3| :  72%|███████▏  | 5029/7000 [03:10<00:48, 40.68it/s]
loss=0.039| sh degree=3| :  72%|███████▏  | 5029/7000 [03:10<00:48, 40.68it/s]
loss=0.046| sh degree=3| :  72%|███████▏  | 5029/7000 [03:10<00:48, 40.68it/s]
loss=0.046| sh degree=3| :  72%|███████▏  | 5034/7000 [03:10<00:47, 41.31it/s]
loss=0.053| sh degree=3| :  72%|███████▏  | 5034/7000 [03:10<00:47, 41.31it/s]
loss=0.040| sh degree=3| :  72%|███████▏  | 5034/7000 [03:10<00:47, 41.31it/s]
loss=0.044| sh degree=3| :  72%|███████▏  | 5034/7000 [03:10<00:47, 41.31it/s]
loss=0.044| sh degree=3| :  72%|███████▏  | 5034/7000 [03:10<00:47, 41.31it/s]
loss=0.071| sh degree=3| :  72%|███████▏  | 5034/7000 [03:11<00:47, 41.31it/s]
loss=0.071| sh degree=3| :  72%|███████▏  | 5039/7000 [03:11<00:48, 40.79it/s]
loss=0.042| sh degree=3| :  72%|███████▏  | 5039/7000 [03:11<00:48, 40.79it/s]
loss=0.041| sh degree=3| :  72%|███████▏  | 5039/7000 [03:11<00:48, 40.79it/s]
loss=0.039| sh degree=3| :  72%|███████▏  | 5039/7000 [03:11<00:48, 40.79it/s]
loss=0.039| sh degree=3| :  72%|███████▏  | 5039/7000 [03:11<00:48, 40.79it/s]
loss=0.032| sh degree=3| :  72%|███████▏  | 5039/7000 [03:11<00:48, 40.79it/s]
loss=0.032| sh degree=3| :  72%|███████▏  | 5044/7000 [03:11<00:47, 41.50it/s]
loss=0.052| sh degree=3| :  72%|███████▏  | 5044/7000 [03:11<00:47, 41.50it/s]
loss=0.030| sh degree=3| :  72%|███████▏  | 5044/7000 [03:11<00:47, 41.50it/s]
loss=0.037| sh degree=3| :  72%|███████▏  | 5044/7000 [03:11<00:47, 41.50it/s]
loss=0.044| sh degree=3| :  72%|███████▏  | 5044/7000 [03:11<00:47, 41.50it/s]
loss=0.041| sh degree=3| :  72%|███████▏  | 5044/7000 [03:11<00:47, 41.50it/s]
loss=0.041| sh degree=3| :  72%|███████▏  | 5049/7000 [03:11<00:48, 40.41it/s]
loss=0.046| sh degree=3| :  72%|███████▏  | 5049/7000 [03:11<00:48, 40.41it/s]
loss=0.051| sh degree=3| :  72%|███████▏  | 5049/7000 [03:11<00:48, 40.41it/s]
loss=0.036| sh degree=3| :  72%|███████▏  | 5049/7000 [03:11<00:48, 40.41it/s]
loss=0.031| sh degree=3| :  72%|███████▏  | 5049/7000 [03:11<00:48, 40.41it/s]
loss=0.044| sh degree=3| :  72%|███████▏  | 5049/7000 [03:11<00:48, 40.41it/s]
loss=0.044| sh degree=3| :  72%|███████▏  | 5054/7000 [03:11<00:46, 41.56it/s]
loss=0.036| sh degree=3| :  72%|███████▏  | 5054/7000 [03:11<00:46, 41.56it/s]
loss=0.037| sh degree=3| :  72%|███████▏  | 5054/7000 [03:11<00:46, 41.56it/s]
loss=0.041| sh degree=3| :  72%|███████▏  | 5054/7000 [03:11<00:46, 41.56it/s]
loss=0.056| sh degree=3| :  72%|███████▏  | 5054/7000 [03:11<00:46, 41.56it/s]
loss=0.034| sh degree=3| :  72%|███████▏  | 5054/7000 [03:11<00:46, 41.56it/s]
loss=0.034| sh degree=3| :  72%|███████▏  | 5059/7000 [03:11<00:46, 41.40it/s]
loss=0.040| sh degree=3| :  72%|███████▏  | 5059/7000 [03:11<00:46, 41.40it/s]
loss=0.044| sh degree=3| :  72%|███████▏  | 5059/7000 [03:11<00:46, 41.40it/s]
loss=0.030| sh degree=3| :  72%|███████▏  | 5059/7000 [03:11<00:46, 41.40it/s]
loss=0.040| sh degree=3| :  72%|███████▏  | 5059/7000 [03:11<00:46, 41.40it/s]
loss=0.052| sh degree=3| :  72%|███████▏  | 5059/7000 [03:11<00:46, 41.40it/s]
loss=0.052| sh degree=3| :  72%|███████▏  | 5064/7000 [03:11<00:46, 41.96it/s]
loss=0.052| sh degree=3| :  72%|███████▏  | 5064/7000 [03:11<00:46, 41.96it/s]
loss=0.037| sh degree=3| :  72%|███████▏  | 5064/7000 [03:11<00:46, 41.96it/s]
loss=0.043| sh degree=3| :  72%|███████▏  | 5064/7000 [03:11<00:46, 41.96it/s]
loss=0.033| sh degree=3| :  72%|███████▏  | 5064/7000 [03:11<00:46, 41.96it/s]
loss=0.052| sh degree=3| :  72%|███████▏  | 5064/7000 [03:11<00:46, 41.96it/s]
loss=0.052| sh degree=3| :  72%|███████▏  | 5069/7000 [03:11<00:47, 40.49it/s]
loss=0.054| sh degree=3| :  72%|███████▏  | 5069/7000 [03:11<00:47, 40.49it/s]
loss=0.044| sh degree=3| :  72%|███████▏  | 5069/7000 [03:11<00:47, 40.49it/s]
loss=0.040| sh degree=3| :  72%|███████▏  | 5069/7000 [03:11<00:47, 40.49it/s]
loss=0.050| sh degree=3| :  72%|███████▏  | 5069/7000 [03:11<00:47, 40.49it/s]
loss=0.047| sh degree=3| :  72%|███████▏  | 5069/7000 [03:11<00:47, 40.49it/s]
loss=0.047| sh degree=3| :  72%|███████▏  | 5074/7000 [03:11<00:49, 38.57it/s]
loss=0.032| sh degree=3| :  72%|███████▏  | 5074/7000 [03:11<00:49, 38.57it/s]
loss=0.039| sh degree=3| :  72%|███████▏  | 5074/7000 [03:11<00:49, 38.57it/s]
loss=0.030| sh degree=3| :  72%|███████▏  | 5074/7000 [03:11<00:49, 38.57it/s]
loss=0.041| sh degree=3| :  72%|███████▏  | 5074/7000 [03:12<00:49, 38.57it/s]
loss=0.040| sh degree=3| :  72%|███████▏  | 5074/7000 [03:12<00:49, 38.57it/s]
loss=0.040| sh degree=3| :  73%|███████▎  | 5079/7000 [03:12<00:48, 39.40it/s]
loss=0.031| sh degree=3| :  73%|███████▎  | 5079/7000 [03:12<00:48, 39.40it/s]
loss=0.045| sh degree=3| :  73%|███████▎  | 5079/7000 [03:12<00:48, 39.40it/s]
loss=0.034| sh degree=3| :  73%|███████▎  | 5079/7000 [03:12<00:48, 39.40it/s]
loss=0.045| sh degree=3| :  73%|███████▎  | 5079/7000 [03:12<00:48, 39.40it/s]
loss=0.045| sh degree=3| :  73%|███████▎  | 5083/7000 [03:12<00:49, 38.90it/s]
loss=0.045| sh degree=3| :  73%|███████▎  | 5083/7000 [03:12<00:49, 38.90it/s]
loss=0.036| sh degree=3| :  73%|███████▎  | 5083/7000 [03:12<00:49, 38.90it/s]
loss=0.030| sh degree=3| :  73%|███████▎  | 5083/7000 [03:12<00:49, 38.90it/s]
loss=0.043| sh degree=3| :  73%|███████▎  | 5083/7000 [03:12<00:49, 38.90it/s]
loss=0.051| sh degree=3| :  73%|███████▎  | 5083/7000 [03:12<00:49, 38.90it/s]
loss=0.051| sh degree=3| :  73%|███████▎  | 5088/7000 [03:12<00:47, 40.31it/s]
loss=0.048| sh degree=3| :  73%|███████▎  | 5088/7000 [03:12<00:47, 40.31it/s]
loss=0.029| sh degree=3| :  73%|███████▎  | 5088/7000 [03:12<00:47, 40.31it/s]
loss=0.047| sh degree=3| :  73%|███████▎  | 5088/7000 [03:12<00:47, 40.31it/s]
loss=0.044| sh degree=3| :  73%|███████▎  | 5088/7000 [03:12<00:47, 40.31it/s]
loss=0.043| sh degree=3| :  73%|███████▎  | 5088/7000 [03:12<00:47, 40.31it/s]
loss=0.043| sh degree=3| :  73%|███████▎  | 5093/7000 [03:12<00:45, 42.15it/s]
loss=0.044| sh degree=3| :  73%|███████▎  | 5093/7000 [03:12<00:45, 42.15it/s]
loss=0.041| sh degree=3| :  73%|███████▎  | 5093/7000 [03:12<00:45, 42.15it/s]
loss=0.041| sh degree=3| :  73%|███████▎  | 5093/7000 [03:12<00:45, 42.15it/s]
loss=0.038| sh degree=3| :  73%|███████▎  | 5093/7000 [03:12<00:45, 42.15it/s]
loss=0.041| sh degree=3| :  73%|███████▎  | 5093/7000 [03:12<00:45, 42.15it/s]
loss=0.041| sh degree=3| :  73%|███████▎  | 5098/7000 [03:12<00:45, 42.09it/s]
loss=0.046| sh degree=3| :  73%|███████▎  | 5098/7000 [03:12<00:45, 42.09it/s]
loss=0.037| sh degree=3| :  73%|███████▎  | 5098/7000 [03:12<00:45, 42.09it/s]
loss=0.035| sh degree=3| :  73%|███████▎  | 5098/7000 [03:12<00:45, 42.09it/s]
loss=0.052| sh degree=3| :  73%|███████▎  | 5098/7000 [03:12<00:45, 42.09it/s]
loss=0.034| sh degree=3| :  73%|███████▎  | 5098/7000 [03:12<00:45, 42.09it/s]
loss=0.034| sh degree=3| :  73%|███████▎  | 5103/7000 [03:12<01:04, 29.32it/s]
loss=0.048| sh degree=3| :  73%|███████▎  | 5103/7000 [03:12<01:04, 29.32it/s]
loss=0.032| sh degree=3| :  73%|███████▎  | 5103/7000 [03:12<01:04, 29.32it/s]
loss=0.045| sh degree=3| :  73%|███████▎  | 5103/7000 [03:12<01:04, 29.32it/s]
loss=0.033| sh degree=3| :  73%|███████▎  | 5103/7000 [03:12<01:04, 29.32it/s]
loss=0.038| sh degree=3| :  73%|███████▎  | 5103/7000 [03:12<01:04, 29.32it/s]
loss=0.038| sh degree=3| :  73%|███████▎  | 5108/7000 [03:12<00:58, 32.33it/s]
loss=0.039| sh degree=3| :  73%|███████▎  | 5108/7000 [03:12<00:58, 32.33it/s]
loss=0.067| sh degree=3| :  73%|███████▎  | 5108/7000 [03:12<00:58, 32.33it/s]
loss=0.053| sh degree=3| :  73%|███████▎  | 5108/7000 [03:12<00:58, 32.33it/s]
loss=0.040| sh degree=3| :  73%|███████▎  | 5108/7000 [03:12<00:58, 32.33it/s]
loss=0.045| sh degree=3| :  73%|███████▎  | 5108/7000 [03:12<00:58, 32.33it/s]
loss=0.045| sh degree=3| :  73%|███████▎  | 5113/7000 [03:12<00:53, 35.03it/s]
loss=0.038| sh degree=3| :  73%|███████▎  | 5113/7000 [03:13<00:53, 35.03it/s]
loss=0.048| sh degree=3| :  73%|███████▎  | 5113/7000 [03:13<00:53, 35.03it/s]
loss=0.038| sh degree=3| :  73%|███████▎  | 5113/7000 [03:13<00:53, 35.03it/s]
loss=0.035| sh degree=3| :  73%|███████▎  | 5113/7000 [03:13<00:53, 35.03it/s]
loss=0.035| sh degree=3| :  73%|███████▎  | 5117/7000 [03:13<00:52, 35.82it/s]
loss=0.044| sh degree=3| :  73%|███████▎  | 5117/7000 [03:13<00:52, 35.82it/s]
loss=0.048| sh degree=3| :  73%|███████▎  | 5117/7000 [03:13<00:52, 35.82it/s]
loss=0.041| sh degree=3| :  73%|███████▎  | 5117/7000 [03:13<00:52, 35.82it/s]
loss=0.045| sh degree=3| :  73%|███████▎  | 5117/7000 [03:13<00:52, 35.82it/s]
loss=0.050| sh degree=3| :  73%|███████▎  | 5117/7000 [03:13<00:52, 35.82it/s]
loss=0.050| sh degree=3| :  73%|███████▎  | 5122/7000 [03:13<00:49, 38.06it/s]
loss=0.045| sh degree=3| :  73%|███████▎  | 5122/7000 [03:13<00:49, 38.06it/s]
loss=0.035| sh degree=3| :  73%|███████▎  | 5122/7000 [03:13<00:49, 38.06it/s]
loss=0.051| sh degree=3| :  73%|███████▎  | 5122/7000 [03:13<00:49, 38.06it/s]
loss=0.035| sh degree=3| :  73%|███████▎  | 5122/7000 [03:13<00:49, 38.06it/s]
loss=0.040| sh degree=3| :  73%|███████▎  | 5122/7000 [03:13<00:49, 38.06it/s]
loss=0.040| sh degree=3| :  73%|███████▎  | 5127/7000 [03:13<00:48, 38.81it/s]
loss=0.032| sh degree=3| :  73%|███████▎  | 5127/7000 [03:13<00:48, 38.81it/s]
loss=0.045| sh degree=3| :  73%|███████▎  | 5127/7000 [03:13<00:48, 38.81it/s]
loss=0.032| sh degree=3| :  73%|███████▎  | 5127/7000 [03:13<00:48, 38.81it/s]
loss=0.063| sh degree=3| :  73%|███████▎  | 5127/7000 [03:13<00:48, 38.81it/s]
loss=0.034| sh degree=3| :  73%|███████▎  | 5127/7000 [03:13<00:48, 38.81it/s]
loss=0.034| sh degree=3| :  73%|███████▎  | 5132/7000 [03:13<00:46, 39.95it/s]
loss=0.029| sh degree=3| :  73%|███████▎  | 5132/7000 [03:13<00:46, 39.95it/s]
loss=0.047| sh degree=3| :  73%|███████▎  | 5132/7000 [03:13<00:46, 39.95it/s]
loss=0.038| sh degree=3| :  73%|███████▎  | 5132/7000 [03:13<00:46, 39.95it/s]
loss=0.046| sh degree=3| :  73%|███████▎  | 5132/7000 [03:13<00:46, 39.95it/s]
loss=0.031| sh degree=3| :  73%|███████▎  | 5132/7000 [03:13<00:46, 39.95it/s]
loss=0.031| sh degree=3| :  73%|███████▎  | 5137/7000 [03:13<00:48, 38.62it/s]
loss=0.088| sh degree=3| :  73%|███████▎  | 5137/7000 [03:13<00:48, 38.62it/s]
loss=0.066| sh degree=3| :  73%|███████▎  | 5137/7000 [03:13<00:48, 38.62it/s]
loss=0.047| sh degree=3| :  73%|███████▎  | 5137/7000 [03:13<00:48, 38.62it/s]
loss=0.063| sh degree=3| :  73%|███████▎  | 5137/7000 [03:13<00:48, 38.62it/s]
loss=0.063| sh degree=3| :  73%|███████▎  | 5141/7000 [03:13<00:49, 37.45it/s]
loss=0.052| sh degree=3| :  73%|███████▎  | 5141/7000 [03:13<00:49, 37.45it/s]
loss=0.045| sh degree=3| :  73%|███████▎  | 5141/7000 [03:13<00:49, 37.45it/s]
loss=0.043| sh degree=3| :  73%|███████▎  | 5141/7000 [03:13<00:49, 37.45it/s]
loss=0.060| sh degree=3| :  73%|███████▎  | 5141/7000 [03:13<00:49, 37.45it/s]
loss=0.060| sh degree=3| :  74%|███████▎  | 5145/7000 [03:13<00:48, 37.88it/s]
loss=0.043| sh degree=3| :  74%|███████▎  | 5145/7000 [03:13<00:48, 37.88it/s]
loss=0.052| sh degree=3| :  74%|███████▎  | 5145/7000 [03:13<00:48, 37.88it/s]
loss=0.038| sh degree=3| :  74%|███████▎  | 5145/7000 [03:13<00:48, 37.88it/s]
loss=0.030| sh degree=3| :  74%|███████▎  | 5145/7000 [03:13<00:48, 37.88it/s]
loss=0.032| sh degree=3| :  74%|███████▎  | 5145/7000 [03:13<00:48, 37.88it/s]
loss=0.032| sh degree=3| :  74%|███████▎  | 5150/7000 [03:13<00:47, 38.90it/s]
loss=0.035| sh degree=3| :  74%|███████▎  | 5150/7000 [03:13<00:47, 38.90it/s]
loss=0.044| sh degree=3| :  74%|███████▎  | 5150/7000 [03:13<00:47, 38.90it/s]
loss=0.042| sh degree=3| :  74%|███████▎  | 5150/7000 [03:13<00:47, 38.90it/s]
loss=0.036| sh degree=3| :  74%|███████▎  | 5150/7000 [03:14<00:47, 38.90it/s]
loss=0.044| sh degree=3| :  74%|███████▎  | 5150/7000 [03:14<00:47, 38.90it/s]
loss=0.044| sh degree=3| :  74%|███████▎  | 5155/7000 [03:14<00:45, 40.27it/s]
loss=0.062| sh degree=3| :  74%|███████▎  | 5155/7000 [03:14<00:45, 40.27it/s]
loss=0.046| sh degree=3| :  74%|███████▎  | 5155/7000 [03:14<00:45, 40.27it/s]
loss=0.051| sh degree=3| :  74%|███████▎  | 5155/7000 [03:14<00:45, 40.27it/s]
loss=0.034| sh degree=3| :  74%|███████▎  | 5155/7000 [03:14<00:45, 40.27it/s]
loss=0.048| sh degree=3| :  74%|███████▎  | 5155/7000 [03:14<00:45, 40.27it/s]
loss=0.048| sh degree=3| :  74%|███████▎  | 5160/7000 [03:14<00:47, 38.71it/s]
loss=0.061| sh degree=3| :  74%|███████▎  | 5160/7000 [03:14<00:47, 38.71it/s]
loss=0.036| sh degree=3| :  74%|███████▎  | 5160/7000 [03:14<00:47, 38.71it/s]
loss=0.047| sh degree=3| :  74%|███████▎  | 5160/7000 [03:14<00:47, 38.71it/s]
loss=0.045| sh degree=3| :  74%|███████▎  | 5160/7000 [03:14<00:47, 38.71it/s]
loss=0.045| sh degree=3| :  74%|███████▍  | 5164/7000 [03:14<00:48, 37.81it/s]
loss=0.034| sh degree=3| :  74%|███████▍  | 5164/7000 [03:14<00:48, 37.81it/s]
loss=0.042| sh degree=3| :  74%|███████▍  | 5164/7000 [03:14<00:48, 37.81it/s]
loss=0.043| sh degree=3| :  74%|███████▍  | 5164/7000 [03:14<00:48, 37.81it/s]
loss=0.044| sh degree=3| :  74%|███████▍  | 5164/7000 [03:14<00:48, 37.81it/s]
loss=0.030| sh degree=3| :  74%|███████▍  | 5164/7000 [03:14<00:48, 37.81it/s]
loss=0.030| sh degree=3| :  74%|███████▍  | 5169/7000 [03:14<00:46, 39.04it/s]
loss=0.045| sh degree=3| :  74%|███████▍  | 5169/7000 [03:14<00:46, 39.04it/s]
loss=0.038| sh degree=3| :  74%|███████▍  | 5169/7000 [03:14<00:46, 39.04it/s]
loss=0.037| sh degree=3| :  74%|███████▍  | 5169/7000 [03:14<00:46, 39.04it/s]
loss=0.038| sh degree=3| :  74%|███████▍  | 5169/7000 [03:14<00:46, 39.04it/s]
loss=0.038| sh degree=3| :  74%|███████▍  | 5173/7000 [03:14<00:46, 39.19it/s]
loss=0.033| sh degree=3| :  74%|███████▍  | 5173/7000 [03:14<00:46, 39.19it/s]
loss=0.041| sh degree=3| :  74%|███████▍  | 5173/7000 [03:14<00:46, 39.19it/s]
loss=0.047| sh degree=3| :  74%|███████▍  | 5173/7000 [03:14<00:46, 39.19it/s]
loss=0.046| sh degree=3| :  74%|███████▍  | 5173/7000 [03:14<00:46, 39.19it/s]
loss=0.045| sh degree=3| :  74%|███████▍  | 5173/7000 [03:14<00:46, 39.19it/s]
loss=0.045| sh degree=3| :  74%|███████▍  | 5178/7000 [03:14<00:45, 40.26it/s]
loss=0.043| sh degree=3| :  74%|███████▍  | 5178/7000 [03:14<00:45, 40.26it/s]
loss=0.036| sh degree=3| :  74%|███████▍  | 5178/7000 [03:14<00:45, 40.26it/s]
loss=0.037| sh degree=3| :  74%|███████▍  | 5178/7000 [03:14<00:45, 40.26it/s]
loss=0.042| sh degree=3| :  74%|███████▍  | 5178/7000 [03:14<00:45, 40.26it/s]
loss=0.031| sh degree=3| :  74%|███████▍  | 5178/7000 [03:14<00:45, 40.26it/s]
loss=0.031| sh degree=3| :  74%|███████▍  | 5183/7000 [03:14<00:46, 39.46it/s]
loss=0.035| sh degree=3| :  74%|███████▍  | 5183/7000 [03:14<00:46, 39.46it/s]
loss=0.037| sh degree=3| :  74%|███████▍  | 5183/7000 [03:14<00:46, 39.46it/s]
loss=0.044| sh degree=3| :  74%|███████▍  | 5183/7000 [03:14<00:46, 39.46it/s]
loss=0.035| sh degree=3| :  74%|███████▍  | 5183/7000 [03:14<00:46, 39.46it/s]
loss=0.035| sh degree=3| :  74%|███████▍  | 5187/7000 [03:14<00:46, 39.11it/s]
loss=0.041| sh degree=3| :  74%|███████▍  | 5187/7000 [03:14<00:46, 39.11it/s]
loss=0.040| sh degree=3| :  74%|███████▍  | 5187/7000 [03:14<00:46, 39.11it/s]
loss=0.044| sh degree=3| :  74%|███████▍  | 5187/7000 [03:14<00:46, 39.11it/s]
loss=0.046| sh degree=3| :  74%|███████▍  | 5187/7000 [03:14<00:46, 39.11it/s]
loss=0.041| sh degree=3| :  74%|███████▍  | 5187/7000 [03:14<00:46, 39.11it/s]
loss=0.041| sh degree=3| :  74%|███████▍  | 5192/7000 [03:15<00:45, 39.70it/s]
loss=0.044| sh degree=3| :  74%|███████▍  | 5192/7000 [03:15<00:45, 39.70it/s]
loss=0.039| sh degree=3| :  74%|███████▍  | 5192/7000 [03:15<00:45, 39.70it/s]
loss=0.039| sh degree=3| :  74%|███████▍  | 5192/7000 [03:15<00:45, 39.70it/s]
loss=0.063| sh degree=3| :  74%|███████▍  | 5192/7000 [03:15<00:45, 39.70it/s]
loss=0.063| sh degree=3| :  74%|███████▍  | 5196/7000 [03:15<00:46, 38.51it/s]
loss=0.038| sh degree=3| :  74%|███████▍  | 5196/7000 [03:15<00:46, 38.51it/s]
loss=0.046| sh degree=3| :  74%|███████▍  | 5196/7000 [03:15<00:46, 38.51it/s]
loss=0.052| sh degree=3| :  74%|███████▍  | 5196/7000 [03:15<00:46, 38.51it/s]
loss=0.055| sh degree=3| :  74%|███████▍  | 5196/7000 [03:15<00:46, 38.51it/s]
loss=0.055| sh degree=3| :  74%|███████▍  | 5200/7000 [03:15<00:47, 37.94it/s]
loss=0.036| sh degree=3| :  74%|███████▍  | 5200/7000 [03:15<00:47, 37.94it/s]
loss=0.038| sh degree=3| :  74%|███████▍  | 5200/7000 [03:15<00:47, 37.94it/s]
loss=0.036| sh degree=3| :  74%|███████▍  | 5200/7000 [03:15<00:47, 37.94it/s]
loss=0.045| sh degree=3| :  74%|███████▍  | 5200/7000 [03:15<00:47, 37.94it/s]
loss=0.045| sh degree=3| :  74%|███████▍  | 5204/7000 [03:15<00:49, 36.08it/s]
loss=0.057| sh degree=3| :  74%|███████▍  | 5204/7000 [03:15<00:49, 36.08it/s]
loss=0.070| sh degree=3| :  74%|███████▍  | 5204/7000 [03:15<00:49, 36.08it/s]
loss=0.042| sh degree=3| :  74%|███████▍  | 5204/7000 [03:15<00:49, 36.08it/s]
loss=0.047| sh degree=3| :  74%|███████▍  | 5204/7000 [03:15<00:49, 36.08it/s]
loss=0.047| sh degree=3| :  74%|███████▍  | 5208/7000 [03:15<00:48, 37.09it/s]
loss=0.055| sh degree=3| :  74%|███████▍  | 5208/7000 [03:15<00:48, 37.09it/s]
loss=0.035| sh degree=3| :  74%|███████▍  | 5208/7000 [03:15<00:48, 37.09it/s]
loss=0.050| sh degree=3| :  74%|███████▍  | 5208/7000 [03:15<00:48, 37.09it/s]
loss=0.034| sh degree=3| :  74%|███████▍  | 5208/7000 [03:15<00:48, 37.09it/s]
loss=0.045| sh degree=3| :  74%|███████▍  | 5208/7000 [03:15<00:48, 37.09it/s]
loss=0.045| sh degree=3| :  74%|███████▍  | 5213/7000 [03:15<00:45, 38.95it/s]
loss=0.042| sh degree=3| :  74%|███████▍  | 5213/7000 [03:15<00:45, 38.95it/s]
loss=0.032| sh degree=3| :  74%|███████▍  | 5213/7000 [03:15<00:45, 38.95it/s]
loss=0.033| sh degree=3| :  74%|███████▍  | 5213/7000 [03:15<00:45, 38.95it/s]
loss=0.032| sh degree=3| :  74%|███████▍  | 5213/7000 [03:15<00:45, 38.95it/s]
loss=0.044| sh degree=3| :  74%|███████▍  | 5213/7000 [03:15<00:45, 38.95it/s]
loss=0.044| sh degree=3| :  75%|███████▍  | 5218/7000 [03:15<00:44, 40.06it/s]
loss=0.054| sh degree=3| :  75%|███████▍  | 5218/7000 [03:15<00:44, 40.06it/s]
loss=0.038| sh degree=3| :  75%|███████▍  | 5218/7000 [03:15<00:44, 40.06it/s]
loss=0.051| sh degree=3| :  75%|███████▍  | 5218/7000 [03:15<00:44, 40.06it/s]
loss=0.030| sh degree=3| :  75%|███████▍  | 5218/7000 [03:15<00:44, 40.06it/s]
loss=0.047| sh degree=3| :  75%|███████▍  | 5218/7000 [03:15<00:44, 40.06it/s]
loss=0.047| sh degree=3| :  75%|███████▍  | 5223/7000 [03:15<00:45, 39.26it/s]
loss=0.037| sh degree=3| :  75%|███████▍  | 5223/7000 [03:15<00:45, 39.26it/s]
loss=0.033| sh degree=3| :  75%|███████▍  | 5223/7000 [03:15<00:45, 39.26it/s]
loss=0.039| sh degree=3| :  75%|███████▍  | 5223/7000 [03:15<00:45, 39.26it/s]
loss=0.046| sh degree=3| :  75%|███████▍  | 5223/7000 [03:15<00:45, 39.26it/s]
loss=0.051| sh degree=3| :  75%|███████▍  | 5223/7000 [03:15<00:45, 39.26it/s]
loss=0.051| sh degree=3| :  75%|███████▍  | 5228/7000 [03:15<00:44, 40.11it/s]
loss=0.046| sh degree=3| :  75%|███████▍  | 5228/7000 [03:15<00:44, 40.11it/s]
loss=0.051| sh degree=3| :  75%|███████▍  | 5228/7000 [03:15<00:44, 40.11it/s]
loss=0.034| sh degree=3| :  75%|███████▍  | 5228/7000 [03:16<00:44, 40.11it/s]
loss=0.031| sh degree=3| :  75%|███████▍  | 5228/7000 [03:16<00:44, 40.11it/s]
loss=0.031| sh degree=3| :  75%|███████▍  | 5228/7000 [03:16<00:44, 40.11it/s]
loss=0.031| sh degree=3| :  75%|███████▍  | 5233/7000 [03:16<00:45, 39.06it/s]
loss=0.049| sh degree=3| :  75%|███████▍  | 5233/7000 [03:16<00:45, 39.06it/s]
loss=0.043| sh degree=3| :  75%|███████▍  | 5233/7000 [03:16<00:45, 39.06it/s]
loss=0.043| sh degree=3| :  75%|███████▍  | 5233/7000 [03:16<00:45, 39.06it/s]
loss=0.029| sh degree=3| :  75%|███████▍  | 5233/7000 [03:16<00:45, 39.06it/s]
loss=0.029| sh degree=3| :  75%|███████▍  | 5237/7000 [03:16<00:45, 38.75it/s]
loss=0.045| sh degree=3| :  75%|███████▍  | 5237/7000 [03:16<00:45, 38.75it/s]
loss=0.032| sh degree=3| :  75%|███████▍  | 5237/7000 [03:16<00:45, 38.75it/s]
loss=0.050| sh degree=3| :  75%|███████▍  | 5237/7000 [03:16<00:45, 38.75it/s]
loss=0.050| sh degree=3| :  75%|███████▍  | 5237/7000 [03:16<00:45, 38.75it/s]
loss=0.050| sh degree=3| :  75%|███████▍  | 5241/7000 [03:16<00:45, 38.78it/s]
loss=0.038| sh degree=3| :  75%|███████▍  | 5241/7000 [03:16<00:45, 38.78it/s]
loss=0.057| sh degree=3| :  75%|███████▍  | 5241/7000 [03:16<00:45, 38.78it/s]
loss=0.037| sh degree=3| :  75%|███████▍  | 5241/7000 [03:16<00:45, 38.78it/s]
loss=0.043| sh degree=3| :  75%|███████▍  | 5241/7000 [03:16<00:45, 38.78it/s]
loss=0.043| sh degree=3| :  75%|███████▍  | 5245/7000 [03:16<00:45, 38.47it/s]
loss=0.039| sh degree=3| :  75%|███████▍  | 5245/7000 [03:16<00:45, 38.47it/s]
loss=0.040| sh degree=3| :  75%|███████▍  | 5245/7000 [03:16<00:45, 38.47it/s]
loss=0.042| sh degree=3| :  75%|███████▍  | 5245/7000 [03:16<00:45, 38.47it/s]
loss=0.030| sh degree=3| :  75%|███████▍  | 5245/7000 [03:16<00:45, 38.47it/s]
loss=0.030| sh degree=3| :  75%|███████▍  | 5249/7000 [03:16<00:45, 38.44it/s]
loss=0.030| sh degree=3| :  75%|███████▍  | 5249/7000 [03:16<00:45, 38.44it/s]
loss=0.032| sh degree=3| :  75%|███████▍  | 5249/7000 [03:16<00:45, 38.44it/s]
loss=0.032| sh degree=3| :  75%|███████▍  | 5249/7000 [03:16<00:45, 38.44it/s]
loss=0.038| sh degree=3| :  75%|███████▍  | 5249/7000 [03:16<00:45, 38.44it/s]
loss=0.038| sh degree=3| :  75%|███████▌  | 5253/7000 [03:16<00:45, 38.38it/s]
loss=0.036| sh degree=3| :  75%|███████▌  | 5253/7000 [03:16<00:45, 38.38it/s]
loss=0.044| sh degree=3| :  75%|███████▌  | 5253/7000 [03:16<00:45, 38.38it/s]
loss=0.043| sh degree=3| :  75%|███████▌  | 5253/7000 [03:16<00:45, 38.38it/s]
loss=0.048| sh degree=3| :  75%|███████▌  | 5253/7000 [03:16<00:45, 38.38it/s]
loss=0.031| sh degree=3| :  75%|███████▌  | 5253/7000 [03:16<00:45, 38.38it/s]
loss=0.031| sh degree=3| :  75%|███████▌  | 5258/7000 [03:16<00:44, 39.50it/s]
loss=0.043| sh degree=3| :  75%|███████▌  | 5258/7000 [03:16<00:44, 39.50it/s]
loss=0.042| sh degree=3| :  75%|███████▌  | 5258/7000 [03:16<00:44, 39.50it/s]
loss=0.031| sh degree=3| :  75%|███████▌  | 5258/7000 [03:16<00:44, 39.50it/s]
loss=0.045| sh degree=3| :  75%|███████▌  | 5258/7000 [03:16<00:44, 39.50it/s]
loss=0.045| sh degree=3| :  75%|███████▌  | 5262/7000 [03:16<00:43, 39.51it/s]
loss=0.039| sh degree=3| :  75%|███████▌  | 5262/7000 [03:16<00:43, 39.51it/s]
loss=0.044| sh degree=3| :  75%|███████▌  | 5262/7000 [03:16<00:43, 39.51it/s]
loss=0.037| sh degree=3| :  75%|███████▌  | 5262/7000 [03:16<00:43, 39.51it/s]
loss=0.035| sh degree=3| :  75%|███████▌  | 5262/7000 [03:16<00:43, 39.51it/s]
loss=0.035| sh degree=3| :  75%|███████▌  | 5266/7000 [03:16<00:44, 38.80it/s]
loss=0.050| sh degree=3| :  75%|███████▌  | 5266/7000 [03:16<00:44, 38.80it/s]
loss=0.030| sh degree=3| :  75%|███████▌  | 5266/7000 [03:16<00:44, 38.80it/s]
loss=0.030| sh degree=3| :  75%|███████▌  | 5266/7000 [03:16<00:44, 38.80it/s]
loss=0.046| sh degree=3| :  75%|███████▌  | 5266/7000 [03:17<00:44, 38.80it/s]
loss=0.052| sh degree=3| :  75%|███████▌  | 5266/7000 [03:17<00:44, 38.80it/s]
loss=0.052| sh degree=3| :  75%|███████▌  | 5271/7000 [03:17<00:43, 39.39it/s]
loss=0.041| sh degree=3| :  75%|███████▌  | 5271/7000 [03:17<00:43, 39.39it/s]
loss=0.055| sh degree=3| :  75%|███████▌  | 5271/7000 [03:17<00:43, 39.39it/s]
loss=0.042| sh degree=3| :  75%|███████▌  | 5271/7000 [03:17<00:43, 39.39it/s]
loss=0.044| sh degree=3| :  75%|███████▌  | 5271/7000 [03:17<00:43, 39.39it/s]
loss=0.034| sh degree=3| :  75%|███████▌  | 5271/7000 [03:17<00:43, 39.39it/s]
loss=0.034| sh degree=3| :  75%|███████▌  | 5276/7000 [03:17<00:43, 39.61it/s]
loss=0.036| sh degree=3| :  75%|███████▌  | 5276/7000 [03:17<00:43, 39.61it/s]
loss=0.048| sh degree=3| :  75%|███████▌  | 5276/7000 [03:17<00:43, 39.61it/s]
loss=0.052| sh degree=3| :  75%|███████▌  | 5276/7000 [03:17<00:43, 39.61it/s]
loss=0.055| sh degree=3| :  75%|███████▌  | 5276/7000 [03:17<00:43, 39.61it/s]
loss=0.055| sh degree=3| :  75%|███████▌  | 5280/7000 [03:17<00:44, 38.49it/s]
loss=0.047| sh degree=3| :  75%|███████▌  | 5280/7000 [03:17<00:44, 38.49it/s]
loss=0.045| sh degree=3| :  75%|███████▌  | 5280/7000 [03:17<00:44, 38.49it/s]
loss=0.045| sh degree=3| :  75%|███████▌  | 5280/7000 [03:17<00:44, 38.49it/s]
loss=0.035| sh degree=3| :  75%|███████▌  | 5280/7000 [03:17<00:44, 38.49it/s]
loss=0.035| sh degree=3| :  75%|███████▌  | 5284/7000 [03:17<00:45, 37.55it/s]
loss=0.030| sh degree=3| :  75%|███████▌  | 5284/7000 [03:17<00:45, 37.55it/s]
loss=0.055| sh degree=3| :  75%|███████▌  | 5284/7000 [03:17<00:45, 37.55it/s]
loss=0.056| sh degree=3| :  75%|███████▌  | 5284/7000 [03:17<00:45, 37.55it/s]
loss=0.031| sh degree=3| :  75%|███████▌  | 5284/7000 [03:17<00:45, 37.55it/s]
loss=0.031| sh degree=3| :  76%|███████▌  | 5288/7000 [03:17<00:46, 36.45it/s]
loss=0.045| sh degree=3| :  76%|███████▌  | 5288/7000 [03:17<00:46, 36.45it/s]
loss=0.035| sh degree=3| :  76%|███████▌  | 5288/7000 [03:17<00:46, 36.45it/s]
loss=0.033| sh degree=3| :  76%|███████▌  | 5288/7000 [03:17<00:46, 36.45it/s]
loss=0.044| sh degree=3| :  76%|███████▌  | 5288/7000 [03:17<00:46, 36.45it/s]
loss=0.044| sh degree=3| :  76%|███████▌  | 5292/7000 [03:17<00:47, 36.34it/s]
loss=0.043| sh degree=3| :  76%|███████▌  | 5292/7000 [03:17<00:47, 36.34it/s]
loss=0.041| sh degree=3| :  76%|███████▌  | 5292/7000 [03:17<00:47, 36.34it/s]
loss=0.042| sh degree=3| :  76%|███████▌  | 5292/7000 [03:17<00:47, 36.34it/s]
loss=0.033| sh degree=3| :  76%|███████▌  | 5292/7000 [03:17<00:47, 36.34it/s]
loss=0.033| sh degree=3| :  76%|███████▌  | 5296/7000 [03:17<00:46, 36.58it/s]
loss=0.045| sh degree=3| :  76%|███████▌  | 5296/7000 [03:17<00:46, 36.58it/s]
loss=0.044| sh degree=3| :  76%|███████▌  | 5296/7000 [03:17<00:46, 36.58it/s]
loss=0.044| sh degree=3| :  76%|███████▌  | 5296/7000 [03:17<00:46, 36.58it/s]
loss=0.039| sh degree=3| :  76%|███████▌  | 5296/7000 [03:17<00:46, 36.58it/s]
loss=0.035| sh degree=3| :  76%|███████▌  | 5296/7000 [03:17<00:46, 36.58it/s]
loss=0.035| sh degree=3| :  76%|███████▌  | 5301/7000 [03:17<00:46, 36.20it/s]
loss=0.037| sh degree=3| :  76%|███████▌  | 5301/7000 [03:17<00:46, 36.20it/s]
loss=0.044| sh degree=3| :  76%|███████▌  | 5301/7000 [03:17<00:46, 36.20it/s]
loss=0.043| sh degree=3| :  76%|███████▌  | 5301/7000 [03:17<00:46, 36.20it/s]
loss=0.044| sh degree=3| :  76%|███████▌  | 5301/7000 [03:17<00:46, 36.20it/s]
loss=0.032| sh degree=3| :  76%|███████▌  | 5301/7000 [03:17<00:46, 36.20it/s]
loss=0.032| sh degree=3| :  76%|███████▌  | 5306/7000 [03:18<00:46, 36.81it/s]
loss=0.035| sh degree=3| :  76%|███████▌  | 5306/7000 [03:18<00:46, 36.81it/s]
loss=0.047| sh degree=3| :  76%|███████▌  | 5306/7000 [03:18<00:46, 36.81it/s]
loss=0.050| sh degree=3| :  76%|███████▌  | 5306/7000 [03:18<00:46, 36.81it/s]
loss=0.045| sh degree=3| :  76%|███████▌  | 5306/7000 [03:18<00:46, 36.81it/s]
loss=0.045| sh degree=3| :  76%|███████▌  | 5310/7000 [03:18<00:45, 37.23it/s]
loss=0.042| sh degree=3| :  76%|███████▌  | 5310/7000 [03:18<00:45, 37.23it/s]
loss=0.033| sh degree=3| :  76%|███████▌  | 5310/7000 [03:18<00:45, 37.23it/s]
loss=0.042| sh degree=3| :  76%|███████▌  | 5310/7000 [03:18<00:45, 37.23it/s]
loss=0.046| sh degree=3| :  76%|███████▌  | 5310/7000 [03:18<00:45, 37.23it/s]
loss=0.037| sh degree=3| :  76%|███████▌  | 5310/7000 [03:18<00:45, 37.23it/s]
loss=0.037| sh degree=3| :  76%|███████▌  | 5315/7000 [03:18<00:44, 38.09it/s]
loss=0.043| sh degree=3| :  76%|███████▌  | 5315/7000 [03:18<00:44, 38.09it/s]
loss=0.032| sh degree=3| :  76%|███████▌  | 5315/7000 [03:18<00:44, 38.09it/s]
loss=0.040| sh degree=3| :  76%|███████▌  | 5315/7000 [03:18<00:44, 38.09it/s]
loss=0.031| sh degree=3| :  76%|███████▌  | 5315/7000 [03:18<00:44, 38.09it/s]
loss=0.035| sh degree=3| :  76%|███████▌  | 5315/7000 [03:18<00:44, 38.09it/s]
loss=0.035| sh degree=3| :  76%|███████▌  | 5320/7000 [03:18<00:43, 38.99it/s]
loss=0.044| sh degree=3| :  76%|███████▌  | 5320/7000 [03:18<00:43, 38.99it/s]
loss=0.042| sh degree=3| :  76%|███████▌  | 5320/7000 [03:18<00:43, 38.99it/s]
loss=0.030| sh degree=3| :  76%|███████▌  | 5320/7000 [03:18<00:43, 38.99it/s]
loss=0.036| sh degree=3| :  76%|███████▌  | 5320/7000 [03:18<00:43, 38.99it/s]
loss=0.036| sh degree=3| :  76%|███████▌  | 5324/7000 [03:18<00:43, 38.28it/s]
loss=0.055| sh degree=3| :  76%|███████▌  | 5324/7000 [03:18<00:43, 38.28it/s]
loss=0.033| sh degree=3| :  76%|███████▌  | 5324/7000 [03:18<00:43, 38.28it/s]
loss=0.047| sh degree=3| :  76%|███████▌  | 5324/7000 [03:18<00:43, 38.28it/s]
loss=0.049| sh degree=3| :  76%|███████▌  | 5324/7000 [03:18<00:43, 38.28it/s]
loss=0.049| sh degree=3| :  76%|███████▌  | 5328/7000 [03:18<00:43, 38.10it/s]
loss=0.036| sh degree=3| :  76%|███████▌  | 5328/7000 [03:18<00:43, 38.10it/s]
loss=0.035| sh degree=3| :  76%|███████▌  | 5328/7000 [03:18<00:43, 38.10it/s]
loss=0.037| sh degree=3| :  76%|███████▌  | 5328/7000 [03:18<00:43, 38.10it/s]
loss=0.041| sh degree=3| :  76%|███████▌  | 5328/7000 [03:18<00:43, 38.10it/s]
loss=0.041| sh degree=3| :  76%|███████▌  | 5332/7000 [03:18<00:44, 37.45it/s]
loss=0.035| sh degree=3| :  76%|███████▌  | 5332/7000 [03:18<00:44, 37.45it/s]
loss=0.040| sh degree=3| :  76%|███████▌  | 5332/7000 [03:18<00:44, 37.45it/s]
loss=0.056| sh degree=3| :  76%|███████▌  | 5332/7000 [03:18<00:44, 37.45it/s]
loss=0.033| sh degree=3| :  76%|███████▌  | 5332/7000 [03:18<00:44, 37.45it/s]
loss=0.033| sh degree=3| :  76%|███████▌  | 5336/7000 [03:18<00:45, 36.91it/s]
loss=0.032| sh degree=3| :  76%|███████▌  | 5336/7000 [03:18<00:45, 36.91it/s]
loss=0.031| sh degree=3| :  76%|███████▌  | 5336/7000 [03:18<00:45, 36.91it/s]
loss=0.039| sh degree=3| :  76%|███████▌  | 5336/7000 [03:18<00:45, 36.91it/s]
loss=0.033| sh degree=3| :  76%|███████▌  | 5336/7000 [03:18<00:45, 36.91it/s]
loss=0.043| sh degree=3| :  76%|███████▌  | 5336/7000 [03:18<00:45, 36.91it/s]
loss=0.043| sh degree=3| :  76%|███████▋  | 5341/7000 [03:18<00:44, 37.60it/s]
loss=0.043| sh degree=3| :  76%|███████▋  | 5341/7000 [03:18<00:44, 37.60it/s]
loss=0.042| sh degree=3| :  76%|███████▋  | 5341/7000 [03:18<00:44, 37.60it/s]
loss=0.031| sh degree=3| :  76%|███████▋  | 5341/7000 [03:18<00:44, 37.60it/s]
loss=0.048| sh degree=3| :  76%|███████▋  | 5341/7000 [03:19<00:44, 37.60it/s]
loss=0.045| sh degree=3| :  76%|███████▋  | 5341/7000 [03:19<00:44, 37.60it/s]
loss=0.045| sh degree=3| :  76%|███████▋  | 5346/7000 [03:19<00:42, 38.73it/s]
loss=0.038| sh degree=3| :  76%|███████▋  | 5346/7000 [03:19<00:42, 38.73it/s]
loss=0.040| sh degree=3| :  76%|███████▋  | 5346/7000 [03:19<00:42, 38.73it/s]
loss=0.036| sh degree=3| :  76%|███████▋  | 5346/7000 [03:19<00:42, 38.73it/s]
loss=0.033| sh degree=3| :  76%|███████▋  | 5346/7000 [03:19<00:42, 38.73it/s]
loss=0.033| sh degree=3| :  76%|███████▋  | 5350/7000 [03:19<00:42, 38.49it/s]
loss=0.041| sh degree=3| :  76%|███████▋  | 5350/7000 [03:19<00:42, 38.49it/s]
loss=0.048| sh degree=3| :  76%|███████▋  | 5350/7000 [03:19<00:42, 38.49it/s]
loss=0.035| sh degree=3| :  76%|███████▋  | 5350/7000 [03:19<00:42, 38.49it/s]
loss=0.042| sh degree=3| :  76%|███████▋  | 5350/7000 [03:19<00:42, 38.49it/s]
loss=0.042| sh degree=3| :  76%|███████▋  | 5354/7000 [03:19<00:42, 38.81it/s]
loss=0.044| sh degree=3| :  76%|███████▋  | 5354/7000 [03:19<00:42, 38.81it/s]
loss=0.059| sh degree=3| :  76%|███████▋  | 5354/7000 [03:19<00:42, 38.81it/s]
loss=0.032| sh degree=3| :  76%|███████▋  | 5354/7000 [03:19<00:42, 38.81it/s]
loss=0.031| sh degree=3| :  76%|███████▋  | 5354/7000 [03:19<00:42, 38.81it/s]
loss=0.031| sh degree=3| :  77%|███████▋  | 5358/7000 [03:19<00:53, 30.57it/s]
loss=0.052| sh degree=3| :  77%|███████▋  | 5358/7000 [03:19<00:53, 30.57it/s]
loss=0.040| sh degree=3| :  77%|███████▋  | 5358/7000 [03:19<00:53, 30.57it/s]
loss=0.043| sh degree=3| :  77%|███████▋  | 5358/7000 [03:19<00:53, 30.57it/s]
loss=0.031| sh degree=3| :  77%|███████▋  | 5358/7000 [03:19<00:53, 30.57it/s]
loss=0.052| sh degree=3| :  77%|███████▋  | 5358/7000 [03:19<00:53, 30.57it/s]
loss=0.052| sh degree=3| :  77%|███████▋  | 5363/7000 [03:19<00:49, 33.40it/s]
loss=0.033| sh degree=3| :  77%|███████▋  | 5363/7000 [03:19<00:49, 33.40it/s]
loss=0.039| sh degree=3| :  77%|███████▋  | 5363/7000 [03:19<00:49, 33.40it/s]
loss=0.042| sh degree=3| :  77%|███████▋  | 5363/7000 [03:19<00:49, 33.40it/s]
loss=0.030| sh degree=3| :  77%|███████▋  | 5363/7000 [03:19<00:49, 33.40it/s]
loss=0.030| sh degree=3| :  77%|███████▋  | 5367/7000 [03:19<00:46, 34.83it/s]
loss=0.045| sh degree=3| :  77%|███████▋  | 5367/7000 [03:19<00:46, 34.83it/s]
loss=0.040| sh degree=3| :  77%|███████▋  | 5367/7000 [03:19<00:46, 34.83it/s]
loss=0.029| sh degree=3| :  77%|███████▋  | 5367/7000 [03:19<00:46, 34.83it/s]
loss=0.050| sh degree=3| :  77%|███████▋  | 5367/7000 [03:19<00:46, 34.83it/s]
loss=0.050| sh degree=3| :  77%|███████▋  | 5371/7000 [03:19<00:46, 34.89it/s]
loss=0.031| sh degree=3| :  77%|███████▋  | 5371/7000 [03:19<00:46, 34.89it/s]
loss=0.040| sh degree=3| :  77%|███████▋  | 5371/7000 [03:19<00:46, 34.89it/s]
loss=0.037| sh degree=3| :  77%|███████▋  | 5371/7000 [03:19<00:46, 34.89it/s]
loss=0.041| sh degree=3| :  77%|███████▋  | 5371/7000 [03:19<00:46, 34.89it/s]
loss=0.041| sh degree=3| :  77%|███████▋  | 5375/7000 [03:19<00:46, 34.98it/s]
loss=0.053| sh degree=3| :  77%|███████▋  | 5375/7000 [03:19<00:46, 34.98it/s]
loss=0.040| sh degree=3| :  77%|███████▋  | 5375/7000 [03:19<00:46, 34.98it/s]
loss=0.039| sh degree=3| :  77%|███████▋  | 5375/7000 [03:19<00:46, 34.98it/s]
loss=0.028| sh degree=3| :  77%|███████▋  | 5375/7000 [03:19<00:46, 34.98it/s]
loss=0.031| sh degree=3| :  77%|███████▋  | 5375/7000 [03:20<00:46, 34.98it/s]
loss=0.031| sh degree=3| :  77%|███████▋  | 5380/7000 [03:20<00:44, 36.76it/s]
loss=0.042| sh degree=3| :  77%|███████▋  | 5380/7000 [03:20<00:44, 36.76it/s]
loss=0.037| sh degree=3| :  77%|███████▋  | 5380/7000 [03:20<00:44, 36.76it/s]
loss=0.048| sh degree=3| :  77%|███████▋  | 5380/7000 [03:20<00:44, 36.76it/s]
loss=0.032| sh degree=3| :  77%|███████▋  | 5380/7000 [03:20<00:44, 36.76it/s]
loss=0.032| sh degree=3| :  77%|███████▋  | 5384/7000 [03:20<00:43, 37.22it/s]
loss=0.049| sh degree=3| :  77%|███████▋  | 5384/7000 [03:20<00:43, 37.22it/s]
loss=0.028| sh degree=3| :  77%|███████▋  | 5384/7000 [03:20<00:43, 37.22it/s]
loss=0.044| sh degree=3| :  77%|███████▋  | 5384/7000 [03:20<00:43, 37.22it/s]
loss=0.064| sh degree=3| :  77%|███████▋  | 5384/7000 [03:20<00:43, 37.22it/s]
loss=0.064| sh degree=3| :  77%|███████▋  | 5388/7000 [03:20<00:43, 37.22it/s]
loss=0.029| sh degree=3| :  77%|███████▋  | 5388/7000 [03:20<00:43, 37.22it/s]
loss=0.038| sh degree=3| :  77%|███████▋  | 5388/7000 [03:20<00:43, 37.22it/s]
loss=0.036| sh degree=3| :  77%|███████▋  | 5388/7000 [03:20<00:43, 37.22it/s]
loss=0.033| sh degree=3| :  77%|███████▋  | 5388/7000 [03:20<00:43, 37.22it/s]
loss=0.033| sh degree=3| :  77%|███████▋  | 5392/7000 [03:20<00:42, 37.87it/s]
loss=0.033| sh degree=3| :  77%|███████▋  | 5392/7000 [03:20<00:42, 37.87it/s]
loss=0.043| sh degree=3| :  77%|███████▋  | 5392/7000 [03:20<00:42, 37.87it/s]
loss=0.033| sh degree=3| :  77%|███████▋  | 5392/7000 [03:20<00:42, 37.87it/s]
loss=0.046| sh degree=3| :  77%|███████▋  | 5392/7000 [03:20<00:42, 37.87it/s]
loss=0.031| sh degree=3| :  77%|███████▋  | 5392/7000 [03:20<00:42, 37.87it/s]
loss=0.031| sh degree=3| :  77%|███████▋  | 5397/7000 [03:20<00:41, 38.81it/s]
loss=0.050| sh degree=3| :  77%|███████▋  | 5397/7000 [03:20<00:41, 38.81it/s]
loss=0.044| sh degree=3| :  77%|███████▋  | 5397/7000 [03:20<00:41, 38.81it/s]
loss=0.043| sh degree=3| :  77%|███████▋  | 5397/7000 [03:20<00:41, 38.81it/s]
loss=0.032| sh degree=3| :  77%|███████▋  | 5397/7000 [03:20<00:41, 38.81it/s]
loss=0.032| sh degree=3| :  77%|███████▋  | 5401/7000 [03:20<00:43, 36.99it/s]
loss=0.033| sh degree=3| :  77%|███████▋  | 5401/7000 [03:20<00:43, 36.99it/s]
loss=0.042| sh degree=3| :  77%|███████▋  | 5401/7000 [03:20<00:43, 36.99it/s]
loss=0.035| sh degree=3| :  77%|███████▋  | 5401/7000 [03:20<00:43, 36.99it/s]
loss=0.035| sh degree=3| :  77%|███████▋  | 5401/7000 [03:20<00:43, 36.99it/s]
loss=0.035| sh degree=3| :  77%|███████▋  | 5405/7000 [03:20<00:43, 36.70it/s]
loss=0.042| sh degree=3| :  77%|███████▋  | 5405/7000 [03:20<00:43, 36.70it/s]
loss=0.043| sh degree=3| :  77%|███████▋  | 5405/7000 [03:20<00:43, 36.70it/s]
loss=0.033| sh degree=3| :  77%|███████▋  | 5405/7000 [03:20<00:43, 36.70it/s]
loss=0.031| sh degree=3| :  77%|███████▋  | 5405/7000 [03:20<00:43, 36.70it/s]
loss=0.031| sh degree=3| :  77%|███████▋  | 5409/7000 [03:20<00:42, 37.06it/s]
loss=0.042| sh degree=3| :  77%|███████▋  | 5409/7000 [03:20<00:42, 37.06it/s]
loss=0.033| sh degree=3| :  77%|███████▋  | 5409/7000 [03:20<00:42, 37.06it/s]
loss=0.060| sh degree=3| :  77%|███████▋  | 5409/7000 [03:20<00:42, 37.06it/s]
loss=0.057| sh degree=3| :  77%|███████▋  | 5409/7000 [03:20<00:42, 37.06it/s]
loss=0.057| sh degree=3| :  77%|███████▋  | 5413/7000 [03:20<00:43, 36.58it/s]
loss=0.042| sh degree=3| :  77%|███████▋  | 5413/7000 [03:20<00:43, 36.58it/s]
loss=0.046| sh degree=3| :  77%|███████▋  | 5413/7000 [03:20<00:43, 36.58it/s]
loss=0.046| sh degree=3| :  77%|███████▋  | 5413/7000 [03:20<00:43, 36.58it/s]
loss=0.039| sh degree=3| :  77%|███████▋  | 5413/7000 [03:21<00:43, 36.58it/s]
loss=0.039| sh degree=3| :  77%|███████▋  | 5417/7000 [03:21<00:42, 37.43it/s]
loss=0.041| sh degree=3| :  77%|███████▋  | 5417/7000 [03:21<00:42, 37.43it/s]
loss=0.039| sh degree=3| :  77%|███████▋  | 5417/7000 [03:21<00:42, 37.43it/s]
loss=0.046| sh degree=3| :  77%|███████▋  | 5417/7000 [03:21<00:42, 37.43it/s]
loss=0.040| sh degree=3| :  77%|███████▋  | 5417/7000 [03:21<00:42, 37.43it/s]
loss=0.040| sh degree=3| :  77%|███████▋  | 5421/7000 [03:21<00:43, 36.58it/s]
loss=0.038| sh degree=3| :  77%|███████▋  | 5421/7000 [03:21<00:43, 36.58it/s]
loss=0.045| sh degree=3| :  77%|███████▋  | 5421/7000 [03:21<00:43, 36.58it/s]
loss=0.033| sh degree=3| :  77%|███████▋  | 5421/7000 [03:21<00:43, 36.58it/s]
loss=0.041| sh degree=3| :  77%|███████▋  | 5421/7000 [03:21<00:43, 36.58it/s]
loss=0.041| sh degree=3| :  78%|███████▊  | 5425/7000 [03:21<00:42, 36.93it/s]
loss=0.048| sh degree=3| :  78%|███████▊  | 5425/7000 [03:21<00:42, 36.93it/s]
loss=0.035| sh degree=3| :  78%|███████▊  | 5425/7000 [03:21<00:42, 36.93it/s]
loss=0.038| sh degree=3| :  78%|███████▊  | 5425/7000 [03:21<00:42, 36.93it/s]
loss=0.040| sh degree=3| :  78%|███████▊  | 5425/7000 [03:21<00:42, 36.93it/s]
loss=0.040| sh degree=3| :  78%|███████▊  | 5429/7000 [03:21<00:42, 37.38it/s]
loss=0.049| sh degree=3| :  78%|███████▊  | 5429/7000 [03:21<00:42, 37.38it/s]
loss=0.042| sh degree=3| :  78%|███████▊  | 5429/7000 [03:21<00:42, 37.38it/s]
loss=0.043| sh degree=3| :  78%|███████▊  | 5429/7000 [03:21<00:42, 37.38it/s]
loss=0.043| sh degree=3| :  78%|███████▊  | 5429/7000 [03:21<00:42, 37.38it/s]
loss=0.030| sh degree=3| :  78%|███████▊  | 5429/7000 [03:21<00:42, 37.38it/s]
loss=0.030| sh degree=3| :  78%|███████▊  | 5434/7000 [03:21<00:40, 38.41it/s]
loss=0.073| sh degree=3| :  78%|███████▊  | 5434/7000 [03:21<00:40, 38.41it/s]
loss=0.054| sh degree=3| :  78%|███████▊  | 5434/7000 [03:21<00:40, 38.41it/s]
loss=0.121| sh degree=3| :  78%|███████▊  | 5434/7000 [03:21<00:40, 38.41it/s]
loss=0.042| sh degree=3| :  78%|███████▊  | 5434/7000 [03:21<00:40, 38.41it/s]
loss=0.042| sh degree=3| :  78%|███████▊  | 5438/7000 [03:21<00:41, 38.04it/s]
loss=0.042| sh degree=3| :  78%|███████▊  | 5438/7000 [03:21<00:41, 38.04it/s]
loss=0.041| sh degree=3| :  78%|███████▊  | 5438/7000 [03:21<00:41, 38.04it/s]
loss=0.031| sh degree=3| :  78%|███████▊  | 5438/7000 [03:21<00:41, 38.04it/s]
loss=0.041| sh degree=3| :  78%|███████▊  | 5438/7000 [03:21<00:41, 38.04it/s]
loss=0.049| sh degree=3| :  78%|███████▊  | 5438/7000 [03:21<00:41, 38.04it/s]
loss=0.049| sh degree=3| :  78%|███████▊  | 5443/7000 [03:21<00:39, 39.75it/s]
loss=0.033| sh degree=3| :  78%|███████▊  | 5443/7000 [03:21<00:39, 39.75it/s]
loss=0.045| sh degree=3| :  78%|███████▊  | 5443/7000 [03:21<00:39, 39.75it/s]
loss=0.052| sh degree=3| :  78%|███████▊  | 5443/7000 [03:21<00:39, 39.75it/s]
loss=0.030| sh degree=3| :  78%|███████▊  | 5443/7000 [03:21<00:39, 39.75it/s]
loss=0.032| sh degree=3| :  78%|███████▊  | 5443/7000 [03:21<00:39, 39.75it/s]
loss=0.032| sh degree=3| :  78%|███████▊  | 5448/7000 [03:21<00:38, 39.84it/s]
loss=0.033| sh degree=3| :  78%|███████▊  | 5448/7000 [03:21<00:38, 39.84it/s]
loss=0.050| sh degree=3| :  78%|███████▊  | 5448/7000 [03:21<00:38, 39.84it/s]
loss=0.044| sh degree=3| :  78%|███████▊  | 5448/7000 [03:21<00:38, 39.84it/s]
loss=0.039| sh degree=3| :  78%|███████▊  | 5448/7000 [03:21<00:38, 39.84it/s]
loss=0.039| sh degree=3| :  78%|███████▊  | 5452/7000 [03:21<00:39, 39.56it/s]
loss=0.029| sh degree=3| :  78%|███████▊  | 5452/7000 [03:21<00:39, 39.56it/s]
loss=0.056| sh degree=3| :  78%|███████▊  | 5452/7000 [03:21<00:39, 39.56it/s]
loss=0.036| sh degree=3| :  78%|███████▊  | 5452/7000 [03:21<00:39, 39.56it/s]
loss=0.045| sh degree=3| :  78%|███████▊  | 5452/7000 [03:22<00:39, 39.56it/s]
loss=0.045| sh degree=3| :  78%|███████▊  | 5456/7000 [03:22<00:39, 39.30it/s]
loss=0.035| sh degree=3| :  78%|███████▊  | 5456/7000 [03:22<00:39, 39.30it/s]
loss=0.042| sh degree=3| :  78%|███████▊  | 5456/7000 [03:22<00:39, 39.30it/s]
loss=0.039| sh degree=3| :  78%|███████▊  | 5456/7000 [03:22<00:39, 39.30it/s]
loss=0.037| sh degree=3| :  78%|███████▊  | 5456/7000 [03:22<00:39, 39.30it/s]
loss=0.032| sh degree=3| :  78%|███████▊  | 5456/7000 [03:22<00:39, 39.30it/s]
loss=0.032| sh degree=3| :  78%|███████▊  | 5461/7000 [03:22<00:39, 39.31it/s]
loss=0.044| sh degree=3| :  78%|███████▊  | 5461/7000 [03:22<00:39, 39.31it/s]
loss=0.035| sh degree=3| :  78%|███████▊  | 5461/7000 [03:22<00:39, 39.31it/s]
loss=0.040| sh degree=3| :  78%|███████▊  | 5461/7000 [03:22<00:39, 39.31it/s]
loss=0.039| sh degree=3| :  78%|███████▊  | 5461/7000 [03:22<00:39, 39.31it/s]
loss=0.039| sh degree=3| :  78%|███████▊  | 5465/7000 [03:22<00:40, 38.04it/s]
loss=0.034| sh degree=3| :  78%|███████▊  | 5465/7000 [03:22<00:40, 38.04it/s]
loss=0.031| sh degree=3| :  78%|███████▊  | 5465/7000 [03:22<00:40, 38.04it/s]
loss=0.038| sh degree=3| :  78%|███████▊  | 5465/7000 [03:22<00:40, 38.04it/s]
loss=0.038| sh degree=3| :  78%|███████▊  | 5465/7000 [03:22<00:40, 38.04it/s]
loss=0.038| sh degree=3| :  78%|███████▊  | 5469/7000 [03:22<00:41, 36.78it/s]
loss=0.039| sh degree=3| :  78%|███████▊  | 5469/7000 [03:22<00:41, 36.78it/s]
loss=0.040| sh degree=3| :  78%|███████▊  | 5469/7000 [03:22<00:41, 36.78it/s]
loss=0.031| sh degree=3| :  78%|███████▊  | 5469/7000 [03:22<00:41, 36.78it/s]
loss=0.041| sh degree=3| :  78%|███████▊  | 5469/7000 [03:22<00:41, 36.78it/s]
loss=0.041| sh degree=3| :  78%|███████▊  | 5473/7000 [03:22<00:41, 36.64it/s]
loss=0.034| sh degree=3| :  78%|███████▊  | 5473/7000 [03:22<00:41, 36.64it/s]
loss=0.056| sh degree=3| :  78%|███████▊  | 5473/7000 [03:22<00:41, 36.64it/s]
loss=0.039| sh degree=3| :  78%|███████▊  | 5473/7000 [03:22<00:41, 36.64it/s]
loss=0.042| sh degree=3| :  78%|███████▊  | 5473/7000 [03:22<00:41, 36.64it/s]
loss=0.042| sh degree=3| :  78%|███████▊  | 5477/7000 [03:22<00:42, 36.16it/s]
loss=0.029| sh degree=3| :  78%|███████▊  | 5477/7000 [03:22<00:42, 36.16it/s]
loss=0.030| sh degree=3| :  78%|███████▊  | 5477/7000 [03:22<00:42, 36.16it/s]
loss=0.047| sh degree=3| :  78%|███████▊  | 5477/7000 [03:22<00:42, 36.16it/s]
loss=0.046| sh degree=3| :  78%|███████▊  | 5477/7000 [03:22<00:42, 36.16it/s]
loss=0.046| sh degree=3| :  78%|███████▊  | 5481/7000 [03:22<00:42, 35.58it/s]
loss=0.029| sh degree=3| :  78%|███████▊  | 5481/7000 [03:22<00:42, 35.58it/s]
loss=0.044| sh degree=3| :  78%|███████▊  | 5481/7000 [03:22<00:42, 35.58it/s]
loss=0.037| sh degree=3| :  78%|███████▊  | 5481/7000 [03:22<00:42, 35.58it/s]
loss=0.045| sh degree=3| :  78%|███████▊  | 5481/7000 [03:22<00:42, 35.58it/s]
loss=0.045| sh degree=3| :  78%|███████▊  | 5485/7000 [03:22<00:41, 36.17it/s]
loss=0.037| sh degree=3| :  78%|███████▊  | 5485/7000 [03:22<00:41, 36.17it/s]
loss=0.047| sh degree=3| :  78%|███████▊  | 5485/7000 [03:22<00:41, 36.17it/s]
loss=0.045| sh degree=3| :  78%|███████▊  | 5485/7000 [03:22<00:41, 36.17it/s]
loss=0.049| sh degree=3| :  78%|███████▊  | 5485/7000 [03:22<00:41, 36.17it/s]
loss=0.031| sh degree=3| :  78%|███████▊  | 5485/7000 [03:22<00:41, 36.17it/s]
loss=0.031| sh degree=3| :  78%|███████▊  | 5490/7000 [03:22<00:40, 37.12it/s]
loss=0.031| sh degree=3| :  78%|███████▊  | 5490/7000 [03:22<00:40, 37.12it/s]
loss=0.030| sh degree=3| :  78%|███████▊  | 5490/7000 [03:22<00:40, 37.12it/s]
loss=0.039| sh degree=3| :  78%|███████▊  | 5490/7000 [03:23<00:40, 37.12it/s]
loss=0.036| sh degree=3| :  78%|███████▊  | 5490/7000 [03:23<00:40, 37.12it/s]
loss=0.036| sh degree=3| :  78%|███████▊  | 5494/7000 [03:23<00:40, 37.24it/s]
loss=0.032| sh degree=3| :  78%|███████▊  | 5494/7000 [03:23<00:40, 37.24it/s]
loss=0.053| sh degree=3| :  78%|███████▊  | 5494/7000 [03:23<00:40, 37.24it/s]
loss=0.035| sh degree=3| :  78%|███████▊  | 5494/7000 [03:23<00:40, 37.24it/s]
loss=0.043| sh degree=3| :  78%|███████▊  | 5494/7000 [03:23<00:40, 37.24it/s]
loss=0.043| sh degree=3| :  79%|███████▊  | 5498/7000 [03:23<00:40, 37.25it/s]
loss=0.052| sh degree=3| :  79%|███████▊  | 5498/7000 [03:23<00:40, 37.25it/s]
loss=0.033| sh degree=3| :  79%|███████▊  | 5498/7000 [03:23<00:40, 37.25it/s]
loss=0.035| sh degree=3| :  79%|███████▊  | 5498/7000 [03:23<00:40, 37.25it/s]
loss=0.035| sh degree=3| :  79%|███████▊  | 5498/7000 [03:23<00:40, 37.25it/s]
loss=0.035| sh degree=3| :  79%|███████▊  | 5502/7000 [03:23<00:42, 35.25it/s]
loss=0.038| sh degree=3| :  79%|███████▊  | 5502/7000 [03:23<00:42, 35.25it/s]
loss=0.044| sh degree=3| :  79%|███████▊  | 5502/7000 [03:23<00:42, 35.25it/s]
loss=0.061| sh degree=3| :  79%|███████▊  | 5502/7000 [03:23<00:42, 35.25it/s]
loss=0.045| sh degree=3| :  79%|███████▊  | 5502/7000 [03:23<00:42, 35.25it/s]
loss=0.045| sh degree=3| :  79%|███████▊  | 5506/7000 [03:23<00:42, 35.35it/s]
loss=0.051| sh degree=3| :  79%|███████▊  | 5506/7000 [03:23<00:42, 35.35it/s]
loss=0.049| sh degree=3| :  79%|███████▊  | 5506/7000 [03:23<00:42, 35.35it/s]
loss=0.041| sh degree=3| :  79%|███████▊  | 5506/7000 [03:23<00:42, 35.35it/s]
loss=0.042| sh degree=3| :  79%|███████▊  | 5506/7000 [03:23<00:42, 35.35it/s]
loss=0.047| sh degree=3| :  79%|███████▊  | 5506/7000 [03:23<00:42, 35.35it/s]
loss=0.047| sh degree=3| :  79%|███████▊  | 5511/7000 [03:23<00:38, 38.18it/s]
loss=0.047| sh degree=3| :  79%|███████▊  | 5511/7000 [03:23<00:38, 38.18it/s]
loss=0.044| sh degree=3| :  79%|███████▊  | 5511/7000 [03:23<00:38, 38.18it/s]
loss=0.037| sh degree=3| :  79%|███████▊  | 5511/7000 [03:23<00:38, 38.18it/s]
loss=0.043| sh degree=3| :  79%|███████▊  | 5511/7000 [03:23<00:38, 38.18it/s]
loss=0.043| sh degree=3| :  79%|███████▉  | 5515/7000 [03:23<00:39, 37.28it/s]
loss=0.042| sh degree=3| :  79%|███████▉  | 5515/7000 [03:23<00:39, 37.28it/s]
loss=0.036| sh degree=3| :  79%|███████▉  | 5515/7000 [03:23<00:39, 37.28it/s]
loss=0.040| sh degree=3| :  79%|███████▉  | 5515/7000 [03:23<00:39, 37.28it/s]
loss=0.034| sh degree=3| :  79%|███████▉  | 5515/7000 [03:23<00:39, 37.28it/s]
loss=0.043| sh degree=3| :  79%|███████▉  | 5515/7000 [03:23<00:39, 37.28it/s]
loss=0.043| sh degree=3| :  79%|███████▉  | 5520/7000 [03:23<00:38, 38.85it/s]
loss=0.034| sh degree=3| :  79%|███████▉  | 5520/7000 [03:23<00:38, 38.85it/s]
loss=0.043| sh degree=3| :  79%|███████▉  | 5520/7000 [03:23<00:38, 38.85it/s]
loss=0.031| sh degree=3| :  79%|███████▉  | 5520/7000 [03:23<00:38, 38.85it/s]
loss=0.044| sh degree=3| :  79%|███████▉  | 5520/7000 [03:23<00:38, 38.85it/s]
loss=0.044| sh degree=3| :  79%|███████▉  | 5524/7000 [03:23<00:38, 38.65it/s]
loss=0.054| sh degree=3| :  79%|███████▉  | 5524/7000 [03:23<00:38, 38.65it/s]
loss=0.031| sh degree=3| :  79%|███████▉  | 5524/7000 [03:23<00:38, 38.65it/s]
loss=0.047| sh degree=3| :  79%|███████▉  | 5524/7000 [03:23<00:38, 38.65it/s]
loss=0.044| sh degree=3| :  79%|███████▉  | 5524/7000 [03:23<00:38, 38.65it/s]
loss=0.044| sh degree=3| :  79%|███████▉  | 5528/7000 [03:23<00:38, 38.57it/s]
loss=0.050| sh degree=3| :  79%|███████▉  | 5528/7000 [03:23<00:38, 38.57it/s]
loss=0.062| sh degree=3| :  79%|███████▉  | 5528/7000 [03:23<00:38, 38.57it/s]
loss=0.039| sh degree=3| :  79%|███████▉  | 5528/7000 [03:24<00:38, 38.57it/s]
loss=0.046| sh degree=3| :  79%|███████▉  | 5528/7000 [03:24<00:38, 38.57it/s]
loss=0.046| sh degree=3| :  79%|███████▉  | 5532/7000 [03:24<00:39, 37.62it/s]
loss=0.045| sh degree=3| :  79%|███████▉  | 5532/7000 [03:24<00:39, 37.62it/s]
loss=0.070| sh degree=3| :  79%|███████▉  | 5532/7000 [03:24<00:39, 37.62it/s]
loss=0.041| sh degree=3| :  79%|███████▉  | 5532/7000 [03:24<00:39, 37.62it/s]
loss=0.041| sh degree=3| :  79%|███████▉  | 5532/7000 [03:24<00:39, 37.62it/s]
loss=0.041| sh degree=3| :  79%|███████▉  | 5536/7000 [03:24<00:39, 37.38it/s]
loss=0.042| sh degree=3| :  79%|███████▉  | 5536/7000 [03:24<00:39, 37.38it/s]
loss=0.041| sh degree=3| :  79%|███████▉  | 5536/7000 [03:24<00:39, 37.38it/s]
loss=0.039| sh degree=3| :  79%|███████▉  | 5536/7000 [03:24<00:39, 37.38it/s]
loss=0.039| sh degree=3| :  79%|███████▉  | 5536/7000 [03:24<00:39, 37.38it/s]
loss=0.039| sh degree=3| :  79%|███████▉  | 5540/7000 [03:24<00:38, 37.89it/s]
loss=0.039| sh degree=3| :  79%|███████▉  | 5540/7000 [03:24<00:38, 37.89it/s]
loss=0.040| sh degree=3| :  79%|███████▉  | 5540/7000 [03:24<00:38, 37.89it/s]
loss=0.032| sh degree=3| :  79%|███████▉  | 5540/7000 [03:24<00:38, 37.89it/s]
loss=0.033| sh degree=3| :  79%|███████▉  | 5540/7000 [03:24<00:38, 37.89it/s]
loss=0.033| sh degree=3| :  79%|███████▉  | 5544/7000 [03:24<00:39, 37.02it/s]
loss=0.051| sh degree=3| :  79%|███████▉  | 5544/7000 [03:24<00:39, 37.02it/s]
loss=0.048| sh degree=3| :  79%|███████▉  | 5544/7000 [03:24<00:39, 37.02it/s]
loss=0.046| sh degree=3| :  79%|███████▉  | 5544/7000 [03:24<00:39, 37.02it/s]
loss=0.035| sh degree=3| :  79%|███████▉  | 5544/7000 [03:24<00:39, 37.02it/s]
loss=0.035| sh degree=3| :  79%|███████▉  | 5548/7000 [03:24<00:38, 37.28it/s]
loss=0.047| sh degree=3| :  79%|███████▉  | 5548/7000 [03:24<00:38, 37.28it/s]
loss=0.047| sh degree=3| :  79%|███████▉  | 5548/7000 [03:24<00:38, 37.28it/s]
loss=0.040| sh degree=3| :  79%|███████▉  | 5548/7000 [03:24<00:38, 37.28it/s]
loss=0.034| sh degree=3| :  79%|███████▉  | 5548/7000 [03:24<00:38, 37.28it/s]
loss=0.035| sh degree=3| :  79%|███████▉  | 5548/7000 [03:24<00:38, 37.28it/s]
loss=0.035| sh degree=3| :  79%|███████▉  | 5553/7000 [03:24<00:37, 38.18it/s]
loss=0.036| sh degree=3| :  79%|███████▉  | 5553/7000 [03:24<00:37, 38.18it/s]
loss=0.043| sh degree=3| :  79%|███████▉  | 5553/7000 [03:24<00:37, 38.18it/s]
loss=0.040| sh degree=3| :  79%|███████▉  | 5553/7000 [03:24<00:37, 38.18it/s]
loss=0.041| sh degree=3| :  79%|███████▉  | 5553/7000 [03:24<00:37, 38.18it/s]
loss=0.041| sh degree=3| :  79%|███████▉  | 5553/7000 [03:24<00:37, 38.18it/s]
loss=0.041| sh degree=3| :  79%|███████▉  | 5558/7000 [03:24<00:36, 39.16it/s]
loss=0.038| sh degree=3| :  79%|███████▉  | 5558/7000 [03:24<00:36, 39.16it/s]
loss=0.037| sh degree=3| :  79%|███████▉  | 5558/7000 [03:24<00:36, 39.16it/s]
loss=0.045| sh degree=3| :  79%|███████▉  | 5558/7000 [03:24<00:36, 39.16it/s]
loss=0.051| sh degree=3| :  79%|███████▉  | 5558/7000 [03:24<00:36, 39.16it/s]
loss=0.051| sh degree=3| :  79%|███████▉  | 5562/7000 [03:24<00:37, 38.61it/s]
loss=0.039| sh degree=3| :  79%|███████▉  | 5562/7000 [03:24<00:37, 38.61it/s]
loss=0.032| sh degree=3| :  79%|███████▉  | 5562/7000 [03:24<00:37, 38.61it/s]
loss=0.044| sh degree=3| :  79%|███████▉  | 5562/7000 [03:24<00:37, 38.61it/s]
loss=0.052| sh degree=3| :  79%|███████▉  | 5562/7000 [03:24<00:37, 38.61it/s]
loss=0.052| sh degree=3| :  80%|███████▉  | 5566/7000 [03:24<00:37, 38.65it/s]
loss=0.053| sh degree=3| :  80%|███████▉  | 5566/7000 [03:24<00:37, 38.65it/s]
loss=0.033| sh degree=3| :  80%|███████▉  | 5566/7000 [03:25<00:37, 38.65it/s]
loss=0.048| sh degree=3| :  80%|███████▉  | 5566/7000 [03:25<00:37, 38.65it/s]
loss=0.034| sh degree=3| :  80%|███████▉  | 5566/7000 [03:25<00:37, 38.65it/s]
loss=0.034| sh degree=3| :  80%|███████▉  | 5570/7000 [03:25<00:38, 37.44it/s]
loss=0.032| sh degree=3| :  80%|███████▉  | 5570/7000 [03:25<00:38, 37.44it/s]
loss=0.038| sh degree=3| :  80%|███████▉  | 5570/7000 [03:25<00:38, 37.44it/s]
loss=0.033| sh degree=3| :  80%|███████▉  | 5570/7000 [03:25<00:38, 37.44it/s]
loss=0.040| sh degree=3| :  80%|███████▉  | 5570/7000 [03:25<00:38, 37.44it/s]
loss=0.040| sh degree=3| :  80%|███████▉  | 5574/7000 [03:25<00:37, 37.84it/s]
loss=0.041| sh degree=3| :  80%|███████▉  | 5574/7000 [03:25<00:37, 37.84it/s]
loss=0.044| sh degree=3| :  80%|███████▉  | 5574/7000 [03:25<00:37, 37.84it/s]
loss=0.037| sh degree=3| :  80%|███████▉  | 5574/7000 [03:25<00:37, 37.84it/s]
loss=0.046| sh degree=3| :  80%|███████▉  | 5574/7000 [03:25<00:37, 37.84it/s]
loss=0.043| sh degree=3| :  80%|███████▉  | 5574/7000 [03:25<00:37, 37.84it/s]
loss=0.043| sh degree=3| :  80%|███████▉  | 5579/7000 [03:25<00:35, 39.68it/s]
loss=0.033| sh degree=3| :  80%|███████▉  | 5579/7000 [03:25<00:35, 39.68it/s]
loss=0.039| sh degree=3| :  80%|███████▉  | 5579/7000 [03:25<00:35, 39.68it/s]
loss=0.063| sh degree=3| :  80%|███████▉  | 5579/7000 [03:25<00:35, 39.68it/s]
loss=0.044| sh degree=3| :  80%|███████▉  | 5579/7000 [03:25<00:35, 39.68it/s]
loss=0.034| sh degree=3| :  80%|███████▉  | 5579/7000 [03:25<00:35, 39.68it/s]
loss=0.034| sh degree=3| :  80%|███████▉  | 5584/7000 [03:25<00:34, 40.58it/s]
loss=0.041| sh degree=3| :  80%|███████▉  | 5584/7000 [03:25<00:34, 40.58it/s]
loss=0.032| sh degree=3| :  80%|███████▉  | 5584/7000 [03:25<00:34, 40.58it/s]
loss=0.063| sh degree=3| :  80%|███████▉  | 5584/7000 [03:25<00:34, 40.58it/s]
loss=0.044| sh degree=3| :  80%|███████▉  | 5584/7000 [03:25<00:34, 40.58it/s]
loss=0.033| sh degree=3| :  80%|███████▉  | 5584/7000 [03:25<00:34, 40.58it/s]
loss=0.033| sh degree=3| :  80%|███████▉  | 5589/7000 [03:25<00:34, 40.69it/s]
loss=0.061| sh degree=3| :  80%|███████▉  | 5589/7000 [03:25<00:34, 40.69it/s]
loss=0.034| sh degree=3| :  80%|███████▉  | 5589/7000 [03:25<00:34, 40.69it/s]
loss=0.031| sh degree=3| :  80%|███████▉  | 5589/7000 [03:25<00:34, 40.69it/s]
loss=0.031| sh degree=3| :  80%|███████▉  | 5589/7000 [03:25<00:34, 40.69it/s]
loss=0.046| sh degree=3| :  80%|███████▉  | 5589/7000 [03:25<00:34, 40.69it/s]
loss=0.046| sh degree=3| :  80%|███████▉  | 5594/7000 [03:25<00:36, 38.18it/s]
loss=0.040| sh degree=3| :  80%|███████▉  | 5594/7000 [03:25<00:36, 38.18it/s]
loss=0.046| sh degree=3| :  80%|███████▉  | 5594/7000 [03:25<00:36, 38.18it/s]
loss=0.044| sh degree=3| :  80%|███████▉  | 5594/7000 [03:25<00:36, 38.18it/s]
loss=0.041| sh degree=3| :  80%|███████▉  | 5594/7000 [03:25<00:36, 38.18it/s]
loss=0.044| sh degree=3| :  80%|███████▉  | 5594/7000 [03:25<00:36, 38.18it/s]
loss=0.044| sh degree=3| :  80%|███████▉  | 5599/7000 [03:25<00:34, 40.35it/s]
loss=0.030| sh degree=3| :  80%|███████▉  | 5599/7000 [03:25<00:34, 40.35it/s]
loss=0.033| sh degree=3| :  80%|███████▉  | 5599/7000 [03:25<00:34, 40.35it/s]
loss=0.043| sh degree=3| :  80%|███████▉  | 5599/7000 [03:25<00:34, 40.35it/s]
loss=0.057| sh degree=3| :  80%|███████▉  | 5599/7000 [03:25<00:34, 40.35it/s]
loss=0.046| sh degree=3| :  80%|███████▉  | 5599/7000 [03:25<00:34, 40.35it/s]
loss=0.046| sh degree=3| :  80%|████████  | 5604/7000 [03:25<00:36, 38.30it/s]
loss=0.045| sh degree=3| :  80%|████████  | 5604/7000 [03:25<00:36, 38.30it/s]
loss=0.038| sh degree=3| :  80%|████████  | 5604/7000 [03:25<00:36, 38.30it/s]
loss=0.056| sh degree=3| :  80%|████████  | 5604/7000 [03:25<00:36, 38.30it/s]
loss=0.034| sh degree=3| :  80%|████████  | 5604/7000 [03:26<00:36, 38.30it/s]
loss=0.034| sh degree=3| :  80%|████████  | 5608/7000 [03:26<00:36, 38.62it/s]
loss=0.079| sh degree=3| :  80%|████████  | 5608/7000 [03:26<00:36, 38.62it/s]
loss=0.036| sh degree=3| :  80%|████████  | 5608/7000 [03:26<00:36, 38.62it/s]
loss=0.056| sh degree=3| :  80%|████████  | 5608/7000 [03:26<00:36, 38.62it/s]
loss=0.035| sh degree=3| :  80%|████████  | 5608/7000 [03:26<00:36, 38.62it/s]
loss=0.035| sh degree=3| :  80%|████████  | 5612/7000 [03:26<00:45, 30.22it/s]
loss=0.033| sh degree=3| :  80%|████████  | 5612/7000 [03:26<00:45, 30.22it/s]
loss=0.044| sh degree=3| :  80%|████████  | 5612/7000 [03:26<00:45, 30.22it/s]
loss=0.048| sh degree=3| :  80%|████████  | 5612/7000 [03:26<00:45, 30.22it/s]
loss=0.040| sh degree=3| :  80%|████████  | 5612/7000 [03:26<00:45, 30.22it/s]
loss=0.040| sh degree=3| :  80%|████████  | 5616/7000 [03:26<00:43, 32.17it/s]
loss=0.049| sh degree=3| :  80%|████████  | 5616/7000 [03:26<00:43, 32.17it/s]
loss=0.030| sh degree=3| :  80%|████████  | 5616/7000 [03:26<00:43, 32.17it/s]
loss=0.038| sh degree=3| :  80%|████████  | 5616/7000 [03:26<00:43, 32.17it/s]
loss=0.045| sh degree=3| :  80%|████████  | 5616/7000 [03:26<00:43, 32.17it/s]
loss=0.045| sh degree=3| :  80%|████████  | 5620/7000 [03:26<00:41, 32.98it/s]
loss=0.030| sh degree=3| :  80%|████████  | 5620/7000 [03:26<00:41, 32.98it/s]
loss=0.042| sh degree=3| :  80%|████████  | 5620/7000 [03:26<00:41, 32.98it/s]
loss=0.043| sh degree=3| :  80%|████████  | 5620/7000 [03:26<00:41, 32.98it/s]
loss=0.049| sh degree=3| :  80%|████████  | 5620/7000 [03:26<00:41, 32.98it/s]
loss=0.049| sh degree=3| :  80%|████████  | 5624/7000 [03:26<00:40, 34.35it/s]
loss=0.050| sh degree=3| :  80%|████████  | 5624/7000 [03:26<00:40, 34.35it/s]
loss=0.063| sh degree=3| :  80%|████████  | 5624/7000 [03:26<00:40, 34.35it/s]
loss=0.036| sh degree=3| :  80%|████████  | 5624/7000 [03:26<00:40, 34.35it/s]
loss=0.037| sh degree=3| :  80%|████████  | 5624/7000 [03:26<00:40, 34.35it/s]
loss=0.037| sh degree=3| :  80%|████████  | 5628/7000 [03:26<00:39, 35.12it/s]
loss=0.042| sh degree=3| :  80%|████████  | 5628/7000 [03:26<00:39, 35.12it/s]
loss=0.042| sh degree=3| :  80%|████████  | 5628/7000 [03:26<00:39, 35.12it/s]
loss=0.047| sh degree=3| :  80%|████████  | 5628/7000 [03:26<00:39, 35.12it/s]
loss=0.042| sh degree=3| :  80%|████████  | 5628/7000 [03:26<00:39, 35.12it/s]
loss=0.041| sh degree=3| :  80%|████████  | 5628/7000 [03:26<00:39, 35.12it/s]
loss=0.041| sh degree=3| :  80%|████████  | 5633/7000 [03:26<00:37, 36.62it/s]
loss=0.044| sh degree=3| :  80%|████████  | 5633/7000 [03:26<00:37, 36.62it/s]
loss=0.036| sh degree=3| :  80%|████████  | 5633/7000 [03:26<00:37, 36.62it/s]
loss=0.039| sh degree=3| :  80%|████████  | 5633/7000 [03:26<00:37, 36.62it/s]
loss=0.044| sh degree=3| :  80%|████████  | 5633/7000 [03:26<00:37, 36.62it/s]
loss=0.044| sh degree=3| :  81%|████████  | 5637/7000 [03:26<00:36, 37.24it/s]
loss=0.041| sh degree=3| :  81%|████████  | 5637/7000 [03:26<00:36, 37.24it/s]
loss=0.031| sh degree=3| :  81%|████████  | 5637/7000 [03:26<00:36, 37.24it/s]
loss=0.042| sh degree=3| :  81%|████████  | 5637/7000 [03:26<00:36, 37.24it/s]
loss=0.031| sh degree=3| :  81%|████████  | 5637/7000 [03:26<00:36, 37.24it/s]
loss=0.068| sh degree=3| :  81%|████████  | 5637/7000 [03:27<00:36, 37.24it/s]
loss=0.068| sh degree=3| :  81%|████████  | 5642/7000 [03:27<00:36, 37.62it/s]
loss=0.033| sh degree=3| :  81%|████████  | 5642/7000 [03:27<00:36, 37.62it/s]
loss=0.037| sh degree=3| :  81%|████████  | 5642/7000 [03:27<00:36, 37.62it/s]
loss=0.031| sh degree=3| :  81%|████████  | 5642/7000 [03:27<00:36, 37.62it/s]
loss=0.040| sh degree=3| :  81%|████████  | 5642/7000 [03:27<00:36, 37.62it/s]
loss=0.040| sh degree=3| :  81%|████████  | 5646/7000 [03:27<00:36, 36.92it/s]
loss=0.043| sh degree=3| :  81%|████████  | 5646/7000 [03:27<00:36, 36.92it/s]
loss=0.044| sh degree=3| :  81%|████████  | 5646/7000 [03:27<00:36, 36.92it/s]
loss=0.040| sh degree=3| :  81%|████████  | 5646/7000 [03:27<00:36, 36.92it/s]
loss=0.031| sh degree=3| :  81%|████████  | 5646/7000 [03:27<00:36, 36.92it/s]
loss=0.033| sh degree=3| :  81%|████████  | 5646/7000 [03:27<00:36, 36.92it/s]
loss=0.033| sh degree=3| :  81%|████████  | 5651/7000 [03:27<00:35, 38.12it/s]
loss=0.037| sh degree=3| :  81%|████████  | 5651/7000 [03:27<00:35, 38.12it/s]
loss=0.041| sh degree=3| :  81%|████████  | 5651/7000 [03:27<00:35, 38.12it/s]
loss=0.070| sh degree=3| :  81%|████████  | 5651/7000 [03:27<00:35, 38.12it/s]
loss=0.043| sh degree=3| :  81%|████████  | 5651/7000 [03:27<00:35, 38.12it/s]
loss=0.043| sh degree=3| :  81%|████████  | 5655/7000 [03:27<00:35, 37.67it/s]
loss=0.032| sh degree=3| :  81%|████████  | 5655/7000 [03:27<00:35, 37.67it/s]
loss=0.038| sh degree=3| :  81%|████████  | 5655/7000 [03:27<00:35, 37.67it/s]
loss=0.048| sh degree=3| :  81%|████████  | 5655/7000 [03:27<00:35, 37.67it/s]
loss=0.041| sh degree=3| :  81%|████████  | 5655/7000 [03:27<00:35, 37.67it/s]
loss=0.041| sh degree=3| :  81%|████████  | 5659/7000 [03:27<00:35, 38.04it/s]
loss=0.040| sh degree=3| :  81%|████████  | 5659/7000 [03:27<00:35, 38.04it/s]
loss=0.044| sh degree=3| :  81%|████████  | 5659/7000 [03:27<00:35, 38.04it/s]
loss=0.044| sh degree=3| :  81%|████████  | 5659/7000 [03:27<00:35, 38.04it/s]
loss=0.048| sh degree=3| :  81%|████████  | 5659/7000 [03:27<00:35, 38.04it/s]
loss=0.048| sh degree=3| :  81%|████████  | 5663/7000 [03:27<00:36, 36.94it/s]
loss=0.031| sh degree=3| :  81%|████████  | 5663/7000 [03:27<00:36, 36.94it/s]
loss=0.059| sh degree=3| :  81%|████████  | 5663/7000 [03:27<00:36, 36.94it/s]
loss=0.045| sh degree=3| :  81%|████████  | 5663/7000 [03:27<00:36, 36.94it/s]
loss=0.042| sh degree=3| :  81%|████████  | 5663/7000 [03:27<00:36, 36.94it/s]
loss=0.061| sh degree=3| :  81%|████████  | 5663/7000 [03:27<00:36, 36.94it/s]
loss=0.061| sh degree=3| :  81%|████████  | 5668/7000 [03:27<00:35, 37.45it/s]
loss=0.038| sh degree=3| :  81%|████████  | 5668/7000 [03:27<00:35, 37.45it/s]
loss=0.031| sh degree=3| :  81%|████████  | 5668/7000 [03:27<00:35, 37.45it/s]
loss=0.045| sh degree=3| :  81%|████████  | 5668/7000 [03:27<00:35, 37.45it/s]
loss=0.041| sh degree=3| :  81%|████████  | 5668/7000 [03:27<00:35, 37.45it/s]
loss=0.041| sh degree=3| :  81%|████████  | 5672/7000 [03:27<00:34, 38.09it/s]
loss=0.039| sh degree=3| :  81%|████████  | 5672/7000 [03:27<00:34, 38.09it/s]
loss=0.038| sh degree=3| :  81%|████████  | 5672/7000 [03:27<00:34, 38.09it/s]
loss=0.035| sh degree=3| :  81%|████████  | 5672/7000 [03:27<00:34, 38.09it/s]
loss=0.031| sh degree=3| :  81%|████████  | 5672/7000 [03:27<00:34, 38.09it/s]
loss=0.037| sh degree=3| :  81%|████████  | 5672/7000 [03:27<00:34, 38.09it/s]
loss=0.037| sh degree=3| :  81%|████████  | 5677/7000 [03:27<00:34, 38.40it/s]
loss=0.049| sh degree=3| :  81%|████████  | 5677/7000 [03:27<00:34, 38.40it/s]
loss=0.034| sh degree=3| :  81%|████████  | 5677/7000 [03:27<00:34, 38.40it/s]
loss=0.042| sh degree=3| :  81%|████████  | 5677/7000 [03:28<00:34, 38.40it/s]
loss=0.030| sh degree=3| :  81%|████████  | 5677/7000 [03:28<00:34, 38.40it/s]
loss=0.030| sh degree=3| :  81%|████████  | 5681/7000 [03:28<00:34, 38.08it/s]
loss=0.040| sh degree=3| :  81%|████████  | 5681/7000 [03:28<00:34, 38.08it/s]
loss=0.039| sh degree=3| :  81%|████████  | 5681/7000 [03:28<00:34, 38.08it/s]
loss=0.040| sh degree=3| :  81%|████████  | 5681/7000 [03:28<00:34, 38.08it/s]
loss=0.039| sh degree=3| :  81%|████████  | 5681/7000 [03:28<00:34, 38.08it/s]
loss=0.039| sh degree=3| :  81%|████████  | 5685/7000 [03:28<00:35, 37.39it/s]
loss=0.043| sh degree=3| :  81%|████████  | 5685/7000 [03:28<00:35, 37.39it/s]
loss=0.034| sh degree=3| :  81%|████████  | 5685/7000 [03:28<00:35, 37.39it/s]
loss=0.032| sh degree=3| :  81%|████████  | 5685/7000 [03:28<00:35, 37.39it/s]
loss=0.048| sh degree=3| :  81%|████████  | 5685/7000 [03:28<00:35, 37.39it/s]
loss=0.048| sh degree=3| :  81%|████████▏ | 5689/7000 [03:28<00:34, 37.55it/s]
loss=0.032| sh degree=3| :  81%|████████▏ | 5689/7000 [03:28<00:34, 37.55it/s]
loss=0.042| sh degree=3| :  81%|████████▏ | 5689/7000 [03:28<00:34, 37.55it/s]
loss=0.040| sh degree=3| :  81%|████████▏ | 5689/7000 [03:28<00:34, 37.55it/s]
loss=0.031| sh degree=3| :  81%|████████▏ | 5689/7000 [03:28<00:34, 37.55it/s]
loss=0.038| sh degree=3| :  81%|████████▏ | 5689/7000 [03:28<00:34, 37.55it/s]
loss=0.038| sh degree=3| :  81%|████████▏ | 5694/7000 [03:28<00:34, 38.38it/s]
loss=0.051| sh degree=3| :  81%|████████▏ | 5694/7000 [03:28<00:34, 38.38it/s]
loss=0.039| sh degree=3| :  81%|████████▏ | 5694/7000 [03:28<00:34, 38.38it/s]
loss=0.037| sh degree=3| :  81%|████████▏ | 5694/7000 [03:28<00:34, 38.38it/s]
loss=0.038| sh degree=3| :  81%|████████▏ | 5694/7000 [03:28<00:34, 38.38it/s]
loss=0.038| sh degree=3| :  81%|████████▏ | 5698/7000 [03:28<00:34, 37.59it/s]
loss=0.039| sh degree=3| :  81%|████████▏ | 5698/7000 [03:28<00:34, 37.59it/s]
loss=0.059| sh degree=3| :  81%|████████▏ | 5698/7000 [03:28<00:34, 37.59it/s]
loss=0.035| sh degree=3| :  81%|████████▏ | 5698/7000 [03:28<00:34, 37.59it/s]
loss=0.037| sh degree=3| :  81%|████████▏ | 5698/7000 [03:28<00:34, 37.59it/s]
loss=0.037| sh degree=3| :  81%|████████▏ | 5702/7000 [03:28<00:36, 35.86it/s]
loss=0.043| sh degree=3| :  81%|████████▏ | 5702/7000 [03:28<00:36, 35.86it/s]
loss=0.036| sh degree=3| :  81%|████████▏ | 5702/7000 [03:28<00:36, 35.86it/s]
loss=0.046| sh degree=3| :  81%|████████▏ | 5702/7000 [03:28<00:36, 35.86it/s]
loss=0.044| sh degree=3| :  81%|████████▏ | 5702/7000 [03:28<00:36, 35.86it/s]
loss=0.038| sh degree=3| :  81%|████████▏ | 5702/7000 [03:28<00:36, 35.86it/s]
loss=0.038| sh degree=3| :  82%|████████▏ | 5707/7000 [03:28<00:34, 37.57it/s]
loss=0.048| sh degree=3| :  82%|████████▏ | 5707/7000 [03:28<00:34, 37.57it/s]
loss=0.052| sh degree=3| :  82%|████████▏ | 5707/7000 [03:28<00:34, 37.57it/s]
loss=0.051| sh degree=3| :  82%|████████▏ | 5707/7000 [03:28<00:34, 37.57it/s]
loss=0.039| sh degree=3| :  82%|████████▏ | 5707/7000 [03:28<00:34, 37.57it/s]
loss=0.048| sh degree=3| :  82%|████████▏ | 5707/7000 [03:28<00:34, 37.57it/s]
loss=0.048| sh degree=3| :  82%|████████▏ | 5712/7000 [03:28<00:33, 38.80it/s]
loss=0.047| sh degree=3| :  82%|████████▏ | 5712/7000 [03:28<00:33, 38.80it/s]
loss=0.041| sh degree=3| :  82%|████████▏ | 5712/7000 [03:28<00:33, 38.80it/s]
loss=0.036| sh degree=3| :  82%|████████▏ | 5712/7000 [03:28<00:33, 38.80it/s]
loss=0.036| sh degree=3| :  82%|████████▏ | 5712/7000 [03:28<00:33, 38.80it/s]
loss=0.036| sh degree=3| :  82%|████████▏ | 5716/7000 [03:28<00:34, 37.44it/s]
loss=0.040| sh degree=3| :  82%|████████▏ | 5716/7000 [03:29<00:34, 37.44it/s]
loss=0.036| sh degree=3| :  82%|████████▏ | 5716/7000 [03:29<00:34, 37.44it/s]
loss=0.040| sh degree=3| :  82%|████████▏ | 5716/7000 [03:29<00:34, 37.44it/s]
loss=0.047| sh degree=3| :  82%|████████▏ | 5716/7000 [03:29<00:34, 37.44it/s]
loss=0.047| sh degree=3| :  82%|████████▏ | 5720/7000 [03:29<00:33, 38.01it/s]
loss=0.034| sh degree=3| :  82%|████████▏ | 5720/7000 [03:29<00:33, 38.01it/s]
loss=0.038| sh degree=3| :  82%|████████▏ | 5720/7000 [03:29<00:33, 38.01it/s]
loss=0.046| sh degree=3| :  82%|████████▏ | 5720/7000 [03:29<00:33, 38.01it/s]
loss=0.052| sh degree=3| :  82%|████████▏ | 5720/7000 [03:29<00:33, 38.01it/s]
loss=0.052| sh degree=3| :  82%|████████▏ | 5724/7000 [03:29<00:33, 38.23it/s]
loss=0.045| sh degree=3| :  82%|████████▏ | 5724/7000 [03:29<00:33, 38.23it/s]
loss=0.036| sh degree=3| :  82%|████████▏ | 5724/7000 [03:29<00:33, 38.23it/s]
loss=0.033| sh degree=3| :  82%|████████▏ | 5724/7000 [03:29<00:33, 38.23it/s]
loss=0.032| sh degree=3| :  82%|████████▏ | 5724/7000 [03:29<00:33, 38.23it/s]
loss=0.032| sh degree=3| :  82%|████████▏ | 5728/7000 [03:29<00:33, 37.66it/s]
loss=0.033| sh degree=3| :  82%|████████▏ | 5728/7000 [03:29<00:33, 37.66it/s]
loss=0.030| sh degree=3| :  82%|████████▏ | 5728/7000 [03:29<00:33, 37.66it/s]
loss=0.050| sh degree=3| :  82%|████████▏ | 5728/7000 [03:29<00:33, 37.66it/s]
loss=0.043| sh degree=3| :  82%|████████▏ | 5728/7000 [03:29<00:33, 37.66it/s]
loss=0.042| sh degree=3| :  82%|████████▏ | 5728/7000 [03:29<00:33, 37.66it/s]
loss=0.042| sh degree=3| :  82%|████████▏ | 5733/7000 [03:29<00:32, 38.67it/s]
loss=0.040| sh degree=3| :  82%|████████▏ | 5733/7000 [03:29<00:32, 38.67it/s]
loss=0.045| sh degree=3| :  82%|████████▏ | 5733/7000 [03:29<00:32, 38.67it/s]
loss=0.055| sh degree=3| :  82%|████████▏ | 5733/7000 [03:29<00:32, 38.67it/s]
loss=0.046| sh degree=3| :  82%|████████▏ | 5733/7000 [03:29<00:32, 38.67it/s]
loss=0.044| sh degree=3| :  82%|████████▏ | 5733/7000 [03:29<00:32, 38.67it/s]
loss=0.044| sh degree=3| :  82%|████████▏ | 5738/7000 [03:29<00:31, 39.59it/s]
loss=0.047| sh degree=3| :  82%|████████▏ | 5738/7000 [03:29<00:31, 39.59it/s]
loss=0.037| sh degree=3| :  82%|████████▏ | 5738/7000 [03:29<00:31, 39.59it/s]
loss=0.044| sh degree=3| :  82%|████████▏ | 5738/7000 [03:29<00:31, 39.59it/s]
loss=0.040| sh degree=3| :  82%|████████▏ | 5738/7000 [03:29<00:31, 39.59it/s]
loss=0.040| sh degree=3| :  82%|████████▏ | 5742/7000 [03:29<00:31, 39.59it/s]
loss=0.051| sh degree=3| :  82%|████████▏ | 5742/7000 [03:29<00:31, 39.59it/s]
loss=0.035| sh degree=3| :  82%|████████▏ | 5742/7000 [03:29<00:31, 39.59it/s]
loss=0.038| sh degree=3| :  82%|████████▏ | 5742/7000 [03:29<00:31, 39.59it/s]
loss=0.040| sh degree=3| :  82%|████████▏ | 5742/7000 [03:29<00:31, 39.59it/s]
loss=0.040| sh degree=3| :  82%|████████▏ | 5746/7000 [03:29<00:32, 38.43it/s]
loss=0.038| sh degree=3| :  82%|████████▏ | 5746/7000 [03:29<00:32, 38.43it/s]
loss=0.041| sh degree=3| :  82%|████████▏ | 5746/7000 [03:29<00:32, 38.43it/s]
loss=0.077| sh degree=3| :  82%|████████▏ | 5746/7000 [03:29<00:32, 38.43it/s]
loss=0.039| sh degree=3| :  82%|████████▏ | 5746/7000 [03:29<00:32, 38.43it/s]
loss=0.039| sh degree=3| :  82%|████████▏ | 5750/7000 [03:29<00:33, 37.79it/s]
loss=0.031| sh degree=3| :  82%|████████▏ | 5750/7000 [03:29<00:33, 37.79it/s]
loss=0.043| sh degree=3| :  82%|████████▏ | 5750/7000 [03:29<00:33, 37.79it/s]
loss=0.046| sh degree=3| :  82%|████████▏ | 5750/7000 [03:29<00:33, 37.79it/s]
loss=0.033| sh degree=3| :  82%|████████▏ | 5750/7000 [03:29<00:33, 37.79it/s]
loss=0.030| sh degree=3| :  82%|████████▏ | 5750/7000 [03:29<00:33, 37.79it/s]
loss=0.030| sh degree=3| :  82%|████████▏ | 5755/7000 [03:29<00:32, 38.88it/s]
loss=0.044| sh degree=3| :  82%|████████▏ | 5755/7000 [03:30<00:32, 38.88it/s]
loss=0.045| sh degree=3| :  82%|████████▏ | 5755/7000 [03:30<00:32, 38.88it/s]
loss=0.040| sh degree=3| :  82%|████████▏ | 5755/7000 [03:30<00:32, 38.88it/s]
loss=0.045| sh degree=3| :  82%|████████▏ | 5755/7000 [03:30<00:32, 38.88it/s]
loss=0.033| sh degree=3| :  82%|████████▏ | 5755/7000 [03:30<00:32, 38.88it/s]
loss=0.033| sh degree=3| :  82%|████████▏ | 5760/7000 [03:30<00:31, 39.57it/s]
loss=0.038| sh degree=3| :  82%|████████▏ | 5760/7000 [03:30<00:31, 39.57it/s]
loss=0.043| sh degree=3| :  82%|████████▏ | 5760/7000 [03:30<00:31, 39.57it/s]
loss=0.030| sh degree=3| :  82%|████████▏ | 5760/7000 [03:30<00:31, 39.57it/s]
loss=0.033| sh degree=3| :  82%|████████▏ | 5760/7000 [03:30<00:31, 39.57it/s]
loss=0.033| sh degree=3| :  82%|████████▏ | 5764/7000 [03:30<00:31, 38.84it/s]
loss=0.031| sh degree=3| :  82%|████████▏ | 5764/7000 [03:30<00:31, 38.84it/s]
loss=0.044| sh degree=3| :  82%|████████▏ | 5764/7000 [03:30<00:31, 38.84it/s]
loss=0.031| sh degree=3| :  82%|████████▏ | 5764/7000 [03:30<00:31, 38.84it/s]
loss=0.051| sh degree=3| :  82%|████████▏ | 5764/7000 [03:30<00:31, 38.84it/s]
loss=0.051| sh degree=3| :  82%|████████▏ | 5768/7000 [03:30<00:32, 38.18it/s]
loss=0.044| sh degree=3| :  82%|████████▏ | 5768/7000 [03:30<00:32, 38.18it/s]
loss=0.034| sh degree=3| :  82%|████████▏ | 5768/7000 [03:30<00:32, 38.18it/s]
loss=0.039| sh degree=3| :  82%|████████▏ | 5768/7000 [03:30<00:32, 38.18it/s]
loss=0.031| sh degree=3| :  82%|████████▏ | 5768/7000 [03:30<00:32, 38.18it/s]
loss=0.031| sh degree=3| :  82%|████████▏ | 5772/7000 [03:30<00:32, 37.73it/s]
loss=0.036| sh degree=3| :  82%|████████▏ | 5772/7000 [03:30<00:32, 37.73it/s]
loss=0.037| sh degree=3| :  82%|████████▏ | 5772/7000 [03:30<00:32, 37.73it/s]
loss=0.030| sh degree=3| :  82%|████████▏ | 5772/7000 [03:30<00:32, 37.73it/s]
loss=0.035| sh degree=3| :  82%|████████▏ | 5772/7000 [03:30<00:32, 37.73it/s]
loss=0.035| sh degree=3| :  83%|████████▎ | 5776/7000 [03:30<00:32, 37.44it/s]
loss=0.035| sh degree=3| :  83%|████████▎ | 5776/7000 [03:30<00:32, 37.44it/s]
loss=0.044| sh degree=3| :  83%|████████▎ | 5776/7000 [03:30<00:32, 37.44it/s]
loss=0.051| sh degree=3| :  83%|████████▎ | 5776/7000 [03:30<00:32, 37.44it/s]
loss=0.030| sh degree=3| :  83%|████████▎ | 5776/7000 [03:30<00:32, 37.44it/s]
loss=0.030| sh degree=3| :  83%|████████▎ | 5780/7000 [03:30<00:32, 37.23it/s]
loss=0.031| sh degree=3| :  83%|████████▎ | 5780/7000 [03:30<00:32, 37.23it/s]
loss=0.036| sh degree=3| :  83%|████████▎ | 5780/7000 [03:30<00:32, 37.23it/s]
loss=0.033| sh degree=3| :  83%|████████▎ | 5780/7000 [03:30<00:32, 37.23it/s]
loss=0.035| sh degree=3| :  83%|████████▎ | 5780/7000 [03:30<00:32, 37.23it/s]
loss=0.035| sh degree=3| :  83%|████████▎ | 5784/7000 [03:30<00:33, 36.83it/s]
loss=0.032| sh degree=3| :  83%|████████▎ | 5784/7000 [03:30<00:33, 36.83it/s]
loss=0.030| sh degree=3| :  83%|████████▎ | 5784/7000 [03:30<00:33, 36.83it/s]
loss=0.041| sh degree=3| :  83%|████████▎ | 5784/7000 [03:30<00:33, 36.83it/s]
loss=0.052| sh degree=3| :  83%|████████▎ | 5784/7000 [03:30<00:33, 36.83it/s]
loss=0.052| sh degree=3| :  83%|████████▎ | 5788/7000 [03:30<00:32, 37.65it/s]
loss=0.031| sh degree=3| :  83%|████████▎ | 5788/7000 [03:30<00:32, 37.65it/s]
loss=0.033| sh degree=3| :  83%|████████▎ | 5788/7000 [03:30<00:32, 37.65it/s]
loss=0.045| sh degree=3| :  83%|████████▎ | 5788/7000 [03:30<00:32, 37.65it/s]
loss=0.042| sh degree=3| :  83%|████████▎ | 5788/7000 [03:30<00:32, 37.65it/s]
loss=0.029| sh degree=3| :  83%|████████▎ | 5788/7000 [03:30<00:32, 37.65it/s]
loss=0.029| sh degree=3| :  83%|████████▎ | 5793/7000 [03:30<00:31, 38.38it/s]
loss=0.045| sh degree=3| :  83%|████████▎ | 5793/7000 [03:31<00:31, 38.38it/s]
loss=0.041| sh degree=3| :  83%|████████▎ | 5793/7000 [03:31<00:31, 38.38it/s]
loss=0.031| sh degree=3| :  83%|████████▎ | 5793/7000 [03:31<00:31, 38.38it/s]
loss=0.064| sh degree=3| :  83%|████████▎ | 5793/7000 [03:31<00:31, 38.38it/s]
loss=0.064| sh degree=3| :  83%|████████▎ | 5797/7000 [03:31<00:32, 37.55it/s]
loss=0.033| sh degree=3| :  83%|████████▎ | 5797/7000 [03:31<00:32, 37.55it/s]
loss=0.044| sh degree=3| :  83%|████████▎ | 5797/7000 [03:31<00:32, 37.55it/s]
loss=0.034| sh degree=3| :  83%|████████▎ | 5797/7000 [03:31<00:32, 37.55it/s]
loss=0.028| sh degree=3| :  83%|████████▎ | 5797/7000 [03:31<00:32, 37.55it/s]
loss=0.028| sh degree=3| :  83%|████████▎ | 5801/7000 [03:31<00:33, 35.31it/s]
loss=0.035| sh degree=3| :  83%|████████▎ | 5801/7000 [03:31<00:33, 35.31it/s]
loss=0.045| sh degree=3| :  83%|████████▎ | 5801/7000 [03:31<00:33, 35.31it/s]
loss=0.034| sh degree=3| :  83%|████████▎ | 5801/7000 [03:31<00:33, 35.31it/s]
loss=0.047| sh degree=3| :  83%|████████▎ | 5801/7000 [03:31<00:33, 35.31it/s]
loss=0.047| sh degree=3| :  83%|████████▎ | 5805/7000 [03:31<00:34, 34.23it/s]
loss=0.033| sh degree=3| :  83%|████████▎ | 5805/7000 [03:31<00:34, 34.23it/s]
loss=0.056| sh degree=3| :  83%|████████▎ | 5805/7000 [03:31<00:34, 34.23it/s]
loss=0.037| sh degree=3| :  83%|████████▎ | 5805/7000 [03:31<00:34, 34.23it/s]
loss=0.036| sh degree=3| :  83%|████████▎ | 5805/7000 [03:31<00:34, 34.23it/s]
loss=0.036| sh degree=3| :  83%|████████▎ | 5809/7000 [03:31<00:33, 35.16it/s]
loss=0.033| sh degree=3| :  83%|████████▎ | 5809/7000 [03:31<00:33, 35.16it/s]
loss=0.033| sh degree=3| :  83%|████████▎ | 5809/7000 [03:31<00:33, 35.16it/s]
loss=0.033| sh degree=3| :  83%|████████▎ | 5809/7000 [03:31<00:33, 35.16it/s]
loss=0.047| sh degree=3| :  83%|████████▎ | 5809/7000 [03:31<00:33, 35.16it/s]
loss=0.047| sh degree=3| :  83%|████████▎ | 5813/7000 [03:31<00:33, 35.68it/s]
loss=0.062| sh degree=3| :  83%|████████▎ | 5813/7000 [03:31<00:33, 35.68it/s]
loss=0.049| sh degree=3| :  83%|████████▎ | 5813/7000 [03:31<00:33, 35.68it/s]
loss=0.030| sh degree=3| :  83%|████████▎ | 5813/7000 [03:31<00:33, 35.68it/s]
loss=0.033| sh degree=3| :  83%|████████▎ | 5813/7000 [03:31<00:33, 35.68it/s]
loss=0.030| sh degree=3| :  83%|████████▎ | 5813/7000 [03:31<00:33, 35.68it/s]
loss=0.030| sh degree=3| :  83%|████████▎ | 5818/7000 [03:31<00:31, 37.17it/s]
loss=0.041| sh degree=3| :  83%|████████▎ | 5818/7000 [03:31<00:31, 37.17it/s]
loss=0.049| sh degree=3| :  83%|████████▎ | 5818/7000 [03:31<00:31, 37.17it/s]
loss=0.036| sh degree=3| :  83%|████████▎ | 5818/7000 [03:31<00:31, 37.17it/s]
loss=0.037| sh degree=3| :  83%|████████▎ | 5818/7000 [03:31<00:31, 37.17it/s]
loss=0.037| sh degree=3| :  83%|████████▎ | 5822/7000 [03:31<00:31, 37.92it/s]
loss=0.044| sh degree=3| :  83%|████████▎ | 5822/7000 [03:31<00:31, 37.92it/s]
loss=0.034| sh degree=3| :  83%|████████▎ | 5822/7000 [03:31<00:31, 37.92it/s]
loss=0.041| sh degree=3| :  83%|████████▎ | 5822/7000 [03:31<00:31, 37.92it/s]
loss=0.044| sh degree=3| :  83%|████████▎ | 5822/7000 [03:31<00:31, 37.92it/s]
loss=0.044| sh degree=3| :  83%|████████▎ | 5826/7000 [03:31<00:31, 37.10it/s]
loss=0.041| sh degree=3| :  83%|████████▎ | 5826/7000 [03:31<00:31, 37.10it/s]
loss=0.031| sh degree=3| :  83%|████████▎ | 5826/7000 [03:31<00:31, 37.10it/s]
loss=0.047| sh degree=3| :  83%|████████▎ | 5826/7000 [03:31<00:31, 37.10it/s]
loss=0.035| sh degree=3| :  83%|████████▎ | 5826/7000 [03:32<00:31, 37.10it/s]
loss=0.035| sh degree=3| :  83%|████████▎ | 5830/7000 [03:32<00:32, 36.27it/s]
loss=0.047| sh degree=3| :  83%|████████▎ | 5830/7000 [03:32<00:32, 36.27it/s]
loss=0.058| sh degree=3| :  83%|████████▎ | 5830/7000 [03:32<00:32, 36.27it/s]
loss=0.048| sh degree=3| :  83%|████████▎ | 5830/7000 [03:32<00:32, 36.27it/s]
loss=0.046| sh degree=3| :  83%|████████▎ | 5830/7000 [03:32<00:32, 36.27it/s]
loss=0.053| sh degree=3| :  83%|████████▎ | 5830/7000 [03:32<00:32, 36.27it/s]
loss=0.053| sh degree=3| :  83%|████████▎ | 5835/7000 [03:32<00:31, 37.15it/s]
loss=0.033| sh degree=3| :  83%|████████▎ | 5835/7000 [03:32<00:31, 37.15it/s]
loss=0.031| sh degree=3| :  83%|████████▎ | 5835/7000 [03:32<00:31, 37.15it/s]
loss=0.040| sh degree=3| :  83%|████████▎ | 5835/7000 [03:32<00:31, 37.15it/s]
loss=0.051| sh degree=3| :  83%|████████▎ | 5835/7000 [03:32<00:31, 37.15it/s]
loss=0.051| sh degree=3| :  83%|████████▎ | 5839/7000 [03:32<00:31, 37.10it/s]
loss=0.030| sh degree=3| :  83%|████████▎ | 5839/7000 [03:32<00:31, 37.10it/s]
loss=0.045| sh degree=3| :  83%|████████▎ | 5839/7000 [03:32<00:31, 37.10it/s]
loss=0.059| sh degree=3| :  83%|████████▎ | 5839/7000 [03:32<00:31, 37.10it/s]
loss=0.028| sh degree=3| :  83%|████████▎ | 5839/7000 [03:32<00:31, 37.10it/s]
loss=0.028| sh degree=3| :  83%|████████▎ | 5843/7000 [03:32<00:33, 34.87it/s]
loss=0.050| sh degree=3| :  83%|████████▎ | 5843/7000 [03:32<00:33, 34.87it/s]
loss=0.046| sh degree=3| :  83%|████████▎ | 5843/7000 [03:32<00:33, 34.87it/s]
loss=0.038| sh degree=3| :  83%|████████▎ | 5843/7000 [03:32<00:33, 34.87it/s]
loss=0.036| sh degree=3| :  83%|████████▎ | 5843/7000 [03:32<00:33, 34.87it/s]
loss=0.036| sh degree=3| :  84%|████████▎ | 5847/7000 [03:32<00:32, 35.36it/s]
loss=0.062| sh degree=3| :  84%|████████▎ | 5847/7000 [03:32<00:32, 35.36it/s]
loss=0.043| sh degree=3| :  84%|████████▎ | 5847/7000 [03:32<00:32, 35.36it/s]
loss=0.043| sh degree=3| :  84%|████████▎ | 5847/7000 [03:32<00:32, 35.36it/s]
loss=0.036| sh degree=3| :  84%|████████▎ | 5847/7000 [03:32<00:32, 35.36it/s]
loss=0.036| sh degree=3| :  84%|████████▎ | 5851/7000 [03:32<00:31, 36.31it/s]
loss=0.050| sh degree=3| :  84%|████████▎ | 5851/7000 [03:32<00:31, 36.31it/s]
loss=0.044| sh degree=3| :  84%|████████▎ | 5851/7000 [03:32<00:31, 36.31it/s]
loss=0.034| sh degree=3| :  84%|████████▎ | 5851/7000 [03:32<00:31, 36.31it/s]
loss=0.036| sh degree=3| :  84%|████████▎ | 5851/7000 [03:32<00:31, 36.31it/s]
loss=0.041| sh degree=3| :  84%|████████▎ | 5851/7000 [03:32<00:31, 36.31it/s]
loss=0.041| sh degree=3| :  84%|████████▎ | 5856/7000 [03:32<00:30, 37.08it/s]
loss=0.049| sh degree=3| :  84%|████████▎ | 5856/7000 [03:32<00:30, 37.08it/s]
loss=0.033| sh degree=3| :  84%|████████▎ | 5856/7000 [03:32<00:30, 37.08it/s]
loss=0.044| sh degree=3| :  84%|████████▎ | 5856/7000 [03:32<00:30, 37.08it/s]
loss=0.047| sh degree=3| :  84%|████████▎ | 5856/7000 [03:32<00:30, 37.08it/s]
loss=0.047| sh degree=3| :  84%|████████▎ | 5856/7000 [03:32<00:30, 37.08it/s]
loss=0.047| sh degree=3| :  84%|████████▎ | 5861/7000 [03:32<00:30, 37.87it/s]
loss=0.047| sh degree=3| :  84%|████████▎ | 5861/7000 [03:32<00:30, 37.87it/s]
loss=0.042| sh degree=3| :  84%|████████▎ | 5861/7000 [03:32<00:30, 37.87it/s]
loss=0.040| sh degree=3| :  84%|████████▎ | 5861/7000 [03:32<00:30, 37.87it/s]
loss=0.039| sh degree=3| :  84%|████████▎ | 5861/7000 [03:32<00:30, 37.87it/s]
loss=0.039| sh degree=3| :  84%|████████▍ | 5865/7000 [03:32<00:30, 37.54it/s]
loss=0.042| sh degree=3| :  84%|████████▍ | 5865/7000 [03:33<00:30, 37.54it/s]
loss=0.038| sh degree=3| :  84%|████████▍ | 5865/7000 [03:33<00:30, 37.54it/s]
loss=0.045| sh degree=3| :  84%|████████▍ | 5865/7000 [03:33<00:30, 37.54it/s]
loss=0.046| sh degree=3| :  84%|████████▍ | 5865/7000 [03:33<00:30, 37.54it/s]
loss=0.046| sh degree=3| :  84%|████████▍ | 5869/7000 [03:33<00:37, 29.78it/s]
loss=0.036| sh degree=3| :  84%|████████▍ | 5869/7000 [03:33<00:37, 29.78it/s]
loss=0.035| sh degree=3| :  84%|████████▍ | 5869/7000 [03:33<00:37, 29.78it/s]
loss=0.045| sh degree=3| :  84%|████████▍ | 5869/7000 [03:33<00:37, 29.78it/s]
loss=0.036| sh degree=3| :  84%|████████▍ | 5869/7000 [03:33<00:37, 29.78it/s]
loss=0.036| sh degree=3| :  84%|████████▍ | 5873/7000 [03:33<00:35, 31.35it/s]
loss=0.042| sh degree=3| :  84%|████████▍ | 5873/7000 [03:33<00:35, 31.35it/s]
loss=0.034| sh degree=3| :  84%|████████▍ | 5873/7000 [03:33<00:35, 31.35it/s]
loss=0.035| sh degree=3| :  84%|████████▍ | 5873/7000 [03:33<00:35, 31.35it/s]
loss=0.053| sh degree=3| :  84%|████████▍ | 5873/7000 [03:33<00:35, 31.35it/s]
loss=0.053| sh degree=3| :  84%|████████▍ | 5877/7000 [03:33<00:34, 32.91it/s]
loss=0.061| sh degree=3| :  84%|████████▍ | 5877/7000 [03:33<00:34, 32.91it/s]
loss=0.038| sh degree=3| :  84%|████████▍ | 5877/7000 [03:33<00:34, 32.91it/s]
loss=0.050| sh degree=3| :  84%|████████▍ | 5877/7000 [03:33<00:34, 32.91it/s]
loss=0.040| sh degree=3| :  84%|████████▍ | 5877/7000 [03:33<00:34, 32.91it/s]
loss=0.040| sh degree=3| :  84%|████████▍ | 5881/7000 [03:33<00:33, 33.78it/s]
loss=0.032| sh degree=3| :  84%|████████▍ | 5881/7000 [03:33<00:33, 33.78it/s]
loss=0.055| sh degree=3| :  84%|████████▍ | 5881/7000 [03:33<00:33, 33.78it/s]
loss=0.044| sh degree=3| :  84%|████████▍ | 5881/7000 [03:33<00:33, 33.78it/s]
loss=0.043| sh degree=3| :  84%|████████▍ | 5881/7000 [03:33<00:33, 33.78it/s]
loss=0.043| sh degree=3| :  84%|████████▍ | 5881/7000 [03:33<00:33, 33.78it/s]
loss=0.043| sh degree=3| :  84%|████████▍ | 5886/7000 [03:33<00:30, 36.13it/s]
loss=0.032| sh degree=3| :  84%|████████▍ | 5886/7000 [03:33<00:30, 36.13it/s]
loss=0.036| sh degree=3| :  84%|████████▍ | 5886/7000 [03:33<00:30, 36.13it/s]
loss=0.032| sh degree=3| :  84%|████████▍ | 5886/7000 [03:33<00:30, 36.13it/s]
loss=0.032| sh degree=3| :  84%|████████▍ | 5886/7000 [03:33<00:30, 36.13it/s]
loss=0.032| sh degree=3| :  84%|████████▍ | 5890/7000 [03:33<00:30, 36.15it/s]
loss=0.034| sh degree=3| :  84%|████████▍ | 5890/7000 [03:33<00:30, 36.15it/s]
loss=0.035| sh degree=3| :  84%|████████▍ | 5890/7000 [03:33<00:30, 36.15it/s]
loss=0.032| sh degree=3| :  84%|████████▍ | 5890/7000 [03:33<00:30, 36.15it/s]
loss=0.030| sh degree=3| :  84%|████████▍ | 5890/7000 [03:33<00:30, 36.15it/s]
loss=0.030| sh degree=3| :  84%|████████▍ | 5894/7000 [03:33<00:30, 36.71it/s]
loss=0.032| sh degree=3| :  84%|████████▍ | 5894/7000 [03:33<00:30, 36.71it/s]
loss=0.039| sh degree=3| :  84%|████████▍ | 5894/7000 [03:33<00:30, 36.71it/s]
loss=0.043| sh degree=3| :  84%|████████▍ | 5894/7000 [03:33<00:30, 36.71it/s]
loss=0.046| sh degree=3| :  84%|████████▍ | 5894/7000 [03:33<00:30, 36.71it/s]
loss=0.046| sh degree=3| :  84%|████████▍ | 5898/7000 [03:33<00:29, 37.44it/s]
loss=0.067| sh degree=3| :  84%|████████▍ | 5898/7000 [03:33<00:29, 37.44it/s]
loss=0.041| sh degree=3| :  84%|████████▍ | 5898/7000 [03:33<00:29, 37.44it/s]
loss=0.029| sh degree=3| :  84%|████████▍ | 5898/7000 [03:34<00:29, 37.44it/s]
loss=0.038| sh degree=3| :  84%|████████▍ | 5898/7000 [03:34<00:29, 37.44it/s]
loss=0.038| sh degree=3| :  84%|████████▍ | 5902/7000 [03:34<00:31, 34.78it/s]
loss=0.054| sh degree=3| :  84%|████████▍ | 5902/7000 [03:34<00:31, 34.78it/s]
loss=0.036| sh degree=3| :  84%|████████▍ | 5902/7000 [03:34<00:31, 34.78it/s]
loss=0.045| sh degree=3| :  84%|████████▍ | 5902/7000 [03:34<00:31, 34.78it/s]
loss=0.044| sh degree=3| :  84%|████████▍ | 5902/7000 [03:34<00:31, 34.78it/s]
loss=0.044| sh degree=3| :  84%|████████▍ | 5906/7000 [03:34<00:30, 35.69it/s]
loss=0.061| sh degree=3| :  84%|████████▍ | 5906/7000 [03:34<00:30, 35.69it/s]
loss=0.046| sh degree=3| :  84%|████████▍ | 5906/7000 [03:34<00:30, 35.69it/s]
loss=0.045| sh degree=3| :  84%|████████▍ | 5906/7000 [03:34<00:30, 35.69it/s]
loss=0.043| sh degree=3| :  84%|████████▍ | 5906/7000 [03:34<00:30, 35.69it/s]
loss=0.043| sh degree=3| :  84%|████████▍ | 5910/7000 [03:34<00:30, 36.33it/s]
loss=0.063| sh degree=3| :  84%|████████▍ | 5910/7000 [03:34<00:30, 36.33it/s]
loss=0.044| sh degree=3| :  84%|████████▍ | 5910/7000 [03:34<00:30, 36.33it/s]
loss=0.039| sh degree=3| :  84%|████████▍ | 5910/7000 [03:34<00:30, 36.33it/s]
loss=0.039| sh degree=3| :  84%|████████▍ | 5910/7000 [03:34<00:30, 36.33it/s]
loss=0.041| sh degree=3| :  84%|████████▍ | 5910/7000 [03:34<00:30, 36.33it/s]
loss=0.041| sh degree=3| :  84%|████████▍ | 5915/7000 [03:34<00:28, 38.57it/s]
loss=0.035| sh degree=3| :  84%|████████▍ | 5915/7000 [03:34<00:28, 38.57it/s]
loss=0.036| sh degree=3| :  84%|████████▍ | 5915/7000 [03:34<00:28, 38.57it/s]
loss=0.043| sh degree=3| :  84%|████████▍ | 5915/7000 [03:34<00:28, 38.57it/s]
loss=0.045| sh degree=3| :  84%|████████▍ | 5915/7000 [03:34<00:28, 38.57it/s]
loss=0.045| sh degree=3| :  85%|████████▍ | 5919/7000 [03:34<00:28, 37.52it/s]
loss=0.037| sh degree=3| :  85%|████████▍ | 5919/7000 [03:34<00:28, 37.52it/s]
loss=0.048| sh degree=3| :  85%|████████▍ | 5919/7000 [03:34<00:28, 37.52it/s]
loss=0.046| sh degree=3| :  85%|████████▍ | 5919/7000 [03:34<00:28, 37.52it/s]
loss=0.047| sh degree=3| :  85%|████████▍ | 5919/7000 [03:34<00:28, 37.52it/s]
loss=0.047| sh degree=3| :  85%|████████▍ | 5923/7000 [03:34<00:28, 37.38it/s]
loss=0.032| sh degree=3| :  85%|████████▍ | 5923/7000 [03:34<00:28, 37.38it/s]
loss=0.043| sh degree=3| :  85%|████████▍ | 5923/7000 [03:34<00:28, 37.38it/s]
loss=0.044| sh degree=3| :  85%|████████▍ | 5923/7000 [03:34<00:28, 37.38it/s]
loss=0.037| sh degree=3| :  85%|████████▍ | 5923/7000 [03:34<00:28, 37.38it/s]
loss=0.037| sh degree=3| :  85%|████████▍ | 5927/7000 [03:34<00:28, 37.08it/s]
loss=0.041| sh degree=3| :  85%|████████▍ | 5927/7000 [03:34<00:28, 37.08it/s]
loss=0.031| sh degree=3| :  85%|████████▍ | 5927/7000 [03:34<00:28, 37.08it/s]
loss=0.041| sh degree=3| :  85%|████████▍ | 5927/7000 [03:34<00:28, 37.08it/s]
loss=0.045| sh degree=3| :  85%|████████▍ | 5927/7000 [03:34<00:28, 37.08it/s]
loss=0.044| sh degree=3| :  85%|████████▍ | 5927/7000 [03:34<00:28, 37.08it/s]
loss=0.044| sh degree=3| :  85%|████████▍ | 5932/7000 [03:34<00:27, 38.62it/s]
loss=0.030| sh degree=3| :  85%|████████▍ | 5932/7000 [03:34<00:27, 38.62it/s]
loss=0.046| sh degree=3| :  85%|████████▍ | 5932/7000 [03:34<00:27, 38.62it/s]
loss=0.044| sh degree=3| :  85%|████████▍ | 5932/7000 [03:34<00:27, 38.62it/s]
loss=0.046| sh degree=3| :  85%|████████▍ | 5932/7000 [03:34<00:27, 38.62it/s]
loss=0.046| sh degree=3| :  85%|████████▍ | 5936/7000 [03:34<00:27, 38.27it/s]
loss=0.039| sh degree=3| :  85%|████████▍ | 5936/7000 [03:34<00:27, 38.27it/s]
loss=0.044| sh degree=3| :  85%|████████▍ | 5936/7000 [03:35<00:27, 38.27it/s]
loss=0.031| sh degree=3| :  85%|████████▍ | 5936/7000 [03:35<00:27, 38.27it/s]
loss=0.054| sh degree=3| :  85%|████████▍ | 5936/7000 [03:35<00:27, 38.27it/s]
loss=0.054| sh degree=3| :  85%|████████▍ | 5940/7000 [03:35<00:28, 37.43it/s]
loss=0.050| sh degree=3| :  85%|████████▍ | 5940/7000 [03:35<00:28, 37.43it/s]
loss=0.042| sh degree=3| :  85%|████████▍ | 5940/7000 [03:35<00:28, 37.43it/s]
loss=0.039| sh degree=3| :  85%|████████▍ | 5940/7000 [03:35<00:28, 37.43it/s]
loss=0.035| sh degree=3| :  85%|████████▍ | 5940/7000 [03:35<00:28, 37.43it/s]
loss=0.035| sh degree=3| :  85%|████████▍ | 5944/7000 [03:35<00:28, 37.29it/s]
loss=0.070| sh degree=3| :  85%|████████▍ | 5944/7000 [03:35<00:28, 37.29it/s]
loss=0.042| sh degree=3| :  85%|████████▍ | 5944/7000 [03:35<00:28, 37.29it/s]
loss=0.042| sh degree=3| :  85%|████████▍ | 5944/7000 [03:35<00:28, 37.29it/s]
loss=0.037| sh degree=3| :  85%|████████▍ | 5944/7000 [03:35<00:28, 37.29it/s]
loss=0.037| sh degree=3| :  85%|████████▍ | 5948/7000 [03:35<00:29, 35.58it/s]
loss=0.041| sh degree=3| :  85%|████████▍ | 5948/7000 [03:35<00:29, 35.58it/s]
loss=0.052| sh degree=3| :  85%|████████▍ | 5948/7000 [03:35<00:29, 35.58it/s]
loss=0.040| sh degree=3| :  85%|████████▍ | 5948/7000 [03:35<00:29, 35.58it/s]
loss=0.035| sh degree=3| :  85%|████████▍ | 5948/7000 [03:35<00:29, 35.58it/s]
loss=0.035| sh degree=3| :  85%|████████▌ | 5952/7000 [03:35<00:29, 35.49it/s]
loss=0.034| sh degree=3| :  85%|████████▌ | 5952/7000 [03:35<00:29, 35.49it/s]
loss=0.038| sh degree=3| :  85%|████████▌ | 5952/7000 [03:35<00:29, 35.49it/s]
loss=0.041| sh degree=3| :  85%|████████▌ | 5952/7000 [03:35<00:29, 35.49it/s]
loss=0.035| sh degree=3| :  85%|████████▌ | 5952/7000 [03:35<00:29, 35.49it/s]
loss=0.035| sh degree=3| :  85%|████████▌ | 5956/7000 [03:35<00:29, 35.00it/s]
loss=0.033| sh degree=3| :  85%|████████▌ | 5956/7000 [03:35<00:29, 35.00it/s]
loss=0.033| sh degree=3| :  85%|████████▌ | 5956/7000 [03:35<00:29, 35.00it/s]
loss=0.033| sh degree=3| :  85%|████████▌ | 5956/7000 [03:35<00:29, 35.00it/s]
loss=0.037| sh degree=3| :  85%|████████▌ | 5956/7000 [03:35<00:29, 35.00it/s]
loss=0.037| sh degree=3| :  85%|████████▌ | 5960/7000 [03:35<00:29, 35.14it/s]
loss=0.035| sh degree=3| :  85%|████████▌ | 5960/7000 [03:35<00:29, 35.14it/s]
loss=0.039| sh degree=3| :  85%|████████▌ | 5960/7000 [03:35<00:29, 35.14it/s]
loss=0.039| sh degree=3| :  85%|████████▌ | 5960/7000 [03:35<00:29, 35.14it/s]
loss=0.035| sh degree=3| :  85%|████████▌ | 5960/7000 [03:35<00:29, 35.14it/s]
loss=0.035| sh degree=3| :  85%|████████▌ | 5964/7000 [03:35<00:29, 34.89it/s]
loss=0.043| sh degree=3| :  85%|████████▌ | 5964/7000 [03:35<00:29, 34.89it/s]
loss=0.032| sh degree=3| :  85%|████████▌ | 5964/7000 [03:35<00:29, 34.89it/s]
loss=0.033| sh degree=3| :  85%|████████▌ | 5964/7000 [03:35<00:29, 34.89it/s]
loss=0.030| sh degree=3| :  85%|████████▌ | 5964/7000 [03:35<00:29, 34.89it/s]
loss=0.030| sh degree=3| :  85%|████████▌ | 5968/7000 [03:35<00:29, 35.36it/s]
loss=0.042| sh degree=3| :  85%|████████▌ | 5968/7000 [03:35<00:29, 35.36it/s]
loss=0.030| sh degree=3| :  85%|████████▌ | 5968/7000 [03:35<00:29, 35.36it/s]
loss=0.040| sh degree=3| :  85%|████████▌ | 5968/7000 [03:35<00:29, 35.36it/s]
loss=0.030| sh degree=3| :  85%|████████▌ | 5968/7000 [03:35<00:29, 35.36it/s]
loss=0.042| sh degree=3| :  85%|████████▌ | 5968/7000 [03:35<00:29, 35.36it/s]
loss=0.042| sh degree=3| :  85%|████████▌ | 5973/7000 [03:36<00:27, 37.25it/s]
loss=0.028| sh degree=3| :  85%|████████▌ | 5973/7000 [03:36<00:27, 37.25it/s]
loss=0.029| sh degree=3| :  85%|████████▌ | 5973/7000 [03:36<00:27, 37.25it/s]
loss=0.041| sh degree=3| :  85%|████████▌ | 5973/7000 [03:36<00:27, 37.25it/s]
loss=0.048| sh degree=3| :  85%|████████▌ | 5973/7000 [03:36<00:27, 37.25it/s]
loss=0.042| sh degree=3| :  85%|████████▌ | 5973/7000 [03:36<00:27, 37.25it/s]
loss=0.042| sh degree=3| :  85%|████████▌ | 5978/7000 [03:36<00:26, 38.62it/s]
loss=0.033| sh degree=3| :  85%|████████▌ | 5978/7000 [03:36<00:26, 38.62it/s]
loss=0.035| sh degree=3| :  85%|████████▌ | 5978/7000 [03:36<00:26, 38.62it/s]
loss=0.039| sh degree=3| :  85%|████████▌ | 5978/7000 [03:36<00:26, 38.62it/s]
loss=0.033| sh degree=3| :  85%|████████▌ | 5978/7000 [03:36<00:26, 38.62it/s]
loss=0.033| sh degree=3| :  85%|████████▌ | 5982/7000 [03:36<00:26, 37.99it/s]
loss=0.032| sh degree=3| :  85%|████████▌ | 5982/7000 [03:36<00:26, 37.99it/s]
loss=0.036| sh degree=3| :  85%|████████▌ | 5982/7000 [03:36<00:26, 37.99it/s]
loss=0.042| sh degree=3| :  85%|████████▌ | 5982/7000 [03:36<00:26, 37.99it/s]
loss=0.035| sh degree=3| :  85%|████████▌ | 5982/7000 [03:36<00:26, 37.99it/s]
loss=0.035| sh degree=3| :  86%|████████▌ | 5986/7000 [03:36<00:27, 37.16it/s]
loss=0.040| sh degree=3| :  86%|████████▌ | 5986/7000 [03:36<00:27, 37.16it/s]
loss=0.040| sh degree=3| :  86%|████████▌ | 5986/7000 [03:36<00:27, 37.16it/s]
loss=0.040| sh degree=3| :  86%|████████▌ | 5986/7000 [03:36<00:27, 37.16it/s]
loss=0.056| sh degree=3| :  86%|████████▌ | 5986/7000 [03:36<00:27, 37.16it/s]
loss=0.056| sh degree=3| :  86%|████████▌ | 5990/7000 [03:36<00:26, 37.60it/s]
loss=0.034| sh degree=3| :  86%|████████▌ | 5990/7000 [03:36<00:26, 37.60it/s]
loss=0.043| sh degree=3| :  86%|████████▌ | 5990/7000 [03:36<00:26, 37.60it/s]
loss=0.039| sh degree=3| :  86%|████████▌ | 5990/7000 [03:36<00:26, 37.60it/s]
loss=0.038| sh degree=3| :  86%|████████▌ | 5990/7000 [03:36<00:26, 37.60it/s]
loss=0.042| sh degree=3| :  86%|████████▌ | 5990/7000 [03:36<00:26, 37.60it/s]
loss=0.042| sh degree=3| :  86%|████████▌ | 5995/7000 [03:36<00:26, 38.39it/s]
loss=0.030| sh degree=3| :  86%|████████▌ | 5995/7000 [03:36<00:26, 38.39it/s]
loss=0.075| sh degree=3| :  86%|████████▌ | 5995/7000 [03:36<00:26, 38.39it/s]
loss=0.037| sh degree=3| :  86%|████████▌ | 5995/7000 [03:36<00:26, 38.39it/s]
loss=0.041| sh degree=3| :  86%|████████▌ | 5995/7000 [03:36<00:26, 38.39it/s]
loss=0.041| sh degree=3| :  86%|████████▌ | 5999/7000 [03:36<00:26, 37.52it/s]
loss=0.039| sh degree=3| :  86%|████████▌ | 5999/7000 [03:36<00:26, 37.52it/s]
loss=0.036| sh degree=3| :  86%|████████▌ | 5999/7000 [03:36<00:26, 37.52it/s]
loss=0.046| sh degree=3| :  86%|████████▌ | 5999/7000 [03:36<00:26, 37.52it/s]
loss=0.044| sh degree=3| :  86%|████████▌ | 5999/7000 [03:36<00:26, 37.52it/s]
loss=0.044| sh degree=3| :  86%|████████▌ | 6003/7000 [03:36<00:28, 34.99it/s]
loss=0.042| sh degree=3| :  86%|████████▌ | 6003/7000 [03:36<00:28, 34.99it/s]
loss=0.036| sh degree=3| :  86%|████████▌ | 6003/7000 [03:36<00:28, 34.99it/s]
loss=0.035| sh degree=3| :  86%|████████▌ | 6003/7000 [03:36<00:28, 34.99it/s]
loss=0.035| sh degree=3| :  86%|████████▌ | 6003/7000 [03:36<00:28, 34.99it/s]
loss=0.035| sh degree=3| :  86%|████████▌ | 6007/7000 [03:36<00:28, 35.33it/s]
loss=0.037| sh degree=3| :  86%|████████▌ | 6007/7000 [03:36<00:28, 35.33it/s]
loss=0.044| sh degree=3| :  86%|████████▌ | 6007/7000 [03:36<00:28, 35.33it/s]
loss=0.032| sh degree=3| :  86%|████████▌ | 6007/7000 [03:37<00:28, 35.33it/s]
loss=0.032| sh degree=3| :  86%|████████▌ | 6007/7000 [03:37<00:28, 35.33it/s]
loss=0.032| sh degree=3| :  86%|████████▌ | 6011/7000 [03:37<00:27, 36.31it/s]
loss=0.056| sh degree=3| :  86%|████████▌ | 6011/7000 [03:37<00:27, 36.31it/s]
loss=0.035| sh degree=3| :  86%|████████▌ | 6011/7000 [03:37<00:27, 36.31it/s]
loss=0.062| sh degree=3| :  86%|████████▌ | 6011/7000 [03:37<00:27, 36.31it/s]
loss=0.045| sh degree=3| :  86%|████████▌ | 6011/7000 [03:37<00:27, 36.31it/s]
loss=0.045| sh degree=3| :  86%|████████▌ | 6015/7000 [03:37<00:26, 36.70it/s]
loss=0.039| sh degree=3| :  86%|████████▌ | 6015/7000 [03:37<00:26, 36.70it/s]
loss=0.051| sh degree=3| :  86%|████████▌ | 6015/7000 [03:37<00:26, 36.70it/s]
loss=0.030| sh degree=3| :  86%|████████▌ | 6015/7000 [03:37<00:26, 36.70it/s]
loss=0.036| sh degree=3| :  86%|████████▌ | 6015/7000 [03:37<00:26, 36.70it/s]
loss=0.036| sh degree=3| :  86%|████████▌ | 6019/7000 [03:37<00:27, 35.06it/s]
loss=0.029| sh degree=3| :  86%|████████▌ | 6019/7000 [03:37<00:27, 35.06it/s]
loss=0.033| sh degree=3| :  86%|████████▌ | 6019/7000 [03:37<00:27, 35.06it/s]
loss=0.033| sh degree=3| :  86%|████████▌ | 6019/7000 [03:37<00:27, 35.06it/s]
loss=0.031| sh degree=3| :  86%|████████▌ | 6019/7000 [03:37<00:27, 35.06it/s]
loss=0.031| sh degree=3| :  86%|████████▌ | 6023/7000 [03:37<00:27, 35.35it/s]
loss=0.045| sh degree=3| :  86%|████████▌ | 6023/7000 [03:37<00:27, 35.35it/s]
loss=0.029| sh degree=3| :  86%|████████▌ | 6023/7000 [03:37<00:27, 35.35it/s]
loss=0.036| sh degree=3| :  86%|████████▌ | 6023/7000 [03:37<00:27, 35.35it/s]
loss=0.044| sh degree=3| :  86%|████████▌ | 6023/7000 [03:37<00:27, 35.35it/s]
loss=0.044| sh degree=3| :  86%|████████▌ | 6027/7000 [03:37<00:27, 34.99it/s]
loss=0.030| sh degree=3| :  86%|████████▌ | 6027/7000 [03:37<00:27, 34.99it/s]
loss=0.039| sh degree=3| :  86%|████████▌ | 6027/7000 [03:37<00:27, 34.99it/s]
loss=0.027| sh degree=3| :  86%|████████▌ | 6027/7000 [03:37<00:27, 34.99it/s]
loss=0.054| sh degree=3| :  86%|████████▌ | 6027/7000 [03:37<00:27, 34.99it/s]
loss=0.040| sh degree=3| :  86%|████████▌ | 6027/7000 [03:37<00:27, 34.99it/s]
loss=0.040| sh degree=3| :  86%|████████▌ | 6032/7000 [03:37<00:26, 36.24it/s]
loss=0.034| sh degree=3| :  86%|████████▌ | 6032/7000 [03:37<00:26, 36.24it/s]
loss=0.040| sh degree=3| :  86%|████████▌ | 6032/7000 [03:37<00:26, 36.24it/s]
loss=0.042| sh degree=3| :  86%|████████▌ | 6032/7000 [03:37<00:26, 36.24it/s]
loss=0.038| sh degree=3| :  86%|████████▌ | 6032/7000 [03:37<00:26, 36.24it/s]
loss=0.038| sh degree=3| :  86%|████████▌ | 6036/7000 [03:37<00:26, 36.53it/s]
loss=0.046| sh degree=3| :  86%|████████▌ | 6036/7000 [03:37<00:26, 36.53it/s]
loss=0.048| sh degree=3| :  86%|████████▌ | 6036/7000 [03:37<00:26, 36.53it/s]
loss=0.041| sh degree=3| :  86%|████████▌ | 6036/7000 [03:37<00:26, 36.53it/s]
loss=0.030| sh degree=3| :  86%|████████▌ | 6036/7000 [03:37<00:26, 36.53it/s]
loss=0.030| sh degree=3| :  86%|████████▋ | 6040/7000 [03:37<00:27, 35.47it/s]
loss=0.031| sh degree=3| :  86%|████████▋ | 6040/7000 [03:37<00:27, 35.47it/s]
loss=0.042| sh degree=3| :  86%|████████▋ | 6040/7000 [03:37<00:27, 35.47it/s]
loss=0.041| sh degree=3| :  86%|████████▋ | 6040/7000 [03:37<00:27, 35.47it/s]
loss=0.029| sh degree=3| :  86%|████████▋ | 6040/7000 [03:37<00:27, 35.47it/s]
loss=0.029| sh degree=3| :  86%|████████▋ | 6044/7000 [03:37<00:27, 35.40it/s]
loss=0.029| sh degree=3| :  86%|████████▋ | 6044/7000 [03:37<00:27, 35.40it/s]
loss=0.045| sh degree=3| :  86%|████████▋ | 6044/7000 [03:38<00:27, 35.40it/s]
loss=0.037| sh degree=3| :  86%|████████▋ | 6044/7000 [03:38<00:27, 35.40it/s]
loss=0.045| sh degree=3| :  86%|████████▋ | 6044/7000 [03:38<00:27, 35.40it/s]
loss=0.038| sh degree=3| :  86%|████████▋ | 6044/7000 [03:38<00:27, 35.40it/s]
loss=0.038| sh degree=3| :  86%|████████▋ | 6049/7000 [03:38<00:25, 36.94it/s]
loss=0.038| sh degree=3| :  86%|████████▋ | 6049/7000 [03:38<00:25, 36.94it/s]
loss=0.035| sh degree=3| :  86%|████████▋ | 6049/7000 [03:38<00:25, 36.94it/s]
loss=0.045| sh degree=3| :  86%|████████▋ | 6049/7000 [03:38<00:25, 36.94it/s]
loss=0.036| sh degree=3| :  86%|████████▋ | 6049/7000 [03:38<00:25, 36.94it/s]
loss=0.036| sh degree=3| :  86%|████████▋ | 6053/7000 [03:38<00:25, 37.56it/s]
loss=0.047| sh degree=3| :  86%|████████▋ | 6053/7000 [03:38<00:25, 37.56it/s]
loss=0.052| sh degree=3| :  86%|████████▋ | 6053/7000 [03:38<00:25, 37.56it/s]
loss=0.043| sh degree=3| :  86%|████████▋ | 6053/7000 [03:38<00:25, 37.56it/s]
loss=0.041| sh degree=3| :  86%|████████▋ | 6053/7000 [03:38<00:25, 37.56it/s]
loss=0.041| sh degree=3| :  87%|████████▋ | 6057/7000 [03:38<00:25, 37.07it/s]
loss=0.043| sh degree=3| :  87%|████████▋ | 6057/7000 [03:38<00:25, 37.07it/s]
loss=0.033| sh degree=3| :  87%|████████▋ | 6057/7000 [03:38<00:25, 37.07it/s]
loss=0.030| sh degree=3| :  87%|████████▋ | 6057/7000 [03:38<00:25, 37.07it/s]
loss=0.041| sh degree=3| :  87%|████████▋ | 6057/7000 [03:38<00:25, 37.07it/s]
loss=0.041| sh degree=3| :  87%|████████▋ | 6061/7000 [03:38<00:25, 36.85it/s]
loss=0.037| sh degree=3| :  87%|████████▋ | 6061/7000 [03:38<00:25, 36.85it/s]
loss=0.043| sh degree=3| :  87%|████████▋ | 6061/7000 [03:38<00:25, 36.85it/s]
loss=0.038| sh degree=3| :  87%|████████▋ | 6061/7000 [03:38<00:25, 36.85it/s]
loss=0.032| sh degree=3| :  87%|████████▋ | 6061/7000 [03:38<00:25, 36.85it/s]
loss=0.032| sh degree=3| :  87%|████████▋ | 6065/7000 [03:38<00:24, 37.49it/s]
loss=0.043| sh degree=3| :  87%|████████▋ | 6065/7000 [03:38<00:24, 37.49it/s]
loss=0.037| sh degree=3| :  87%|████████▋ | 6065/7000 [03:38<00:24, 37.49it/s]
loss=0.030| sh degree=3| :  87%|████████▋ | 6065/7000 [03:38<00:24, 37.49it/s]
loss=0.037| sh degree=3| :  87%|████████▋ | 6065/7000 [03:38<00:24, 37.49it/s]
loss=0.037| sh degree=3| :  87%|████████▋ | 6069/7000 [03:38<00:25, 36.82it/s]
loss=0.043| sh degree=3| :  87%|████████▋ | 6069/7000 [03:38<00:25, 36.82it/s]
loss=0.032| sh degree=3| :  87%|████████▋ | 6069/7000 [03:38<00:25, 36.82it/s]
loss=0.041| sh degree=3| :  87%|████████▋ | 6069/7000 [03:38<00:25, 36.82it/s]
loss=0.048| sh degree=3| :  87%|████████▋ | 6069/7000 [03:38<00:25, 36.82it/s]
loss=0.048| sh degree=3| :  87%|████████▋ | 6073/7000 [03:38<00:25, 36.44it/s]
loss=0.044| sh degree=3| :  87%|████████▋ | 6073/7000 [03:38<00:25, 36.44it/s]
loss=0.043| sh degree=3| :  87%|████████▋ | 6073/7000 [03:38<00:25, 36.44it/s]
loss=0.030| sh degree=3| :  87%|████████▋ | 6073/7000 [03:38<00:25, 36.44it/s]
loss=0.060| sh degree=3| :  87%|████████▋ | 6073/7000 [03:38<00:25, 36.44it/s]
loss=0.060| sh degree=3| :  87%|████████▋ | 6077/7000 [03:38<00:25, 35.70it/s]
loss=0.041| sh degree=3| :  87%|████████▋ | 6077/7000 [03:38<00:25, 35.70it/s]
loss=0.044| sh degree=3| :  87%|████████▋ | 6077/7000 [03:38<00:25, 35.70it/s]
loss=0.039| sh degree=3| :  87%|████████▋ | 6077/7000 [03:38<00:25, 35.70it/s]
loss=0.046| sh degree=3| :  87%|████████▋ | 6077/7000 [03:38<00:25, 35.70it/s]
loss=0.046| sh degree=3| :  87%|████████▋ | 6081/7000 [03:38<00:25, 36.54it/s]
loss=0.039| sh degree=3| :  87%|████████▋ | 6081/7000 [03:38<00:25, 36.54it/s]
loss=0.030| sh degree=3| :  87%|████████▋ | 6081/7000 [03:39<00:25, 36.54it/s]
loss=0.032| sh degree=3| :  87%|████████▋ | 6081/7000 [03:39<00:25, 36.54it/s]
loss=0.032| sh degree=3| :  87%|████████▋ | 6081/7000 [03:39<00:25, 36.54it/s]
loss=0.032| sh degree=3| :  87%|████████▋ | 6085/7000 [03:39<00:24, 36.88it/s]
loss=0.032| sh degree=3| :  87%|████████▋ | 6085/7000 [03:39<00:24, 36.88it/s]
loss=0.032| sh degree=3| :  87%|████████▋ | 6085/7000 [03:39<00:24, 36.88it/s]
loss=0.043| sh degree=3| :  87%|████████▋ | 6085/7000 [03:39<00:24, 36.88it/s]
loss=0.029| sh degree=3| :  87%|████████▋ | 6085/7000 [03:39<00:24, 36.88it/s]
loss=0.029| sh degree=3| :  87%|████████▋ | 6089/7000 [03:39<00:24, 36.85it/s]
loss=0.040| sh degree=3| :  87%|████████▋ | 6089/7000 [03:39<00:24, 36.85it/s]
loss=0.030| sh degree=3| :  87%|████████▋ | 6089/7000 [03:39<00:24, 36.85it/s]
loss=0.040| sh degree=3| :  87%|████████▋ | 6089/7000 [03:39<00:24, 36.85it/s]
loss=0.048| sh degree=3| :  87%|████████▋ | 6089/7000 [03:39<00:24, 36.85it/s]
loss=0.048| sh degree=3| :  87%|████████▋ | 6093/7000 [03:39<00:24, 36.71it/s]
loss=0.043| sh degree=3| :  87%|████████▋ | 6093/7000 [03:39<00:24, 36.71it/s]
loss=0.038| sh degree=3| :  87%|████████▋ | 6093/7000 [03:39<00:24, 36.71it/s]
loss=0.032| sh degree=3| :  87%|████████▋ | 6093/7000 [03:39<00:24, 36.71it/s]
loss=0.040| sh degree=3| :  87%|████████▋ | 6093/7000 [03:39<00:24, 36.71it/s]
loss=0.040| sh degree=3| :  87%|████████▋ | 6097/7000 [03:39<00:24, 36.25it/s]
loss=0.047| sh degree=3| :  87%|████████▋ | 6097/7000 [03:39<00:24, 36.25it/s]
loss=0.050| sh degree=3| :  87%|████████▋ | 6097/7000 [03:39<00:24, 36.25it/s]
loss=0.044| sh degree=3| :  87%|████████▋ | 6097/7000 [03:39<00:24, 36.25it/s]
loss=0.041| sh degree=3| :  87%|████████▋ | 6097/7000 [03:39<00:24, 36.25it/s]
loss=0.041| sh degree=3| :  87%|████████▋ | 6101/7000 [03:39<00:27, 33.10it/s]
loss=0.035| sh degree=3| :  87%|████████▋ | 6101/7000 [03:39<00:27, 33.10it/s]
loss=0.044| sh degree=3| :  87%|████████▋ | 6101/7000 [03:39<00:27, 33.10it/s]
loss=0.044| sh degree=3| :  87%|████████▋ | 6101/7000 [03:39<00:27, 33.10it/s]
loss=0.034| sh degree=3| :  87%|████████▋ | 6101/7000 [03:39<00:27, 33.10it/s]
loss=0.034| sh degree=3| :  87%|████████▋ | 6105/7000 [03:39<00:25, 34.65it/s]
loss=0.044| sh degree=3| :  87%|████████▋ | 6105/7000 [03:39<00:25, 34.65it/s]
loss=0.044| sh degree=3| :  87%|████████▋ | 6105/7000 [03:39<00:25, 34.65it/s]
loss=0.029| sh degree=3| :  87%|████████▋ | 6105/7000 [03:39<00:25, 34.65it/s]
loss=0.031| sh degree=3| :  87%|████████▋ | 6105/7000 [03:39<00:25, 34.65it/s]
loss=0.031| sh degree=3| :  87%|████████▋ | 6109/7000 [03:39<00:25, 35.33it/s]
loss=0.045| sh degree=3| :  87%|████████▋ | 6109/7000 [03:39<00:25, 35.33it/s]
loss=0.048| sh degree=3| :  87%|████████▋ | 6109/7000 [03:39<00:25, 35.33it/s]
loss=0.040| sh degree=3| :  87%|████████▋ | 6109/7000 [03:39<00:25, 35.33it/s]
loss=0.038| sh degree=3| :  87%|████████▋ | 6109/7000 [03:39<00:25, 35.33it/s]
loss=0.038| sh degree=3| :  87%|████████▋ | 6113/7000 [03:39<00:24, 36.33it/s]
loss=0.045| sh degree=3| :  87%|████████▋ | 6113/7000 [03:39<00:24, 36.33it/s]
loss=0.044| sh degree=3| :  87%|████████▋ | 6113/7000 [03:39<00:24, 36.33it/s]
loss=0.032| sh degree=3| :  87%|████████▋ | 6113/7000 [03:39<00:24, 36.33it/s]
loss=0.048| sh degree=3| :  87%|████████▋ | 6113/7000 [03:39<00:24, 36.33it/s]
loss=0.048| sh degree=3| :  87%|████████▋ | 6117/7000 [03:39<00:24, 36.50it/s]
loss=0.042| sh degree=3| :  87%|████████▋ | 6117/7000 [03:39<00:24, 36.50it/s]
loss=0.047| sh degree=3| :  87%|████████▋ | 6117/7000 [03:40<00:24, 36.50it/s]
loss=0.045| sh degree=3| :  87%|████████▋ | 6117/7000 [03:40<00:24, 36.50it/s]
loss=0.063| sh degree=3| :  87%|████████▋ | 6117/7000 [03:40<00:24, 36.50it/s]
loss=0.063| sh degree=3| :  87%|████████▋ | 6121/7000 [03:40<00:29, 29.82it/s]
loss=0.031| sh degree=3| :  87%|████████▋ | 6121/7000 [03:40<00:29, 29.82it/s]
loss=0.040| sh degree=3| :  87%|████████▋ | 6121/7000 [03:40<00:29, 29.82it/s]
loss=0.035| sh degree=3| :  87%|████████▋ | 6121/7000 [03:40<00:29, 29.82it/s]
loss=0.042| sh degree=3| :  87%|████████▋ | 6121/7000 [03:40<00:29, 29.82it/s]
loss=0.042| sh degree=3| :  88%|████████▊ | 6125/7000 [03:40<00:28, 31.12it/s]
loss=0.043| sh degree=3| :  88%|████████▊ | 6125/7000 [03:40<00:28, 31.12it/s]
loss=0.030| sh degree=3| :  88%|████████▊ | 6125/7000 [03:40<00:28, 31.12it/s]
loss=0.030| sh degree=3| :  88%|████████▊ | 6125/7000 [03:40<00:28, 31.12it/s]
loss=0.029| sh degree=3| :  88%|████████▊ | 6125/7000 [03:40<00:28, 31.12it/s]
loss=0.029| sh degree=3| :  88%|████████▊ | 6129/7000 [03:40<00:27, 31.78it/s]
loss=0.029| sh degree=3| :  88%|████████▊ | 6129/7000 [03:40<00:27, 31.78it/s]
loss=0.045| sh degree=3| :  88%|████████▊ | 6129/7000 [03:40<00:27, 31.78it/s]
loss=0.034| sh degree=3| :  88%|████████▊ | 6129/7000 [03:40<00:27, 31.78it/s]
loss=0.035| sh degree=3| :  88%|████████▊ | 6129/7000 [03:40<00:27, 31.78it/s]
loss=0.035| sh degree=3| :  88%|████████▊ | 6133/7000 [03:40<00:26, 33.05it/s]
loss=0.027| sh degree=3| :  88%|████████▊ | 6133/7000 [03:40<00:26, 33.05it/s]
loss=0.044| sh degree=3| :  88%|████████▊ | 6133/7000 [03:40<00:26, 33.05it/s]
loss=0.027| sh degree=3| :  88%|████████▊ | 6133/7000 [03:40<00:26, 33.05it/s]
loss=0.042| sh degree=3| :  88%|████████▊ | 6133/7000 [03:40<00:26, 33.05it/s]
loss=0.038| sh degree=3| :  88%|████████▊ | 6133/7000 [03:40<00:26, 33.05it/s]
loss=0.038| sh degree=3| :  88%|████████▊ | 6138/7000 [03:40<00:24, 34.98it/s]
loss=0.031| sh degree=3| :  88%|████████▊ | 6138/7000 [03:40<00:24, 34.98it/s]
loss=0.032| sh degree=3| :  88%|████████▊ | 6138/7000 [03:40<00:24, 34.98it/s]
loss=0.067| sh degree=3| :  88%|████████▊ | 6138/7000 [03:40<00:24, 34.98it/s]
loss=0.035| sh degree=3| :  88%|████████▊ | 6138/7000 [03:40<00:24, 34.98it/s]
loss=0.035| sh degree=3| :  88%|████████▊ | 6142/7000 [03:40<00:24, 34.94it/s]
loss=0.044| sh degree=3| :  88%|████████▊ | 6142/7000 [03:40<00:24, 34.94it/s]
loss=0.035| sh degree=3| :  88%|████████▊ | 6142/7000 [03:40<00:24, 34.94it/s]
loss=0.037| sh degree=3| :  88%|████████▊ | 6142/7000 [03:40<00:24, 34.94it/s]
loss=0.036| sh degree=3| :  88%|████████▊ | 6142/7000 [03:40<00:24, 34.94it/s]
loss=0.036| sh degree=3| :  88%|████████▊ | 6146/7000 [03:40<00:24, 34.87it/s]
loss=0.029| sh degree=3| :  88%|████████▊ | 6146/7000 [03:40<00:24, 34.87it/s]
loss=0.029| sh degree=3| :  88%|████████▊ | 6146/7000 [03:40<00:24, 34.87it/s]
loss=0.047| sh degree=3| :  88%|████████▊ | 6146/7000 [03:40<00:24, 34.87it/s]
loss=0.037| sh degree=3| :  88%|████████▊ | 6146/7000 [03:40<00:24, 34.87it/s]
loss=0.037| sh degree=3| :  88%|████████▊ | 6150/7000 [03:40<00:24, 34.52it/s]
loss=0.028| sh degree=3| :  88%|████████▊ | 6150/7000 [03:41<00:24, 34.52it/s]
loss=0.045| sh degree=3| :  88%|████████▊ | 6150/7000 [03:41<00:24, 34.52it/s]
loss=0.048| sh degree=3| :  88%|████████▊ | 6150/7000 [03:41<00:24, 34.52it/s]
loss=0.044| sh degree=3| :  88%|████████▊ | 6150/7000 [03:41<00:24, 34.52it/s]
loss=0.044| sh degree=3| :  88%|████████▊ | 6154/7000 [03:41<00:23, 35.39it/s]
loss=0.044| sh degree=3| :  88%|████████▊ | 6154/7000 [03:41<00:23, 35.39it/s]
loss=0.033| sh degree=3| :  88%|████████▊ | 6154/7000 [03:41<00:23, 35.39it/s]
loss=0.041| sh degree=3| :  88%|████████▊ | 6154/7000 [03:41<00:23, 35.39it/s]
loss=0.039| sh degree=3| :  88%|████████▊ | 6154/7000 [03:41<00:23, 35.39it/s]
loss=0.039| sh degree=3| :  88%|████████▊ | 6158/7000 [03:41<00:23, 35.86it/s]
loss=0.029| sh degree=3| :  88%|████████▊ | 6158/7000 [03:41<00:23, 35.86it/s]
loss=0.041| sh degree=3| :  88%|████████▊ | 6158/7000 [03:41<00:23, 35.86it/s]
loss=0.042| sh degree=3| :  88%|████████▊ | 6158/7000 [03:41<00:23, 35.86it/s]
loss=0.034| sh degree=3| :  88%|████████▊ | 6158/7000 [03:41<00:23, 35.86it/s]
loss=0.034| sh degree=3| :  88%|████████▊ | 6162/7000 [03:41<00:23, 36.35it/s]
loss=0.031| sh degree=3| :  88%|████████▊ | 6162/7000 [03:41<00:23, 36.35it/s]
loss=0.048| sh degree=3| :  88%|████████▊ | 6162/7000 [03:41<00:23, 36.35it/s]
loss=0.041| sh degree=3| :  88%|████████▊ | 6162/7000 [03:41<00:23, 36.35it/s]
loss=0.033| sh degree=3| :  88%|████████▊ | 6162/7000 [03:41<00:23, 36.35it/s]
loss=0.033| sh degree=3| :  88%|████████▊ | 6166/7000 [03:41<00:23, 36.26it/s]
loss=0.042| sh degree=3| :  88%|████████▊ | 6166/7000 [03:41<00:23, 36.26it/s]
loss=0.050| sh degree=3| :  88%|████████▊ | 6166/7000 [03:41<00:23, 36.26it/s]
loss=0.045| sh degree=3| :  88%|████████▊ | 6166/7000 [03:41<00:23, 36.26it/s]
loss=0.066| sh degree=3| :  88%|████████▊ | 6166/7000 [03:41<00:23, 36.26it/s]
loss=0.029| sh degree=3| :  88%|████████▊ | 6166/7000 [03:41<00:23, 36.26it/s]
loss=0.029| sh degree=3| :  88%|████████▊ | 6171/7000 [03:41<00:21, 37.96it/s]
loss=0.033| sh degree=3| :  88%|████████▊ | 6171/7000 [03:41<00:21, 37.96it/s]
loss=0.041| sh degree=3| :  88%|████████▊ | 6171/7000 [03:41<00:21, 37.96it/s]
loss=0.035| sh degree=3| :  88%|████████▊ | 6171/7000 [03:41<00:21, 37.96it/s]
loss=0.036| sh degree=3| :  88%|████████▊ | 6171/7000 [03:41<00:21, 37.96it/s]
loss=0.036| sh degree=3| :  88%|████████▊ | 6175/7000 [03:41<00:21, 37.79it/s]
loss=0.030| sh degree=3| :  88%|████████▊ | 6175/7000 [03:41<00:21, 37.79it/s]
loss=0.046| sh degree=3| :  88%|████████▊ | 6175/7000 [03:41<00:21, 37.79it/s]
loss=0.033| sh degree=3| :  88%|████████▊ | 6175/7000 [03:41<00:21, 37.79it/s]
loss=0.039| sh degree=3| :  88%|████████▊ | 6175/7000 [03:41<00:21, 37.79it/s]
loss=0.039| sh degree=3| :  88%|████████▊ | 6179/7000 [03:41<00:21, 37.58it/s]
loss=0.042| sh degree=3| :  88%|████████▊ | 6179/7000 [03:41<00:21, 37.58it/s]
loss=0.044| sh degree=3| :  88%|████████▊ | 6179/7000 [03:41<00:21, 37.58it/s]
loss=0.039| sh degree=3| :  88%|████████▊ | 6179/7000 [03:41<00:21, 37.58it/s]
loss=0.032| sh degree=3| :  88%|████████▊ | 6179/7000 [03:41<00:21, 37.58it/s]
loss=0.032| sh degree=3| :  88%|████████▊ | 6179/7000 [03:41<00:21, 37.58it/s]
loss=0.032| sh degree=3| :  88%|████████▊ | 6184/7000 [03:41<00:21, 38.21it/s]
loss=0.049| sh degree=3| :  88%|████████▊ | 6184/7000 [03:41<00:21, 38.21it/s]
loss=0.029| sh degree=3| :  88%|████████▊ | 6184/7000 [03:41<00:21, 38.21it/s]
loss=0.046| sh degree=3| :  88%|████████▊ | 6184/7000 [03:41<00:21, 38.21it/s]
loss=0.040| sh degree=3| :  88%|████████▊ | 6184/7000 [03:41<00:21, 38.21it/s]
loss=0.040| sh degree=3| :  88%|████████▊ | 6188/7000 [03:41<00:21, 37.24it/s]
loss=0.032| sh degree=3| :  88%|████████▊ | 6188/7000 [03:42<00:21, 37.24it/s]
loss=0.040| sh degree=3| :  88%|████████▊ | 6188/7000 [03:42<00:21, 37.24it/s]
loss=0.044| sh degree=3| :  88%|████████▊ | 6188/7000 [03:42<00:21, 37.24it/s]
loss=0.034| sh degree=3| :  88%|████████▊ | 6188/7000 [03:42<00:21, 37.24it/s]
loss=0.034| sh degree=3| :  88%|████████▊ | 6192/7000 [03:42<00:22, 36.57it/s]
loss=0.045| sh degree=3| :  88%|████████▊ | 6192/7000 [03:42<00:22, 36.57it/s]
loss=0.027| sh degree=3| :  88%|████████▊ | 6192/7000 [03:42<00:22, 36.57it/s]
loss=0.043| sh degree=3| :  88%|████████▊ | 6192/7000 [03:42<00:22, 36.57it/s]
loss=0.031| sh degree=3| :  88%|████████▊ | 6192/7000 [03:42<00:22, 36.57it/s]
loss=0.031| sh degree=3| :  89%|████████▊ | 6196/7000 [03:42<00:21, 36.82it/s]
loss=0.031| sh degree=3| :  89%|████████▊ | 6196/7000 [03:42<00:21, 36.82it/s]
loss=0.032| sh degree=3| :  89%|████████▊ | 6196/7000 [03:42<00:21, 36.82it/s]
loss=0.045| sh degree=3| :  89%|████████▊ | 6196/7000 [03:42<00:21, 36.82it/s]
loss=0.050| sh degree=3| :  89%|████████▊ | 6196/7000 [03:42<00:21, 36.82it/s]
loss=0.050| sh degree=3| :  89%|████████▊ | 6200/7000 [03:42<00:21, 36.53it/s]
loss=0.031| sh degree=3| :  89%|████████▊ | 6200/7000 [03:42<00:21, 36.53it/s]
loss=0.045| sh degree=3| :  89%|████████▊ | 6200/7000 [03:42<00:21, 36.53it/s]
loss=0.044| sh degree=3| :  89%|████████▊ | 6200/7000 [03:42<00:21, 36.53it/s]
loss=0.042| sh degree=3| :  89%|████████▊ | 6200/7000 [03:42<00:21, 36.53it/s]
loss=0.042| sh degree=3| :  89%|████████▊ | 6204/7000 [03:42<00:22, 35.45it/s]
loss=0.033| sh degree=3| :  89%|████████▊ | 6204/7000 [03:42<00:22, 35.45it/s]
loss=0.038| sh degree=3| :  89%|████████▊ | 6204/7000 [03:42<00:22, 35.45it/s]
loss=0.035| sh degree=3| :  89%|████████▊ | 6204/7000 [03:42<00:22, 35.45it/s]
loss=0.042| sh degree=3| :  89%|████████▊ | 6204/7000 [03:42<00:22, 35.45it/s]
loss=0.042| sh degree=3| :  89%|████████▊ | 6208/7000 [03:42<00:22, 35.92it/s]
loss=0.032| sh degree=3| :  89%|████████▊ | 6208/7000 [03:42<00:22, 35.92it/s]
loss=0.034| sh degree=3| :  89%|████████▊ | 6208/7000 [03:42<00:22, 35.92it/s]
loss=0.045| sh degree=3| :  89%|████████▊ | 6208/7000 [03:42<00:22, 35.92it/s]
loss=0.038| sh degree=3| :  89%|████████▊ | 6208/7000 [03:42<00:22, 35.92it/s]
loss=0.038| sh degree=3| :  89%|████████▊ | 6212/7000 [03:42<00:21, 36.20it/s]
loss=0.031| sh degree=3| :  89%|████████▊ | 6212/7000 [03:42<00:21, 36.20it/s]
loss=0.050| sh degree=3| :  89%|████████▊ | 6212/7000 [03:42<00:21, 36.20it/s]
loss=0.039| sh degree=3| :  89%|████████▊ | 6212/7000 [03:42<00:21, 36.20it/s]
loss=0.043| sh degree=3| :  89%|████████▊ | 6212/7000 [03:42<00:21, 36.20it/s]
loss=0.043| sh degree=3| :  89%|████████▉ | 6216/7000 [03:42<00:22, 34.83it/s]
loss=0.031| sh degree=3| :  89%|████████▉ | 6216/7000 [03:42<00:22, 34.83it/s]
loss=0.041| sh degree=3| :  89%|████████▉ | 6216/7000 [03:42<00:22, 34.83it/s]
loss=0.050| sh degree=3| :  89%|████████▉ | 6216/7000 [03:42<00:22, 34.83it/s]
loss=0.046| sh degree=3| :  89%|████████▉ | 6216/7000 [03:42<00:22, 34.83it/s]
loss=0.046| sh degree=3| :  89%|████████▉ | 6220/7000 [03:42<00:21, 35.88it/s]
loss=0.043| sh degree=3| :  89%|████████▉ | 6220/7000 [03:42<00:21, 35.88it/s]
loss=0.050| sh degree=3| :  89%|████████▉ | 6220/7000 [03:42<00:21, 35.88it/s]
loss=0.044| sh degree=3| :  89%|████████▉ | 6220/7000 [03:42<00:21, 35.88it/s]
loss=0.031| sh degree=3| :  89%|████████▉ | 6220/7000 [03:42<00:21, 35.88it/s]
loss=0.031| sh degree=3| :  89%|████████▉ | 6224/7000 [03:42<00:21, 36.29it/s]
loss=0.030| sh degree=3| :  89%|████████▉ | 6224/7000 [03:43<00:21, 36.29it/s]
loss=0.032| sh degree=3| :  89%|████████▉ | 6224/7000 [03:43<00:21, 36.29it/s]
loss=0.032| sh degree=3| :  89%|████████▉ | 6224/7000 [03:43<00:21, 36.29it/s]
loss=0.040| sh degree=3| :  89%|████████▉ | 6224/7000 [03:43<00:21, 36.29it/s]
loss=0.040| sh degree=3| :  89%|████████▉ | 6228/7000 [03:43<00:21, 36.28it/s]
loss=0.030| sh degree=3| :  89%|████████▉ | 6228/7000 [03:43<00:21, 36.28it/s]
loss=0.037| sh degree=3| :  89%|████████▉ | 6228/7000 [03:43<00:21, 36.28it/s]
loss=0.047| sh degree=3| :  89%|████████▉ | 6228/7000 [03:43<00:21, 36.28it/s]
loss=0.038| sh degree=3| :  89%|████████▉ | 6228/7000 [03:43<00:21, 36.28it/s]
loss=0.038| sh degree=3| :  89%|████████▉ | 6232/7000 [03:43<00:21, 36.41it/s]
loss=0.035| sh degree=3| :  89%|████████▉ | 6232/7000 [03:43<00:21, 36.41it/s]
loss=0.057| sh degree=3| :  89%|████████▉ | 6232/7000 [03:43<00:21, 36.41it/s]
loss=0.084| sh degree=3| :  89%|████████▉ | 6232/7000 [03:43<00:21, 36.41it/s]
loss=0.048| sh degree=3| :  89%|████████▉ | 6232/7000 [03:43<00:21, 36.41it/s]
loss=0.048| sh degree=3| :  89%|████████▉ | 6236/7000 [03:43<00:20, 36.44it/s]
loss=0.030| sh degree=3| :  89%|████████▉ | 6236/7000 [03:43<00:20, 36.44it/s]
loss=0.041| sh degree=3| :  89%|████████▉ | 6236/7000 [03:43<00:20, 36.44it/s]
loss=0.043| sh degree=3| :  89%|████████▉ | 6236/7000 [03:43<00:20, 36.44it/s]
loss=0.057| sh degree=3| :  89%|████████▉ | 6236/7000 [03:43<00:20, 36.44it/s]
loss=0.057| sh degree=3| :  89%|████████▉ | 6240/7000 [03:43<00:20, 36.25it/s]
loss=0.049| sh degree=3| :  89%|████████▉ | 6240/7000 [03:43<00:20, 36.25it/s]
loss=0.039| sh degree=3| :  89%|████████▉ | 6240/7000 [03:43<00:20, 36.25it/s]
loss=0.032| sh degree=3| :  89%|████████▉ | 6240/7000 [03:43<00:20, 36.25it/s]
loss=0.048| sh degree=3| :  89%|████████▉ | 6240/7000 [03:43<00:20, 36.25it/s]
loss=0.048| sh degree=3| :  89%|████████▉ | 6244/7000 [03:43<00:21, 35.73it/s]
loss=0.044| sh degree=3| :  89%|████████▉ | 6244/7000 [03:43<00:21, 35.73it/s]
loss=0.046| sh degree=3| :  89%|████████▉ | 6244/7000 [03:43<00:21, 35.73it/s]
loss=0.028| sh degree=3| :  89%|████████▉ | 6244/7000 [03:43<00:21, 35.73it/s]
loss=0.039| sh degree=3| :  89%|████████▉ | 6244/7000 [03:43<00:21, 35.73it/s]
loss=0.039| sh degree=3| :  89%|████████▉ | 6248/7000 [03:43<00:20, 36.81it/s]
loss=0.043| sh degree=3| :  89%|████████▉ | 6248/7000 [03:43<00:20, 36.81it/s]
loss=0.045| sh degree=3| :  89%|████████▉ | 6248/7000 [03:43<00:20, 36.81it/s]
loss=0.043| sh degree=3| :  89%|████████▉ | 6248/7000 [03:43<00:20, 36.81it/s]
loss=0.042| sh degree=3| :  89%|████████▉ | 6248/7000 [03:43<00:20, 36.81it/s]
loss=0.045| sh degree=3| :  89%|████████▉ | 6248/7000 [03:43<00:20, 36.81it/s]
loss=0.045| sh degree=3| :  89%|████████▉ | 6253/7000 [03:43<00:19, 38.90it/s]
loss=0.038| sh degree=3| :  89%|████████▉ | 6253/7000 [03:43<00:19, 38.90it/s]
loss=0.042| sh degree=3| :  89%|████████▉ | 6253/7000 [03:43<00:19, 38.90it/s]
loss=0.032| sh degree=3| :  89%|████████▉ | 6253/7000 [03:43<00:19, 38.90it/s]
loss=0.041| sh degree=3| :  89%|████████▉ | 6253/7000 [03:43<00:19, 38.90it/s]
loss=0.041| sh degree=3| :  89%|████████▉ | 6257/7000 [03:43<00:19, 38.12it/s]
loss=0.034| sh degree=3| :  89%|████████▉ | 6257/7000 [03:43<00:19, 38.12it/s]
loss=0.048| sh degree=3| :  89%|████████▉ | 6257/7000 [03:43<00:19, 38.12it/s]
loss=0.032| sh degree=3| :  89%|████████▉ | 6257/7000 [03:43<00:19, 38.12it/s]
loss=0.067| sh degree=3| :  89%|████████▉ | 6257/7000 [03:43<00:19, 38.12it/s]
loss=0.067| sh degree=3| :  89%|████████▉ | 6261/7000 [03:43<00:20, 36.75it/s]
loss=0.041| sh degree=3| :  89%|████████▉ | 6261/7000 [03:44<00:20, 36.75it/s]
loss=0.076| sh degree=3| :  89%|████████▉ | 6261/7000 [03:44<00:20, 36.75it/s]
loss=0.067| sh degree=3| :  89%|████████▉ | 6261/7000 [03:44<00:20, 36.75it/s]
loss=0.030| sh degree=3| :  89%|████████▉ | 6261/7000 [03:44<00:20, 36.75it/s]
loss=0.030| sh degree=3| :  90%|████████▉ | 6265/7000 [03:44<00:20, 36.20it/s]
loss=0.040| sh degree=3| :  90%|████████▉ | 6265/7000 [03:44<00:20, 36.20it/s]
loss=0.039| sh degree=3| :  90%|████████▉ | 6265/7000 [03:44<00:20, 36.20it/s]
loss=0.048| sh degree=3| :  90%|████████▉ | 6265/7000 [03:44<00:20, 36.20it/s]
loss=0.031| sh degree=3| :  90%|████████▉ | 6265/7000 [03:44<00:20, 36.20it/s]
loss=0.030| sh degree=3| :  90%|████████▉ | 6265/7000 [03:44<00:20, 36.20it/s]
loss=0.030| sh degree=3| :  90%|████████▉ | 6270/7000 [03:44<00:19, 37.54it/s]
loss=0.040| sh degree=3| :  90%|████████▉ | 6270/7000 [03:44<00:19, 37.54it/s]
loss=0.032| sh degree=3| :  90%|████████▉ | 6270/7000 [03:44<00:19, 37.54it/s]
loss=0.038| sh degree=3| :  90%|████████▉ | 6270/7000 [03:44<00:19, 37.54it/s]
loss=0.044| sh degree=3| :  90%|████████▉ | 6270/7000 [03:44<00:19, 37.54it/s]
loss=0.044| sh degree=3| :  90%|████████▉ | 6274/7000 [03:44<00:19, 37.36it/s]
loss=0.039| sh degree=3| :  90%|████████▉ | 6274/7000 [03:44<00:19, 37.36it/s]
loss=0.040| sh degree=3| :  90%|████████▉ | 6274/7000 [03:44<00:19, 37.36it/s]
loss=0.032| sh degree=3| :  90%|████████▉ | 6274/7000 [03:44<00:19, 37.36it/s]
loss=0.043| sh degree=3| :  90%|████████▉ | 6274/7000 [03:44<00:19, 37.36it/s]
loss=0.043| sh degree=3| :  90%|████████▉ | 6278/7000 [03:44<00:19, 37.16it/s]
loss=0.037| sh degree=3| :  90%|████████▉ | 6278/7000 [03:44<00:19, 37.16it/s]
loss=0.038| sh degree=3| :  90%|████████▉ | 6278/7000 [03:44<00:19, 37.16it/s]
loss=0.031| sh degree=3| :  90%|████████▉ | 6278/7000 [03:44<00:19, 37.16it/s]
loss=0.033| sh degree=3| :  90%|████████▉ | 6278/7000 [03:44<00:19, 37.16it/s]
loss=0.033| sh degree=3| :  90%|████████▉ | 6282/7000 [03:44<00:19, 36.21it/s]
loss=0.032| sh degree=3| :  90%|████████▉ | 6282/7000 [03:44<00:19, 36.21it/s]
loss=0.039| sh degree=3| :  90%|████████▉ | 6282/7000 [03:44<00:19, 36.21it/s]
loss=0.036| sh degree=3| :  90%|████████▉ | 6282/7000 [03:44<00:19, 36.21it/s]
loss=0.031| sh degree=3| :  90%|████████▉ | 6282/7000 [03:44<00:19, 36.21it/s]
loss=0.031| sh degree=3| :  90%|████████▉ | 6286/7000 [03:44<00:19, 35.76it/s]
loss=0.044| sh degree=3| :  90%|████████▉ | 6286/7000 [03:44<00:19, 35.76it/s]
loss=0.032| sh degree=3| :  90%|████████▉ | 6286/7000 [03:44<00:19, 35.76it/s]
loss=0.031| sh degree=3| :  90%|████████▉ | 6286/7000 [03:44<00:19, 35.76it/s]
loss=0.034| sh degree=3| :  90%|████████▉ | 6286/7000 [03:44<00:19, 35.76it/s]
loss=0.034| sh degree=3| :  90%|████████▉ | 6290/7000 [03:44<00:19, 35.86it/s]
loss=0.043| sh degree=3| :  90%|████████▉ | 6290/7000 [03:44<00:19, 35.86it/s]
loss=0.035| sh degree=3| :  90%|████████▉ | 6290/7000 [03:44<00:19, 35.86it/s]
loss=0.042| sh degree=3| :  90%|████████▉ | 6290/7000 [03:44<00:19, 35.86it/s]
loss=0.040| sh degree=3| :  90%|████████▉ | 6290/7000 [03:44<00:19, 35.86it/s]
loss=0.040| sh degree=3| :  90%|████████▉ | 6290/7000 [03:44<00:19, 35.86it/s]
loss=0.040| sh degree=3| :  90%|████████▉ | 6295/7000 [03:44<00:18, 37.85it/s]
loss=0.041| sh degree=3| :  90%|████████▉ | 6295/7000 [03:44<00:18, 37.85it/s]
loss=0.031| sh degree=3| :  90%|████████▉ | 6295/7000 [03:44<00:18, 37.85it/s]
loss=0.030| sh degree=3| :  90%|████████▉ | 6295/7000 [03:44<00:18, 37.85it/s]
loss=0.058| sh degree=3| :  90%|████████▉ | 6295/7000 [03:45<00:18, 37.85it/s]
loss=0.058| sh degree=3| :  90%|████████▉ | 6299/7000 [03:45<00:18, 37.10it/s]
loss=0.042| sh degree=3| :  90%|████████▉ | 6299/7000 [03:45<00:18, 37.10it/s]
loss=0.033| sh degree=3| :  90%|████████▉ | 6299/7000 [03:45<00:18, 37.10it/s]
loss=0.033| sh degree=3| :  90%|████████▉ | 6299/7000 [03:45<00:18, 37.10it/s]
loss=0.042| sh degree=3| :  90%|████████▉ | 6299/7000 [03:45<00:18, 37.10it/s]
loss=0.042| sh degree=3| :  90%|█████████ | 6303/7000 [03:45<00:19, 35.64it/s]
loss=0.047| sh degree=3| :  90%|█████████ | 6303/7000 [03:45<00:19, 35.64it/s]
loss=0.035| sh degree=3| :  90%|█████████ | 6303/7000 [03:45<00:19, 35.64it/s]
loss=0.041| sh degree=3| :  90%|█████████ | 6303/7000 [03:45<00:19, 35.64it/s]
loss=0.030| sh degree=3| :  90%|█████████ | 6303/7000 [03:45<00:19, 35.64it/s]
loss=0.030| sh degree=3| :  90%|█████████ | 6307/7000 [03:45<00:18, 36.54it/s]
loss=0.031| sh degree=3| :  90%|█████████ | 6307/7000 [03:45<00:18, 36.54it/s]
loss=0.043| sh degree=3| :  90%|█████████ | 6307/7000 [03:45<00:18, 36.54it/s]
loss=0.029| sh degree=3| :  90%|█████████ | 6307/7000 [03:45<00:18, 36.54it/s]
loss=0.031| sh degree=3| :  90%|█████████ | 6307/7000 [03:45<00:18, 36.54it/s]
loss=0.031| sh degree=3| :  90%|█████████ | 6311/7000 [03:45<00:19, 36.16it/s]
loss=0.032| sh degree=3| :  90%|█████████ | 6311/7000 [03:45<00:19, 36.16it/s]
loss=0.057| sh degree=3| :  90%|█████████ | 6311/7000 [03:45<00:19, 36.16it/s]
loss=0.049| sh degree=3| :  90%|█████████ | 6311/7000 [03:45<00:19, 36.16it/s]
loss=0.048| sh degree=3| :  90%|█████████ | 6311/7000 [03:45<00:19, 36.16it/s]
loss=0.048| sh degree=3| :  90%|█████████ | 6315/7000 [03:45<00:19, 35.36it/s]
loss=0.043| sh degree=3| :  90%|█████████ | 6315/7000 [03:45<00:19, 35.36it/s]
loss=0.032| sh degree=3| :  90%|█████████ | 6315/7000 [03:45<00:19, 35.36it/s]
loss=0.039| sh degree=3| :  90%|█████████ | 6315/7000 [03:45<00:19, 35.36it/s]
loss=0.042| sh degree=3| :  90%|█████████ | 6315/7000 [03:45<00:19, 35.36it/s]
loss=0.042| sh degree=3| :  90%|█████████ | 6319/7000 [03:45<00:19, 35.61it/s]
loss=0.030| sh degree=3| :  90%|█████████ | 6319/7000 [03:45<00:19, 35.61it/s]
loss=0.030| sh degree=3| :  90%|█████████ | 6319/7000 [03:45<00:19, 35.61it/s]
loss=0.041| sh degree=3| :  90%|█████████ | 6319/7000 [03:45<00:19, 35.61it/s]
loss=0.028| sh degree=3| :  90%|█████████ | 6319/7000 [03:45<00:19, 35.61it/s]
loss=0.028| sh degree=3| :  90%|█████████ | 6323/7000 [03:45<00:18, 36.35it/s]
loss=0.042| sh degree=3| :  90%|█████████ | 6323/7000 [03:45<00:18, 36.35it/s]
loss=0.028| sh degree=3| :  90%|█████████ | 6323/7000 [03:45<00:18, 36.35it/s]
loss=0.040| sh degree=3| :  90%|█████████ | 6323/7000 [03:45<00:18, 36.35it/s]
loss=0.039| sh degree=3| :  90%|█████████ | 6323/7000 [03:45<00:18, 36.35it/s]
loss=0.039| sh degree=3| :  90%|█████████ | 6327/7000 [03:45<00:18, 36.59it/s]
loss=0.035| sh degree=3| :  90%|█████████ | 6327/7000 [03:45<00:18, 36.59it/s]
loss=0.045| sh degree=3| :  90%|█████████ | 6327/7000 [03:45<00:18, 36.59it/s]
loss=0.040| sh degree=3| :  90%|█████████ | 6327/7000 [03:45<00:18, 36.59it/s]
loss=0.037| sh degree=3| :  90%|█████████ | 6327/7000 [03:45<00:18, 36.59it/s]
loss=0.037| sh degree=3| :  90%|█████████ | 6331/7000 [03:45<00:18, 36.65it/s]
loss=0.044| sh degree=3| :  90%|█████████ | 6331/7000 [03:45<00:18, 36.65it/s]
loss=0.052| sh degree=3| :  90%|█████████ | 6331/7000 [03:45<00:18, 36.65it/s]
loss=0.038| sh degree=3| :  90%|█████████ | 6331/7000 [03:45<00:18, 36.65it/s]
loss=0.045| sh degree=3| :  90%|█████████ | 6331/7000 [03:46<00:18, 36.65it/s]
loss=0.045| sh degree=3| :  90%|█████████ | 6335/7000 [03:46<00:17, 37.31it/s]
loss=0.044| sh degree=3| :  90%|█████████ | 6335/7000 [03:46<00:17, 37.31it/s]
loss=0.052| sh degree=3| :  90%|█████████ | 6335/7000 [03:46<00:17, 37.31it/s]
loss=0.043| sh degree=3| :  90%|█████████ | 6335/7000 [03:46<00:17, 37.31it/s]
loss=0.030| sh degree=3| :  90%|█████████ | 6335/7000 [03:46<00:17, 37.31it/s]
loss=0.030| sh degree=3| :  91%|█████████ | 6339/7000 [03:46<00:17, 37.35it/s]
loss=0.048| sh degree=3| :  91%|█████████ | 6339/7000 [03:46<00:17, 37.35it/s]
loss=0.040| sh degree=3| :  91%|█████████ | 6339/7000 [03:46<00:17, 37.35it/s]
loss=0.052| sh degree=3| :  91%|█████████ | 6339/7000 [03:46<00:17, 37.35it/s]
loss=0.032| sh degree=3| :  91%|█████████ | 6339/7000 [03:46<00:17, 37.35it/s]
loss=0.029| sh degree=3| :  91%|█████████ | 6339/7000 [03:46<00:17, 37.35it/s]
loss=0.029| sh degree=3| :  91%|█████████ | 6344/7000 [03:46<00:17, 37.50it/s]
loss=0.038| sh degree=3| :  91%|█████████ | 6344/7000 [03:46<00:17, 37.50it/s]
loss=0.033| sh degree=3| :  91%|█████████ | 6344/7000 [03:46<00:17, 37.50it/s]
loss=0.038| sh degree=3| :  91%|█████████ | 6344/7000 [03:46<00:17, 37.50it/s]
loss=0.039| sh degree=3| :  91%|█████████ | 6344/7000 [03:46<00:17, 37.50it/s]
loss=0.033| sh degree=3| :  91%|█████████ | 6344/7000 [03:46<00:17, 37.50it/s]
loss=0.033| sh degree=3| :  91%|█████████ | 6349/7000 [03:46<00:16, 38.54it/s]
loss=0.038| sh degree=3| :  91%|█████████ | 6349/7000 [03:46<00:16, 38.54it/s]
loss=0.057| sh degree=3| :  91%|█████████ | 6349/7000 [03:46<00:16, 38.54it/s]
loss=0.038| sh degree=3| :  91%|█████████ | 6349/7000 [03:46<00:16, 38.54it/s]
loss=0.040| sh degree=3| :  91%|█████████ | 6349/7000 [03:46<00:16, 38.54it/s]
loss=0.040| sh degree=3| :  91%|█████████ | 6353/7000 [03:46<00:17, 37.14it/s]
loss=0.039| sh degree=3| :  91%|█████████ | 6353/7000 [03:46<00:17, 37.14it/s]
loss=0.029| sh degree=3| :  91%|█████████ | 6353/7000 [03:46<00:17, 37.14it/s]
loss=0.030| sh degree=3| :  91%|█████████ | 6353/7000 [03:46<00:17, 37.14it/s]
loss=0.038| sh degree=3| :  91%|█████████ | 6353/7000 [03:46<00:17, 37.14it/s]
loss=0.038| sh degree=3| :  91%|█████████ | 6357/7000 [03:46<00:17, 36.96it/s]
loss=0.043| sh degree=3| :  91%|█████████ | 6357/7000 [03:46<00:17, 36.96it/s]
loss=0.044| sh degree=3| :  91%|█████████ | 6357/7000 [03:46<00:17, 36.96it/s]
loss=0.039| sh degree=3| :  91%|█████████ | 6357/7000 [03:46<00:17, 36.96it/s]
loss=0.043| sh degree=3| :  91%|█████████ | 6357/7000 [03:46<00:17, 36.96it/s]
loss=0.043| sh degree=3| :  91%|█████████ | 6361/7000 [03:46<00:17, 37.38it/s]
loss=0.036| sh degree=3| :  91%|█████████ | 6361/7000 [03:46<00:17, 37.38it/s]
loss=0.034| sh degree=3| :  91%|█████████ | 6361/7000 [03:46<00:17, 37.38it/s]
loss=0.039| sh degree=3| :  91%|█████████ | 6361/7000 [03:46<00:17, 37.38it/s]
loss=0.041| sh degree=3| :  91%|█████████ | 6361/7000 [03:46<00:17, 37.38it/s]
loss=0.041| sh degree=3| :  91%|█████████ | 6365/7000 [03:46<00:17, 37.04it/s]
loss=0.063| sh degree=3| :  91%|█████████ | 6365/7000 [03:46<00:17, 37.04it/s]
loss=0.036| sh degree=3| :  91%|█████████ | 6365/7000 [03:46<00:17, 37.04it/s]
loss=0.034| sh degree=3| :  91%|█████████ | 6365/7000 [03:46<00:17, 37.04it/s]
loss=0.032| sh degree=3| :  91%|█████████ | 6365/7000 [03:46<00:17, 37.04it/s]
loss=0.032| sh degree=3| :  91%|█████████ | 6369/7000 [03:46<00:16, 37.18it/s]
loss=0.039| sh degree=3| :  91%|█████████ | 6369/7000 [03:46<00:16, 37.18it/s]
loss=0.038| sh degree=3| :  91%|█████████ | 6369/7000 [03:46<00:16, 37.18it/s]
loss=0.031| sh degree=3| :  91%|█████████ | 6369/7000 [03:47<00:16, 37.18it/s]
loss=0.034| sh degree=3| :  91%|█████████ | 6369/7000 [03:47<00:16, 37.18it/s]
loss=0.034| sh degree=3| :  91%|█████████ | 6373/7000 [03:47<00:17, 36.47it/s]
loss=0.038| sh degree=3| :  91%|█████████ | 6373/7000 [03:47<00:17, 36.47it/s]
loss=0.029| sh degree=3| :  91%|█████████ | 6373/7000 [03:47<00:17, 36.47it/s]
loss=0.036| sh degree=3| :  91%|█████████ | 6373/7000 [03:47<00:17, 36.47it/s]
loss=0.060| sh degree=3| :  91%|█████████ | 6373/7000 [03:47<00:17, 36.47it/s]
loss=0.060| sh degree=3| :  91%|█████████ | 6377/7000 [03:47<00:22, 27.95it/s]
loss=0.075| sh degree=3| :  91%|█████████ | 6377/7000 [03:47<00:22, 27.95it/s]
loss=0.032| sh degree=3| :  91%|█████████ | 6377/7000 [03:47<00:22, 27.95it/s]
loss=0.037| sh degree=3| :  91%|█████████ | 6377/7000 [03:47<00:22, 27.95it/s]
loss=0.030| sh degree=3| :  91%|█████████ | 6377/7000 [03:47<00:22, 27.95it/s]
loss=0.030| sh degree=3| :  91%|█████████ | 6381/7000 [03:47<00:21, 29.14it/s]
loss=0.040| sh degree=3| :  91%|█████████ | 6381/7000 [03:47<00:21, 29.14it/s]
loss=0.028| sh degree=3| :  91%|█████████ | 6381/7000 [03:47<00:21, 29.14it/s]
loss=0.036| sh degree=3| :  91%|█████████ | 6381/7000 [03:47<00:21, 29.14it/s]
loss=0.036| sh degree=3| :  91%|█████████ | 6381/7000 [03:47<00:21, 29.14it/s]
loss=0.036| sh degree=3| :  91%|█████████ | 6385/7000 [03:47<00:19, 31.41it/s]
loss=0.030| sh degree=3| :  91%|█████████ | 6385/7000 [03:47<00:19, 31.41it/s]
loss=0.034| sh degree=3| :  91%|█████████ | 6385/7000 [03:47<00:19, 31.41it/s]
loss=0.040| sh degree=3| :  91%|█████████ | 6385/7000 [03:47<00:19, 31.41it/s]
loss=0.041| sh degree=3| :  91%|█████████ | 6385/7000 [03:47<00:19, 31.41it/s]
loss=0.041| sh degree=3| :  91%|█████████▏| 6389/7000 [03:47<00:18, 32.76it/s]
loss=0.042| sh degree=3| :  91%|█████████▏| 6389/7000 [03:47<00:18, 32.76it/s]
loss=0.039| sh degree=3| :  91%|█████████▏| 6389/7000 [03:47<00:18, 32.76it/s]
loss=0.044| sh degree=3| :  91%|█████████▏| 6389/7000 [03:47<00:18, 32.76it/s]
loss=0.043| sh degree=3| :  91%|█████████▏| 6389/7000 [03:47<00:18, 32.76it/s]
loss=0.029| sh degree=3| :  91%|█████████▏| 6389/7000 [03:47<00:18, 32.76it/s]
loss=0.029| sh degree=3| :  91%|█████████▏| 6394/7000 [03:47<00:17, 35.47it/s]
loss=0.035| sh degree=3| :  91%|█████████▏| 6394/7000 [03:47<00:17, 35.47it/s]
loss=0.043| sh degree=3| :  91%|█████████▏| 6394/7000 [03:47<00:17, 35.47it/s]
loss=0.028| sh degree=3| :  91%|█████████▏| 6394/7000 [03:47<00:17, 35.47it/s]
loss=0.042| sh degree=3| :  91%|█████████▏| 6394/7000 [03:47<00:17, 35.47it/s]
loss=0.042| sh degree=3| :  91%|█████████▏| 6398/7000 [03:47<00:16, 35.94it/s]
loss=0.040| sh degree=3| :  91%|█████████▏| 6398/7000 [03:47<00:16, 35.94it/s]
loss=0.034| sh degree=3| :  91%|█████████▏| 6398/7000 [03:47<00:16, 35.94it/s]
loss=0.029| sh degree=3| :  91%|█████████▏| 6398/7000 [03:47<00:16, 35.94it/s]
loss=0.038| sh degree=3| :  91%|█████████▏| 6398/7000 [03:47<00:16, 35.94it/s]
loss=0.038| sh degree=3| :  91%|█████████▏| 6402/7000 [03:47<00:17, 33.84it/s]
loss=0.047| sh degree=3| :  91%|█████████▏| 6402/7000 [03:47<00:17, 33.84it/s]
loss=0.039| sh degree=3| :  91%|█████████▏| 6402/7000 [03:48<00:17, 33.84it/s]
loss=0.043| sh degree=3| :  91%|█████████▏| 6402/7000 [03:48<00:17, 33.84it/s]
loss=0.040| sh degree=3| :  91%|█████████▏| 6402/7000 [03:48<00:17, 33.84it/s]
loss=0.040| sh degree=3| :  92%|█████████▏| 6406/7000 [03:48<00:16, 35.26it/s]
loss=0.048| sh degree=3| :  92%|█████████▏| 6406/7000 [03:48<00:16, 35.26it/s]
loss=0.035| sh degree=3| :  92%|█████████▏| 6406/7000 [03:48<00:16, 35.26it/s]
loss=0.036| sh degree=3| :  92%|█████████▏| 6406/7000 [03:48<00:16, 35.26it/s]
loss=0.041| sh degree=3| :  92%|█████████▏| 6406/7000 [03:48<00:16, 35.26it/s]
loss=0.041| sh degree=3| :  92%|█████████▏| 6410/7000 [03:48<00:16, 35.26it/s]
loss=0.035| sh degree=3| :  92%|█████████▏| 6410/7000 [03:48<00:16, 35.26it/s]
loss=0.044| sh degree=3| :  92%|█████████▏| 6410/7000 [03:48<00:16, 35.26it/s]
loss=0.052| sh degree=3| :  92%|█████████▏| 6410/7000 [03:48<00:16, 35.26it/s]
loss=0.029| sh degree=3| :  92%|█████████▏| 6410/7000 [03:48<00:16, 35.26it/s]
loss=0.029| sh degree=3| :  92%|█████████▏| 6414/7000 [03:48<00:16, 36.00it/s]
loss=0.040| sh degree=3| :  92%|█████████▏| 6414/7000 [03:48<00:16, 36.00it/s]
loss=0.041| sh degree=3| :  92%|█████████▏| 6414/7000 [03:48<00:16, 36.00it/s]
loss=0.037| sh degree=3| :  92%|█████████▏| 6414/7000 [03:48<00:16, 36.00it/s]
loss=0.056| sh degree=3| :  92%|█████████▏| 6414/7000 [03:48<00:16, 36.00it/s]
loss=0.056| sh degree=3| :  92%|█████████▏| 6418/7000 [03:48<00:16, 35.47it/s]
loss=0.034| sh degree=3| :  92%|█████████▏| 6418/7000 [03:48<00:16, 35.47it/s]
loss=0.061| sh degree=3| :  92%|█████████▏| 6418/7000 [03:48<00:16, 35.47it/s]
loss=0.050| sh degree=3| :  92%|█████████▏| 6418/7000 [03:48<00:16, 35.47it/s]
loss=0.035| sh degree=3| :  92%|█████████▏| 6418/7000 [03:48<00:16, 35.47it/s]
loss=0.035| sh degree=3| :  92%|█████████▏| 6422/7000 [03:48<00:16, 35.24it/s]
loss=0.031| sh degree=3| :  92%|█████████▏| 6422/7000 [03:48<00:16, 35.24it/s]
loss=0.039| sh degree=3| :  92%|█████████▏| 6422/7000 [03:48<00:16, 35.24it/s]
loss=0.030| sh degree=3| :  92%|█████████▏| 6422/7000 [03:48<00:16, 35.24it/s]
loss=0.030| sh degree=3| :  92%|█████████▏| 6422/7000 [03:48<00:16, 35.24it/s]
loss=0.030| sh degree=3| :  92%|█████████▏| 6426/7000 [03:48<00:16, 35.70it/s]
loss=0.034| sh degree=3| :  92%|█████████▏| 6426/7000 [03:48<00:16, 35.70it/s]
loss=0.037| sh degree=3| :  92%|█████████▏| 6426/7000 [03:48<00:16, 35.70it/s]
loss=0.058| sh degree=3| :  92%|█████████▏| 6426/7000 [03:48<00:16, 35.70it/s]
loss=0.046| sh degree=3| :  92%|█████████▏| 6426/7000 [03:48<00:16, 35.70it/s]
loss=0.046| sh degree=3| :  92%|█████████▏| 6430/7000 [03:48<00:15, 36.31it/s]
loss=0.047| sh degree=3| :  92%|█████████▏| 6430/7000 [03:48<00:15, 36.31it/s]
loss=0.045| sh degree=3| :  92%|█████████▏| 6430/7000 [03:48<00:15, 36.31it/s]
loss=0.038| sh degree=3| :  92%|█████████▏| 6430/7000 [03:48<00:15, 36.31it/s]
loss=0.032| sh degree=3| :  92%|█████████▏| 6430/7000 [03:48<00:15, 36.31it/s]
loss=0.032| sh degree=3| :  92%|█████████▏| 6434/7000 [03:48<00:15, 36.00it/s]
loss=0.036| sh degree=3| :  92%|█████████▏| 6434/7000 [03:48<00:15, 36.00it/s]
loss=0.046| sh degree=3| :  92%|█████████▏| 6434/7000 [03:48<00:15, 36.00it/s]
loss=0.048| sh degree=3| :  92%|█████████▏| 6434/7000 [03:48<00:15, 36.00it/s]
loss=0.039| sh degree=3| :  92%|█████████▏| 6434/7000 [03:48<00:15, 36.00it/s]
loss=0.039| sh degree=3| :  92%|█████████▏| 6438/7000 [03:48<00:15, 35.13it/s]
loss=0.031| sh degree=3| :  92%|█████████▏| 6438/7000 [03:48<00:15, 35.13it/s]
loss=0.035| sh degree=3| :  92%|█████████▏| 6438/7000 [03:49<00:15, 35.13it/s]
loss=0.029| sh degree=3| :  92%|█████████▏| 6438/7000 [03:49<00:15, 35.13it/s]
loss=0.045| sh degree=3| :  92%|█████████▏| 6438/7000 [03:49<00:15, 35.13it/s]
loss=0.045| sh degree=3| :  92%|█████████▏| 6442/7000 [03:49<00:16, 34.82it/s]
loss=0.028| sh degree=3| :  92%|█████████▏| 6442/7000 [03:49<00:16, 34.82it/s]
loss=0.034| sh degree=3| :  92%|█████████▏| 6442/7000 [03:49<00:16, 34.82it/s]
loss=0.030| sh degree=3| :  92%|█████████▏| 6442/7000 [03:49<00:16, 34.82it/s]
loss=0.045| sh degree=3| :  92%|█████████▏| 6442/7000 [03:49<00:16, 34.82it/s]
loss=0.045| sh degree=3| :  92%|█████████▏| 6446/7000 [03:49<00:15, 35.32it/s]
loss=0.027| sh degree=3| :  92%|█████████▏| 6446/7000 [03:49<00:15, 35.32it/s]
loss=0.042| sh degree=3| :  92%|█████████▏| 6446/7000 [03:49<00:15, 35.32it/s]
loss=0.029| sh degree=3| :  92%|█████████▏| 6446/7000 [03:49<00:15, 35.32it/s]
loss=0.027| sh degree=3| :  92%|█████████▏| 6446/7000 [03:49<00:15, 35.32it/s]
loss=0.027| sh degree=3| :  92%|█████████▏| 6450/7000 [03:49<00:15, 36.28it/s]
loss=0.038| sh degree=3| :  92%|█████████▏| 6450/7000 [03:49<00:15, 36.28it/s]
loss=0.043| sh degree=3| :  92%|█████████▏| 6450/7000 [03:49<00:15, 36.28it/s]
loss=0.043| sh degree=3| :  92%|█████████▏| 6450/7000 [03:49<00:15, 36.28it/s]
loss=0.035| sh degree=3| :  92%|█████████▏| 6450/7000 [03:49<00:15, 36.28it/s]
loss=0.028| sh degree=3| :  92%|█████████▏| 6450/7000 [03:49<00:15, 36.28it/s]
loss=0.028| sh degree=3| :  92%|█████████▏| 6455/7000 [03:49<00:14, 37.32it/s]
loss=0.040| sh degree=3| :  92%|█████████▏| 6455/7000 [03:49<00:14, 37.32it/s]
loss=0.033| sh degree=3| :  92%|█████████▏| 6455/7000 [03:49<00:14, 37.32it/s]
loss=0.045| sh degree=3| :  92%|█████████▏| 6455/7000 [03:49<00:14, 37.32it/s]
loss=0.029| sh degree=3| :  92%|█████████▏| 6455/7000 [03:49<00:14, 37.32it/s]
loss=0.029| sh degree=3| :  92%|█████████▏| 6459/7000 [03:49<00:14, 36.80it/s]
loss=0.028| sh degree=3| :  92%|█████████▏| 6459/7000 [03:49<00:14, 36.80it/s]
loss=0.032| sh degree=3| :  92%|█████████▏| 6459/7000 [03:49<00:14, 36.80it/s]
loss=0.041| sh degree=3| :  92%|█████████▏| 6459/7000 [03:49<00:14, 36.80it/s]
loss=0.044| sh degree=3| :  92%|█████████▏| 6459/7000 [03:49<00:14, 36.80it/s]
loss=0.044| sh degree=3| :  92%|█████████▏| 6463/7000 [03:49<00:14, 36.12it/s]
loss=0.045| sh degree=3| :  92%|█████████▏| 6463/7000 [03:49<00:14, 36.12it/s]
loss=0.049| sh degree=3| :  92%|█████████▏| 6463/7000 [03:49<00:14, 36.12it/s]
loss=0.033| sh degree=3| :  92%|█████████▏| 6463/7000 [03:49<00:14, 36.12it/s]
loss=0.036| sh degree=3| :  92%|█████████▏| 6463/7000 [03:49<00:14, 36.12it/s]
loss=0.036| sh degree=3| :  92%|█████████▏| 6467/7000 [03:49<00:14, 35.64it/s]
loss=0.060| sh degree=3| :  92%|█████████▏| 6467/7000 [03:49<00:14, 35.64it/s]
loss=0.040| sh degree=3| :  92%|█████████▏| 6467/7000 [03:49<00:14, 35.64it/s]
loss=0.033| sh degree=3| :  92%|█████████▏| 6467/7000 [03:49<00:14, 35.64it/s]
loss=0.035| sh degree=3| :  92%|█████████▏| 6467/7000 [03:49<00:14, 35.64it/s]
loss=0.035| sh degree=3| :  92%|█████████▏| 6471/7000 [03:49<00:14, 35.75it/s]
loss=0.037| sh degree=3| :  92%|█████████▏| 6471/7000 [03:49<00:14, 35.75it/s]
loss=0.041| sh degree=3| :  92%|█████████▏| 6471/7000 [03:49<00:14, 35.75it/s]
loss=0.049| sh degree=3| :  92%|█████████▏| 6471/7000 [03:49<00:14, 35.75it/s]
loss=0.029| sh degree=3| :  92%|█████████▏| 6471/7000 [03:49<00:14, 35.75it/s]
loss=0.029| sh degree=3| :  92%|█████████▎| 6475/7000 [03:49<00:14, 36.09it/s]
loss=0.043| sh degree=3| :  92%|█████████▎| 6475/7000 [03:50<00:14, 36.09it/s]
loss=0.029| sh degree=3| :  92%|█████████▎| 6475/7000 [03:50<00:14, 36.09it/s]
loss=0.038| sh degree=3| :  92%|█████████▎| 6475/7000 [03:50<00:14, 36.09it/s]
loss=0.037| sh degree=3| :  92%|█████████▎| 6475/7000 [03:50<00:14, 36.09it/s]
loss=0.037| sh degree=3| :  93%|█████████▎| 6479/7000 [03:50<00:14, 36.08it/s]
loss=0.039| sh degree=3| :  93%|█████████▎| 6479/7000 [03:50<00:14, 36.08it/s]
loss=0.046| sh degree=3| :  93%|█████████▎| 6479/7000 [03:50<00:14, 36.08it/s]
loss=0.049| sh degree=3| :  93%|█████████▎| 6479/7000 [03:50<00:14, 36.08it/s]
loss=0.037| sh degree=3| :  93%|█████████▎| 6479/7000 [03:50<00:14, 36.08it/s]
loss=0.037| sh degree=3| :  93%|█████████▎| 6483/7000 [03:50<00:14, 35.91it/s]
loss=0.043| sh degree=3| :  93%|█████████▎| 6483/7000 [03:50<00:14, 35.91it/s]
loss=0.031| sh degree=3| :  93%|█████████▎| 6483/7000 [03:50<00:14, 35.91it/s]
loss=0.029| sh degree=3| :  93%|█████████▎| 6483/7000 [03:50<00:14, 35.91it/s]
loss=0.042| sh degree=3| :  93%|█████████▎| 6483/7000 [03:50<00:14, 35.91it/s]
loss=0.042| sh degree=3| :  93%|█████████▎| 6487/7000 [03:50<00:13, 36.80it/s]
loss=0.036| sh degree=3| :  93%|█████████▎| 6487/7000 [03:50<00:13, 36.80it/s]
loss=0.057| sh degree=3| :  93%|█████████▎| 6487/7000 [03:50<00:13, 36.80it/s]
loss=0.042| sh degree=3| :  93%|█████████▎| 6487/7000 [03:50<00:13, 36.80it/s]
loss=0.029| sh degree=3| :  93%|█████████▎| 6487/7000 [03:50<00:13, 36.80it/s]
loss=0.029| sh degree=3| :  93%|█████████▎| 6491/7000 [03:50<00:13, 36.61it/s]
loss=0.031| sh degree=3| :  93%|█████████▎| 6491/7000 [03:50<00:13, 36.61it/s]
loss=0.035| sh degree=3| :  93%|█████████▎| 6491/7000 [03:50<00:13, 36.61it/s]
loss=0.039| sh degree=3| :  93%|█████████▎| 6491/7000 [03:50<00:13, 36.61it/s]
loss=0.046| sh degree=3| :  93%|█████████▎| 6491/7000 [03:50<00:13, 36.61it/s]
loss=0.046| sh degree=3| :  93%|█████████▎| 6495/7000 [03:50<00:14, 35.61it/s]
loss=0.031| sh degree=3| :  93%|█████████▎| 6495/7000 [03:50<00:14, 35.61it/s]
loss=0.030| sh degree=3| :  93%|█████████▎| 6495/7000 [03:50<00:14, 35.61it/s]
loss=0.029| sh degree=3| :  93%|█████████▎| 6495/7000 [03:50<00:14, 35.61it/s]
loss=0.045| sh degree=3| :  93%|█████████▎| 6495/7000 [03:50<00:14, 35.61it/s]
loss=0.045| sh degree=3| :  93%|█████████▎| 6499/7000 [03:50<00:13, 35.89it/s]
loss=0.043| sh degree=3| :  93%|█████████▎| 6499/7000 [03:50<00:13, 35.89it/s]
loss=0.040| sh degree=3| :  93%|█████████▎| 6499/7000 [03:50<00:13, 35.89it/s]
loss=0.066| sh degree=3| :  93%|█████████▎| 6499/7000 [03:50<00:13, 35.89it/s]
loss=0.045| sh degree=3| :  93%|█████████▎| 6499/7000 [03:50<00:13, 35.89it/s]
loss=0.045| sh degree=3| :  93%|█████████▎| 6503/7000 [03:50<00:13, 35.51it/s]
loss=0.044| sh degree=3| :  93%|█████████▎| 6503/7000 [03:50<00:13, 35.51it/s]
loss=0.048| sh degree=3| :  93%|█████████▎| 6503/7000 [03:50<00:13, 35.51it/s]
loss=0.035| sh degree=3| :  93%|█████████▎| 6503/7000 [03:50<00:13, 35.51it/s]
loss=0.044| sh degree=3| :  93%|█████████▎| 6503/7000 [03:50<00:13, 35.51it/s]
loss=0.041| sh degree=3| :  93%|█████████▎| 6503/7000 [03:50<00:13, 35.51it/s]
loss=0.041| sh degree=3| :  93%|█████████▎| 6508/7000 [03:50<00:13, 37.39it/s]
loss=0.053| sh degree=3| :  93%|█████████▎| 6508/7000 [03:50<00:13, 37.39it/s]
loss=0.045| sh degree=3| :  93%|█████████▎| 6508/7000 [03:50<00:13, 37.39it/s]
loss=0.039| sh degree=3| :  93%|█████████▎| 6508/7000 [03:50<00:13, 37.39it/s]
loss=0.037| sh degree=3| :  93%|█████████▎| 6508/7000 [03:50<00:13, 37.39it/s]
loss=0.037| sh degree=3| :  93%|█████████▎| 6512/7000 [03:51<00:13, 36.33it/s]
loss=0.045| sh degree=3| :  93%|█████████▎| 6512/7000 [03:51<00:13, 36.33it/s]
loss=0.048| sh degree=3| :  93%|█████████▎| 6512/7000 [03:51<00:13, 36.33it/s]
loss=0.033| sh degree=3| :  93%|█████████▎| 6512/7000 [03:51<00:13, 36.33it/s]
loss=0.042| sh degree=3| :  93%|█████████▎| 6512/7000 [03:51<00:13, 36.33it/s]
loss=0.042| sh degree=3| :  93%|█████████▎| 6516/7000 [03:51<00:13, 36.81it/s]
loss=0.041| sh degree=3| :  93%|█████████▎| 6516/7000 [03:51<00:13, 36.81it/s]
loss=0.044| sh degree=3| :  93%|█████████▎| 6516/7000 [03:51<00:13, 36.81it/s]
loss=0.049| sh degree=3| :  93%|█████████▎| 6516/7000 [03:51<00:13, 36.81it/s]
loss=0.045| sh degree=3| :  93%|█████████▎| 6516/7000 [03:51<00:13, 36.81it/s]
loss=0.045| sh degree=3| :  93%|█████████▎| 6520/7000 [03:51<00:12, 37.60it/s]
loss=0.047| sh degree=3| :  93%|█████████▎| 6520/7000 [03:51<00:12, 37.60it/s]
loss=0.047| sh degree=3| :  93%|█████████▎| 6520/7000 [03:51<00:12, 37.60it/s]
loss=0.041| sh degree=3| :  93%|█████████▎| 6520/7000 [03:51<00:12, 37.60it/s]
loss=0.035| sh degree=3| :  93%|█████████▎| 6520/7000 [03:51<00:12, 37.60it/s]
loss=0.035| sh degree=3| :  93%|█████████▎| 6524/7000 [03:51<00:13, 36.30it/s]
loss=0.041| sh degree=3| :  93%|█████████▎| 6524/7000 [03:51<00:13, 36.30it/s]
loss=0.032| sh degree=3| :  93%|█████████▎| 6524/7000 [03:51<00:13, 36.30it/s]
loss=0.041| sh degree=3| :  93%|█████████▎| 6524/7000 [03:51<00:13, 36.30it/s]
loss=0.042| sh degree=3| :  93%|█████████▎| 6524/7000 [03:51<00:13, 36.30it/s]
loss=0.042| sh degree=3| :  93%|█████████▎| 6528/7000 [03:51<00:12, 37.08it/s]
loss=0.044| sh degree=3| :  93%|█████████▎| 6528/7000 [03:51<00:12, 37.08it/s]
loss=0.041| sh degree=3| :  93%|█████████▎| 6528/7000 [03:51<00:12, 37.08it/s]
loss=0.037| sh degree=3| :  93%|█████████▎| 6528/7000 [03:51<00:12, 37.08it/s]
loss=0.034| sh degree=3| :  93%|█████████▎| 6528/7000 [03:51<00:12, 37.08it/s]
loss=0.042| sh degree=3| :  93%|█████████▎| 6528/7000 [03:51<00:12, 37.08it/s]
loss=0.042| sh degree=3| :  93%|█████████▎| 6533/7000 [03:51<00:12, 38.75it/s]
loss=0.038| sh degree=3| :  93%|█████████▎| 6533/7000 [03:51<00:12, 38.75it/s]
loss=0.041| sh degree=3| :  93%|█████████▎| 6533/7000 [03:51<00:12, 38.75it/s]
loss=0.042| sh degree=3| :  93%|█████████▎| 6533/7000 [03:51<00:12, 38.75it/s]
loss=0.041| sh degree=3| :  93%|█████████▎| 6533/7000 [03:51<00:12, 38.75it/s]
loss=0.041| sh degree=3| :  93%|█████████▎| 6537/7000 [03:51<00:12, 38.16it/s]
loss=0.041| sh degree=3| :  93%|█████████▎| 6537/7000 [03:51<00:12, 38.16it/s]
loss=0.033| sh degree=3| :  93%|█████████▎| 6537/7000 [03:51<00:12, 38.16it/s]
loss=0.032| sh degree=3| :  93%|█████████▎| 6537/7000 [03:51<00:12, 38.16it/s]
loss=0.047| sh degree=3| :  93%|█████████▎| 6537/7000 [03:51<00:12, 38.16it/s]
loss=0.047| sh degree=3| :  93%|█████████▎| 6541/7000 [03:51<00:12, 38.09it/s]
loss=0.040| sh degree=3| :  93%|█████████▎| 6541/7000 [03:51<00:12, 38.09it/s]
loss=0.042| sh degree=3| :  93%|█████████▎| 6541/7000 [03:51<00:12, 38.09it/s]
loss=0.032| sh degree=3| :  93%|█████████▎| 6541/7000 [03:51<00:12, 38.09it/s]
loss=0.041| sh degree=3| :  93%|█████████▎| 6541/7000 [03:51<00:12, 38.09it/s]
loss=0.038| sh degree=3| :  93%|█████████▎| 6541/7000 [03:51<00:12, 38.09it/s]
loss=0.038| sh degree=3| :  94%|█████████▎| 6546/7000 [03:51<00:11, 39.58it/s]
loss=0.036| sh degree=3| :  94%|█████████▎| 6546/7000 [03:51<00:11, 39.58it/s]
loss=0.040| sh degree=3| :  94%|█████████▎| 6546/7000 [03:51<00:11, 39.58it/s]
loss=0.032| sh degree=3| :  94%|█████████▎| 6546/7000 [03:51<00:11, 39.58it/s]
loss=0.038| sh degree=3| :  94%|█████████▎| 6546/7000 [03:51<00:11, 39.58it/s]
loss=0.038| sh degree=3| :  94%|█████████▎| 6550/7000 [03:51<00:11, 38.06it/s]
loss=0.045| sh degree=3| :  94%|█████████▎| 6550/7000 [03:52<00:11, 38.06it/s]
loss=0.041| sh degree=3| :  94%|█████████▎| 6550/7000 [03:52<00:11, 38.06it/s]
loss=0.030| sh degree=3| :  94%|█████████▎| 6550/7000 [03:52<00:11, 38.06it/s]
loss=0.032| sh degree=3| :  94%|█████████▎| 6550/7000 [03:52<00:11, 38.06it/s]
loss=0.032| sh degree=3| :  94%|█████████▎| 6554/7000 [03:52<00:11, 37.34it/s]
loss=0.030| sh degree=3| :  94%|█████████▎| 6554/7000 [03:52<00:11, 37.34it/s]
loss=0.037| sh degree=3| :  94%|█████████▎| 6554/7000 [03:52<00:11, 37.34it/s]
loss=0.031| sh degree=3| :  94%|█████████▎| 6554/7000 [03:52<00:11, 37.34it/s]
loss=0.029| sh degree=3| :  94%|█████████▎| 6554/7000 [03:52<00:11, 37.34it/s]
loss=0.029| sh degree=3| :  94%|█████████▎| 6558/7000 [03:52<00:11, 37.00it/s]
loss=0.045| sh degree=3| :  94%|█████████▎| 6558/7000 [03:52<00:11, 37.00it/s]
loss=0.035| sh degree=3| :  94%|█████████▎| 6558/7000 [03:52<00:11, 37.00it/s]
loss=0.031| sh degree=3| :  94%|█████████▎| 6558/7000 [03:52<00:11, 37.00it/s]
loss=0.038| sh degree=3| :  94%|█████████▎| 6558/7000 [03:52<00:11, 37.00it/s]
loss=0.038| sh degree=3| :  94%|█████████▎| 6562/7000 [03:52<00:12, 36.29it/s]
loss=0.029| sh degree=3| :  94%|█████████▎| 6562/7000 [03:52<00:12, 36.29it/s]
loss=0.028| sh degree=3| :  94%|█████████▎| 6562/7000 [03:52<00:12, 36.29it/s]
loss=0.049| sh degree=3| :  94%|█████████▎| 6562/7000 [03:52<00:12, 36.29it/s]
loss=0.038| sh degree=3| :  94%|█████████▎| 6562/7000 [03:52<00:12, 36.29it/s]
loss=0.038| sh degree=3| :  94%|█████████▍| 6566/7000 [03:52<00:11, 36.92it/s]
loss=0.032| sh degree=3| :  94%|█████████▍| 6566/7000 [03:52<00:11, 36.92it/s]
loss=0.036| sh degree=3| :  94%|█████████▍| 6566/7000 [03:52<00:11, 36.92it/s]
loss=0.033| sh degree=3| :  94%|█████████▍| 6566/7000 [03:52<00:11, 36.92it/s]
loss=0.042| sh degree=3| :  94%|█████████▍| 6566/7000 [03:52<00:11, 36.92it/s]
loss=0.042| sh degree=3| :  94%|█████████▍| 6570/7000 [03:52<00:11, 36.69it/s]
loss=0.042| sh degree=3| :  94%|█████████▍| 6570/7000 [03:52<00:11, 36.69it/s]
loss=0.028| sh degree=3| :  94%|█████████▍| 6570/7000 [03:52<00:11, 36.69it/s]
loss=0.035| sh degree=3| :  94%|█████████▍| 6570/7000 [03:52<00:11, 36.69it/s]
loss=0.043| sh degree=3| :  94%|█████████▍| 6570/7000 [03:52<00:11, 36.69it/s]
loss=0.043| sh degree=3| :  94%|█████████▍| 6574/7000 [03:52<00:11, 37.04it/s]
loss=0.032| sh degree=3| :  94%|█████████▍| 6574/7000 [03:52<00:11, 37.04it/s]
loss=0.046| sh degree=3| :  94%|█████████▍| 6574/7000 [03:52<00:11, 37.04it/s]
loss=0.031| sh degree=3| :  94%|█████████▍| 6574/7000 [03:52<00:11, 37.04it/s]
loss=0.032| sh degree=3| :  94%|█████████▍| 6574/7000 [03:52<00:11, 37.04it/s]
loss=0.032| sh degree=3| :  94%|█████████▍| 6578/7000 [03:52<00:11, 35.42it/s]
loss=0.037| sh degree=3| :  94%|█████████▍| 6578/7000 [03:52<00:11, 35.42it/s]
loss=0.043| sh degree=3| :  94%|█████████▍| 6578/7000 [03:52<00:11, 35.42it/s]
loss=0.038| sh degree=3| :  94%|█████████▍| 6578/7000 [03:52<00:11, 35.42it/s]
loss=0.038| sh degree=3| :  94%|█████████▍| 6578/7000 [03:52<00:11, 35.42it/s]
loss=0.029| sh degree=3| :  94%|█████████▍| 6578/7000 [03:52<00:11, 35.42it/s]
loss=0.029| sh degree=3| :  94%|█████████▍| 6583/7000 [03:52<00:11, 37.37it/s]
loss=0.036| sh degree=3| :  94%|█████████▍| 6583/7000 [03:52<00:11, 37.37it/s]
loss=0.032| sh degree=3| :  94%|█████████▍| 6583/7000 [03:52<00:11, 37.37it/s]
loss=0.038| sh degree=3| :  94%|█████████▍| 6583/7000 [03:52<00:11, 37.37it/s]
loss=0.047| sh degree=3| :  94%|█████████▍| 6583/7000 [03:53<00:11, 37.37it/s]
loss=0.047| sh degree=3| :  94%|█████████▍| 6587/7000 [03:53<00:11, 36.97it/s]
loss=0.030| sh degree=3| :  94%|█████████▍| 6587/7000 [03:53<00:11, 36.97it/s]
loss=0.042| sh degree=3| :  94%|█████████▍| 6587/7000 [03:53<00:11, 36.97it/s]
loss=0.042| sh degree=3| :  94%|█████████▍| 6587/7000 [03:53<00:11, 36.97it/s]
loss=0.028| sh degree=3| :  94%|█████████▍| 6587/7000 [03:53<00:11, 36.97it/s]
loss=0.028| sh degree=3| :  94%|█████████▍| 6591/7000 [03:53<00:11, 34.89it/s]
loss=0.029| sh degree=3| :  94%|█████████▍| 6591/7000 [03:53<00:11, 34.89it/s]
loss=0.036| sh degree=3| :  94%|█████████▍| 6591/7000 [03:53<00:11, 34.89it/s]
loss=0.028| sh degree=3| :  94%|█████████▍| 6591/7000 [03:53<00:11, 34.89it/s]
loss=0.029| sh degree=3| :  94%|█████████▍| 6591/7000 [03:53<00:11, 34.89it/s]
loss=0.029| sh degree=3| :  94%|█████████▍| 6595/7000 [03:53<00:11, 34.59it/s]
loss=0.031| sh degree=3| :  94%|█████████▍| 6595/7000 [03:53<00:11, 34.59it/s]
loss=0.039| sh degree=3| :  94%|█████████▍| 6595/7000 [03:53<00:11, 34.59it/s]
loss=0.037| sh degree=3| :  94%|█████████▍| 6595/7000 [03:53<00:11, 34.59it/s]
loss=0.031| sh degree=3| :  94%|█████████▍| 6595/7000 [03:53<00:11, 34.59it/s]
loss=0.031| sh degree=3| :  94%|█████████▍| 6599/7000 [03:53<00:11, 34.10it/s]
loss=0.040| sh degree=3| :  94%|█████████▍| 6599/7000 [03:53<00:11, 34.10it/s]
loss=0.043| sh degree=3| :  94%|█████████▍| 6599/7000 [03:53<00:11, 34.10it/s]
loss=0.039| sh degree=3| :  94%|█████████▍| 6599/7000 [03:53<00:11, 34.10it/s]
loss=0.034| sh degree=3| :  94%|█████████▍| 6599/7000 [03:53<00:11, 34.10it/s]
loss=0.034| sh degree=3| :  94%|█████████▍| 6603/7000 [03:53<00:12, 32.76it/s]
loss=0.035| sh degree=3| :  94%|█████████▍| 6603/7000 [03:53<00:12, 32.76it/s]
loss=0.052| sh degree=3| :  94%|█████████▍| 6603/7000 [03:53<00:12, 32.76it/s]
loss=0.043| sh degree=3| :  94%|█████████▍| 6603/7000 [03:53<00:12, 32.76it/s]
loss=0.051| sh degree=3| :  94%|█████████▍| 6603/7000 [03:53<00:12, 32.76it/s]
loss=0.051| sh degree=3| :  94%|█████████▍| 6607/7000 [03:53<00:11, 33.21it/s]
loss=0.035| sh degree=3| :  94%|█████████▍| 6607/7000 [03:53<00:11, 33.21it/s]
loss=0.041| sh degree=3| :  94%|█████████▍| 6607/7000 [03:53<00:11, 33.21it/s]
loss=0.033| sh degree=3| :  94%|█████████▍| 6607/7000 [03:53<00:11, 33.21it/s]
loss=0.034| sh degree=3| :  94%|█████████▍| 6607/7000 [03:53<00:11, 33.21it/s]
loss=0.034| sh degree=3| :  94%|█████████▍| 6611/7000 [03:53<00:11, 32.87it/s]
loss=0.061| sh degree=3| :  94%|█████████▍| 6611/7000 [03:53<00:11, 32.87it/s]
loss=0.080| sh degree=3| :  94%|█████████▍| 6611/7000 [03:53<00:11, 32.87it/s]
loss=0.049| sh degree=3| :  94%|█████████▍| 6611/7000 [03:53<00:11, 32.87it/s]
loss=0.036| sh degree=3| :  94%|█████████▍| 6611/7000 [03:53<00:11, 32.87it/s]
loss=0.036| sh degree=3| :  94%|█████████▍| 6615/7000 [03:53<00:11, 33.09it/s]
loss=0.037| sh degree=3| :  94%|█████████▍| 6615/7000 [03:53<00:11, 33.09it/s]
loss=0.035| sh degree=3| :  94%|█████████▍| 6615/7000 [03:53<00:11, 33.09it/s]
loss=0.049| sh degree=3| :  94%|█████████▍| 6615/7000 [03:53<00:11, 33.09it/s]
loss=0.032| sh degree=3| :  94%|█████████▍| 6615/7000 [03:53<00:11, 33.09it/s]
loss=0.032| sh degree=3| :  95%|█████████▍| 6619/7000 [03:53<00:11, 34.13it/s]
loss=0.055| sh degree=3| :  95%|█████████▍| 6619/7000 [03:53<00:11, 34.13it/s]
loss=0.034| sh degree=3| :  95%|█████████▍| 6619/7000 [03:54<00:11, 34.13it/s]
loss=0.035| sh degree=3| :  95%|█████████▍| 6619/7000 [03:54<00:11, 34.13it/s]
loss=0.033| sh degree=3| :  95%|█████████▍| 6619/7000 [03:54<00:11, 34.13it/s]
loss=0.033| sh degree=3| :  95%|█████████▍| 6623/7000 [03:54<00:10, 35.31it/s]
loss=0.037| sh degree=3| :  95%|█████████▍| 6623/7000 [03:54<00:10, 35.31it/s]
loss=0.031| sh degree=3| :  95%|█████████▍| 6623/7000 [03:54<00:10, 35.31it/s]
loss=0.037| sh degree=3| :  95%|█████████▍| 6623/7000 [03:54<00:10, 35.31it/s]
loss=0.049| sh degree=3| :  95%|█████████▍| 6623/7000 [03:54<00:10, 35.31it/s]
loss=0.049| sh degree=3| :  95%|█████████▍| 6627/7000 [03:54<00:10, 35.49it/s]
loss=0.028| sh degree=3| :  95%|█████████▍| 6627/7000 [03:54<00:10, 35.49it/s]
loss=0.040| sh degree=3| :  95%|█████████▍| 6627/7000 [03:54<00:10, 35.49it/s]
loss=0.049| sh degree=3| :  95%|█████████▍| 6627/7000 [03:54<00:10, 35.49it/s]
loss=0.028| sh degree=3| :  95%|█████████▍| 6627/7000 [03:54<00:10, 35.49it/s]
loss=0.028| sh degree=3| :  95%|█████████▍| 6631/7000 [03:54<00:13, 27.39it/s]
loss=0.044| sh degree=3| :  95%|█████████▍| 6631/7000 [03:54<00:13, 27.39it/s]
loss=0.047| sh degree=3| :  95%|█████████▍| 6631/7000 [03:54<00:13, 27.39it/s]
loss=0.043| sh degree=3| :  95%|█████████▍| 6631/7000 [03:54<00:13, 27.39it/s]
loss=0.052| sh degree=3| :  95%|█████████▍| 6631/7000 [03:54<00:13, 27.39it/s]
loss=0.034| sh degree=3| :  95%|█████████▍| 6631/7000 [03:54<00:13, 27.39it/s]
loss=0.034| sh degree=3| :  95%|█████████▍| 6636/7000 [03:54<00:11, 30.90it/s]
loss=0.034| sh degree=3| :  95%|█████████▍| 6636/7000 [03:54<00:11, 30.90it/s]
loss=0.044| sh degree=3| :  95%|█████████▍| 6636/7000 [03:54<00:11, 30.90it/s]
loss=0.043| sh degree=3| :  95%|█████████▍| 6636/7000 [03:54<00:11, 30.90it/s]
loss=0.034| sh degree=3| :  95%|█████████▍| 6636/7000 [03:54<00:11, 30.90it/s]
loss=0.034| sh degree=3| :  95%|█████████▍| 6640/7000 [03:54<00:11, 32.67it/s]
loss=0.031| sh degree=3| :  95%|█████████▍| 6640/7000 [03:54<00:11, 32.67it/s]
loss=0.044| sh degree=3| :  95%|█████████▍| 6640/7000 [03:54<00:11, 32.67it/s]
loss=0.036| sh degree=3| :  95%|█████████▍| 6640/7000 [03:54<00:11, 32.67it/s]
loss=0.042| sh degree=3| :  95%|█████████▍| 6640/7000 [03:54<00:11, 32.67it/s]
loss=0.042| sh degree=3| :  95%|█████████▍| 6644/7000 [03:54<00:10, 33.63it/s]
loss=0.028| sh degree=3| :  95%|█████████▍| 6644/7000 [03:54<00:10, 33.63it/s]
loss=0.063| sh degree=3| :  95%|█████████▍| 6644/7000 [03:54<00:10, 33.63it/s]
loss=0.041| sh degree=3| :  95%|█████████▍| 6644/7000 [03:54<00:10, 33.63it/s]
loss=0.041| sh degree=3| :  95%|█████████▍| 6644/7000 [03:54<00:10, 33.63it/s]
loss=0.041| sh degree=3| :  95%|█████████▍| 6648/7000 [03:54<00:10, 33.49it/s]
loss=0.030| sh degree=3| :  95%|█████████▍| 6648/7000 [03:54<00:10, 33.49it/s]
loss=0.032| sh degree=3| :  95%|█████████▍| 6648/7000 [03:54<00:10, 33.49it/s]
loss=0.031| sh degree=3| :  95%|█████████▍| 6648/7000 [03:54<00:10, 33.49it/s]
loss=0.049| sh degree=3| :  95%|█████████▍| 6648/7000 [03:55<00:10, 33.49it/s]
loss=0.049| sh degree=3| :  95%|█████████▌| 6652/7000 [03:55<00:10, 32.77it/s]
loss=0.040| sh degree=3| :  95%|█████████▌| 6652/7000 [03:55<00:10, 32.77it/s]
loss=0.031| sh degree=3| :  95%|█████████▌| 6652/7000 [03:55<00:10, 32.77it/s]
loss=0.040| sh degree=3| :  95%|█████████▌| 6652/7000 [03:55<00:10, 32.77it/s]
loss=0.028| sh degree=3| :  95%|█████████▌| 6652/7000 [03:55<00:10, 32.77it/s]
loss=0.028| sh degree=3| :  95%|█████████▌| 6656/7000 [03:55<00:10, 33.62it/s]
loss=0.044| sh degree=3| :  95%|█████████▌| 6656/7000 [03:55<00:10, 33.62it/s]
loss=0.029| sh degree=3| :  95%|█████████▌| 6656/7000 [03:55<00:10, 33.62it/s]
loss=0.053| sh degree=3| :  95%|█████████▌| 6656/7000 [03:55<00:10, 33.62it/s]
loss=0.041| sh degree=3| :  95%|█████████▌| 6656/7000 [03:55<00:10, 33.62it/s]
loss=0.041| sh degree=3| :  95%|█████████▌| 6660/7000 [03:55<00:09, 34.06it/s]
loss=0.051| sh degree=3| :  95%|█████████▌| 6660/7000 [03:55<00:09, 34.06it/s]
loss=0.041| sh degree=3| :  95%|█████████▌| 6660/7000 [03:55<00:09, 34.06it/s]
loss=0.032| sh degree=3| :  95%|█████████▌| 6660/7000 [03:55<00:09, 34.06it/s]
loss=0.034| sh degree=3| :  95%|█████████▌| 6660/7000 [03:55<00:09, 34.06it/s]
loss=0.034| sh degree=3| :  95%|█████████▌| 6664/7000 [03:55<00:09, 34.12it/s]
loss=0.041| sh degree=3| :  95%|█████████▌| 6664/7000 [03:55<00:09, 34.12it/s]
loss=0.039| sh degree=3| :  95%|█████████▌| 6664/7000 [03:55<00:09, 34.12it/s]
loss=0.031| sh degree=3| :  95%|█████████▌| 6664/7000 [03:55<00:09, 34.12it/s]
loss=0.030| sh degree=3| :  95%|█████████▌| 6664/7000 [03:55<00:09, 34.12it/s]
loss=0.030| sh degree=3| :  95%|█████████▌| 6668/7000 [03:55<00:09, 34.46it/s]
loss=0.044| sh degree=3| :  95%|█████████▌| 6668/7000 [03:55<00:09, 34.46it/s]
loss=0.028| sh degree=3| :  95%|█████████▌| 6668/7000 [03:55<00:09, 34.46it/s]
loss=0.030| sh degree=3| :  95%|█████████▌| 6668/7000 [03:55<00:09, 34.46it/s]
loss=0.041| sh degree=3| :  95%|█████████▌| 6668/7000 [03:55<00:09, 34.46it/s]
loss=0.041| sh degree=3| :  95%|█████████▌| 6672/7000 [03:55<00:09, 35.72it/s]
loss=0.040| sh degree=3| :  95%|█████████▌| 6672/7000 [03:55<00:09, 35.72it/s]
loss=0.028| sh degree=3| :  95%|█████████▌| 6672/7000 [03:55<00:09, 35.72it/s]
loss=0.041| sh degree=3| :  95%|█████████▌| 6672/7000 [03:55<00:09, 35.72it/s]
loss=0.045| sh degree=3| :  95%|█████████▌| 6672/7000 [03:55<00:09, 35.72it/s]
loss=0.045| sh degree=3| :  95%|█████████▌| 6676/7000 [03:55<00:08, 36.60it/s]
loss=0.043| sh degree=3| :  95%|█████████▌| 6676/7000 [03:55<00:08, 36.60it/s]
loss=0.029| sh degree=3| :  95%|█████████▌| 6676/7000 [03:55<00:08, 36.60it/s]
loss=0.034| sh degree=3| :  95%|█████████▌| 6676/7000 [03:55<00:08, 36.60it/s]
loss=0.042| sh degree=3| :  95%|█████████▌| 6676/7000 [03:55<00:08, 36.60it/s]
loss=0.042| sh degree=3| :  95%|█████████▌| 6680/7000 [03:55<00:08, 35.74it/s]
loss=0.039| sh degree=3| :  95%|█████████▌| 6680/7000 [03:55<00:08, 35.74it/s]
loss=0.030| sh degree=3| :  95%|█████████▌| 6680/7000 [03:55<00:08, 35.74it/s]
loss=0.035| sh degree=3| :  95%|█████████▌| 6680/7000 [03:55<00:08, 35.74it/s]
loss=0.039| sh degree=3| :  95%|█████████▌| 6680/7000 [03:55<00:08, 35.74it/s]
loss=0.039| sh degree=3| :  95%|█████████▌| 6684/7000 [03:55<00:08, 35.15it/s]
loss=0.039| sh degree=3| :  95%|█████████▌| 6684/7000 [03:55<00:08, 35.15it/s]
loss=0.034| sh degree=3| :  95%|█████████▌| 6684/7000 [03:55<00:08, 35.15it/s]
loss=0.037| sh degree=3| :  95%|█████████▌| 6684/7000 [03:55<00:08, 35.15it/s]
loss=0.034| sh degree=3| :  95%|█████████▌| 6684/7000 [03:56<00:08, 35.15it/s]
loss=0.034| sh degree=3| :  96%|█████████▌| 6688/7000 [03:56<00:08, 35.72it/s]
loss=0.035| sh degree=3| :  96%|█████████▌| 6688/7000 [03:56<00:08, 35.72it/s]
loss=0.027| sh degree=3| :  96%|█████████▌| 6688/7000 [03:56<00:08, 35.72it/s]
loss=0.039| sh degree=3| :  96%|█████████▌| 6688/7000 [03:56<00:08, 35.72it/s]
loss=0.051| sh degree=3| :  96%|█████████▌| 6688/7000 [03:56<00:08, 35.72it/s]
loss=0.051| sh degree=3| :  96%|█████████▌| 6692/7000 [03:56<00:08, 35.22it/s]
loss=0.048| sh degree=3| :  96%|█████████▌| 6692/7000 [03:56<00:08, 35.22it/s]
loss=0.046| sh degree=3| :  96%|█████████▌| 6692/7000 [03:56<00:08, 35.22it/s]
loss=0.047| sh degree=3| :  96%|█████████▌| 6692/7000 [03:56<00:08, 35.22it/s]
loss=0.030| sh degree=3| :  96%|█████████▌| 6692/7000 [03:56<00:08, 35.22it/s]
loss=0.030| sh degree=3| :  96%|█████████▌| 6696/7000 [03:56<00:08, 36.34it/s]
loss=0.039| sh degree=3| :  96%|█████████▌| 6696/7000 [03:56<00:08, 36.34it/s]
loss=0.037| sh degree=3| :  96%|█████████▌| 6696/7000 [03:56<00:08, 36.34it/s]
loss=0.038| sh degree=3| :  96%|█████████▌| 6696/7000 [03:56<00:08, 36.34it/s]
loss=0.041| sh degree=3| :  96%|█████████▌| 6696/7000 [03:56<00:08, 36.34it/s]
loss=0.059| sh degree=3| :  96%|█████████▌| 6696/7000 [03:56<00:08, 36.34it/s]
loss=0.059| sh degree=3| :  96%|█████████▌| 6701/7000 [03:56<00:08, 35.03it/s]
loss=0.041| sh degree=3| :  96%|█████████▌| 6701/7000 [03:56<00:08, 35.03it/s]
loss=0.048| sh degree=3| :  96%|█████████▌| 6701/7000 [03:56<00:08, 35.03it/s]
loss=0.049| sh degree=3| :  96%|█████████▌| 6701/7000 [03:56<00:08, 35.03it/s]
loss=0.033| sh degree=3| :  96%|█████████▌| 6701/7000 [03:56<00:08, 35.03it/s]
loss=0.033| sh degree=3| :  96%|█████████▌| 6705/7000 [03:56<00:08, 35.35it/s]
loss=0.040| sh degree=3| :  96%|█████████▌| 6705/7000 [03:56<00:08, 35.35it/s]
loss=0.048| sh degree=3| :  96%|█████████▌| 6705/7000 [03:56<00:08, 35.35it/s]
loss=0.032| sh degree=3| :  96%|█████████▌| 6705/7000 [03:56<00:08, 35.35it/s]
loss=0.042| sh degree=3| :  96%|█████████▌| 6705/7000 [03:56<00:08, 35.35it/s]
loss=0.042| sh degree=3| :  96%|█████████▌| 6709/7000 [03:56<00:08, 35.63it/s]
loss=0.046| sh degree=3| :  96%|█████████▌| 6709/7000 [03:56<00:08, 35.63it/s]
loss=0.044| sh degree=3| :  96%|█████████▌| 6709/7000 [03:56<00:08, 35.63it/s]
loss=0.054| sh degree=3| :  96%|█████████▌| 6709/7000 [03:56<00:08, 35.63it/s]
loss=0.044| sh degree=3| :  96%|█████████▌| 6709/7000 [03:56<00:08, 35.63it/s]
loss=0.034| sh degree=3| :  96%|█████████▌| 6709/7000 [03:56<00:08, 35.63it/s]
loss=0.034| sh degree=3| :  96%|█████████▌| 6714/7000 [03:56<00:07, 37.24it/s]
loss=0.039| sh degree=3| :  96%|█████████▌| 6714/7000 [03:56<00:07, 37.24it/s]
loss=0.050| sh degree=3| :  96%|█████████▌| 6714/7000 [03:56<00:07, 37.24it/s]
loss=0.047| sh degree=3| :  96%|█████████▌| 6714/7000 [03:56<00:07, 37.24it/s]
loss=0.040| sh degree=3| :  96%|█████████▌| 6714/7000 [03:56<00:07, 37.24it/s]
loss=0.040| sh degree=3| :  96%|█████████▌| 6718/7000 [03:56<00:07, 36.19it/s]
loss=0.043| sh degree=3| :  96%|█████████▌| 6718/7000 [03:56<00:07, 36.19it/s]
loss=0.045| sh degree=3| :  96%|█████████▌| 6718/7000 [03:56<00:07, 36.19it/s]
loss=0.038| sh degree=3| :  96%|█████████▌| 6718/7000 [03:56<00:07, 36.19it/s]
loss=0.060| sh degree=3| :  96%|█████████▌| 6718/7000 [03:56<00:07, 36.19it/s]
loss=0.060| sh degree=3| :  96%|█████████▌| 6722/7000 [03:56<00:07, 36.78it/s]
loss=0.057| sh degree=3| :  96%|█████████▌| 6722/7000 [03:56<00:07, 36.78it/s]
loss=0.031| sh degree=3| :  96%|█████████▌| 6722/7000 [03:57<00:07, 36.78it/s]
loss=0.030| sh degree=3| :  96%|█████████▌| 6722/7000 [03:57<00:07, 36.78it/s]
loss=0.036| sh degree=3| :  96%|█████████▌| 6722/7000 [03:57<00:07, 36.78it/s]
loss=0.036| sh degree=3| :  96%|█████████▌| 6726/7000 [03:57<00:07, 36.35it/s]
loss=0.029| sh degree=3| :  96%|█████████▌| 6726/7000 [03:57<00:07, 36.35it/s]
loss=0.035| sh degree=3| :  96%|█████████▌| 6726/7000 [03:57<00:07, 36.35it/s]
loss=0.039| sh degree=3| :  96%|█████████▌| 6726/7000 [03:57<00:07, 36.35it/s]
loss=0.043| sh degree=3| :  96%|█████████▌| 6726/7000 [03:57<00:07, 36.35it/s]
loss=0.043| sh degree=3| :  96%|█████████▌| 6730/7000 [03:57<00:07, 36.35it/s]
loss=0.040| sh degree=3| :  96%|█████████▌| 6730/7000 [03:57<00:07, 36.35it/s]
loss=0.041| sh degree=3| :  96%|█████████▌| 6730/7000 [03:57<00:07, 36.35it/s]
loss=0.030| sh degree=3| :  96%|█████████▌| 6730/7000 [03:57<00:07, 36.35it/s]
loss=0.035| sh degree=3| :  96%|█████████▌| 6730/7000 [03:57<00:07, 36.35it/s]
loss=0.035| sh degree=3| :  96%|█████████▌| 6734/7000 [03:57<00:07, 36.64it/s]
loss=0.034| sh degree=3| :  96%|█████████▌| 6734/7000 [03:57<00:07, 36.64it/s]
loss=0.034| sh degree=3| :  96%|█████████▌| 6734/7000 [03:57<00:07, 36.64it/s]
loss=0.050| sh degree=3| :  96%|█████████▌| 6734/7000 [03:57<00:07, 36.64it/s]
loss=0.038| sh degree=3| :  96%|█████████▌| 6734/7000 [03:57<00:07, 36.64it/s]
loss=0.038| sh degree=3| :  96%|█████████▋| 6738/7000 [03:57<00:07, 36.39it/s]
loss=0.028| sh degree=3| :  96%|█████████▋| 6738/7000 [03:57<00:07, 36.39it/s]
loss=0.030| sh degree=3| :  96%|█████████▋| 6738/7000 [03:57<00:07, 36.39it/s]
loss=0.030| sh degree=3| :  96%|█████████▋| 6738/7000 [03:57<00:07, 36.39it/s]
loss=0.031| sh degree=3| :  96%|█████████▋| 6738/7000 [03:57<00:07, 36.39it/s]
loss=0.031| sh degree=3| :  96%|█████████▋| 6742/7000 [03:57<00:07, 35.42it/s]
loss=0.040| sh degree=3| :  96%|█████████▋| 6742/7000 [03:57<00:07, 35.42it/s]
loss=0.048| sh degree=3| :  96%|█████████▋| 6742/7000 [03:57<00:07, 35.42it/s]
loss=0.030| sh degree=3| :  96%|█████████▋| 6742/7000 [03:57<00:07, 35.42it/s]
loss=0.036| sh degree=3| :  96%|█████████▋| 6742/7000 [03:57<00:07, 35.42it/s]
loss=0.036| sh degree=3| :  96%|█████████▋| 6746/7000 [03:57<00:07, 34.94it/s]
loss=0.039| sh degree=3| :  96%|█████████▋| 6746/7000 [03:57<00:07, 34.94it/s]
loss=0.044| sh degree=3| :  96%|█████████▋| 6746/7000 [03:57<00:07, 34.94it/s]
loss=0.038| sh degree=3| :  96%|█████████▋| 6746/7000 [03:57<00:07, 34.94it/s]
loss=0.035| sh degree=3| :  96%|█████████▋| 6746/7000 [03:57<00:07, 34.94it/s]
loss=0.035| sh degree=3| :  96%|█████████▋| 6750/7000 [03:57<00:07, 35.24it/s]
loss=0.036| sh degree=3| :  96%|█████████▋| 6750/7000 [03:57<00:07, 35.24it/s]
loss=0.044| sh degree=3| :  96%|█████████▋| 6750/7000 [03:57<00:07, 35.24it/s]
loss=0.040| sh degree=3| :  96%|█████████▋| 6750/7000 [03:57<00:07, 35.24it/s]
loss=0.033| sh degree=3| :  96%|█████████▋| 6750/7000 [03:57<00:07, 35.24it/s]
loss=0.033| sh degree=3| :  96%|█████████▋| 6754/7000 [03:57<00:06, 35.77it/s]
loss=0.089| sh degree=3| :  96%|█████████▋| 6754/7000 [03:57<00:06, 35.77it/s]
loss=0.031| sh degree=3| :  96%|█████████▋| 6754/7000 [03:57<00:06, 35.77it/s]
loss=0.045| sh degree=3| :  96%|█████████▋| 6754/7000 [03:57<00:06, 35.77it/s]
loss=0.057| sh degree=3| :  96%|█████████▋| 6754/7000 [03:57<00:06, 35.77it/s]
loss=0.057| sh degree=3| :  97%|█████████▋| 6758/7000 [03:57<00:07, 34.25it/s]
loss=0.030| sh degree=3| :  97%|█████████▋| 6758/7000 [03:58<00:07, 34.25it/s]
loss=0.043| sh degree=3| :  97%|█████████▋| 6758/7000 [03:58<00:07, 34.25it/s]
loss=0.047| sh degree=3| :  97%|█████████▋| 6758/7000 [03:58<00:07, 34.25it/s]
loss=0.039| sh degree=3| :  97%|█████████▋| 6758/7000 [03:58<00:07, 34.25it/s]
loss=0.039| sh degree=3| :  97%|█████████▋| 6762/7000 [03:58<00:06, 34.55it/s]
loss=0.032| sh degree=3| :  97%|█████████▋| 6762/7000 [03:58<00:06, 34.55it/s]
loss=0.038| sh degree=3| :  97%|█████████▋| 6762/7000 [03:58<00:06, 34.55it/s]
loss=0.042| sh degree=3| :  97%|█████████▋| 6762/7000 [03:58<00:06, 34.55it/s]
loss=0.037| sh degree=3| :  97%|█████████▋| 6762/7000 [03:58<00:06, 34.55it/s]
loss=0.037| sh degree=3| :  97%|█████████▋| 6766/7000 [03:58<00:06, 35.22it/s]
loss=0.029| sh degree=3| :  97%|█████████▋| 6766/7000 [03:58<00:06, 35.22it/s]
loss=0.043| sh degree=3| :  97%|█████████▋| 6766/7000 [03:58<00:06, 35.22it/s]
loss=0.046| sh degree=3| :  97%|█████████▋| 6766/7000 [03:58<00:06, 35.22it/s]
loss=0.039| sh degree=3| :  97%|█████████▋| 6766/7000 [03:58<00:06, 35.22it/s]
loss=0.036| sh degree=3| :  97%|█████████▋| 6766/7000 [03:58<00:06, 35.22it/s]
loss=0.036| sh degree=3| :  97%|█████████▋| 6771/7000 [03:58<00:06, 36.77it/s]
loss=0.035| sh degree=3| :  97%|█████████▋| 6771/7000 [03:58<00:06, 36.77it/s]
loss=0.035| sh degree=3| :  97%|█████████▋| 6771/7000 [03:58<00:06, 36.77it/s]
loss=0.059| sh degree=3| :  97%|█████████▋| 6771/7000 [03:58<00:06, 36.77it/s]
loss=0.041| sh degree=3| :  97%|█████████▋| 6771/7000 [03:58<00:06, 36.77it/s]
loss=0.041| sh degree=3| :  97%|█████████▋| 6775/7000 [03:58<00:06, 36.68it/s]
loss=0.035| sh degree=3| :  97%|█████████▋| 6775/7000 [03:58<00:06, 36.68it/s]
loss=0.029| sh degree=3| :  97%|█████████▋| 6775/7000 [03:58<00:06, 36.68it/s]
loss=0.040| sh degree=3| :  97%|█████████▋| 6775/7000 [03:58<00:06, 36.68it/s]
loss=0.042| sh degree=3| :  97%|█████████▋| 6775/7000 [03:58<00:06, 36.68it/s]
loss=0.042| sh degree=3| :  97%|█████████▋| 6779/7000 [03:58<00:06, 36.49it/s]
loss=0.029| sh degree=3| :  97%|█████████▋| 6779/7000 [03:58<00:06, 36.49it/s]
loss=0.029| sh degree=3| :  97%|█████████▋| 6779/7000 [03:58<00:06, 36.49it/s]
loss=0.057| sh degree=3| :  97%|█████████▋| 6779/7000 [03:58<00:06, 36.49it/s]
loss=0.035| sh degree=3| :  97%|█████████▋| 6779/7000 [03:58<00:06, 36.49it/s]
loss=0.035| sh degree=3| :  97%|█████████▋| 6783/7000 [03:58<00:06, 35.60it/s]
loss=0.040| sh degree=3| :  97%|█████████▋| 6783/7000 [03:58<00:06, 35.60it/s]
loss=0.037| sh degree=3| :  97%|█████████▋| 6783/7000 [03:58<00:06, 35.60it/s]
loss=0.033| sh degree=3| :  97%|█████████▋| 6783/7000 [03:58<00:06, 35.60it/s]
loss=0.040| sh degree=3| :  97%|█████████▋| 6783/7000 [03:58<00:06, 35.60it/s]
loss=0.033| sh degree=3| :  97%|█████████▋| 6783/7000 [03:58<00:06, 35.60it/s]
loss=0.033| sh degree=3| :  97%|█████████▋| 6788/7000 [03:58<00:05, 36.76it/s]
loss=0.042| sh degree=3| :  97%|█████████▋| 6788/7000 [03:58<00:05, 36.76it/s]
loss=0.031| sh degree=3| :  97%|█████████▋| 6788/7000 [03:58<00:05, 36.76it/s]
loss=0.032| sh degree=3| :  97%|█████████▋| 6788/7000 [03:58<00:05, 36.76it/s]
loss=0.043| sh degree=3| :  97%|█████████▋| 6788/7000 [03:58<00:05, 36.76it/s]
loss=0.043| sh degree=3| :  97%|█████████▋| 6792/7000 [03:58<00:05, 36.33it/s]
loss=0.038| sh degree=3| :  97%|█████████▋| 6792/7000 [03:58<00:05, 36.33it/s]
loss=0.030| sh degree=3| :  97%|█████████▋| 6792/7000 [03:58<00:05, 36.33it/s]
loss=0.040| sh degree=3| :  97%|█████████▋| 6792/7000 [03:58<00:05, 36.33it/s]
loss=0.034| sh degree=3| :  97%|█████████▋| 6792/7000 [03:59<00:05, 36.33it/s]
loss=0.034| sh degree=3| :  97%|█████████▋| 6796/7000 [03:59<00:05, 36.14it/s]
loss=0.039| sh degree=3| :  97%|█████████▋| 6796/7000 [03:59<00:05, 36.14it/s]
loss=0.030| sh degree=3| :  97%|█████████▋| 6796/7000 [03:59<00:05, 36.14it/s]
loss=0.030| sh degree=3| :  97%|█████████▋| 6796/7000 [03:59<00:05, 36.14it/s]
loss=0.042| sh degree=3| :  97%|█████████▋| 6796/7000 [03:59<00:05, 36.14it/s]
loss=0.042| sh degree=3| :  97%|█████████▋| 6800/7000 [03:59<00:05, 36.76it/s]
loss=0.030| sh degree=3| :  97%|█████████▋| 6800/7000 [03:59<00:05, 36.76it/s]
loss=0.046| sh degree=3| :  97%|█████████▋| 6800/7000 [03:59<00:05, 36.76it/s]
loss=0.045| sh degree=3| :  97%|█████████▋| 6800/7000 [03:59<00:05, 36.76it/s]
loss=0.044| sh degree=3| :  97%|█████████▋| 6800/7000 [03:59<00:05, 36.76it/s]
loss=0.044| sh degree=3| :  97%|█████████▋| 6804/7000 [03:59<00:05, 35.20it/s]
loss=0.043| sh degree=3| :  97%|█████████▋| 6804/7000 [03:59<00:05, 35.20it/s]
loss=0.044| sh degree=3| :  97%|█████████▋| 6804/7000 [03:59<00:05, 35.20it/s]
loss=0.040| sh degree=3| :  97%|█████████▋| 6804/7000 [03:59<00:05, 35.20it/s]
loss=0.057| sh degree=3| :  97%|█████████▋| 6804/7000 [03:59<00:05, 35.20it/s]
loss=0.057| sh degree=3| :  97%|█████████▋| 6808/7000 [03:59<00:05, 36.45it/s]
loss=0.035| sh degree=3| :  97%|█████████▋| 6808/7000 [03:59<00:05, 36.45it/s]
loss=0.050| sh degree=3| :  97%|█████████▋| 6808/7000 [03:59<00:05, 36.45it/s]
loss=0.043| sh degree=3| :  97%|█████████▋| 6808/7000 [03:59<00:05, 36.45it/s]
loss=0.031| sh degree=3| :  97%|█████████▋| 6808/7000 [03:59<00:05, 36.45it/s]
loss=0.031| sh degree=3| :  97%|█████████▋| 6812/7000 [03:59<00:05, 35.76it/s]
loss=0.037| sh degree=3| :  97%|█████████▋| 6812/7000 [03:59<00:05, 35.76it/s]
loss=0.039| sh degree=3| :  97%|█████████▋| 6812/7000 [03:59<00:05, 35.76it/s]
loss=0.034| sh degree=3| :  97%|█████████▋| 6812/7000 [03:59<00:05, 35.76it/s]
loss=0.032| sh degree=3| :  97%|█████████▋| 6812/7000 [03:59<00:05, 35.76it/s]
loss=0.032| sh degree=3| :  97%|█████████▋| 6816/7000 [03:59<00:05, 35.30it/s]
loss=0.033| sh degree=3| :  97%|█████████▋| 6816/7000 [03:59<00:05, 35.30it/s]
loss=0.031| sh degree=3| :  97%|█████████▋| 6816/7000 [03:59<00:05, 35.30it/s]
loss=0.033| sh degree=3| :  97%|█████████▋| 6816/7000 [03:59<00:05, 35.30it/s]
loss=0.047| sh degree=3| :  97%|█████████▋| 6816/7000 [03:59<00:05, 35.30it/s]
loss=0.047| sh degree=3| :  97%|█████████▋| 6820/7000 [03:59<00:05, 35.02it/s]
loss=0.031| sh degree=3| :  97%|█████████▋| 6820/7000 [03:59<00:05, 35.02it/s]
loss=0.042| sh degree=3| :  97%|█████████▋| 6820/7000 [03:59<00:05, 35.02it/s]
loss=0.038| sh degree=3| :  97%|█████████▋| 6820/7000 [03:59<00:05, 35.02it/s]
loss=0.031| sh degree=3| :  97%|█████████▋| 6820/7000 [03:59<00:05, 35.02it/s]
loss=0.031| sh degree=3| :  97%|█████████▋| 6824/7000 [03:59<00:05, 34.75it/s]
loss=0.030| sh degree=3| :  97%|█████████▋| 6824/7000 [03:59<00:05, 34.75it/s]
loss=0.031| sh degree=3| :  97%|█████████▋| 6824/7000 [03:59<00:05, 34.75it/s]
loss=0.044| sh degree=3| :  97%|█████████▋| 6824/7000 [03:59<00:05, 34.75it/s]
loss=0.030| sh degree=3| :  97%|█████████▋| 6824/7000 [03:59<00:05, 34.75it/s]
loss=0.030| sh degree=3| :  98%|█████████▊| 6828/7000 [03:59<00:05, 34.28it/s]
loss=0.034| sh degree=3| :  98%|█████████▊| 6828/7000 [03:59<00:05, 34.28it/s]
loss=0.046| sh degree=3| :  98%|█████████▊| 6828/7000 [03:59<00:05, 34.28it/s]
loss=0.041| sh degree=3| :  98%|█████████▊| 6828/7000 [04:00<00:05, 34.28it/s]
loss=0.040| sh degree=3| :  98%|█████████▊| 6828/7000 [04:00<00:05, 34.28it/s]
loss=0.040| sh degree=3| :  98%|█████████▊| 6832/7000 [04:00<00:04, 34.94it/s]
loss=0.039| sh degree=3| :  98%|█████████▊| 6832/7000 [04:00<00:04, 34.94it/s]
loss=0.038| sh degree=3| :  98%|█████████▊| 6832/7000 [04:00<00:04, 34.94it/s]
loss=0.042| sh degree=3| :  98%|█████████▊| 6832/7000 [04:00<00:04, 34.94it/s]
loss=0.042| sh degree=3| :  98%|█████████▊| 6832/7000 [04:00<00:04, 34.94it/s]
loss=0.042| sh degree=3| :  98%|█████████▊| 6836/7000 [04:00<00:04, 34.24it/s]
loss=0.031| sh degree=3| :  98%|█████████▊| 6836/7000 [04:00<00:04, 34.24it/s]
loss=0.034| sh degree=3| :  98%|█████████▊| 6836/7000 [04:00<00:04, 34.24it/s]
loss=0.031| sh degree=3| :  98%|█████████▊| 6836/7000 [04:00<00:04, 34.24it/s]
loss=0.028| sh degree=3| :  98%|█████████▊| 6836/7000 [04:00<00:04, 34.24it/s]
loss=0.028| sh degree=3| :  98%|█████████▊| 6840/7000 [04:00<00:04, 33.19it/s]
loss=0.037| sh degree=3| :  98%|█████████▊| 6840/7000 [04:00<00:04, 33.19it/s]
loss=0.051| sh degree=3| :  98%|█████████▊| 6840/7000 [04:00<00:04, 33.19it/s]
loss=0.050| sh degree=3| :  98%|█████████▊| 6840/7000 [04:00<00:04, 33.19it/s]
loss=0.033| sh degree=3| :  98%|█████████▊| 6840/7000 [04:00<00:04, 33.19it/s]
loss=0.033| sh degree=3| :  98%|█████████▊| 6844/7000 [04:00<00:04, 33.97it/s]
loss=0.041| sh degree=3| :  98%|█████████▊| 6844/7000 [04:00<00:04, 33.97it/s]
loss=0.028| sh degree=3| :  98%|█████████▊| 6844/7000 [04:00<00:04, 33.97it/s]
loss=0.041| sh degree=3| :  98%|█████████▊| 6844/7000 [04:00<00:04, 33.97it/s]
loss=0.038| sh degree=3| :  98%|█████████▊| 6844/7000 [04:00<00:04, 33.97it/s]
loss=0.038| sh degree=3| :  98%|█████████▊| 6848/7000 [04:00<00:04, 33.21it/s]
loss=0.034| sh degree=3| :  98%|█████████▊| 6848/7000 [04:00<00:04, 33.21it/s]
loss=0.069| sh degree=3| :  98%|█████████▊| 6848/7000 [04:00<00:04, 33.21it/s]
loss=0.045| sh degree=3| :  98%|█████████▊| 6848/7000 [04:00<00:04, 33.21it/s]
loss=0.035| sh degree=3| :  98%|█████████▊| 6848/7000 [04:00<00:04, 33.21it/s]
loss=0.035| sh degree=3| :  98%|█████████▊| 6852/7000 [04:00<00:04, 33.19it/s]
loss=0.030| sh degree=3| :  98%|█████████▊| 6852/7000 [04:00<00:04, 33.19it/s]
loss=0.032| sh degree=3| :  98%|█████████▊| 6852/7000 [04:00<00:04, 33.19it/s]
loss=0.037| sh degree=3| :  98%|█████████▊| 6852/7000 [04:00<00:04, 33.19it/s]
loss=0.039| sh degree=3| :  98%|█████████▊| 6852/7000 [04:00<00:04, 33.19it/s]
loss=0.039| sh degree=3| :  98%|█████████▊| 6856/7000 [04:00<00:04, 33.13it/s]
loss=0.032| sh degree=3| :  98%|█████████▊| 6856/7000 [04:00<00:04, 33.13it/s]
loss=0.030| sh degree=3| :  98%|█████████▊| 6856/7000 [04:00<00:04, 33.13it/s]
loss=0.030| sh degree=3| :  98%|█████████▊| 6856/7000 [04:00<00:04, 33.13it/s]
loss=0.030| sh degree=3| :  98%|█████████▊| 6856/7000 [04:00<00:04, 33.13it/s]
loss=0.030| sh degree=3| :  98%|█████████▊| 6860/7000 [04:00<00:04, 33.35it/s]
loss=0.039| sh degree=3| :  98%|█████████▊| 6860/7000 [04:00<00:04, 33.35it/s]
loss=0.029| sh degree=3| :  98%|█████████▊| 6860/7000 [04:00<00:04, 33.35it/s]
loss=0.038| sh degree=3| :  98%|█████████▊| 6860/7000 [04:00<00:04, 33.35it/s]
loss=0.038| sh degree=3| :  98%|█████████▊| 6860/7000 [04:00<00:04, 33.35it/s]
loss=0.038| sh degree=3| :  98%|█████████▊| 6864/7000 [04:01<00:03, 34.45it/s]
loss=0.035| sh degree=3| :  98%|█████████▊| 6864/7000 [04:01<00:03, 34.45it/s]
loss=0.034| sh degree=3| :  98%|█████████▊| 6864/7000 [04:01<00:03, 34.45it/s]
loss=0.057| sh degree=3| :  98%|█████████▊| 6864/7000 [04:01<00:03, 34.45it/s]
loss=0.030| sh degree=3| :  98%|█████████▊| 6864/7000 [04:01<00:03, 34.45it/s]
loss=0.030| sh degree=3| :  98%|█████████▊| 6868/7000 [04:01<00:03, 34.61it/s]
loss=0.038| sh degree=3| :  98%|█████████▊| 6868/7000 [04:01<00:03, 34.61it/s]
loss=0.043| sh degree=3| :  98%|█████████▊| 6868/7000 [04:01<00:03, 34.61it/s]
loss=0.030| sh degree=3| :  98%|█████████▊| 6868/7000 [04:01<00:03, 34.61it/s]
loss=0.046| sh degree=3| :  98%|█████████▊| 6868/7000 [04:01<00:03, 34.61it/s]
loss=0.032| sh degree=3| :  98%|█████████▊| 6868/7000 [04:01<00:03, 34.61it/s]
loss=0.032| sh degree=3| :  98%|█████████▊| 6873/7000 [04:01<00:03, 36.25it/s]
loss=0.029| sh degree=3| :  98%|█████████▊| 6873/7000 [04:01<00:03, 36.25it/s]
loss=0.037| sh degree=3| :  98%|█████████▊| 6873/7000 [04:01<00:03, 36.25it/s]
loss=0.044| sh degree=3| :  98%|█████████▊| 6873/7000 [04:01<00:03, 36.25it/s]
loss=0.034| sh degree=3| :  98%|█████████▊| 6873/7000 [04:01<00:03, 36.25it/s]
loss=0.034| sh degree=3| :  98%|█████████▊| 6877/7000 [04:01<00:03, 35.37it/s]
loss=0.038| sh degree=3| :  98%|█████████▊| 6877/7000 [04:01<00:03, 35.37it/s]
loss=0.045| sh degree=3| :  98%|█████████▊| 6877/7000 [04:01<00:03, 35.37it/s]
loss=0.037| sh degree=3| :  98%|█████████▊| 6877/7000 [04:01<00:03, 35.37it/s]
loss=0.040| sh degree=3| :  98%|█████████▊| 6877/7000 [04:01<00:03, 35.37it/s]
loss=0.040| sh degree=3| :  98%|█████████▊| 6881/7000 [04:01<00:03, 36.31it/s]
loss=0.049| sh degree=3| :  98%|█████████▊| 6881/7000 [04:01<00:03, 36.31it/s]
loss=0.029| sh degree=3| :  98%|█████████▊| 6881/7000 [04:01<00:03, 36.31it/s]
loss=0.048| sh degree=3| :  98%|█████████▊| 6881/7000 [04:01<00:03, 36.31it/s]
loss=0.038| sh degree=3| :  98%|█████████▊| 6881/7000 [04:01<00:03, 36.31it/s]
loss=0.038| sh degree=3| :  98%|█████████▊| 6885/7000 [04:01<00:03, 37.31it/s]
loss=0.054| sh degree=3| :  98%|█████████▊| 6885/7000 [04:01<00:03, 37.31it/s]
loss=0.038| sh degree=3| :  98%|█████████▊| 6885/7000 [04:01<00:03, 37.31it/s]
loss=0.050| sh degree=3| :  98%|█████████▊| 6885/7000 [04:01<00:03, 37.31it/s]
loss=0.032| sh degree=3| :  98%|█████████▊| 6885/7000 [04:01<00:03, 37.31it/s]
loss=0.032| sh degree=3| :  98%|█████████▊| 6889/7000 [04:01<00:03, 28.82it/s]
loss=0.034| sh degree=3| :  98%|█████████▊| 6889/7000 [04:01<00:03, 28.82it/s]
loss=0.029| sh degree=3| :  98%|█████████▊| 6889/7000 [04:01<00:03, 28.82it/s]
loss=0.035| sh degree=3| :  98%|█████████▊| 6889/7000 [04:01<00:03, 28.82it/s]
loss=0.030| sh degree=3| :  98%|█████████▊| 6889/7000 [04:01<00:03, 28.82it/s]
loss=0.030| sh degree=3| :  98%|█████████▊| 6893/7000 [04:01<00:03, 30.48it/s]
loss=0.051| sh degree=3| :  98%|█████████▊| 6893/7000 [04:01<00:03, 30.48it/s]
loss=0.033| sh degree=3| :  98%|█████████▊| 6893/7000 [04:01<00:03, 30.48it/s]
loss=0.031| sh degree=3| :  98%|█████████▊| 6893/7000 [04:01<00:03, 30.48it/s]
loss=0.030| sh degree=3| :  98%|█████████▊| 6893/7000 [04:02<00:03, 30.48it/s]
loss=0.030| sh degree=3| :  99%|█████████▊| 6897/7000 [04:02<00:03, 30.13it/s]
loss=0.042| sh degree=3| :  99%|█████████▊| 6897/7000 [04:02<00:03, 30.13it/s]
loss=0.030| sh degree=3| :  99%|█████████▊| 6897/7000 [04:02<00:03, 30.13it/s]
loss=0.034| sh degree=3| :  99%|█████████▊| 6897/7000 [04:02<00:03, 30.13it/s]
loss=0.032| sh degree=3| :  99%|█████████▊| 6897/7000 [04:02<00:03, 30.13it/s]
loss=0.032| sh degree=3| :  99%|█████████▊| 6901/7000 [04:02<00:03, 30.26it/s]
loss=0.049| sh degree=3| :  99%|█████████▊| 6901/7000 [04:02<00:03, 30.26it/s]
loss=0.040| sh degree=3| :  99%|█████████▊| 6901/7000 [04:02<00:03, 30.26it/s]
loss=0.047| sh degree=3| :  99%|█████████▊| 6901/7000 [04:02<00:03, 30.26it/s]
loss=0.036| sh degree=3| :  99%|█████████▊| 6901/7000 [04:02<00:03, 30.26it/s]
loss=0.043| sh degree=3| :  99%|█████████▊| 6901/7000 [04:02<00:03, 30.26it/s]
loss=0.043| sh degree=3| :  99%|█████████▊| 6906/7000 [04:02<00:02, 33.47it/s]
loss=0.043| sh degree=3| :  99%|█████████▊| 6906/7000 [04:02<00:02, 33.47it/s]
loss=0.040| sh degree=3| :  99%|█████████▊| 6906/7000 [04:02<00:02, 33.47it/s]
loss=0.041| sh degree=3| :  99%|█████████▊| 6906/7000 [04:02<00:02, 33.47it/s]
loss=0.046| sh degree=3| :  99%|█████████▊| 6906/7000 [04:02<00:02, 33.47it/s]
loss=0.055| sh degree=3| :  99%|█████████▊| 6906/7000 [04:02<00:02, 33.47it/s]
loss=0.055| sh degree=3| :  99%|█████████▊| 6911/7000 [04:02<00:02, 35.24it/s]
loss=0.032| sh degree=3| :  99%|█████████▊| 6911/7000 [04:02<00:02, 35.24it/s]
loss=0.035| sh degree=3| :  99%|█████████▊| 6911/7000 [04:02<00:02, 35.24it/s]
loss=0.033| sh degree=3| :  99%|█████████▊| 6911/7000 [04:02<00:02, 35.24it/s]
loss=0.031| sh degree=3| :  99%|█████████▊| 6911/7000 [04:02<00:02, 35.24it/s]
loss=0.031| sh degree=3| :  99%|█████████▉| 6915/7000 [04:02<00:02, 34.67it/s]
loss=0.047| sh degree=3| :  99%|█████████▉| 6915/7000 [04:02<00:02, 34.67it/s]
loss=0.034| sh degree=3| :  99%|█████████▉| 6915/7000 [04:02<00:02, 34.67it/s]
loss=0.046| sh degree=3| :  99%|█████████▉| 6915/7000 [04:02<00:02, 34.67it/s]
loss=0.041| sh degree=3| :  99%|█████████▉| 6915/7000 [04:02<00:02, 34.67it/s]
loss=0.041| sh degree=3| :  99%|█████████▉| 6919/7000 [04:02<00:02, 34.17it/s]
loss=0.043| sh degree=3| :  99%|█████████▉| 6919/7000 [04:02<00:02, 34.17it/s]
loss=0.047| sh degree=3| :  99%|█████████▉| 6919/7000 [04:02<00:02, 34.17it/s]
loss=0.041| sh degree=3| :  99%|█████████▉| 6919/7000 [04:02<00:02, 34.17it/s]
loss=0.032| sh degree=3| :  99%|█████████▉| 6919/7000 [04:02<00:02, 34.17it/s]
loss=0.032| sh degree=3| :  99%|█████████▉| 6923/7000 [04:02<00:02, 34.48it/s]
loss=0.031| sh degree=3| :  99%|█████████▉| 6923/7000 [04:02<00:02, 34.48it/s]
loss=0.031| sh degree=3| :  99%|█████████▉| 6923/7000 [04:02<00:02, 34.48it/s]
loss=0.040| sh degree=3| :  99%|█████████▉| 6923/7000 [04:02<00:02, 34.48it/s]
loss=0.033| sh degree=3| :  99%|█████████▉| 6923/7000 [04:02<00:02, 34.48it/s]
loss=0.033| sh degree=3| :  99%|█████████▉| 6927/7000 [04:02<00:02, 34.42it/s]
loss=0.044| sh degree=3| :  99%|█████████▉| 6927/7000 [04:02<00:02, 34.42it/s]
loss=0.029| sh degree=3| :  99%|█████████▉| 6927/7000 [04:02<00:02, 34.42it/s]
loss=0.040| sh degree=3| :  99%|█████████▉| 6927/7000 [04:02<00:02, 34.42it/s]
loss=0.037| sh degree=3| :  99%|█████████▉| 6927/7000 [04:02<00:02, 34.42it/s]
loss=0.037| sh degree=3| :  99%|█████████▉| 6931/7000 [04:02<00:01, 35.04it/s]
loss=0.035| sh degree=3| :  99%|█████████▉| 6931/7000 [04:03<00:01, 35.04it/s]
loss=0.042| sh degree=3| :  99%|█████████▉| 6931/7000 [04:03<00:01, 35.04it/s]
loss=0.035| sh degree=3| :  99%|█████████▉| 6931/7000 [04:03<00:01, 35.04it/s]
loss=0.027| sh degree=3| :  99%|█████████▉| 6931/7000 [04:03<00:01, 35.04it/s]
loss=0.027| sh degree=3| :  99%|█████████▉| 6935/7000 [04:03<00:01, 35.53it/s]
loss=0.041| sh degree=3| :  99%|█████████▉| 6935/7000 [04:03<00:01, 35.53it/s]
loss=0.043| sh degree=3| :  99%|█████████▉| 6935/7000 [04:03<00:01, 35.53it/s]
loss=0.043| sh degree=3| :  99%|█████████▉| 6935/7000 [04:03<00:01, 35.53it/s]
loss=0.055| sh degree=3| :  99%|█████████▉| 6935/7000 [04:03<00:01, 35.53it/s]
loss=0.055| sh degree=3| :  99%|█████████▉| 6939/7000 [04:03<00:01, 34.75it/s]
loss=0.034| sh degree=3| :  99%|█████████▉| 6939/7000 [04:03<00:01, 34.75it/s]
loss=0.037| sh degree=3| :  99%|█████████▉| 6939/7000 [04:03<00:01, 34.75it/s]
loss=0.045| sh degree=3| :  99%|█████████▉| 6939/7000 [04:03<00:01, 34.75it/s]
loss=0.039| sh degree=3| :  99%|█████████▉| 6939/7000 [04:03<00:01, 34.75it/s]
loss=0.039| sh degree=3| :  99%|█████████▉| 6943/7000 [04:03<00:01, 35.82it/s]
loss=0.034| sh degree=3| :  99%|█████████▉| 6943/7000 [04:03<00:01, 35.82it/s]
loss=0.037| sh degree=3| :  99%|█████████▉| 6943/7000 [04:03<00:01, 35.82it/s]
loss=0.035| sh degree=3| :  99%|█████████▉| 6943/7000 [04:03<00:01, 35.82it/s]
loss=0.041| sh degree=3| :  99%|█████████▉| 6943/7000 [04:03<00:01, 35.82it/s]
loss=0.041| sh degree=3| :  99%|█████████▉| 6947/7000 [04:03<00:01, 36.38it/s]
loss=0.037| sh degree=3| :  99%|█████████▉| 6947/7000 [04:03<00:01, 36.38it/s]
loss=0.051| sh degree=3| :  99%|█████████▉| 6947/7000 [04:03<00:01, 36.38it/s]
loss=0.037| sh degree=3| :  99%|█████████▉| 6947/7000 [04:03<00:01, 36.38it/s]
loss=0.035| sh degree=3| :  99%|█████████▉| 6947/7000 [04:03<00:01, 36.38it/s]
loss=0.035| sh degree=3| :  99%|█████████▉| 6951/7000 [04:03<00:01, 37.38it/s]
loss=0.033| sh degree=3| :  99%|█████████▉| 6951/7000 [04:03<00:01, 37.38it/s]
loss=0.038| sh degree=3| :  99%|█████████▉| 6951/7000 [04:03<00:01, 37.38it/s]
loss=0.034| sh degree=3| :  99%|█████████▉| 6951/7000 [04:03<00:01, 37.38it/s]
loss=0.045| sh degree=3| :  99%|█████████▉| 6951/7000 [04:03<00:01, 37.38it/s]
loss=0.045| sh degree=3| :  99%|█████████▉| 6955/7000 [04:03<00:01, 37.66it/s]
loss=0.031| sh degree=3| :  99%|█████████▉| 6955/7000 [04:03<00:01, 37.66it/s]
loss=0.030| sh degree=3| :  99%|█████████▉| 6955/7000 [04:03<00:01, 37.66it/s]
loss=0.056| sh degree=3| :  99%|█████████▉| 6955/7000 [04:03<00:01, 37.66it/s]
loss=0.037| sh degree=3| :  99%|█████████▉| 6955/7000 [04:03<00:01, 37.66it/s]
loss=0.037| sh degree=3| :  99%|█████████▉| 6959/7000 [04:03<00:01, 36.02it/s]
loss=0.029| sh degree=3| :  99%|█████████▉| 6959/7000 [04:03<00:01, 36.02it/s]
loss=0.031| sh degree=3| :  99%|█████████▉| 6959/7000 [04:03<00:01, 36.02it/s]
loss=0.042| sh degree=3| :  99%|█████████▉| 6959/7000 [04:03<00:01, 36.02it/s]
loss=0.042| sh degree=3| :  99%|█████████▉| 6959/7000 [04:03<00:01, 36.02it/s]
loss=0.042| sh degree=3| :  99%|█████████▉| 6963/7000 [04:03<00:01, 36.37it/s]
loss=0.040| sh degree=3| :  99%|█████████▉| 6963/7000 [04:03<00:01, 36.37it/s]
loss=0.046| sh degree=3| :  99%|█████████▉| 6963/7000 [04:03<00:01, 36.37it/s]
loss=0.040| sh degree=3| :  99%|█████████▉| 6963/7000 [04:03<00:01, 36.37it/s]
loss=0.039| sh degree=3| :  99%|█████████▉| 6963/7000 [04:03<00:01, 36.37it/s]
loss=0.039| sh degree=3| : 100%|█████████▉| 6967/7000 [04:03<00:00, 36.56it/s]
loss=0.033| sh degree=3| : 100%|█████████▉| 6967/7000 [04:03<00:00, 36.56it/s]
loss=0.037| sh degree=3| : 100%|█████████▉| 6967/7000 [04:04<00:00, 36.56it/s]
loss=0.032| sh degree=3| : 100%|█████████▉| 6967/7000 [04:04<00:00, 36.56it/s]
loss=0.047| sh degree=3| : 100%|█████████▉| 6967/7000 [04:04<00:00, 36.56it/s]
loss=0.047| sh degree=3| : 100%|█████████▉| 6971/7000 [04:04<00:00, 35.93it/s]
loss=0.030| sh degree=3| : 100%|█████████▉| 6971/7000 [04:04<00:00, 35.93it/s]
loss=0.034| sh degree=3| : 100%|█████████▉| 6971/7000 [04:04<00:00, 35.93it/s]
loss=0.037| sh degree=3| : 100%|█████████▉| 6971/7000 [04:04<00:00, 35.93it/s]
loss=0.044| sh degree=3| : 100%|█████████▉| 6971/7000 [04:04<00:00, 35.93it/s]
loss=0.044| sh degree=3| : 100%|█████████▉| 6975/7000 [04:04<00:00, 36.65it/s]
loss=0.042| sh degree=3| : 100%|█████████▉| 6975/7000 [04:04<00:00, 36.65it/s]
loss=0.028| sh degree=3| : 100%|█████████▉| 6975/7000 [04:04<00:00, 36.65it/s]
loss=0.028| sh degree=3| : 100%|█████████▉| 6975/7000 [04:04<00:00, 36.65it/s]
loss=0.043| sh degree=3| : 100%|█████████▉| 6975/7000 [04:04<00:00, 36.65it/s]
loss=0.043| sh degree=3| : 100%|█████████▉| 6979/7000 [04:04<00:00, 36.21it/s]
loss=0.031| sh degree=3| : 100%|█████████▉| 6979/7000 [04:04<00:00, 36.21it/s]
loss=0.028| sh degree=3| : 100%|█████████▉| 6979/7000 [04:04<00:00, 36.21it/s]
loss=0.037| sh degree=3| : 100%|█████████▉| 6979/7000 [04:04<00:00, 36.21it/s]
loss=0.027| sh degree=3| : 100%|█████████▉| 6979/7000 [04:04<00:00, 36.21it/s]
loss=0.027| sh degree=3| : 100%|█████████▉| 6983/7000 [04:04<00:00, 35.18it/s]
loss=0.046| sh degree=3| : 100%|█████████▉| 6983/7000 [04:04<00:00, 35.18it/s]
loss=0.057| sh degree=3| : 100%|█████████▉| 6983/7000 [04:04<00:00, 35.18it/s]
loss=0.032| sh degree=3| : 100%|█████████▉| 6983/7000 [04:04<00:00, 35.18it/s]
loss=0.041| sh degree=3| : 100%|█████████▉| 6983/7000 [04:04<00:00, 35.18it/s]
loss=0.041| sh degree=3| : 100%|█████████▉| 6987/7000 [04:04<00:00, 35.52it/s]
loss=0.041| sh degree=3| : 100%|█████████▉| 6987/7000 [04:04<00:00, 35.52it/s]
loss=0.058| sh degree=3| : 100%|█████████▉| 6987/7000 [04:04<00:00, 35.52it/s]
loss=0.038| sh degree=3| : 100%|█████████▉| 6987/7000 [04:04<00:00, 35.52it/s]
loss=0.038| sh degree=3| : 100%|█████████▉| 6987/7000 [04:04<00:00, 35.52it/s]
loss=0.038| sh degree=3| : 100%|█████████▉| 6991/7000 [04:04<00:00, 36.23it/s]
loss=0.037| sh degree=3| : 100%|█████████▉| 6991/7000 [04:04<00:00, 36.23it/s]
loss=0.064| sh degree=3| : 100%|█████████▉| 6991/7000 [04:04<00:00, 36.23it/s]
loss=0.028| sh degree=3| : 100%|█████████▉| 6991/7000 [04:04<00:00, 36.23it/s]
loss=0.037| sh degree=3| : 100%|█████████▉| 6991/7000 [04:04<00:00, 36.23it/s]
loss=0.037| sh degree=3| : 100%|█████████▉| 6995/7000 [04:04<00:00, 34.65it/s]
loss=0.029| sh degree=3| : 100%|█████████▉| 6995/7000 [04:04<00:00, 34.65it/s]
loss=0.045| sh degree=3| : 100%|█████████▉| 6995/7000 [04:04<00:00, 34.65it/s]
loss=0.051| sh degree=3| : 100%|█████████▉| 6995/7000 [04:04<00:00, 34.65it/s]
loss=0.037| sh degree=3| : 100%|█████████▉| 6995/7000 [04:04<00:00, 34.65it/s]
loss=0.037| sh degree=3| : 100%|█████████▉| 6999/7000 [04:04<00:00, 35.84it/s]
loss=0.034| sh degree=3| : 100%|█████████▉| 6999/7000 [04:04<00:00, 35.84it/s]Step 600: 2939 GSs duplicated, 1301 GSs split. Now having 60586 GSs.
Step 600: 1236 GSs pruned. Now having 59350 GSs.
Step 700: 6451 GSs duplicated, 2230 GSs split. Now having 68031 GSs.
Step 700: 194 GSs pruned. Now having 67837 GSs.
Step 800: 8615 GSs duplicated, 2524 GSs split. Now having 78976 GSs.
Step 800: 111 GSs pruned. Now having 78865 GSs.
Step 900: 9759 GSs duplicated, 2478 GSs split. Now having 91102 GSs.
Step 900: 142 GSs pruned. Now having 90960 GSs.
Step 1000: 10619 GSs duplicated, 2361 GSs split. Now having 103940 GSs.
Step 1000: 129 GSs pruned. Now having 103811 GSs.
Step 1100: 10749 GSs duplicated, 2179 GSs split. Now having 116739 GSs.
Step 1100: 143 GSs pruned. Now having 116596 GSs.
Step 1200: 13484 GSs duplicated, 2080 GSs split. Now having 132160 GSs.
Step 1200: 151 GSs pruned. Now having 132009 GSs.
Step 1300: 14229 GSs duplicated, 1847 GSs split. Now having 148085 GSs.
Step 1300: 151 GSs pruned. Now having 147934 GSs.
Step 1400: 12754 GSs duplicated, 1508 GSs split. Now having 162196 GSs.
Step 1400: 181 GSs pruned. Now having 162015 GSs.
Step 1500: 14999 GSs duplicated, 1419 GSs split. Now having 178433 GSs.
Step 1500: 181 GSs pruned. Now having 178252 GSs.
Step 1600: 14426 GSs duplicated, 1349 GSs split. Now having 194027 GSs.
Step 1600: 298 GSs pruned. Now having 193729 GSs.
Step 1700: 14426 GSs duplicated, 1300 GSs split. Now having 209455 GSs.
Step 1700: 278 GSs pruned. Now having 209177 GSs.
Step 1800: 12343 GSs duplicated, 1034 GSs split. Now having 222554 GSs.
Step 1800: 322 GSs pruned. Now having 222232 GSs.
Step 1900: 13926 GSs duplicated, 1068 GSs split. Now having 237226 GSs.
Step 1900: 300 GSs pruned. Now having 236926 GSs.
Step 2000: 13958 GSs duplicated, 1067 GSs split. Now having 251951 GSs.
Step 2000: 328 GSs pruned. Now having 251623 GSs.
Step 2100: 13294 GSs duplicated, 905 GSs split. Now having 265822 GSs.
Step 2100: 401 GSs pruned. Now having 265421 GSs.
Step 2200: 13227 GSs duplicated, 1030 GSs split. Now having 279678 GSs.
Step 2200: 325 GSs pruned. Now having 279353 GSs.
Step 2300: 13603 GSs duplicated, 956 GSs split. Now having 293912 GSs.
Step 2300: 306 GSs pruned. Now having 293606 GSs.
Step 2400: 13578 GSs duplicated, 1015 GSs split. Now having 308199 GSs.
Step 2400: 338 GSs pruned. Now having 307861 GSs.
Step 2500: 11774 GSs duplicated, 857 GSs split. Now having 320492 GSs.
Step 2500: 443 GSs pruned. Now having 320049 GSs.
Step 2600: 12721 GSs duplicated, 828 GSs split. Now having 333598 GSs.
Step 2600: 380 GSs pruned. Now having 333218 GSs.
Step 2700: 12137 GSs duplicated, 862 GSs split. Now having 346217 GSs.
Step 2700: 432 GSs pruned. Now having 345785 GSs.
Step 2800: 14113 GSs duplicated, 879 GSs split. Now having 360777 GSs.
Step 2800: 416 GSs pruned. Now having 360361 GSs.
Step 2900: 12559 GSs duplicated, 857 GSs split. Now having 373777 GSs.
Step 2900: 467 GSs pruned. Now having 373310 GSs.
Step 3000: 12675 GSs duplicated, 784 GSs split. Now having 386769 GSs.
Step 3000: 428 GSs pruned. Now having 386341 GSs.
Step 3100: 11361 GSs duplicated, 782 GSs split. Now having 398484 GSs.
Step 3100: 4094 GSs pruned. Now having 394390 GSs.
Step 3200: 11174 GSs duplicated, 1530 GSs split. Now having 407094 GSs.
Step 3200: 955 GSs pruned. Now having 406139 GSs.
Step 3300: 10819 GSs duplicated, 1399 GSs split. Now having 418357 GSs.
Step 3300: 935 GSs pruned. Now having 417422 GSs.
Step 3400: 13300 GSs duplicated, 1291 GSs split. Now having 432013 GSs.
Step 3400: 746 GSs pruned. Now having 431267 GSs.
Step 3500: 9590 GSs duplicated, 1109 GSs split. Now having 441966 GSs.
Step 3500: 870 GSs pruned. Now having 441096 GSs.
Step 3600: 9903 GSs duplicated, 1017 GSs split. Now having 452016 GSs.
Step 3600: 778 GSs pruned. Now having 451238 GSs.
Step 3700: 11103 GSs duplicated, 1153 GSs split. Now having 463494 GSs.
Step 3700: 783 GSs pruned. Now having 462711 GSs.
Step 3800: 9826 GSs duplicated, 1093 GSs split. Now having 473630 GSs.
Step 3800: 845 GSs pruned. Now having 472785 GSs.
Step 3900: 9792 GSs duplicated, 1013 GSs split. Now having 483590 GSs.
Step 3900: 832 GSs pruned. Now having 482758 GSs.
Step 4000: 10620 GSs duplicated, 1191 GSs split. Now having 494569 GSs.
Step 4000: 710 GSs pruned. Now having 493859 GSs.
Step 4100: 9642 GSs duplicated, 951 GSs split. Now having 504452 GSs.
Step 4100: 874 GSs pruned. Now having 503578 GSs.
Step 4200: 8444 GSs duplicated, 859 GSs split. Now having 512881 GSs.
Step 4200: 825 GSs pruned. Now having 512056 GSs.
Step 4300: 9188 GSs duplicated, 890 GSs split. Now having 522134 GSs.
Step 4300: 809 GSs pruned. Now having 521325 GSs.
Step 4400: 7513 GSs duplicated, 736 GSs split. Now having 529574 GSs.
Step 4400: 877 GSs pruned. Now having 528697 GSs.
Step 4500: 11901 GSs duplicated, 964 GSs split. Now having 541562 GSs.
Step 4500: 784 GSs pruned. Now having 540778 GSs.
Step 4600: 7271 GSs duplicated, 684 GSs split. Now having 548733 GSs.
Step 4600: 941 GSs pruned. Now having 547792 GSs.
Step 4700: 7942 GSs duplicated, 701 GSs split. Now having 556435 GSs.
Step 4700: 893 GSs pruned. Now having 555542 GSs.
Step 4800: 8614 GSs duplicated, 682 GSs split. Now having 564838 GSs.
Step 4800: 762 GSs pruned. Now having 564076 GSs.
Step 4900: 8784 GSs duplicated, 668 GSs split. Now having 573528 GSs.
Step 4900: 968 GSs pruned. Now having 572560 GSs.
Step 5000: 6785 GSs duplicated, 640 GSs split. Now having 579985 GSs.
Step 5000: 985 GSs pruned. Now having 579000 GSs.
Step 5100: 8218 GSs duplicated, 792 GSs split. Now having 588010 GSs.
Step 5100: 817 GSs pruned. Now having 587193 GSs.
Step 5200: 6467 GSs duplicated, 632 GSs split. Now having 594292 GSs.
Step 5200: 921 GSs pruned. Now having 593371 GSs.
Step 5300: 6514 GSs duplicated, 563 GSs split. Now having 600448 GSs.
Step 5300: 920 GSs pruned. Now having 599528 GSs.
Step 5400: 7676 GSs duplicated, 595 GSs split. Now having 607799 GSs.
Step 5400: 1011 GSs pruned. Now having 606788 GSs.
Step 5500: 5247 GSs duplicated, 446 GSs split. Now having 612481 GSs.
Step 5500: 1042 GSs pruned. Now having 611439 GSs.
Step 5600: 7416 GSs duplicated, 613 GSs split. Now having 619468 GSs.
Step 5600: 956 GSs pruned. Now having 618512 GSs.
Step 5700: 5704 GSs duplicated, 612 GSs split. Now having 624828 GSs.
Step 5700: 996 GSs pruned. Now having 623832 GSs.
Step 5800: 7807 GSs duplicated, 666 GSs split. Now having 632305 GSs.
Step 5800: 916 GSs pruned. Now having 631389 GSs.
Step 5900: 6592 GSs duplicated, 620 GSs split. Now having 638601 GSs.
Step 5900: 1231 GSs pruned. Now having 637370 GSs.
Step 6000: 5769 GSs duplicated, 559 GSs split. Now having 643698 GSs.
Step 6000: 1047 GSs pruned. Now having 642651 GSs.
Step 6100: 4584 GSs duplicated, 419 GSs split. Now having 647654 GSs.
Step 6100: 1124 GSs pruned. Now having 646530 GSs.
Step 6200: 5487 GSs duplicated, 566 GSs split. Now having 652583 GSs.
Step 6200: 1071 GSs pruned. Now having 651512 GSs.
Step 6300: 4666 GSs duplicated, 501 GSs split. Now having 656679 GSs.
Step 6300: 1075 GSs pruned. Now having 655604 GSs.
Step 6400: 5326 GSs duplicated, 509 GSs split. Now having 661439 GSs.
Step 6400: 1114 GSs pruned. Now having 660325 GSs.
Step 6500: 5724 GSs duplicated, 553 GSs split. Now having 666602 GSs.
Step 6500: 1121 GSs pruned. Now having 665481 GSs.
Step 6600: 5630 GSs duplicated, 631 GSs split. Now having 671742 GSs.
Step 6600: 1053 GSs pruned. Now having 670689 GSs.
Step 6700: 4258 GSs duplicated, 535 GSs split. Now having 675482 GSs.
Step 6700: 1370 GSs pruned. Now having 674112 GSs.
Step 6800: 6223 GSs duplicated, 537 GSs split. Now having 680872 GSs.
Step 6800: 1059 GSs pruned. Now having 679813 GSs.
Step 6900: 4503 GSs duplicated, 486 GSs split. Now having 684802 GSs.
Step 6900: 1158 GSs pruned. Now having 683644 GSs.
Step:  6999 {'mem': 1.0810456275939941, 'ellipse_time': 244.89821100234985, 'num_GS': 683644}
Running evaluation...

loss=0.034| sh degree=3| : 100%|█████████▉| 6999/7000 [04:17<00:00, 35.84it/s]
loss=0.034| sh degree=3| : 100%|█████████▉| 6999/7000 [04:42<00:00, 24.80it/s]
PSNR: 24.796, SSIM: 0.9060, LPIPS: 0.207 Time: 0.006s/image Number of GS: 683644
Running trajectory rendering...
Traceback (most recent call last):
  File "/root/gsplat_src/examples/simple_trainer.py", line 1261, in <module>
    cli(main, cfg, verbose=True)
  File "/opt/conda/lib/python3.11/site-packages/gsplat/distributed.py", line 360, in cli
    return _distributed_worker(0, 1, fn=fn, args=args)
           ^^^^^^^^^^^^^^^^^^^^^^^^^^^^^^^^^^^^^^^^^^^
  File "/opt/conda/lib/python3.11/site-packages/gsplat/distributed.py", line 295, in _distributed_worker
    fn(local_rank, world_rank, world_size, args)
  File "/root/gsplat_src/examples/simple_trainer.py", line 1183, in main
    runner.train()
  File "/root/gsplat_src/examples/simple_trainer.py", line 886, in train
    self.render_traj(step)
  File "/opt/conda/lib/python3.11/site-packages/torch/utils/_contextlib.py", line 116, in decorate_context
    return func(*args, **kwargs)
           ^^^^^^^^^^^^^^^^^^^^^
  File "/root/gsplat_src/examples/simple_trainer.py", line 1007, in render_traj
    camtoworlds_all = generate_interpolated_path(
                      ^^^^^^^^^^^^^^^^^^^^^^^^^^^
  File "/root/gsplat_src/examples/datasets/traj.py", line 251, in generate_interpolated_path
    new_points = interp(
                 ^^^^^^^
  File "/root/gsplat_src/examples/datasets/traj.py", line 244, in interp
    tck, _ = scipy.interpolate.splprep(pts.T, k=k, s=s)
             ^^^^^^^^^^^^^^^^^^^^^^^^^^^^^^^^^^^^^^^^^^
  File "/opt/conda/lib/python3.11/site-packages/scipy/interpolate/_fitpack_py.py", line 161, in splprep
    res = _impl.splprep(x, w, u, ub, ue, k, task, s, t, full_output, nest, per,
          ^^^^^^^^^^^^^^^^^^^^^^^^^^^^^^^^^^^^^^^^^^^^^^^^^^^^^^^^^^^^^^^^^^^^^
  File "/opt/conda/lib/python3.11/site-packages/scipy/interpolate/_fitpack_impl.py", line 178, in splprep
    t, c, o = _fitpack._parcur(ravel(transpose(x)), w, u, ub, ue, k,
              ^^^^^^^^^^^^^^^^^^^^^^^^^^^^^^^^^^^^^^^^^^^^^^^^^^^^^^
ValueError: Invalid inputs.
[gsplat] WARNING: simple_trainer exited with an error after training (command failed with exit code 1: python examples/simple_trainer.py default --data_dir /tmp/gsplat_data --data_factor 1 --result_dir /tmp/gsplat_result --max_steps 7000 --disable_viewer), but 1 checkpoint(s) exist -- treating training as successful and continuing to save.
[gsplat] wrote 1 checkpoint(s) to /outputs/driving_test/gsplat/ckpts

Done: 1 checkpoint(s) at /outputs/driving_test/gsplat
Pull with:
  modal volume get gaussian-outputs driving_test/gsplat/ ./driving_test_gsplat_out/
[gsplat]   ckpt_6999_rank0.pt
Stopping app - local entrypoint completed.
✓ App completed. View run at 
https://modal.com/apps/ryanabraham1738/main/ap-mEyEPAuhWdb773YBbNNAKo
