✓ Initialized. View run at 
https://modal.com/apps/ryanabraham1738/main/ap-DoK8HKQWL3KgX8iw235yGX
Building image im-l28bclvzKGYDBJWGN5ismt

=> Step 0: FROM base

=> Step 1: RUN pip install -r /root/gsplat_src/examples/requirements.txt
Looking in indexes: http://pypi-mirror.modal.local:5555/simple
Collecting git+https://github.com/rmbrualla/pycolmap@cc7ea4b7301720ac29287dbe450952511b32125e (from -r /root/gsplat_src/examples/requirements.txt (line 4))
  Cloning https://github.com/rmbrualla/pycolmap (to revision cc7ea4b7301720ac29287dbe450952511b32125e) to /tmp/pip-req-build-l1g8kgv6
  Running command git clone --filter=blob:none --quiet https://github.com/rmbrualla/pycolmap /tmp/pip-req-build-l1g8kgv6
  Running command git rev-parse -q --verify 'sha^cc7ea4b7301720ac29287dbe450952511b32125e'
  Running command git fetch -q https://github.com/rmbrualla/pycolmap cc7ea4b7301720ac29287dbe450952511b32125e
  Resolved https://github.com/rmbrualla/pycolmap to commit cc7ea4b7301720ac29287dbe450952511b32125e
  Installing build dependencies: started
  Installing build dependencies: finished with status 'done'
  Getting requirements to build wheel: started
  Getting requirements to build wheel: finished with status 'done'
  Preparing metadata (pyproject.toml): started
  Preparing metadata (pyproject.toml): finished with status 'done'
Collecting git+https://github.com/nerfstudio-project/nerfview@4538024fe0d15fd1a0e4d760f3695fc44ca72787 (from -r /root/gsplat_src/examples/requirements.txt (line 9))
  Cloning https://github.com/nerfstudio-project/nerfview (to revision 4538024fe0d15fd1a0e4d760f3695fc44ca72787) to /tmp/pip-req-build-jerplpk5
  Running command git clone --filter=blob:none --quiet https://github.com/nerfstudio-project/nerfview /tmp/pip-req-build-jerplpk5
  Running command git rev-parse -q --verify 'sha^4538024fe0d15fd1a0e4d760f3695fc44ca72787'
  Running command git fetch -q https://github.com/nerfstudio-project/nerfview 4538024fe0d15fd1a0e4d760f3695fc44ca72787
  Running command git checkout -q 4538024fe0d15fd1a0e4d760f3695fc44ca72787
  Resolved https://github.com/nerfstudio-project/nerfview to commit 4538024fe0d15fd1a0e4d760f3695fc44ca72787
  Installing build dependencies: started
  Installing build dependencies: finished with status 'done'
  Getting requirements to build wheel: started
  Getting requirements to build wheel: finished with status 'done'
  Preparing metadata (pyproject.toml): started
  Preparing metadata (pyproject.toml): finished with status 'done'
Collecting git+https://github.com/rahul-goel/fused-ssim@328dc9836f513d00c4b5bc38fe30478b4435cbb5 (from -r /root/gsplat_src/examples/requirements.txt (line 22))
  Cloning https://github.com/rahul-goel/fused-ssim (to revision 328dc9836f513d00c4b5bc38fe30478b4435cbb5) to /tmp/pip-req-build-jn5sy4hg
  Running command git clone --filter=blob:none --quiet https://github.com/rahul-goel/fused-ssim /tmp/pip-req-build-jn5sy4hg
  Running command git rev-parse -q --verify 'sha^328dc9836f513d00c4b5bc38fe30478b4435cbb5'
  Running command git fetch -q https://github.com/rahul-goel/fused-ssim 328dc9836f513d00c4b5bc38fe30478b4435cbb5
  Running command git checkout -q 328dc9836f513d00c4b5bc38fe30478b4435cbb5
  Resolved https://github.com/rahul-goel/fused-ssim to commit 328dc9836f513d00c4b5bc38fe30478b4435cbb5
  Preparing metadata (setup.py): started
  Preparing metadata (setup.py): finished with status 'done'
Collecting git+https://github.com/harry7557558/fused-bilagrid@90f9788e57d3545e3a033c1038bb9986549632fe (from -r /root/gsplat_src/examples/requirements.txt (line 23))
  Cloning https://github.com/harry7557558/fused-bilagrid (to revision 90f9788e57d3545e3a033c1038bb9986549632fe) to /tmp/pip-req-build-jj1q9ya2
  Running command git clone --filter=blob:none --quiet https://github.com/harry7557558/fused-bilagrid /tmp/pip-req-build-jj1q9ya2
  Running command git rev-parse -q --verify 'sha^90f9788e57d3545e3a033c1038bb9986549632fe'
  Running command git fetch -q https://github.com/harry7557558/fused-bilagrid 90f9788e57d3545e3a033c1038bb9986549632fe
  Running command git checkout -q 90f9788e57d3545e3a033c1038bb9986549632fe
  Resolved https://github.com/harry7557558/fused-bilagrid to commit 90f9788e57d3545e3a033c1038bb9986549632fe
  Preparing metadata (setup.py): started
  Preparing metadata (setup.py): finished with status 'done'
Requirement already satisfied: viser in /opt/conda/lib/python3.11/site-packages (from -r /root/gsplat_src/examples/requirements.txt (line 8)) (1.1.0)
Collecting numpy<2.0.0 (from -r /root/gsplat_src/examples/requirements.txt (line 11))
  Downloading http://pypi-mirror.modal.local:5555/simple/numpy/numpy-1.26.4-cp311-cp311-manylinux_2_17_x86_64.manylinux2014_x86_64.whl.metadata (61 kB)
Requirement already satisfied: scikit-learn in /opt/conda/lib/python3.11/site-packages (from -r /root/gsplat_src/examples/requirements.txt (line 12)) (1.9.0)
Requirement already satisfied: tqdm in /opt/conda/lib/python3.11/site-packages (from -r /root/gsplat_src/examples/requirements.txt (line 13)) (4.66.5)
Collecting opencv-python (from -r /root/gsplat_src/examples/requirements.txt (line 15))
  Downloading http://pypi-mirror.modal.local:5555/simple/opencv-python/opencv_python-5.0.0.93-cp37-abi3-manylinux_2_28_x86_64.whl.metadata (19 kB)
Requirement already satisfied: tyro>=0.8.8 in /opt/conda/lib/python3.11/site-packages (from -r /root/gsplat_src/examples/requirements.txt (line 16)) (1.0.15)
Requirement already satisfied: Pillow in /opt/conda/lib/python3.11/site-packages (from -r /root/gsplat_src/examples/requirements.txt (line 17)) (10.2.0)
Requirement already satisfied: tensorboard in /opt/conda/lib/python3.11/site-packages (from -r /root/gsplat_src/examples/requirements.txt (line 18)) (2.21.0)
Collecting tensorly (from -r /root/gsplat_src/examples/requirements.txt (line 19))
  Downloading http://pypi-mirror.modal.local:5555/simple/tensorly/tensorly-0.9.0-py3-none-any.whl.metadata (8.6 kB)
Requirement already satisfied: pyyaml in /opt/conda/lib/python3.11/site-packages (from -r /root/gsplat_src/examples/requirements.txt (line 20)) (6.0.2)
Collecting matplotlib (from -r /root/gsplat_src/examples/requirements.txt (line 21))
  Downloading http://pypi-mirror.modal.local:5555/simple/matplotlib/matplotlib-3.11.1-cp311-cp311-manylinux2014_x86_64.manylinux_2_17_x86_64.whl.metadata (80 kB)
Requirement already satisfied: splines in /opt/conda/lib/python3.11/site-packages (from -r /root/gsplat_src/examples/requirements.txt (line 24)) (0.3.3)
Requirement already satisfied: imageio[ffmpeg] in /opt/conda/lib/python3.11/site-packages (from -r /root/gsplat_src/examples/requirements.txt (line 10)) (2.37.4)
Requirement already satisfied: torchmetrics[image] in /opt/conda/lib/python3.11/site-packages (from -r /root/gsplat_src/examples/requirements.txt (line 14)) (1.9.0)
Requirement already satisfied: scipy in /opt/conda/lib/python3.11/site-packages (from pycolmap==0.0.1->-r /root/gsplat_src/examples/requirements.txt (line 4)) (1.17.1)
Requirement already satisfied: msgspec<1.0.0,>=0.18.6 in /opt/conda/lib/python3.11/site-packages (from viser->-r /root/gsplat_src/examples/requirements.txt (line 8)) (0.21.1)
Requirement already satisfied: requests<3.0.0,>=2.0.0 in /opt/conda/lib/python3.11/site-packages (from viser->-r /root/gsplat_src/examples/requirements.txt (line 8)) (2.32.3)
Requirement already satisfied: rich<15.0.0,>=13.3.3 in /opt/conda/lib/python3.11/site-packages (from viser->-r /root/gsplat_src/examples/requirements.txt (line 8)) (14.3.4)
Requirement already satisfied: trimesh<5.0.0,>=3.21.7 in /opt/conda/lib/python3.11/site-packages (from viser->-r /root/gsplat_src/examples/requirements.txt (line 8)) (4.12.2)
Requirement already satisfied: typing-extensions>=4.0.0 in /opt/conda/lib/python3.11/site-packages (from viser->-r /root/gsplat_src/examples/requirements.txt (line 8)) (4.16.0)
Requirement already satisfied: websockets<17.0.0,>=13.1 in /opt/conda/lib/python3.11/site-packages (from viser->-r /root/gsplat_src/examples/requirements.txt (line 8)) (16.1.1)
Requirement already satisfied: zstandard<1.0.0,>=0.20.0 in /opt/conda/lib/python3.11/site-packages (from viser->-r /root/gsplat_src/examples/requirements.txt (line 8)) (0.23.0)
Requirement already satisfied: imageio-ffmpeg in /opt/conda/lib/python3.11/site-packages (from imageio[ffmpeg]->-r /root/gsplat_src/examples/requirements.txt (line 10)) (0.6.0)
Requirement already satisfied: psutil in /opt/conda/lib/python3.11/site-packages (from imageio[ffmpeg]->-r /root/gsplat_src/examples/requirements.txt (line 10)) (6.1.0)
Requirement already satisfied: joblib>=1.4.0 in /opt/conda/lib/python3.11/site-packages (from scikit-learn->-r /root/gsplat_src/examples/requirements.txt (line 12)) (1.5.3)
Requirement already satisfied: narwhals>=2.0.1 in /opt/conda/lib/python3.11/site-packages (from scikit-learn->-r /root/gsplat_src/examples/requirements.txt (line 12)) (2.25.0)
Requirement already satisfied: threadpoolctl>=3.5.0 in /opt/conda/lib/python3.11/site-packages (from scikit-learn->-r /root/gsplat_src/examples/requirements.txt (line 12)) (3.6.0)
Requirement already satisfied: packaging>17.1 in /opt/conda/lib/python3.11/site-packages (from torchmetrics[image]->-r /root/gsplat_src/examples/requirements.txt (line 14)) (24.1)
Requirement already satisfied: torch>=2.0.0 in /opt/conda/lib/python3.11/site-packages (from torchmetrics[image]->-r /root/gsplat_src/examples/requirements.txt (line 14)) (2.5.1+cu124)
Requirement already satisfied: lightning-utilities>=0.15.3 in /opt/conda/lib/python3.11/site-packages (from torchmetrics[image]->-r /root/gsplat_src/examples/requirements.txt (line 14)) (0.15.3)
Collecting torch-fidelity<=0.4.0 (from torchmetrics[image]->-r /root/gsplat_src/examples/requirements.txt (line 14))
  Downloading http://pypi-mirror.modal.local:5555/simple/torch-fidelity/torch_fidelity-0.4.0-py3-none-any.whl.metadata (2.1 kB)
Requirement already satisfied: torchvision>=0.15.1 in /opt/conda/lib/python3.11/site-packages (from torchmetrics[image]->-r /root/gsplat_src/examples/requirements.txt (line 14)) (0.20.1+cu124)
INFO: pip is looking at multiple versions of opencv-python to determine which version is compatible with other requirements. This could take a while.
Collecting opencv-python (from -r /root/gsplat_src/examples/requirements.txt (line 15))
  Downloading http://pypi-mirror.modal.local:5555/simple/opencv-python/opencv_python-4.14.0.94-cp37-abi3-manylinux_2_28_x86_64.whl.metadata (19 kB)
  Downloading http://pypi-mirror.modal.local:5555/simple/opencv-python/opencv_python-4.13.0.92-cp37-abi3-manylinux_2_28_x86_64.whl.metadata (19 kB)
  Downloading http://pypi-mirror.modal.local:5555/simple/opencv-python/opencv_python-4.13.0.90-cp37-abi3-manylinux_2_28_x86_64.whl.metadata (19 kB)
  Downloading http://pypi-mirror.modal.local:5555/simple/opencv-python/opencv_python-4.12.0.88-cp37-abi3-manylinux2014_x86_64.manylinux_2_17_x86_64.whl.metadata (19 kB)
  Downloading http://pypi-mirror.modal.local:5555/simple/opencv-python/opencv_python-4.11.0.86-cp37-abi3-manylinux_2_17_x86_64.manylinux2014_x86_64.whl.metadata (20 kB)
Requirement already satisfied: docstring-parser>=0.16 in /opt/conda/lib/python3.11/site-packages (from tyro>=0.8.8->-r /root/gsplat_src/examples/requirements.txt (line 16)) (0.18.0)
Requirement already satisfied: typeguard>=4.0.0 in /opt/conda/lib/python3.11/site-packages (from tyro>=0.8.8->-r /root/gsplat_src/examples/requirements.txt (line 16)) (4.6.0)
Requirement already satisfied: absl-py>=0.4 in /opt/conda/lib/python3.11/site-packages (from tensorboard->-r /root/gsplat_src/examples/requirements.txt (line 18)) (2.5.0)
Requirement already satisfied: grpcio<2.0,>=1.74.0 in /opt/conda/lib/python3.11/site-packages (from tensorboard->-r /root/gsplat_src/examples/requirements.txt (line 18)) (1.83.0)
Requirement already satisfied: markdown>=2.6.8 in /opt/conda/lib/python3.11/site-packages (from tensorboard->-r /root/gsplat_src/examples/requirements.txt (line 18)) (3.10.3)
Requirement already satisfied: protobuf<8.0.0,>=6.31.1 in /opt/conda/lib/python3.11/site-packages (from tensorboard->-r /root/gsplat_src/examples/requirements.txt (line 18)) (7.36.0)
Requirement already satisfied: setuptools>=41.0.0 in /opt/conda/lib/python3.11/site-packages (from tensorboard->-r /root/gsplat_src/examples/requirements.txt (line 18)) (72.1.0)
Requirement already satisfied: tensorboard-data-server<0.8.0,>=0.7.0 in /opt/conda/lib/python3.11/site-packages (from tensorboard->-r /root/gsplat_src/examples/requirements.txt (line 18)) (0.7.2)
Requirement already satisfied: werkzeug>=1.0.1 in /opt/conda/lib/python3.11/site-packages (from tensorboard->-r /root/gsplat_src/examples/requirements.txt (line 18)) (3.1.8)
Collecting contourpy>=1.0.1 (from matplotlib->-r /root/gsplat_src/examples/requirements.txt (line 21))
  Downloading http://pypi-mirror.modal.local:5555/simple/contourpy/contourpy-1.3.3-cp311-cp311-manylinux_2_27_x86_64.manylinux_2_28_x86_64.whl.metadata (5.5 kB)
Collecting cycler>=0.10 (from matplotlib->-r /root/gsplat_src/examples/requirements.txt (line 21))
  Downloading http://pypi-mirror.modal.local:5555/simple/cycler/cycler-0.12.1-py3-none-any.whl.metadata (3.8 kB)
Collecting fonttools>=4.28.2 (from matplotlib->-r /root/gsplat_src/examples/requirements.txt (line 21))
  Downloading http://pypi-mirror.modal.local:5555/simple/fonttools/fonttools-4.63.0-cp311-cp311-manylinux2014_x86_64.manylinux_2_17_x86_64.whl.metadata (118 kB)
Collecting kiwisolver>=1.3.1 (from matplotlib->-r /root/gsplat_src/examples/requirements.txt (line 21))
  Downloading http://pypi-mirror.modal.local:5555/simple/kiwisolver/kiwisolver-1.5.0-cp311-cp311-manylinux2014_x86_64.manylinux_2_17_x86_64.whl.metadata (5.1 kB)
Collecting pyparsing>=3 (from matplotlib->-r /root/gsplat_src/examples/requirements.txt (line 21))
  Downloading http://pypi-mirror.modal.local:5555/simple/pyparsing/pyparsing-3.3.2-py3-none-any.whl.metadata (5.8 kB)
Collecting python-dateutil>=2.7 (from matplotlib->-r /root/gsplat_src/examples/requirements.txt (line 21))
  Downloading http://pypi-mirror.modal.local:5555/simple/python-dateutil/python_dateutil-2.9.0.post0-py2.py3-none-any.whl.metadata (8.4 kB)
Requirement already satisfied: six>=1.5 in /opt/conda/lib/python3.11/site-packages (from python-dateutil>=2.7->matplotlib->-r /root/gsplat_src/examples/requirements.txt (line 21)) (1.16.0)
Requirement already satisfied: charset-normalizer<4,>=2 in /opt/conda/lib/python3.11/site-packages (from requests<3.0.0,>=2.0.0->viser->-r /root/gsplat_src/examples/requirements.txt (line 8)) (3.4.0)
Requirement already satisfied: idna<4,>=2.5 in /opt/conda/lib/python3.11/site-packages (from requests<3.0.0,>=2.0.0->viser->-r /root/gsplat_src/examples/requirements.txt (line 8)) (3.10)
Requirement already satisfied: urllib3<3,>=1.21.1 in /opt/conda/lib/python3.11/site-packages (from requests<3.0.0,>=2.0.0->viser->-r /root/gsplat_src/examples/requirements.txt (line 8)) (2.2.3)
Requirement already satisfied: certifi>=2017.4.17 in /opt/conda/lib/python3.11/site-packages (from requests<3.0.0,>=2.0.0->viser->-r /root/gsplat_src/examples/requirements.txt (line 8)) (2024.8.30)
Requirement already satisfied: markdown-it-py>=2.2.0 in /opt/conda/lib/python3.11/site-packages (from rich<15.0.0,>=13.3.3->viser->-r /root/gsplat_src/examples/requirements.txt (line 8)) (4.2.0)
Requirement already satisfied: pygments<3.0.0,>=2.13.0 in /opt/conda/lib/python3.11/site-packages (from rich<15.0.0,>=13.3.3->viser->-r /root/gsplat_src/examples/requirements.txt (line 8)) (2.18.0)
Requirement already satisfied: filelock in /opt/conda/lib/python3.11/site-packages (from torch>=2.0.0->torchmetrics[image]->-r /root/gsplat_src/examples/requirements.txt (line 14)) (3.16.1)
Requirement already satisfied: networkx in /opt/conda/lib/python3.11/site-packages (from torch>=2.0.0->torchmetrics[image]->-r /root/gsplat_src/examples/requirements.txt (line 14)) (3.4.2)
Requirement already satisfied: jinja2 in /opt/conda/lib/python3.11/site-packages (from torch>=2.0.0->torchmetrics[image]->-r /root/gsplat_src/examples/requirements.txt (line 14)) (3.1.4)
Requirement already satisfied: fsspec in /opt/conda/lib/python3.11/site-packages (from torch>=2.0.0->torchmetrics[image]->-r /root/gsplat_src/examples/requirements.txt (line 14)) (2024.10.0)
Requirement already satisfied: nvidia-cuda-nvrtc-cu12==12.4.127 in /opt/conda/lib/python3.11/site-packages (from torch>=2.0.0->torchmetrics[image]->-r /root/gsplat_src/examples/requirements.txt (line 14)) (12.4.127)
Requirement already satisfied: nvidia-cuda-runtime-cu12==12.4.127 in /opt/conda/lib/python3.11/site-packages (from torch>=2.0.0->torchmetrics[image]->-r /root/gsplat_src/examples/requirements.txt (line 14)) (12.4.127)
Requirement already satisfied: nvidia-cuda-cupti-cu12==12.4.127 in /opt/conda/lib/python3.11/site-packages (from torch>=2.0.0->torchmetrics[image]->-r /root/gsplat_src/examples/requirements.txt (line 14)) (12.4.127)
Requirement already satisfied: nvidia-cudnn-cu12==9.1.0.70 in /opt/conda/lib/python3.11/site-packages (from torch>=2.0.0->torchmetrics[image]->-r /root/gsplat_src/examples/requirements.txt (line 14)) (9.1.0.70)
Requirement already satisfied: nvidia-cublas-cu12==12.4.5.8 in /opt/conda/lib/python3.11/site-packages (from torch>=2.0.0->torchmetrics[image]->-r /root/gsplat_src/examples/requirements.txt (line 14)) (12.4.5.8)
Requirement already satisfied: nvidia-cufft-cu12==11.2.1.3 in /opt/conda/lib/python3.11/site-packages (from torch>=2.0.0->torchmetrics[image]->-r /root/gsplat_src/examples/requirements.txt (line 14)) (11.2.1.3)
Requirement already satisfied: nvidia-curand-cu12==10.3.5.147 in /opt/conda/lib/python3.11/site-packages (from torch>=2.0.0->torchmetrics[image]->-r /root/gsplat_src/examples/requirements.txt (line 14)) (10.3.5.147)
Requirement already satisfied: nvidia-cusolver-cu12==11.6.1.9 in /opt/conda/lib/python3.11/site-packages (from torch>=2.0.0->torchmetrics[image]->-r /root/gsplat_src/examples/requirements.txt (line 14)) (11.6.1.9)
Requirement already satisfied: nvidia-cusparse-cu12==12.3.1.170 in /opt/conda/lib/python3.11/site-packages (from torch>=2.0.0->torchmetrics[image]->-r /root/gsplat_src/examples/requirements.txt (line 14)) (12.3.1.170)
Requirement already satisfied: nvidia-nccl-cu12==2.21.5 in /opt/conda/lib/python3.11/site-packages (from torch>=2.0.0->torchmetrics[image]->-r /root/gsplat_src/examples/requirements.txt (line 14)) (2.21.5)
Requirement already satisfied: nvidia-nvtx-cu12==12.4.127 in /opt/conda/lib/python3.11/site-packages (from torch>=2.0.0->torchmetrics[image]->-r /root/gsplat_src/examples/requirements.txt (line 14)) (12.4.127)
Requirement already satisfied: nvidia-nvjitlink-cu12==12.4.127 in /opt/conda/lib/python3.11/site-packages (from torch>=2.0.0->torchmetrics[image]->-r /root/gsplat_src/examples/requirements.txt (line 14)) (12.4.127)
Requirement already satisfied: triton==3.1.0 in /opt/conda/lib/python3.11/site-packages (from torch>=2.0.0->torchmetrics[image]->-r /root/gsplat_src/examples/requirements.txt (line 14)) (3.1.0)
Requirement already satisfied: sympy==1.13.1 in /opt/conda/lib/python3.11/site-packages (from torch>=2.0.0->torchmetrics[image]->-r /root/gsplat_src/examples/requirements.txt (line 14)) (1.13.1)
Requirement already satisfied: mpmath<1.4,>=1.1.0 in /opt/conda/lib/python3.11/site-packages (from sympy==1.13.1->torch>=2.0.0->torchmetrics[image]->-r /root/gsplat_src/examples/requirements.txt (line 14)) (1.3.0)
Requirement already satisfied: markupsafe>=2.1.1 in /opt/conda/lib/python3.11/site-packages (from werkzeug>=1.0.1->tensorboard->-r /root/gsplat_src/examples/requirements.txt (line 18)) (3.0.2)
Requirement already satisfied: mdurl~=0.1 in /opt/conda/lib/python3.11/site-packages (from markdown-it-py>=2.2.0->rich<15.0.0,>=13.3.3->viser->-r /root/gsplat_src/examples/requirements.txt (line 8)) (0.1.2)
Downloading http://pypi-mirror.modal.local:5555/simple/numpy/numpy-1.26.4-cp311-cp311-manylinux_2_17_x86_64.manylinux2014_x86_64.whl (18.3 MB)
   ━━━━━━━━━━━━━━━━━━━━━━━━━━━━━━━━━━━━━━━━ 18.3/18.3 MB 422.9 MB/s eta 0:00:00
Downloading http://pypi-mirror.modal.local:5555/simple/opencv-python/opencv_python-4.11.0.86-cp37-abi3-manylinux_2_17_x86_64.manylinux2014_x86_64.whl (63.0 MB)
   ━━━━━━━━━━━━━━━━━━━━━━━━━━━━━━━━━━━━━━━━ 63.0/63.0 MB 254.2 MB/s eta 0:00:00
Downloading http://pypi-mirror.modal.local:5555/simple/tensorly/tensorly-0.9.0-py3-none-any.whl (7.4 MB)
   ━━━━━━━━━━━━━━━━━━━━━━━━━━━━━━━━━━━━━━━━ 7.4/7.4 MB 281.6 MB/s eta 0:00:00
Downloading http://pypi-mirror.modal.local:5555/simple/matplotlib/matplotlib-3.11.1-cp311-cp311-manylinux2014_x86_64.manylinux_2_17_x86_64.whl (10.0 MB)
   ━━━━━━━━━━━━━━━━━━━━━━━━━━━━━━━━━━━━━━━━ 10.0/10.0 MB 251.4 MB/s eta 0:00:00
Downloading http://pypi-mirror.modal.local:5555/simple/contourpy/contourpy-1.3.3-cp311-cp311-manylinux_2_27_x86_64.manylinux_2_28_x86_64.whl (355 kB)
Downloading http://pypi-mirror.modal.local:5555/simple/cycler/cycler-0.12.1-py3-none-any.whl (8.3 kB)
Downloading http://pypi-mirror.modal.local:5555/simple/fonttools/fonttools-4.63.0-cp311-cp311-manylinux2014_x86_64.manylinux_2_17_x86_64.whl (5.1 MB)
   ━━━━━━━━━━━━━━━━━━━━━━━━━━━━━━━━━━━━━━━━ 5.1/5.1 MB 305.9 MB/s eta 0:00:00
Downloading http://pypi-mirror.modal.local:5555/simple/kiwisolver/kiwisolver-1.5.0-cp311-cp311-manylinux2014_x86_64.manylinux_2_17_x86_64.whl (1.4 MB)
   ━━━━━━━━━━━━━━━━━━━━━━━━━━━━━━━━━━━━━━━━ 1.4/1.4 MB 280.5 MB/s eta 0:00:00
Downloading http://pypi-mirror.modal.local:5555/simple/pyparsing/pyparsing-3.3.2-py3-none-any.whl (122 kB)
Downloading http://pypi-mirror.modal.local:5555/simple/python-dateutil/python_dateutil-2.9.0.post0-py2.py3-none-any.whl (229 kB)
Downloading http://pypi-mirror.modal.local:5555/simple/torch-fidelity/torch_fidelity-0.4.0-py3-none-any.whl (85 kB)
Building wheels for collected packages: pycolmap, nerfview, fused_ssim, fused_bilagrid
  Building wheel for pycolmap (pyproject.toml): started
  Building wheel for pycolmap (pyproject.toml): finished with status 'done'
  Created wheel for pycolmap: filename=pycolmap-0.0.1-py3-none-any.whl size=16589 sha256=7102da9281e4df009e0140539598a71d23fff211515755968dd17cfb234e12e1
  Stored in directory: /tmp/pip-ephem-wheel-cache-nr841vx2/wheels/6f/12/49/0d084490a0283f7800549991a4c7c83cec7fbfa758dc6d4f9e
  Building wheel for nerfview (pyproject.toml): started
  Building wheel for nerfview (pyproject.toml): finished with status 'done'
  Created wheel for nerfview: filename=nerfview-0.1.2-py3-none-any.whl size=19710 sha256=9266e2a9825e4cc3ac3787bb3b1bd776fea0e87e00e84ad318384b46841410e0
  Stored in directory: /tmp/pip-ephem-wheel-cache-nr841vx2/wheels/ca/52/c2/d35aff1c8dc688a7f556afda3d20b35b965dd4a7b4fb5af1da
  Building wheel for fused_ssim (setup.py): started
  Building wheel for fused_ssim (setup.py): still running...
  Building wheel for fused_ssim (setup.py): finished with status 'done'
  Created wheel for fused_ssim: filename=fused_ssim-0.0.0-cp311-cp311-linux_x86_64.whl size=100318 sha256=a0774d1108a80efe3ffcfe3f318e1e0c052378416581a069a672a74a10b3158f
  Stored in directory: /tmp/pip-ephem-wheel-cache-nr841vx2/wheels/4b/fc/7f/5d7d2fa52c618f0619042541124f0b485b203f80a581aeb3ef
  Building wheel for fused_bilagrid (setup.py): started
  Building wheel for fused_bilagrid (setup.py): finished with status 'done'
  Created wheel for fused_bilagrid: filename=fused_bilagrid-0.0.0-cp311-cp311-linux_x86_64.whl size=203487 sha256=64db8f4dc471a1db537e15eee0bb903f383567a327c00a2911859eb372707ead
  Stored in directory: /tmp/pip-ephem-wheel-cache-nr841vx2/wheels/ac/81/ea/896bc0c056cced283579811aa214e5ac32ec4b60852a620487
Successfully built pycolmap nerfview fused_ssim fused_bilagrid
Installing collected packages: fused_ssim, fused_bilagrid, python-dateutil, pyparsing, numpy, kiwisolver, fonttools, cycler, opencv-python, contourpy, tensorly, pycolmap, matplotlib, nerfview, torch-fidelity
  Attempting uninstall: numpy
    Found existing installation: numpy 2.1.2
    Uninstalling numpy-2.1.2:
      Successfully uninstalled numpy-2.1.2
  Attempting uninstall: pycolmap
    Found existing installation: pycolmap 4.1.1
    Uninstalling pycolmap-4.1.1:
      Successfully uninstalled pycolmap-4.1.1
  Attempting uninstall: nerfview
    Found existing installation: nerfview 0.1.3
    Uninstalling nerfview-0.1.3:
      Successfully uninstalled nerfview-0.1.3
ERROR: pip's dependency resolver does not currently take into account all the packages that are installed. This behaviour is the source of the following dependency conflicts.
plyfile 1.1.5 requires numpy>=2.0, but you have numpy 1.26.4 which is incompatible.
opencv-python-headless 5.0.0.93 requires numpy>=2; python_version >= "3.9", but you have numpy 1.26.4 which is incompatible.
Successfully installed contourpy-1.3.3 cycler-0.12.1 fonttools-4.63.0 fused_bilagrid-0.0.0 fused_ssim-0.0.0 kiwisolver-1.5.0 matplotlib-3.11.1 nerfview-0.1.2 numpy-1.26.4 opencv-python-4.11.0.86 pycolmap-0.0.1 pyparsing-3.3.2 python-dateutil-2.9.0.post0 tensorly-0.9.0 torch-fidelity-0.4.0
Saving image...
Image saved, took 1.11s

Built image im-l28bclvzKGYDBJWGN5ismt in 115.00s


✓ Created objects.
├── 🔨 Created mount 
│   /Users/ryanabraham/Downloads/vgrep3d_extracted/modal/run_gsplat_train.py
└── 🔨 Created function train_gsplat.

==========
== CUDA ==
==========

CUDA Version 12.4.1

Container image Copyright (c) 2016-2023, NVIDIA CORPORATION & AFFILIATES. All rights reserved.

This container image and its contents are governed by the NVIDIA Deep Learning Container License.
By pulling and using the container, you accept the terms and conditions of this license:
https://developer.nvidia.com/ngc/nvidia-deep-learning-container-license

A copy of this license is made available in this container at /NGC-DL-CONTAINER-LICENSE for your convenience.

[gsplat] 293 images, training for 7000 steps
[gsplat] $ python examples/simple_trainer.py default --data_dir /tmp/gsplat_data --data_factor 1 --result_dir /tmp/gsplat_result --max_steps 7000 --disable_viewer
Downloading: "https://download.pytorch.org/models/alexnet-owt-7be5be79.pth" to /root/.cache/torch/hub/checkpoints/alexnet-owt-7be5be79.pth
[Parser] 292 images, taken by 1 cameras.
Warning: COLMAP Camera is not PINHOLE. Images have distortion.
Scene scale: 2.8152928074690777
Model initialized. Number of GS: 56346

  0%|          | 0.00/233M [00:00<?, ?B/s]
  4%|▎         | 8.50M/233M [00:00<00:02, 88.0MB/s]
  7%|▋         | 17.0M/233M [00:00<00:02, 80.8MB/s]
 11%|█         | 24.8M/233M [00:00<00:02, 77.5MB/s]
 14%|█▍        | 32.4M/233M [00:00<00:02, 78.4MB/s]
 17%|█▋        | 40.0M/233M [00:00<00:02, 78.4MB/s]
 20%|██        | 47.5M/233M [00:00<00:02, 73.1MB/s]
 24%|██▎       | 54.9M/233M [00:00<00:02, 74.3MB/s]
 27%|██▋       | 62.6M/233M [00:00<00:02, 76.2MB/s]
 31%|███       | 71.1M/233M [00:00<00:02, 79.8MB/s]
 34%|███▍      | 78.9M/233M [00:01<00:02, 72.9MB/s]
 37%|███▋      | 87.1M/233M [00:01<00:01, 76.7MB/s]
 41%|████      | 95.4M/233M [00:01<00:01, 76.0MB/s]
 44%|████▍     | 103M/233M [00:01<00:01, 71.8MB/s] 
 48%|████▊     | 112M/233M [00:01<00:01, 78.9MB/s]
 52%|█████▏    | 121M/233M [00:01<00:01, 83.0MB/s]
 55%|█████▌    | 129M/233M [00:01<00:01, 79.6MB/s]
 59%|█████▉    | 137M/233M [00:01<00:01, 77.3MB/s]
 62%|██████▏   | 145M/233M [00:01<00:01, 78.9MB/s]
 65%|██████▌   | 153M/233M [00:02<00:01, 74.6MB/s]
 69%|██████▊   | 160M/233M [00:02<00:01, 74.2MB/s]
 72%|███████▏  | 167M/233M [00:02<00:00, 72.3MB/s]
 75%|███████▍  | 174M/233M [00:02<00:00, 71.9MB/s]
 78%|███████▊  | 181M/233M [00:02<00:00, 69.5MB/s]
 81%|████████▏ | 190M/233M [00:02<00:00, 75.7MB/s]
 85%|████████▍ | 198M/233M [00:02<00:00, 77.1MB/s]
 88%|████████▊ | 206M/233M [00:02<00:00, 79.5MB/s]
 92%|█████████▏| 214M/233M [00:02<00:00, 77.3MB/s]
 95%|█████████▍| 221M/233M [00:03<00:00, 75.0MB/s]
 98%|█████████▊| 228M/233M [00:03<00:00, 74.7MB/s]
100%|██████████| 233M/233M [00:03<00:00, 76.3MB/s]
/opt/conda/lib/python3.11/site-packages/torchmetrics/functional/image/lpips.py:332: FutureWarning: You are using `torch.load` with `weights_only=False` (the current default value), which uses the default pickle module implicitly. It is possible to construct malicious pickle data which will execute arbitrary code during unpickling (See https://github.com/pytorch/pytorch/blob/main/SECURITY.md#untrusted-models for more details). In a future release, the default value for `weights_only` will be flipped to `True`. This limits the functions that could be executed during unpickling. Arbitrary objects will no longer be allowed to be loaded via this mode unless they are explicitly allowlisted by the user via `torch.serialization.add_safe_globals`. We recommend you start setting `weights_only=True` for any use case where you don't have full control of the loaded file. Please open an issue on GitHub for any issues related to this experimental feature.
  self.load_state_dict(torch.load(model_path, map_location="cpu"), strict=False)

  0%|          | 0/7000 [00:00<?, ?it/s]/opt/conda/lib/python3.11/site-packages/torch/utils/cpp_extension.py:1964: UserWarning: TORCH_CUDA_ARCH_LIST is not set, all archs for visible cards are included for compilation. 
If this is not desired, please set os.environ['TORCH_CUDA_ARCH_LIST'].
  warnings.warn(
gsplat: CUDA extension has been set up successfully in 139.23 seconds.

loss=0.278| sh degree=0| :   0%|          | 0/7000 [02:21<?, ?it/s]
loss=0.278| sh degree=0| :   0%|          | 1/7000 [02:21<275:03:39, 141.48s/it]
loss=0.253| sh degree=0| :   0%|          | 1/7000 [02:21<275:03:39, 141.48s/it]
loss=0.283| sh degree=0| :   0%|          | 1/7000 [02:21<275:03:39, 141.48s/it]
loss=0.291| sh degree=0| :   0%|          | 1/7000 [02:21<275:03:39, 141.48s/it]
loss=0.249| sh degree=0| :   0%|          | 1/7000 [02:21<275:03:39, 141.48s/it]
loss=0.248| sh degree=0| :   0%|          | 1/7000 [02:21<275:03:39, 141.48s/it]
loss=0.248| sh degree=0| :   0%|          | 6/7000 [02:21<33:47:39, 17.39s/it]  
loss=0.266| sh degree=0| :   0%|          | 6/7000 [02:21<33:47:39, 17.39s/it]
loss=0.246| sh degree=0| :   0%|          | 6/7000 [02:21<33:47:39, 17.39s/it]
loss=0.253| sh degree=0| :   0%|          | 6/7000 [02:21<33:47:39, 17.39s/it]
loss=0.241| sh degree=0| :   0%|          | 6/7000 [02:21<33:47:39, 17.39s/it]
loss=0.274| sh degree=0| :   0%|          | 6/7000 [02:21<33:47:39, 17.39s/it]
loss=0.274| sh degree=0| :   0%|          | 11/7000 [02:21<15:04:19,  7.76s/it]
loss=0.280| sh degree=0| :   0%|          | 11/7000 [02:22<15:04:19,  7.76s/it]
loss=0.265| sh degree=0| :   0%|          | 11/7000 [02:22<15:04:19,  7.76s/it]
loss=0.243| sh degree=0| :   0%|          | 11/7000 [02:22<15:04:19,  7.76s/it]
loss=0.260| sh degree=0| :   0%|          | 11/7000 [02:22<15:04:19,  7.76s/it]
loss=0.260| sh degree=0| :   0%|          | 15/7000 [02:22<9:14:08,  4.76s/it] 
loss=0.262| sh degree=0| :   0%|          | 15/7000 [02:22<9:14:08,  4.76s/it]
loss=0.234| sh degree=0| :   0%|          | 15/7000 [02:22<9:14:08,  4.76s/it]
loss=0.239| sh degree=0| :   0%|          | 15/7000 [02:22<9:14:08,  4.76s/it]
loss=0.239| sh degree=0| :   0%|          | 18/7000 [02:22<6:33:48,  3.38s/it]
loss=0.250| sh degree=0| :   0%|          | 18/7000 [02:22<6:33:48,  3.38s/it]
loss=0.236| sh degree=0| :   0%|          | 18/7000 [02:22<6:33:48,  3.38s/it]
loss=0.238| sh degree=0| :   0%|          | 18/7000 [02:22<6:33:48,  3.38s/it]
loss=0.238| sh degree=0| :   0%|          | 21/7000 [02:22<4:38:23,  2.39s/it]
loss=0.255| sh degree=0| :   0%|          | 21/7000 [02:22<4:38:23,  2.39s/it]
loss=0.238| sh degree=0| :   0%|          | 21/7000 [02:22<4:38:23,  2.39s/it]
loss=0.263| sh degree=0| :   0%|          | 21/7000 [02:22<4:38:23,  2.39s/it]
loss=0.263| sh degree=0| :   0%|          | 24/7000 [02:22<3:17:43,  1.70s/it]
loss=0.251| sh degree=0| :   0%|          | 24/7000 [02:22<3:17:43,  1.70s/it]
loss=0.227| sh degree=0| :   0%|          | 24/7000 [02:22<3:17:43,  1.70s/it]
loss=0.234| sh degree=0| :   0%|          | 24/7000 [02:22<3:17:43,  1.70s/it]
loss=0.234| sh degree=0| :   0%|          | 27/7000 [02:22<2:20:55,  1.21s/it]
loss=0.218| sh degree=0| :   0%|          | 27/7000 [02:22<2:20:55,  1.21s/it]
loss=0.207| sh degree=0| :   0%|          | 27/7000 [02:22<2:20:55,  1.21s/it]
loss=0.207| sh degree=0| :   0%|          | 29/7000 [02:22<1:51:28,  1.04it/s]
loss=0.220| sh degree=0| :   0%|          | 29/7000 [02:22<1:51:28,  1.04it/s]
loss=0.238| sh degree=0| :   0%|          | 29/7000 [02:23<1:51:28,  1.04it/s]
loss=0.238| sh degree=0| :   0%|          | 31/7000 [02:23<1:26:23,  1.34it/s]
loss=0.208| sh degree=0| :   0%|          | 31/7000 [02:23<1:26:23,  1.34it/s]
loss=0.210| sh degree=0| :   0%|          | 31/7000 [02:23<1:26:23,  1.34it/s]
loss=0.210| sh degree=0| :   0%|          | 33/7000 [02:23<1:08:28,  1.70it/s]
loss=0.230| sh degree=0| :   0%|          | 33/7000 [02:23<1:08:28,  1.70it/s]
loss=0.230| sh degree=0| :   0%|          | 33/7000 [02:23<1:08:28,  1.70it/s]
loss=0.224| sh degree=0| :   0%|          | 33/7000 [02:23<1:08:28,  1.70it/s]
loss=0.217| sh degree=0| :   0%|          | 33/7000 [02:23<1:08:28,  1.70it/s]
loss=0.217| sh degree=0| :   1%|          | 37/7000 [02:23<42:33,  2.73it/s]  
loss=0.192| sh degree=0| :   1%|          | 37/7000 [02:23<42:33,  2.73it/s]
loss=0.209| sh degree=0| :   1%|          | 37/7000 [02:23<42:33,  2.73it/s]
loss=0.247| sh degree=0| :   1%|          | 37/7000 [02:23<42:33,  2.73it/s]
loss=0.208| sh degree=0| :   1%|          | 37/7000 [02:23<42:33,  2.73it/s]
loss=0.208| sh degree=0| :   1%|          | 41/7000 [02:23<28:52,  4.02it/s]
loss=0.232| sh degree=0| :   1%|          | 41/7000 [02:23<28:52,  4.02it/s]
loss=0.201| sh degree=0| :   1%|          | 41/7000 [02:23<28:52,  4.02it/s]
loss=0.171| sh degree=0| :   1%|          | 41/7000 [02:23<28:52,  4.02it/s]
loss=0.200| sh degree=0| :   1%|          | 41/7000 [02:24<28:52,  4.02it/s]
loss=0.200| sh degree=0| :   1%|          | 45/7000 [02:24<21:16,  5.45it/s]
loss=0.200| sh degree=0| :   1%|          | 45/7000 [02:24<21:16,  5.45it/s]
loss=0.190| sh degree=0| :   1%|          | 45/7000 [02:24<21:16,  5.45it/s]
loss=0.202| sh degree=0| :   1%|          | 45/7000 [02:24<21:16,  5.45it/s]
loss=0.176| sh degree=0| :   1%|          | 45/7000 [02:24<21:16,  5.45it/s]
loss=0.176| sh degree=0| :   1%|          | 49/7000 [02:24<16:00,  7.23it/s]
loss=0.211| sh degree=0| :   1%|          | 49/7000 [02:24<16:00,  7.23it/s]
loss=0.163| sh degree=0| :   1%|          | 49/7000 [02:24<16:00,  7.23it/s]
loss=0.186| sh degree=0| :   1%|          | 49/7000 [02:24<16:00,  7.23it/s]
loss=0.210| sh degree=0| :   1%|          | 49/7000 [02:24<16:00,  7.23it/s]
loss=0.210| sh degree=0| :   1%|          | 53/7000 [02:24<13:23,  8.64it/s]
loss=0.169| sh degree=0| :   1%|          | 53/7000 [02:24<13:23,  8.64it/s]
loss=0.227| sh degree=0| :   1%|          | 53/7000 [02:24<13:23,  8.64it/s]
loss=0.181| sh degree=0| :   1%|          | 53/7000 [02:24<13:23,  8.64it/s]
loss=0.193| sh degree=0| :   1%|          | 53/7000 [02:24<13:23,  8.64it/s]
loss=0.193| sh degree=0| :   1%|          | 53/7000 [02:24<13:23,  8.64it/s]
loss=0.193| sh degree=0| :   1%|          | 58/7000 [02:24<10:21, 11.18it/s]
loss=0.182| sh degree=0| :   1%|          | 58/7000 [02:24<10:21, 11.18it/s]
loss=0.206| sh degree=0| :   1%|          | 58/7000 [02:24<10:21, 11.18it/s]
loss=0.161| sh degree=0| :   1%|          | 58/7000 [02:24<10:21, 11.18it/s]
loss=0.161| sh degree=0| :   1%|          | 61/7000 [02:24<09:27, 12.24it/s]
loss=0.195| sh degree=0| :   1%|          | 61/7000 [02:24<09:27, 12.24it/s]
loss=0.161| sh degree=0| :   1%|          | 61/7000 [02:25<09:27, 12.24it/s]
loss=0.161| sh degree=0| :   1%|          | 63/7000 [02:25<12:19,  9.38it/s]
loss=0.151| sh degree=0| :   1%|          | 63/7000 [02:25<12:19,  9.38it/s]
loss=0.181| sh degree=0| :   1%|          | 63/7000 [02:25<12:19,  9.38it/s]
loss=0.177| sh degree=0| :   1%|          | 63/7000 [02:25<12:19,  9.38it/s]
loss=0.186| sh degree=0| :   1%|          | 63/7000 [02:25<12:19,  9.38it/s]
loss=0.186| sh degree=0| :   1%|          | 67/7000 [02:25<10:12, 11.32it/s]
loss=0.155| sh degree=0| :   1%|          | 67/7000 [02:25<10:12, 11.32it/s]
loss=0.165| sh degree=0| :   1%|          | 67/7000 [02:25<10:12, 11.32it/s]
loss=0.133| sh degree=0| :   1%|          | 67/7000 [02:25<10:12, 11.32it/s]
loss=0.139| sh degree=0| :   1%|          | 67/7000 [02:25<10:12, 11.32it/s]
loss=0.139| sh degree=0| :   1%|          | 71/7000 [02:25<08:42, 13.26it/s]
loss=0.165| sh degree=0| :   1%|          | 71/7000 [02:25<08:42, 13.26it/s]
loss=0.135| sh degree=0| :   1%|          | 71/7000 [02:25<08:42, 13.26it/s]
loss=0.160| sh degree=0| :   1%|          | 71/7000 [02:25<08:42, 13.26it/s]
loss=0.145| sh degree=0| :   1%|          | 71/7000 [02:26<08:42, 13.26it/s]
loss=0.145| sh degree=0| :   1%|          | 75/7000 [02:26<08:11, 14.09it/s]
loss=0.142| sh degree=0| :   1%|          | 75/7000 [02:26<08:11, 14.09it/s]
loss=0.147| sh degree=0| :   1%|          | 75/7000 [02:26<08:11, 14.09it/s]
loss=0.155| sh degree=0| :   1%|          | 75/7000 [02:26<08:11, 14.09it/s]
loss=0.156| sh degree=0| :   1%|          | 75/7000 [02:26<08:11, 14.09it/s]
loss=0.156| sh degree=0| :   1%|          | 79/7000 [02:26<07:16, 15.84it/s]
loss=0.157| sh degree=0| :   1%|          | 79/7000 [02:26<07:16, 15.84it/s]
loss=0.144| sh degree=0| :   1%|          | 79/7000 [02:26<07:16, 15.84it/s]
loss=0.151| sh degree=0| :   1%|          | 79/7000 [02:26<07:16, 15.84it/s]
loss=0.119| sh degree=0| :   1%|          | 79/7000 [02:26<07:16, 15.84it/s]
loss=0.119| sh degree=0| :   1%|          | 83/7000 [02:26<06:54, 16.70it/s]
loss=0.145| sh degree=0| :   1%|          | 83/7000 [02:26<06:54, 16.70it/s]
loss=0.146| sh degree=0| :   1%|          | 83/7000 [02:26<06:54, 16.70it/s]
loss=0.165| sh degree=0| :   1%|          | 83/7000 [02:26<06:54, 16.70it/s]
loss=0.136| sh degree=0| :   1%|          | 83/7000 [02:26<06:54, 16.70it/s]
loss=0.136| sh degree=0| :   1%|          | 87/7000 [02:26<07:03, 16.34it/s]
loss=0.156| sh degree=0| :   1%|          | 87/7000 [02:26<07:03, 16.34it/s]
loss=0.129| sh degree=0| :   1%|          | 87/7000 [02:26<07:03, 16.34it/s]
loss=0.121| sh degree=0| :   1%|          | 87/7000 [02:26<07:03, 16.34it/s]
loss=0.114| sh degree=0| :   1%|          | 87/7000 [02:26<07:03, 16.34it/s]
loss=0.114| sh degree=0| :   1%|▏         | 91/7000 [02:26<06:41, 17.21it/s]
loss=0.132| sh degree=0| :   1%|▏         | 91/7000 [02:26<06:41, 17.21it/s]
loss=0.137| sh degree=0| :   1%|▏         | 91/7000 [02:26<06:41, 17.21it/s]
loss=0.160| sh degree=0| :   1%|▏         | 91/7000 [02:26<06:41, 17.21it/s]
loss=0.160| sh degree=0| :   1%|▏         | 94/7000 [02:26<06:09, 18.69it/s]
loss=0.168| sh degree=0| :   1%|▏         | 94/7000 [02:27<06:09, 18.69it/s]
loss=0.135| sh degree=0| :   1%|▏         | 94/7000 [02:27<06:09, 18.69it/s]
loss=0.166| sh degree=0| :   1%|▏         | 94/7000 [02:27<06:09, 18.69it/s]
loss=0.166| sh degree=0| :   1%|▏         | 97/7000 [02:27<07:36, 15.11it/s]
loss=0.136| sh degree=0| :   1%|▏         | 97/7000 [02:27<07:36, 15.11it/s]
loss=0.150| sh degree=0| :   1%|▏         | 97/7000 [02:27<07:36, 15.11it/s]
loss=0.156| sh degree=0| :   1%|▏         | 97/7000 [02:27<07:36, 15.11it/s]
loss=0.140| sh degree=0| :   1%|▏         | 97/7000 [02:27<07:36, 15.11it/s]
loss=0.140| sh degree=0| :   1%|▏         | 97/7000 [02:27<07:36, 15.11it/s]
loss=0.140| sh degree=0| :   1%|▏         | 102/7000 [02:27<05:37, 20.43it/s]
loss=0.136| sh degree=0| :   1%|▏         | 102/7000 [02:27<05:37, 20.43it/s]
loss=0.140| sh degree=0| :   1%|▏         | 102/7000 [02:27<05:37, 20.43it/s]
loss=0.132| sh degree=0| :   1%|▏         | 102/7000 [02:27<05:37, 20.43it/s]
loss=0.132| sh degree=0| :   2%|▏         | 105/7000 [02:27<05:12, 22.05it/s]
loss=0.134| sh degree=0| :   2%|▏         | 105/7000 [02:27<05:12, 22.05it/s]
loss=0.166| sh degree=0| :   2%|▏         | 105/7000 [02:27<05:12, 22.05it/s]
loss=0.125| sh degree=0| :   2%|▏         | 105/7000 [02:27<05:12, 22.05it/s]
loss=0.125| sh degree=0| :   2%|▏         | 108/7000 [02:27<06:02, 18.99it/s]
loss=0.120| sh degree=0| :   2%|▏         | 108/7000 [02:27<06:02, 18.99it/s]
loss=0.145| sh degree=0| :   2%|▏         | 108/7000 [02:27<06:02, 18.99it/s]
loss=0.133| sh degree=0| :   2%|▏         | 108/7000 [02:27<06:02, 18.99it/s]
loss=0.133| sh degree=0| :   2%|▏         | 111/7000 [02:27<05:52, 19.52it/s]
loss=0.138| sh degree=0| :   2%|▏         | 111/7000 [02:27<05:52, 19.52it/s]
loss=0.141| sh degree=0| :   2%|▏         | 111/7000 [02:28<05:52, 19.52it/s]
loss=0.110| sh degree=0| :   2%|▏         | 111/7000 [02:28<05:52, 19.52it/s]
loss=0.110| sh degree=0| :   2%|▏         | 114/7000 [02:28<05:55, 19.35it/s]
loss=0.128| sh degree=0| :   2%|▏         | 114/7000 [02:28<05:55, 19.35it/s]
loss=0.140| sh degree=0| :   2%|▏         | 114/7000 [02:28<05:55, 19.35it/s]
loss=0.141| sh degree=0| :   2%|▏         | 114/7000 [02:28<05:55, 19.35it/s]
loss=0.141| sh degree=0| :   2%|▏         | 117/7000 [02:28<07:02, 16.28it/s]
loss=0.143| sh degree=0| :   2%|▏         | 117/7000 [02:28<07:02, 16.28it/s]
loss=0.139| sh degree=0| :   2%|▏         | 117/7000 [02:28<07:02, 16.28it/s]
loss=0.117| sh degree=0| :   2%|▏         | 117/7000 [02:28<07:02, 16.28it/s]
loss=0.123| sh degree=0| :   2%|▏         | 117/7000 [02:28<07:02, 16.28it/s]
loss=0.123| sh degree=0| :   2%|▏         | 121/7000 [02:28<06:46, 16.90it/s]
loss=0.127| sh degree=0| :   2%|▏         | 121/7000 [02:28<06:46, 16.90it/s]
loss=0.125| sh degree=0| :   2%|▏         | 121/7000 [02:28<06:46, 16.90it/s]
loss=0.119| sh degree=0| :   2%|▏         | 121/7000 [02:28<06:46, 16.90it/s]
loss=0.119| sh degree=0| :   2%|▏         | 124/7000 [02:28<06:26, 17.79it/s]
loss=0.119| sh degree=0| :   2%|▏         | 124/7000 [02:28<06:26, 17.79it/s]
loss=0.125| sh degree=0| :   2%|▏         | 124/7000 [02:28<06:26, 17.79it/s]
loss=0.125| sh degree=0| :   2%|▏         | 126/7000 [02:28<06:29, 17.63it/s]
loss=0.120| sh degree=0| :   2%|▏         | 126/7000 [02:28<06:29, 17.63it/s]
loss=0.130| sh degree=0| :   2%|▏         | 126/7000 [02:28<06:29, 17.63it/s]
loss=0.125| sh degree=0| :   2%|▏         | 126/7000 [02:28<06:29, 17.63it/s]
loss=0.123| sh degree=0| :   2%|▏         | 126/7000 [02:28<06:29, 17.63it/s]
loss=0.119| sh degree=0| :   2%|▏         | 126/7000 [02:29<06:29, 17.63it/s]
loss=0.119| sh degree=0| :   2%|▏         | 131/7000 [02:29<06:59, 16.38it/s]
loss=0.116| sh degree=0| :   2%|▏         | 131/7000 [02:29<06:59, 16.38it/s]
loss=0.126| sh degree=0| :   2%|▏         | 131/7000 [02:29<06:59, 16.38it/s]
loss=0.119| sh degree=0| :   2%|▏         | 131/7000 [02:29<06:59, 16.38it/s]
loss=0.119| sh degree=0| :   2%|▏         | 134/7000 [02:29<06:16, 18.24it/s]
loss=0.111| sh degree=0| :   2%|▏         | 134/7000 [02:29<06:16, 18.24it/s]
loss=0.112| sh degree=0| :   2%|▏         | 134/7000 [02:29<06:16, 18.24it/s]
loss=0.122| sh degree=0| :   2%|▏         | 134/7000 [02:29<06:16, 18.24it/s]
loss=0.117| sh degree=0| :   2%|▏         | 134/7000 [02:29<06:16, 18.24it/s]
loss=0.117| sh degree=0| :   2%|▏         | 138/7000 [02:29<05:14, 21.81it/s]
loss=0.112| sh degree=0| :   2%|▏         | 138/7000 [02:29<05:14, 21.81it/s]
loss=0.114| sh degree=0| :   2%|▏         | 138/7000 [02:29<05:14, 21.81it/s]
loss=0.121| sh degree=0| :   2%|▏         | 138/7000 [02:29<05:14, 21.81it/s]
loss=0.121| sh degree=0| :   2%|▏         | 141/7000 [02:29<04:52, 23.45it/s]
loss=0.129| sh degree=0| :   2%|▏         | 141/7000 [02:29<04:52, 23.45it/s]
loss=0.110| sh degree=0| :   2%|▏         | 141/7000 [02:29<04:52, 23.45it/s]
loss=0.114| sh degree=0| :   2%|▏         | 141/7000 [02:29<04:52, 23.45it/s]
loss=0.114| sh degree=0| :   2%|▏         | 144/7000 [02:29<04:53, 23.32it/s]
loss=0.115| sh degree=0| :   2%|▏         | 144/7000 [02:29<04:53, 23.32it/s]
loss=0.111| sh degree=0| :   2%|▏         | 144/7000 [02:29<04:53, 23.32it/s]
loss=0.120| sh degree=0| :   2%|▏         | 144/7000 [02:29<04:53, 23.32it/s]
loss=0.120| sh degree=0| :   2%|▏         | 147/7000 [02:29<06:40, 17.11it/s]
loss=0.113| sh degree=0| :   2%|▏         | 147/7000 [02:29<06:40, 17.11it/s]
loss=0.110| sh degree=0| :   2%|▏         | 147/7000 [02:29<06:40, 17.11it/s]
loss=0.104| sh degree=0| :   2%|▏         | 147/7000 [02:30<06:40, 17.11it/s]
loss=0.104| sh degree=0| :   2%|▏         | 150/7000 [02:30<06:24, 17.81it/s]
loss=0.107| sh degree=0| :   2%|▏         | 150/7000 [02:30<06:24, 17.81it/s]
loss=0.128| sh degree=0| :   2%|▏         | 150/7000 [02:30<06:24, 17.81it/s]
loss=0.121| sh degree=0| :   2%|▏         | 150/7000 [02:30<06:24, 17.81it/s]
loss=0.121| sh degree=0| :   2%|▏         | 153/7000 [02:30<07:25, 15.37it/s]
loss=0.108| sh degree=0| :   2%|▏         | 153/7000 [02:30<07:25, 15.37it/s]
loss=0.108| sh degree=0| :   2%|▏         | 153/7000 [02:30<07:25, 15.37it/s]
loss=0.109| sh degree=0| :   2%|▏         | 153/7000 [02:30<07:25, 15.37it/s]
loss=0.117| sh degree=0| :   2%|▏         | 153/7000 [02:30<07:25, 15.37it/s]
loss=0.117| sh degree=0| :   2%|▏         | 157/7000 [02:30<06:32, 17.45it/s]
loss=0.106| sh degree=0| :   2%|▏         | 157/7000 [02:30<06:32, 17.45it/s]
loss=0.109| sh degree=0| :   2%|▏         | 157/7000 [02:30<06:32, 17.45it/s]
loss=0.111| sh degree=0| :   2%|▏         | 157/7000 [02:30<06:32, 17.45it/s]
loss=0.102| sh degree=0| :   2%|▏         | 157/7000 [02:30<06:32, 17.45it/s]
loss=0.102| sh degree=0| :   2%|▏         | 161/7000 [02:30<06:21, 17.95it/s]
loss=0.100| sh degree=0| :   2%|▏         | 161/7000 [02:30<06:21, 17.95it/s]
loss=0.107| sh degree=0| :   2%|▏         | 161/7000 [02:30<06:21, 17.95it/s]
loss=0.101| sh degree=0| :   2%|▏         | 161/7000 [02:30<06:21, 17.95it/s]
loss=0.105| sh degree=0| :   2%|▏         | 161/7000 [02:30<06:21, 17.95it/s]
loss=0.109| sh degree=0| :   2%|▏         | 161/7000 [02:30<06:21, 17.95it/s]
loss=0.096| sh degree=0| :   2%|▏         | 161/7000 [02:30<06:21, 17.95it/s]
loss=0.096| sh degree=0| :   2%|▏         | 167/7000 [02:30<04:31, 25.17it/s]
loss=0.108| sh degree=0| :   2%|▏         | 167/7000 [02:30<04:31, 25.17it/s]
loss=0.103| sh degree=0| :   2%|▏         | 167/7000 [02:30<04:31, 25.17it/s]
loss=0.114| sh degree=0| :   2%|▏         | 167/7000 [02:30<04:31, 25.17it/s]
loss=0.098| sh degree=0| :   2%|▏         | 167/7000 [02:31<04:31, 25.17it/s]
loss=0.098| sh degree=0| :   2%|▏         | 171/7000 [02:31<05:19, 21.38it/s]
loss=0.132| sh degree=0| :   2%|▏         | 171/7000 [02:31<05:19, 21.38it/s]
loss=0.102| sh degree=0| :   2%|▏         | 171/7000 [02:31<05:19, 21.38it/s]
loss=0.102| sh degree=0| :   2%|▏         | 171/7000 [02:31<05:19, 21.38it/s]
loss=0.102| sh degree=0| :   2%|▏         | 174/7000 [02:31<06:31, 17.46it/s]
loss=0.102| sh degree=0| :   2%|▏         | 174/7000 [02:31<06:31, 17.46it/s]
loss=0.091| sh degree=0| :   2%|▏         | 174/7000 [02:31<06:31, 17.46it/s]
loss=0.101| sh degree=0| :   2%|▏         | 174/7000 [02:31<06:31, 17.46it/s]
loss=0.101| sh degree=0| :   3%|▎         | 177/7000 [02:31<05:53, 19.29it/s]
loss=0.089| sh degree=0| :   3%|▎         | 177/7000 [02:31<05:53, 19.29it/s]
loss=0.122| sh degree=0| :   3%|▎         | 177/7000 [02:31<05:53, 19.29it/s]
loss=0.127| sh degree=0| :   3%|▎         | 177/7000 [02:31<05:53, 19.29it/s]
loss=0.127| sh degree=0| :   3%|▎         | 180/7000 [02:31<06:19, 17.96it/s]
loss=0.106| sh degree=0| :   3%|▎         | 180/7000 [02:31<06:19, 17.96it/s]
loss=0.098| sh degree=0| :   3%|▎         | 180/7000 [02:31<06:19, 17.96it/s]
loss=0.095| sh degree=0| :   3%|▎         | 180/7000 [02:31<06:19, 17.96it/s]
loss=0.105| sh degree=0| :   3%|▎         | 180/7000 [02:31<06:19, 17.96it/s]
loss=0.105| sh degree=0| :   3%|▎         | 184/7000 [02:31<06:44, 16.86it/s]
loss=0.094| sh degree=0| :   3%|▎         | 184/7000 [02:31<06:44, 16.86it/s]
loss=0.095| sh degree=0| :   3%|▎         | 184/7000 [02:31<06:44, 16.86it/s]
loss=0.093| sh degree=0| :   3%|▎         | 184/7000 [02:31<06:44, 16.86it/s]
loss=0.096| sh degree=0| :   3%|▎         | 184/7000 [02:31<06:44, 16.86it/s]
loss=0.094| sh degree=0| :   3%|▎         | 184/7000 [02:32<06:44, 16.86it/s]
loss=0.094| sh degree=0| :   3%|▎         | 189/7000 [02:32<06:34, 17.24it/s]
loss=0.089| sh degree=0| :   3%|▎         | 189/7000 [02:32<06:34, 17.24it/s]
loss=0.096| sh degree=0| :   3%|▎         | 189/7000 [02:32<06:34, 17.24it/s]
loss=0.106| sh degree=0| :   3%|▎         | 189/7000 [02:32<06:34, 17.24it/s]
loss=0.106| sh degree=0| :   3%|▎         | 192/7000 [02:32<06:11, 18.32it/s]
loss=0.092| sh degree=0| :   3%|▎         | 192/7000 [02:32<06:11, 18.32it/s]
loss=0.089| sh degree=0| :   3%|▎         | 192/7000 [02:32<06:11, 18.32it/s]
loss=0.089| sh degree=0| :   3%|▎         | 194/7000 [02:32<06:24, 17.68it/s]
loss=0.085| sh degree=0| :   3%|▎         | 194/7000 [02:32<06:24, 17.68it/s]
loss=0.096| sh degree=0| :   3%|▎         | 194/7000 [02:32<06:24, 17.68it/s]
loss=0.106| sh degree=0| :   3%|▎         | 194/7000 [02:32<06:24, 17.68it/s]
loss=0.106| sh degree=0| :   3%|▎         | 197/7000 [02:32<06:15, 18.14it/s]
loss=0.083| sh degree=0| :   3%|▎         | 197/7000 [02:32<06:15, 18.14it/s]
loss=0.114| sh degree=0| :   3%|▎         | 197/7000 [02:32<06:15, 18.14it/s]
loss=0.109| sh degree=0| :   3%|▎         | 197/7000 [02:32<06:15, 18.14it/s]
loss=0.094| sh degree=0| :   3%|▎         | 197/7000 [02:32<06:15, 18.14it/s]
loss=0.094| sh degree=0| :   3%|▎         | 201/7000 [02:32<06:09, 18.41it/s]
loss=0.125| sh degree=0| :   3%|▎         | 201/7000 [02:32<06:09, 18.41it/s]
loss=0.098| sh degree=0| :   3%|▎         | 201/7000 [02:33<06:09, 18.41it/s]
loss=0.098| sh degree=0| :   3%|▎         | 203/7000 [02:33<07:41, 14.72it/s]
loss=0.100| sh degree=0| :   3%|▎         | 203/7000 [02:33<07:41, 14.72it/s]
loss=0.087| sh degree=0| :   3%|▎         | 203/7000 [02:33<07:41, 14.72it/s]
loss=0.084| sh degree=0| :   3%|▎         | 203/7000 [02:33<07:41, 14.72it/s]
loss=0.092| sh degree=0| :   3%|▎         | 203/7000 [02:33<07:41, 14.72it/s]
loss=0.091| sh degree=0| :   3%|▎         | 203/7000 [02:33<07:41, 14.72it/s]
loss=0.097| sh degree=0| :   3%|▎         | 203/7000 [02:33<07:41, 14.72it/s]
loss=0.097| sh degree=0| :   3%|▎         | 209/7000 [02:33<05:02, 22.47it/s]
loss=0.120| sh degree=0| :   3%|▎         | 209/7000 [02:33<05:02, 22.47it/s]
loss=0.094| sh degree=0| :   3%|▎         | 209/7000 [02:33<05:02, 22.47it/s]
loss=0.087| sh degree=0| :   3%|▎         | 209/7000 [02:33<05:02, 22.47it/s]
loss=0.087| sh degree=0| :   3%|▎         | 212/7000 [02:33<06:34, 17.22it/s]
loss=0.091| sh degree=0| :   3%|▎         | 212/7000 [02:33<06:34, 17.22it/s]
loss=0.102| sh degree=0| :   3%|▎         | 212/7000 [02:33<06:34, 17.22it/s]
loss=0.109| sh degree=0| :   3%|▎         | 212/7000 [02:33<06:34, 17.22it/s]
loss=0.109| sh degree=0| :   3%|▎         | 215/7000 [02:33<06:37, 17.05it/s]
loss=0.100| sh degree=0| :   3%|▎         | 215/7000 [02:33<06:37, 17.05it/s]
loss=0.093| sh degree=0| :   3%|▎         | 215/7000 [02:33<06:37, 17.05it/s]
loss=0.097| sh degree=0| :   3%|▎         | 215/7000 [02:33<06:37, 17.05it/s]
loss=0.094| sh degree=0| :   3%|▎         | 215/7000 [02:34<06:37, 17.05it/s]
loss=0.094| sh degree=0| :   3%|▎         | 219/7000 [02:34<08:20, 13.55it/s]
loss=0.084| sh degree=0| :   3%|▎         | 219/7000 [02:34<08:20, 13.55it/s]
loss=0.089| sh degree=0| :   3%|▎         | 219/7000 [02:34<08:20, 13.55it/s]
loss=0.111| sh degree=0| :   3%|▎         | 219/7000 [02:34<08:20, 13.55it/s]
loss=0.081| sh degree=0| :   3%|▎         | 219/7000 [02:34<08:20, 13.55it/s]
loss=0.081| sh degree=0| :   3%|▎         | 219/7000 [02:34<08:20, 13.55it/s]
loss=0.081| sh degree=0| :   3%|▎         | 224/7000 [02:34<06:06, 18.48it/s]
loss=0.101| sh degree=0| :   3%|▎         | 224/7000 [02:34<06:06, 18.48it/s]
loss=0.089| sh degree=0| :   3%|▎         | 224/7000 [02:34<06:06, 18.48it/s]
loss=0.094| sh degree=0| :   3%|▎         | 224/7000 [02:34<06:06, 18.48it/s]
loss=0.082| sh degree=0| :   3%|▎         | 224/7000 [02:34<06:06, 18.48it/s]
loss=0.082| sh degree=0| :   3%|▎         | 228/7000 [02:34<05:53, 19.15it/s]
loss=0.087| sh degree=0| :   3%|▎         | 228/7000 [02:34<05:53, 19.15it/s]
loss=0.104| sh degree=0| :   3%|▎         | 228/7000 [02:34<05:53, 19.15it/s]
loss=0.079| sh degree=0| :   3%|▎         | 228/7000 [02:34<05:53, 19.15it/s]
loss=0.102| sh degree=0| :   3%|▎         | 228/7000 [02:34<05:53, 19.15it/s]
loss=0.102| sh degree=0| :   3%|▎         | 232/7000 [02:34<05:56, 18.97it/s]
loss=0.095| sh degree=0| :   3%|▎         | 232/7000 [02:34<05:56, 18.97it/s]
loss=0.089| sh degree=0| :   3%|▎         | 232/7000 [02:34<05:56, 18.97it/s]
loss=0.082| sh degree=0| :   3%|▎         | 232/7000 [02:34<05:56, 18.97it/s]
loss=0.085| sh degree=0| :   3%|▎         | 232/7000 [02:34<05:56, 18.97it/s]
loss=0.085| sh degree=0| :   3%|▎         | 236/7000 [02:34<05:05, 22.13it/s]
loss=0.079| sh degree=0| :   3%|▎         | 236/7000 [02:34<05:05, 22.13it/s]
loss=0.094| sh degree=0| :   3%|▎         | 236/7000 [02:34<05:05, 22.13it/s]
loss=0.082| sh degree=0| :   3%|▎         | 236/7000 [02:34<05:05, 22.13it/s]
loss=0.082| sh degree=0| :   3%|▎         | 239/7000 [02:34<05:04, 22.22it/s]
loss=0.092| sh degree=0| :   3%|▎         | 239/7000 [02:34<05:04, 22.22it/s]
loss=0.083| sh degree=0| :   3%|▎         | 239/7000 [02:34<05:04, 22.22it/s]
loss=0.085| sh degree=0| :   3%|▎         | 239/7000 [02:35<05:04, 22.22it/s]
loss=0.085| sh degree=0| :   3%|▎         | 242/7000 [02:35<06:50, 16.44it/s]
loss=0.096| sh degree=0| :   3%|▎         | 242/7000 [02:35<06:50, 16.44it/s]
loss=0.091| sh degree=0| :   3%|▎         | 242/7000 [02:35<06:50, 16.44it/s]
loss=0.106| sh degree=0| :   3%|▎         | 242/7000 [02:35<06:50, 16.44it/s]
loss=0.083| sh degree=0| :   3%|▎         | 242/7000 [02:35<06:50, 16.44it/s]
loss=0.083| sh degree=0| :   4%|▎         | 246/7000 [02:35<06:05, 18.46it/s]
loss=0.087| sh degree=0| :   4%|▎         | 246/7000 [02:35<06:05, 18.46it/s]
loss=0.084| sh degree=0| :   4%|▎         | 246/7000 [02:35<06:05, 18.46it/s]
loss=0.097| sh degree=0| :   4%|▎         | 246/7000 [02:35<06:05, 18.46it/s]
loss=0.086| sh degree=0| :   4%|▎         | 246/7000 [02:35<06:05, 18.46it/s]
loss=0.086| sh degree=0| :   4%|▎         | 250/7000 [02:35<05:19, 21.15it/s]
loss=0.089| sh degree=0| :   4%|▎         | 250/7000 [02:35<05:19, 21.15it/s]
loss=0.097| sh degree=0| :   4%|▎         | 250/7000 [02:35<05:19, 21.15it/s]
loss=0.103| sh degree=0| :   4%|▎         | 250/7000 [02:35<05:19, 21.15it/s]
loss=0.103| sh degree=0| :   4%|▎         | 253/7000 [02:35<05:54, 19.02it/s]
loss=0.097| sh degree=0| :   4%|▎         | 253/7000 [02:35<05:54, 19.02it/s]
loss=0.079| sh degree=0| :   4%|▎         | 253/7000 [02:35<05:54, 19.02it/s]
loss=0.090| sh degree=0| :   4%|▎         | 253/7000 [02:35<05:54, 19.02it/s]
loss=0.090| sh degree=0| :   4%|▎         | 256/7000 [02:35<07:32, 14.92it/s]
loss=0.087| sh degree=0| :   4%|▎         | 256/7000 [02:35<07:32, 14.92it/s]
loss=0.084| sh degree=0| :   4%|▎         | 256/7000 [02:35<07:32, 14.92it/s]
loss=0.101| sh degree=0| :   4%|▎         | 256/7000 [02:35<07:32, 14.92it/s]
loss=0.075| sh degree=0| :   4%|▎         | 256/7000 [02:36<07:32, 14.92it/s]
loss=0.075| sh degree=0| :   4%|▎         | 260/7000 [02:36<06:39, 16.88it/s]
loss=0.087| sh degree=0| :   4%|▎         | 260/7000 [02:36<06:39, 16.88it/s]
loss=0.075| sh degree=0| :   4%|▎         | 260/7000 [02:36<06:39, 16.88it/s]
loss=0.095| sh degree=0| :   4%|▎         | 260/7000 [02:36<06:39, 16.88it/s]
loss=0.085| sh degree=0| :   4%|▎         | 260/7000 [02:36<06:39, 16.88it/s]
loss=0.085| sh degree=0| :   4%|▍         | 264/7000 [02:36<05:25, 20.72it/s]
loss=0.076| sh degree=0| :   4%|▍         | 264/7000 [02:36<05:25, 20.72it/s]
loss=0.092| sh degree=0| :   4%|▍         | 264/7000 [02:36<05:25, 20.72it/s]
loss=0.080| sh degree=0| :   4%|▍         | 264/7000 [02:36<05:25, 20.72it/s]
loss=0.080| sh degree=0| :   4%|▍         | 267/7000 [02:36<05:20, 21.03it/s]
loss=0.084| sh degree=0| :   4%|▍         | 267/7000 [02:36<05:20, 21.03it/s]
loss=0.091| sh degree=0| :   4%|▍         | 267/7000 [02:36<05:20, 21.03it/s]
loss=0.075| sh degree=0| :   4%|▍         | 267/7000 [02:36<05:20, 21.03it/s]
loss=0.075| sh degree=0| :   4%|▍         | 270/7000 [02:36<05:14, 21.40it/s]
loss=0.073| sh degree=0| :   4%|▍         | 270/7000 [02:36<05:14, 21.40it/s]
loss=0.090| sh degree=0| :   4%|▍         | 270/7000 [02:36<05:14, 21.40it/s]
loss=0.074| sh degree=0| :   4%|▍         | 270/7000 [02:36<05:14, 21.40it/s]
loss=0.074| sh degree=0| :   4%|▍         | 273/7000 [02:36<04:52, 22.97it/s]
loss=0.089| sh degree=0| :   4%|▍         | 273/7000 [02:36<04:52, 22.97it/s]
loss=0.074| sh degree=0| :   4%|▍         | 273/7000 [02:36<04:52, 22.97it/s]
loss=0.089| sh degree=0| :   4%|▍         | 273/7000 [02:36<04:52, 22.97it/s]
loss=0.089| sh degree=0| :   4%|▍         | 276/7000 [02:36<04:40, 23.96it/s]
loss=0.077| sh degree=0| :   4%|▍         | 276/7000 [02:36<04:40, 23.96it/s]
loss=0.096| sh degree=0| :   4%|▍         | 276/7000 [02:36<04:40, 23.96it/s]
loss=0.090| sh degree=0| :   4%|▍         | 276/7000 [02:36<04:40, 23.96it/s]
loss=0.090| sh degree=0| :   4%|▍         | 279/7000 [02:36<04:47, 23.34it/s]
loss=0.095| sh degree=0| :   4%|▍         | 279/7000 [02:36<04:47, 23.34it/s]
loss=0.090| sh degree=0| :   4%|▍         | 279/7000 [02:36<04:47, 23.34it/s]
loss=0.088| sh degree=0| :   4%|▍         | 279/7000 [02:36<04:47, 23.34it/s]
loss=0.088| sh degree=0| :   4%|▍         | 282/7000 [02:36<05:11, 21.59it/s]
loss=0.089| sh degree=0| :   4%|▍         | 282/7000 [02:37<05:11, 21.59it/s]
loss=0.070| sh degree=0| :   4%|▍         | 282/7000 [02:37<05:11, 21.59it/s]
loss=0.070| sh degree=0| :   4%|▍         | 282/7000 [02:37<05:11, 21.59it/s]
loss=0.070| sh degree=0| :   4%|▍         | 285/7000 [02:37<05:09, 21.68it/s]
loss=0.088| sh degree=0| :   4%|▍         | 285/7000 [02:37<05:09, 21.68it/s]
loss=0.078| sh degree=0| :   4%|▍         | 285/7000 [02:37<05:09, 21.68it/s]
loss=0.086| sh degree=0| :   4%|▍         | 285/7000 [02:37<05:09, 21.68it/s]
loss=0.086| sh degree=0| :   4%|▍         | 288/7000 [02:37<05:05, 21.98it/s]
loss=0.089| sh degree=0| :   4%|▍         | 288/7000 [02:37<05:05, 21.98it/s]
loss=0.071| sh degree=0| :   4%|▍         | 288/7000 [02:37<05:05, 21.98it/s]
loss=0.099| sh degree=0| :   4%|▍         | 288/7000 [02:37<05:05, 21.98it/s]
loss=0.099| sh degree=0| :   4%|▍         | 291/7000 [02:37<05:01, 22.27it/s]
loss=0.072| sh degree=0| :   4%|▍         | 291/7000 [02:37<05:01, 22.27it/s]
loss=0.072| sh degree=0| :   4%|▍         | 291/7000 [02:37<05:01, 22.27it/s]
loss=0.083| sh degree=0| :   4%|▍         | 291/7000 [02:37<05:01, 22.27it/s]
loss=0.083| sh degree=0| :   4%|▍         | 294/7000 [02:37<04:40, 23.92it/s]
loss=0.087| sh degree=0| :   4%|▍         | 294/7000 [02:37<04:40, 23.92it/s]
loss=0.083| sh degree=0| :   4%|▍         | 294/7000 [02:37<04:40, 23.92it/s]
loss=0.079| sh degree=0| :   4%|▍         | 294/7000 [02:37<04:40, 23.92it/s]
loss=0.079| sh degree=0| :   4%|▍         | 297/7000 [02:37<05:03, 22.07it/s]
loss=0.078| sh degree=0| :   4%|▍         | 297/7000 [02:37<05:03, 22.07it/s]
loss=0.083| sh degree=0| :   4%|▍         | 297/7000 [02:37<05:03, 22.07it/s]
loss=0.110| sh degree=0| :   4%|▍         | 297/7000 [02:37<05:03, 22.07it/s]
loss=0.110| sh degree=0| :   4%|▍         | 300/7000 [02:37<05:09, 21.67it/s]
loss=0.090| sh degree=0| :   4%|▍         | 300/7000 [02:37<05:09, 21.67it/s]
loss=0.083| sh degree=0| :   4%|▍         | 300/7000 [02:37<05:09, 21.67it/s]
loss=0.087| sh degree=0| :   4%|▍         | 300/7000 [02:37<05:09, 21.67it/s]
loss=0.087| sh degree=0| :   4%|▍         | 303/7000 [02:37<05:17, 21.11it/s]
loss=0.085| sh degree=0| :   4%|▍         | 303/7000 [02:37<05:17, 21.11it/s]
loss=0.078| sh degree=0| :   4%|▍         | 303/7000 [02:38<05:17, 21.11it/s]
loss=0.071| sh degree=0| :   4%|▍         | 303/7000 [02:38<05:17, 21.11it/s]
loss=0.071| sh degree=0| :   4%|▍         | 306/7000 [02:38<05:17, 21.08it/s]
loss=0.085| sh degree=0| :   4%|▍         | 306/7000 [02:38<05:17, 21.08it/s]
loss=0.080| sh degree=0| :   4%|▍         | 306/7000 [02:38<05:17, 21.08it/s]
loss=0.083| sh degree=0| :   4%|▍         | 306/7000 [02:38<05:17, 21.08it/s]
loss=0.083| sh degree=0| :   4%|▍         | 309/7000 [02:38<05:05, 21.89it/s]
loss=0.085| sh degree=0| :   4%|▍         | 309/7000 [02:38<05:05, 21.89it/s]
loss=0.072| sh degree=0| :   4%|▍         | 309/7000 [02:38<05:05, 21.89it/s]
loss=0.089| sh degree=0| :   4%|▍         | 309/7000 [02:38<05:05, 21.89it/s]
loss=0.089| sh degree=0| :   4%|▍         | 312/7000 [02:38<04:54, 22.70it/s]
loss=0.078| sh degree=0| :   4%|▍         | 312/7000 [02:38<04:54, 22.70it/s]
loss=0.080| sh degree=0| :   4%|▍         | 312/7000 [02:38<04:54, 22.70it/s]
loss=0.077| sh degree=0| :   4%|▍         | 312/7000 [02:38<04:54, 22.70it/s]
loss=0.077| sh degree=0| :   4%|▍         | 315/7000 [02:38<05:22, 20.75it/s]
loss=0.086| sh degree=0| :   4%|▍         | 315/7000 [02:38<05:22, 20.75it/s]
loss=0.081| sh degree=0| :   4%|▍         | 315/7000 [02:38<05:22, 20.75it/s]
loss=0.092| sh degree=0| :   4%|▍         | 315/7000 [02:38<05:22, 20.75it/s]
loss=0.092| sh degree=0| :   5%|▍         | 318/7000 [02:38<05:21, 20.77it/s]
loss=0.082| sh degree=0| :   5%|▍         | 318/7000 [02:38<05:21, 20.77it/s]
loss=0.084| sh degree=0| :   5%|▍         | 318/7000 [02:38<05:21, 20.77it/s]
loss=0.079| sh degree=0| :   5%|▍         | 318/7000 [02:38<05:21, 20.77it/s]
loss=0.075| sh degree=0| :   5%|▍         | 318/7000 [02:38<05:21, 20.77it/s]
loss=0.075| sh degree=0| :   5%|▍         | 322/7000 [02:38<04:52, 22.85it/s]
loss=0.075| sh degree=0| :   5%|▍         | 322/7000 [02:38<04:52, 22.85it/s]
loss=0.082| sh degree=0| :   5%|▍         | 322/7000 [02:38<04:52, 22.85it/s]
loss=0.079| sh degree=0| :   5%|▍         | 322/7000 [02:38<04:52, 22.85it/s]
loss=0.079| sh degree=0| :   5%|▍         | 325/7000 [02:38<05:06, 21.79it/s]
loss=0.070| sh degree=0| :   5%|▍         | 325/7000 [02:38<05:06, 21.79it/s]
loss=0.079| sh degree=0| :   5%|▍         | 325/7000 [02:39<05:06, 21.79it/s]
loss=0.068| sh degree=0| :   5%|▍         | 325/7000 [02:39<05:06, 21.79it/s]
loss=0.068| sh degree=0| :   5%|▍         | 328/7000 [02:39<05:10, 21.51it/s]
loss=0.076| sh degree=0| :   5%|▍         | 328/7000 [02:39<05:10, 21.51it/s]
loss=0.087| sh degree=0| :   5%|▍         | 328/7000 [02:39<05:10, 21.51it/s]
loss=0.074| sh degree=0| :   5%|▍         | 328/7000 [02:39<05:10, 21.51it/s]
loss=0.074| sh degree=0| :   5%|▍         | 331/7000 [02:39<04:53, 22.74it/s]
loss=0.087| sh degree=0| :   5%|▍         | 331/7000 [02:39<04:53, 22.74it/s]
loss=0.104| sh degree=0| :   5%|▍         | 331/7000 [02:39<04:53, 22.74it/s]
loss=0.090| sh degree=0| :   5%|▍         | 331/7000 [02:39<04:53, 22.74it/s]
loss=0.090| sh degree=0| :   5%|▍         | 334/7000 [02:39<04:52, 22.78it/s]
loss=0.067| sh degree=0| :   5%|▍         | 334/7000 [02:39<04:52, 22.78it/s]
loss=0.068| sh degree=0| :   5%|▍         | 334/7000 [02:39<04:52, 22.78it/s]
loss=0.068| sh degree=0| :   5%|▍         | 334/7000 [02:39<04:52, 22.78it/s]
loss=0.068| sh degree=0| :   5%|▍         | 337/7000 [02:39<04:49, 22.98it/s]
loss=0.074| sh degree=0| :   5%|▍         | 337/7000 [02:39<04:49, 22.98it/s]
loss=0.081| sh degree=0| :   5%|▍         | 337/7000 [02:39<04:49, 22.98it/s]
loss=0.070| sh degree=0| :   5%|▍         | 337/7000 [02:39<04:49, 22.98it/s]
loss=0.070| sh degree=0| :   5%|▍         | 340/7000 [02:39<04:55, 22.57it/s]
loss=0.096| sh degree=0| :   5%|▍         | 340/7000 [02:39<04:55, 22.57it/s]
loss=0.078| sh degree=0| :   5%|▍         | 340/7000 [02:39<04:55, 22.57it/s]
loss=0.081| sh degree=0| :   5%|▍         | 340/7000 [02:39<04:55, 22.57it/s]
loss=0.081| sh degree=0| :   5%|▍         | 343/7000 [02:39<05:07, 21.65it/s]
loss=0.080| sh degree=0| :   5%|▍         | 343/7000 [02:39<05:07, 21.65it/s]
loss=0.083| sh degree=0| :   5%|▍         | 343/7000 [02:39<05:07, 21.65it/s]
loss=0.080| sh degree=0| :   5%|▍         | 343/7000 [02:39<05:07, 21.65it/s]
loss=0.080| sh degree=0| :   5%|▍         | 346/7000 [02:39<05:06, 21.70it/s]
loss=0.079| sh degree=0| :   5%|▍         | 346/7000 [02:39<05:06, 21.70it/s]
loss=0.085| sh degree=0| :   5%|▍         | 346/7000 [02:39<05:06, 21.70it/s]
loss=0.107| sh degree=0| :   5%|▍         | 346/7000 [02:40<05:06, 21.70it/s]
loss=0.107| sh degree=0| :   5%|▍         | 349/7000 [02:40<05:32, 20.00it/s]
loss=0.069| sh degree=0| :   5%|▍         | 349/7000 [02:40<05:32, 20.00it/s]
loss=0.098| sh degree=0| :   5%|▍         | 349/7000 [02:40<05:32, 20.00it/s]
loss=0.074| sh degree=0| :   5%|▍         | 349/7000 [02:40<05:32, 20.00it/s]
loss=0.074| sh degree=0| :   5%|▌         | 352/7000 [02:40<05:39, 19.60it/s]
loss=0.104| sh degree=0| :   5%|▌         | 352/7000 [02:40<05:39, 19.60it/s]
loss=0.112| sh degree=0| :   5%|▌         | 352/7000 [02:40<05:39, 19.60it/s]
loss=0.085| sh degree=0| :   5%|▌         | 352/7000 [02:40<05:39, 19.60it/s]
loss=0.085| sh degree=0| :   5%|▌         | 355/7000 [02:40<05:29, 20.16it/s]
loss=0.079| sh degree=0| :   5%|▌         | 355/7000 [02:40<05:29, 20.16it/s]
loss=0.089| sh degree=0| :   5%|▌         | 355/7000 [02:40<05:29, 20.16it/s]
loss=0.074| sh degree=0| :   5%|▌         | 355/7000 [02:40<05:29, 20.16it/s]
loss=0.074| sh degree=0| :   5%|▌         | 358/7000 [02:40<05:28, 20.19it/s]
loss=0.079| sh degree=0| :   5%|▌         | 358/7000 [02:40<05:28, 20.19it/s]
loss=0.079| sh degree=0| :   5%|▌         | 358/7000 [02:40<05:28, 20.19it/s]
loss=0.068| sh degree=0| :   5%|▌         | 358/7000 [02:40<05:28, 20.19it/s]
loss=0.068| sh degree=0| :   5%|▌         | 361/7000 [02:40<05:20, 20.71it/s]
loss=0.067| sh degree=0| :   5%|▌         | 361/7000 [02:40<05:20, 20.71it/s]
loss=0.065| sh degree=0| :   5%|▌         | 361/7000 [02:40<05:20, 20.71it/s]
loss=0.086| sh degree=0| :   5%|▌         | 361/7000 [02:40<05:20, 20.71it/s]
loss=0.086| sh degree=0| :   5%|▌         | 364/7000 [02:40<04:58, 22.23it/s]
loss=0.094| sh degree=0| :   5%|▌         | 364/7000 [02:40<04:58, 22.23it/s]
loss=0.087| sh degree=0| :   5%|▌         | 364/7000 [02:40<04:58, 22.23it/s]
loss=0.074| sh degree=0| :   5%|▌         | 364/7000 [02:40<04:58, 22.23it/s]
loss=0.074| sh degree=0| :   5%|▌         | 367/7000 [02:40<04:47, 23.08it/s]
loss=0.081| sh degree=0| :   5%|▌         | 367/7000 [02:40<04:47, 23.08it/s]
loss=0.075| sh degree=0| :   5%|▌         | 367/7000 [02:40<04:47, 23.08it/s]
loss=0.070| sh degree=0| :   5%|▌         | 367/7000 [02:40<04:47, 23.08it/s]
loss=0.070| sh degree=0| :   5%|▌         | 370/7000 [02:40<04:31, 24.44it/s]
loss=0.073| sh degree=0| :   5%|▌         | 370/7000 [02:41<04:31, 24.44it/s]
loss=0.077| sh degree=0| :   5%|▌         | 370/7000 [02:41<04:31, 24.44it/s]
loss=0.067| sh degree=0| :   5%|▌         | 370/7000 [02:41<04:31, 24.44it/s]
loss=0.067| sh degree=0| :   5%|▌         | 373/7000 [02:41<04:48, 22.97it/s]
loss=0.076| sh degree=0| :   5%|▌         | 373/7000 [02:41<04:48, 22.97it/s]
loss=0.066| sh degree=0| :   5%|▌         | 373/7000 [02:41<04:48, 22.97it/s]
loss=0.078| sh degree=0| :   5%|▌         | 373/7000 [02:41<04:48, 22.97it/s]
loss=0.078| sh degree=0| :   5%|▌         | 376/7000 [02:41<04:30, 24.51it/s]
loss=0.074| sh degree=0| :   5%|▌         | 376/7000 [02:41<04:30, 24.51it/s]
loss=0.078| sh degree=0| :   5%|▌         | 376/7000 [02:41<04:30, 24.51it/s]
loss=0.082| sh degree=0| :   5%|▌         | 376/7000 [02:41<04:30, 24.51it/s]
loss=0.085| sh degree=0| :   5%|▌         | 376/7000 [02:41<04:30, 24.51it/s]
loss=0.085| sh degree=0| :   5%|▌         | 380/7000 [02:41<04:12, 26.25it/s]
loss=0.066| sh degree=0| :   5%|▌         | 380/7000 [02:41<04:12, 26.25it/s]
loss=0.079| sh degree=0| :   5%|▌         | 380/7000 [02:41<04:12, 26.25it/s]
loss=0.079| sh degree=0| :   5%|▌         | 380/7000 [02:41<04:12, 26.25it/s]
loss=0.079| sh degree=0| :   5%|▌         | 383/7000 [02:41<04:14, 26.01it/s]
loss=0.070| sh degree=0| :   5%|▌         | 383/7000 [02:41<04:14, 26.01it/s]
loss=0.072| sh degree=0| :   5%|▌         | 383/7000 [02:41<04:14, 26.01it/s]
loss=0.077| sh degree=0| :   5%|▌         | 383/7000 [02:41<04:14, 26.01it/s]
loss=0.077| sh degree=0| :   6%|▌         | 386/7000 [02:41<04:12, 26.14it/s]
loss=0.072| sh degree=0| :   6%|▌         | 386/7000 [02:41<04:12, 26.14it/s]
loss=0.083| sh degree=0| :   6%|▌         | 386/7000 [02:41<04:12, 26.14it/s]
loss=0.079| sh degree=0| :   6%|▌         | 386/7000 [02:41<04:12, 26.14it/s]
loss=0.079| sh degree=0| :   6%|▌         | 389/7000 [02:41<04:34, 24.12it/s]
loss=0.072| sh degree=0| :   6%|▌         | 389/7000 [02:41<04:34, 24.12it/s]
loss=0.074| sh degree=0| :   6%|▌         | 389/7000 [02:41<04:34, 24.12it/s]
loss=0.077| sh degree=0| :   6%|▌         | 389/7000 [02:41<04:34, 24.12it/s]
loss=0.077| sh degree=0| :   6%|▌         | 392/7000 [02:41<04:24, 25.02it/s]
loss=0.079| sh degree=0| :   6%|▌         | 392/7000 [02:41<04:24, 25.02it/s]
loss=0.084| sh degree=0| :   6%|▌         | 392/7000 [02:41<04:24, 25.02it/s]
loss=0.065| sh degree=0| :   6%|▌         | 392/7000 [02:41<04:24, 25.02it/s]
loss=0.065| sh degree=0| :   6%|▌         | 395/7000 [02:41<04:19, 25.46it/s]
loss=0.073| sh degree=0| :   6%|▌         | 395/7000 [02:42<04:19, 25.46it/s]
loss=0.076| sh degree=0| :   6%|▌         | 395/7000 [02:42<04:19, 25.46it/s]
loss=0.074| sh degree=0| :   6%|▌         | 395/7000 [02:42<04:19, 25.46it/s]
loss=0.074| sh degree=0| :   6%|▌         | 398/7000 [02:42<04:16, 25.70it/s]
loss=0.111| sh degree=0| :   6%|▌         | 398/7000 [02:42<04:16, 25.70it/s]
loss=0.075| sh degree=0| :   6%|▌         | 398/7000 [02:42<04:16, 25.70it/s]
loss=0.074| sh degree=0| :   6%|▌         | 398/7000 [02:42<04:16, 25.70it/s]
loss=0.081| sh degree=0| :   6%|▌         | 398/7000 [02:42<04:16, 25.70it/s]
loss=0.081| sh degree=0| :   6%|▌         | 402/7000 [02:42<04:49, 22.79it/s]
loss=0.070| sh degree=0| :   6%|▌         | 402/7000 [02:42<04:49, 22.79it/s]
loss=0.068| sh degree=0| :   6%|▌         | 402/7000 [02:42<04:49, 22.79it/s]
loss=0.075| sh degree=0| :   6%|▌         | 402/7000 [02:42<04:49, 22.79it/s]
loss=0.099| sh degree=0| :   6%|▌         | 402/7000 [02:42<04:49, 22.79it/s]
loss=0.099| sh degree=0| :   6%|▌         | 406/7000 [02:42<04:26, 24.70it/s]
loss=0.075| sh degree=0| :   6%|▌         | 406/7000 [02:42<04:26, 24.70it/s]
loss=0.073| sh degree=0| :   6%|▌         | 406/7000 [02:42<04:26, 24.70it/s]
loss=0.074| sh degree=0| :   6%|▌         | 406/7000 [02:42<04:26, 24.70it/s]
loss=0.074| sh degree=0| :   6%|▌         | 409/7000 [02:42<04:23, 25.03it/s]
loss=0.068| sh degree=0| :   6%|▌         | 409/7000 [02:42<04:23, 25.03it/s]
loss=0.104| sh degree=0| :   6%|▌         | 409/7000 [02:42<04:23, 25.03it/s]
loss=0.065| sh degree=0| :   6%|▌         | 409/7000 [02:42<04:23, 25.03it/s]
loss=0.074| sh degree=0| :   6%|▌         | 409/7000 [02:42<04:23, 25.03it/s]
loss=0.074| sh degree=0| :   6%|▌         | 413/7000 [02:42<04:03, 27.08it/s]
loss=0.077| sh degree=0| :   6%|▌         | 413/7000 [02:42<04:03, 27.08it/s]
loss=0.078| sh degree=0| :   6%|▌         | 413/7000 [02:42<04:03, 27.08it/s]
loss=0.076| sh degree=0| :   6%|▌         | 413/7000 [02:42<04:03, 27.08it/s]
loss=0.076| sh degree=0| :   6%|▌         | 416/7000 [02:42<04:05, 26.86it/s]
loss=0.092| sh degree=0| :   6%|▌         | 416/7000 [02:42<04:05, 26.86it/s]
loss=0.081| sh degree=0| :   6%|▌         | 416/7000 [02:42<04:05, 26.86it/s]
loss=0.079| sh degree=0| :   6%|▌         | 416/7000 [02:42<04:05, 26.86it/s]
loss=0.079| sh degree=0| :   6%|▌         | 419/7000 [02:42<04:25, 24.74it/s]
loss=0.075| sh degree=0| :   6%|▌         | 419/7000 [02:42<04:25, 24.74it/s]
loss=0.067| sh degree=0| :   6%|▌         | 419/7000 [02:42<04:25, 24.74it/s]
loss=0.075| sh degree=0| :   6%|▌         | 419/7000 [02:43<04:25, 24.74it/s]
loss=0.075| sh degree=0| :   6%|▌         | 422/7000 [02:43<04:29, 24.43it/s]
loss=0.073| sh degree=0| :   6%|▌         | 422/7000 [02:43<04:29, 24.43it/s]
loss=0.088| sh degree=0| :   6%|▌         | 422/7000 [02:43<04:29, 24.43it/s]
loss=0.089| sh degree=0| :   6%|▌         | 422/7000 [02:43<04:29, 24.43it/s]
loss=0.089| sh degree=0| :   6%|▌         | 425/7000 [02:43<04:25, 24.77it/s]
loss=0.081| sh degree=0| :   6%|▌         | 425/7000 [02:43<04:25, 24.77it/s]
loss=0.071| sh degree=0| :   6%|▌         | 425/7000 [02:43<04:25, 24.77it/s]
loss=0.066| sh degree=0| :   6%|▌         | 425/7000 [02:43<04:25, 24.77it/s]
loss=0.066| sh degree=0| :   6%|▌         | 428/7000 [02:43<04:31, 24.25it/s]
loss=0.090| sh degree=0| :   6%|▌         | 428/7000 [02:43<04:31, 24.25it/s]
loss=0.072| sh degree=0| :   6%|▌         | 428/7000 [02:43<04:31, 24.25it/s]
loss=0.075| sh degree=0| :   6%|▌         | 428/7000 [02:43<04:31, 24.25it/s]
loss=0.075| sh degree=0| :   6%|▌         | 431/7000 [02:43<04:33, 24.02it/s]
loss=0.063| sh degree=0| :   6%|▌         | 431/7000 [02:43<04:33, 24.02it/s]
loss=0.086| sh degree=0| :   6%|▌         | 431/7000 [02:43<04:33, 24.02it/s]
loss=0.071| sh degree=0| :   6%|▌         | 431/7000 [02:43<04:33, 24.02it/s]
loss=0.071| sh degree=0| :   6%|▌         | 434/7000 [02:43<04:50, 22.58it/s]
loss=0.076| sh degree=0| :   6%|▌         | 434/7000 [02:43<04:50, 22.58it/s]
loss=0.070| sh degree=0| :   6%|▌         | 434/7000 [02:43<04:50, 22.58it/s]
loss=0.066| sh degree=0| :   6%|▌         | 434/7000 [02:43<04:50, 22.58it/s]
loss=0.066| sh degree=0| :   6%|▌         | 437/7000 [02:43<04:47, 22.81it/s]
loss=0.076| sh degree=0| :   6%|▌         | 437/7000 [02:43<04:47, 22.81it/s]
loss=0.075| sh degree=0| :   6%|▌         | 437/7000 [02:43<04:47, 22.81it/s]
loss=0.076| sh degree=0| :   6%|▌         | 437/7000 [02:43<04:47, 22.81it/s]
loss=0.076| sh degree=0| :   6%|▋         | 440/7000 [02:43<04:42, 23.19it/s]
loss=0.075| sh degree=0| :   6%|▋         | 440/7000 [02:43<04:42, 23.19it/s]
loss=0.072| sh degree=0| :   6%|▋         | 440/7000 [02:43<04:42, 23.19it/s]
loss=0.069| sh degree=0| :   6%|▋         | 440/7000 [02:43<04:42, 23.19it/s]
loss=0.069| sh degree=0| :   6%|▋         | 443/7000 [02:43<05:05, 21.44it/s]
loss=0.076| sh degree=0| :   6%|▋         | 443/7000 [02:44<05:05, 21.44it/s]
loss=0.074| sh degree=0| :   6%|▋         | 443/7000 [02:44<05:05, 21.44it/s]
loss=0.065| sh degree=0| :   6%|▋         | 443/7000 [02:44<05:05, 21.44it/s]
loss=0.065| sh degree=0| :   6%|▋         | 446/7000 [02:44<05:05, 21.42it/s]
loss=0.072| sh degree=0| :   6%|▋         | 446/7000 [02:44<05:05, 21.42it/s]
loss=0.072| sh degree=0| :   6%|▋         | 446/7000 [02:44<05:05, 21.42it/s]
loss=0.073| sh degree=0| :   6%|▋         | 446/7000 [02:44<05:05, 21.42it/s]
loss=0.073| sh degree=0| :   6%|▋         | 449/7000 [02:44<05:12, 20.95it/s]
loss=0.071| sh degree=0| :   6%|▋         | 449/7000 [02:44<05:12, 20.95it/s]
loss=0.063| sh degree=0| :   6%|▋         | 449/7000 [02:44<05:12, 20.95it/s]
loss=0.078| sh degree=0| :   6%|▋         | 449/7000 [02:44<05:12, 20.95it/s]
loss=0.078| sh degree=0| :   6%|▋         | 452/7000 [02:44<04:57, 22.02it/s]
loss=0.072| sh degree=0| :   6%|▋         | 452/7000 [02:44<04:57, 22.02it/s]
loss=0.068| sh degree=0| :   6%|▋         | 452/7000 [02:44<04:57, 22.02it/s]
loss=0.072| sh degree=0| :   6%|▋         | 452/7000 [02:44<04:57, 22.02it/s]
loss=0.072| sh degree=0| :   6%|▋         | 455/7000 [02:44<04:47, 22.74it/s]
loss=0.063| sh degree=0| :   6%|▋         | 455/7000 [02:44<04:47, 22.74it/s]
loss=0.107| sh degree=0| :   6%|▋         | 455/7000 [02:44<04:47, 22.74it/s]
loss=0.067| sh degree=0| :   6%|▋         | 455/7000 [02:44<04:47, 22.74it/s]
loss=0.067| sh degree=0| :   7%|▋         | 458/7000 [02:44<04:27, 24.46it/s]
loss=0.068| sh degree=0| :   7%|▋         | 458/7000 [02:44<04:27, 24.46it/s]
loss=0.068| sh degree=0| :   7%|▋         | 458/7000 [02:44<04:27, 24.46it/s]
loss=0.090| sh degree=0| :   7%|▋         | 458/7000 [02:44<04:27, 24.46it/s]
loss=0.090| sh degree=0| :   7%|▋         | 461/7000 [02:44<04:39, 23.37it/s]
loss=0.077| sh degree=0| :   7%|▋         | 461/7000 [02:44<04:39, 23.37it/s]
loss=0.068| sh degree=0| :   7%|▋         | 461/7000 [02:44<04:39, 23.37it/s]
loss=0.075| sh degree=0| :   7%|▋         | 461/7000 [02:44<04:39, 23.37it/s]
loss=0.075| sh degree=0| :   7%|▋         | 464/7000 [02:44<04:57, 21.97it/s]
loss=0.062| sh degree=0| :   7%|▋         | 464/7000 [02:44<04:57, 21.97it/s]
loss=0.085| sh degree=0| :   7%|▋         | 464/7000 [02:45<04:57, 21.97it/s]
loss=0.068| sh degree=0| :   7%|▋         | 464/7000 [02:45<04:57, 21.97it/s]
loss=0.068| sh degree=0| :   7%|▋         | 467/7000 [02:45<05:00, 21.76it/s]
loss=0.069| sh degree=0| :   7%|▋         | 467/7000 [02:45<05:00, 21.76it/s]
loss=0.068| sh degree=0| :   7%|▋         | 467/7000 [02:45<05:00, 21.76it/s]
loss=0.074| sh degree=0| :   7%|▋         | 467/7000 [02:45<05:00, 21.76it/s]
loss=0.074| sh degree=0| :   7%|▋         | 470/7000 [02:45<04:37, 23.50it/s]
loss=0.086| sh degree=0| :   7%|▋         | 470/7000 [02:45<04:37, 23.50it/s]
loss=0.066| sh degree=0| :   7%|▋         | 470/7000 [02:45<04:37, 23.50it/s]
loss=0.066| sh degree=0| :   7%|▋         | 470/7000 [02:45<04:37, 23.50it/s]
loss=0.066| sh degree=0| :   7%|▋         | 473/7000 [02:45<04:21, 24.91it/s]
loss=0.065| sh degree=0| :   7%|▋         | 473/7000 [02:45<04:21, 24.91it/s]
loss=0.073| sh degree=0| :   7%|▋         | 473/7000 [02:45<04:21, 24.91it/s]
loss=0.077| sh degree=0| :   7%|▋         | 473/7000 [02:45<04:21, 24.91it/s]
loss=0.077| sh degree=0| :   7%|▋         | 476/7000 [02:45<04:08, 26.25it/s]
loss=0.061| sh degree=0| :   7%|▋         | 476/7000 [02:45<04:08, 26.25it/s]
loss=0.077| sh degree=0| :   7%|▋         | 476/7000 [02:45<04:08, 26.25it/s]
loss=0.062| sh degree=0| :   7%|▋         | 476/7000 [02:45<04:08, 26.25it/s]
loss=0.062| sh degree=0| :   7%|▋         | 479/7000 [02:45<04:17, 25.31it/s]
loss=0.071| sh degree=0| :   7%|▋         | 479/7000 [02:45<04:17, 25.31it/s]
loss=0.071| sh degree=0| :   7%|▋         | 479/7000 [02:45<04:17, 25.31it/s]
loss=0.064| sh degree=0| :   7%|▋         | 479/7000 [02:45<04:17, 25.31it/s]
loss=0.088| sh degree=0| :   7%|▋         | 479/7000 [02:45<04:17, 25.31it/s]
loss=0.088| sh degree=0| :   7%|▋         | 483/7000 [02:45<04:11, 25.91it/s]
loss=0.068| sh degree=0| :   7%|▋         | 483/7000 [02:45<04:11, 25.91it/s]
loss=0.105| sh degree=0| :   7%|▋         | 483/7000 [02:45<04:11, 25.91it/s]
loss=0.067| sh degree=0| :   7%|▋         | 483/7000 [02:45<04:11, 25.91it/s]
loss=0.067| sh degree=0| :   7%|▋         | 486/7000 [02:45<04:13, 25.74it/s]
loss=0.068| sh degree=0| :   7%|▋         | 486/7000 [02:45<04:13, 25.74it/s]
loss=0.073| sh degree=0| :   7%|▋         | 486/7000 [02:45<04:13, 25.74it/s]
loss=0.094| sh degree=0| :   7%|▋         | 486/7000 [02:45<04:13, 25.74it/s]
loss=0.094| sh degree=0| :   7%|▋         | 489/7000 [02:45<04:15, 25.52it/s]
loss=0.063| sh degree=0| :   7%|▋         | 489/7000 [02:45<04:15, 25.52it/s]
loss=0.082| sh degree=0| :   7%|▋         | 489/7000 [02:45<04:15, 25.52it/s]
loss=0.078| sh degree=0| :   7%|▋         | 489/7000 [02:46<04:15, 25.52it/s]
loss=0.078| sh degree=0| :   7%|▋         | 492/7000 [02:46<04:41, 23.11it/s]
loss=0.064| sh degree=0| :   7%|▋         | 492/7000 [02:46<04:41, 23.11it/s]
loss=0.073| sh degree=0| :   7%|▋         | 492/7000 [02:46<04:41, 23.11it/s]
loss=0.074| sh degree=0| :   7%|▋         | 492/7000 [02:46<04:41, 23.11it/s]
loss=0.074| sh degree=0| :   7%|▋         | 495/7000 [02:46<04:34, 23.69it/s]
loss=0.061| sh degree=0| :   7%|▋         | 495/7000 [02:46<04:34, 23.69it/s]
loss=0.068| sh degree=0| :   7%|▋         | 495/7000 [02:46<04:34, 23.69it/s]
loss=0.067| sh degree=0| :   7%|▋         | 495/7000 [02:46<04:34, 23.69it/s]
loss=0.067| sh degree=0| :   7%|▋         | 498/7000 [02:46<05:00, 21.65it/s]
loss=0.090| sh degree=0| :   7%|▋         | 498/7000 [02:46<05:00, 21.65it/s]
loss=0.075| sh degree=0| :   7%|▋         | 498/7000 [02:46<05:00, 21.65it/s]
loss=0.068| sh degree=0| :   7%|▋         | 498/7000 [02:46<05:00, 21.65it/s]
loss=0.068| sh degree=0| :   7%|▋         | 501/7000 [02:46<05:18, 20.41it/s]
loss=0.074| sh degree=0| :   7%|▋         | 501/7000 [02:46<05:18, 20.41it/s]
loss=0.076| sh degree=0| :   7%|▋         | 501/7000 [02:46<05:18, 20.41it/s]
loss=0.073| sh degree=0| :   7%|▋         | 501/7000 [02:46<05:18, 20.41it/s]
loss=0.064| sh degree=0| :   7%|▋         | 501/7000 [02:46<05:18, 20.41it/s]
loss=0.070| sh degree=0| :   7%|▋         | 501/7000 [02:46<05:18, 20.41it/s]
loss=0.070| sh degree=0| :   7%|▋         | 506/7000 [02:46<04:10, 25.93it/s]
loss=0.062| sh degree=0| :   7%|▋         | 506/7000 [02:46<04:10, 25.93it/s]
loss=0.066| sh degree=0| :   7%|▋         | 506/7000 [02:46<04:10, 25.93it/s]
loss=0.068| sh degree=0| :   7%|▋         | 506/7000 [02:46<04:10, 25.93it/s]
loss=0.068| sh degree=0| :   7%|▋         | 509/7000 [02:46<04:02, 26.74it/s]
loss=0.075| sh degree=0| :   7%|▋         | 509/7000 [02:46<04:02, 26.74it/s]
loss=0.074| sh degree=0| :   7%|▋         | 509/7000 [02:46<04:02, 26.74it/s]
loss=0.065| sh degree=0| :   7%|▋         | 509/7000 [02:46<04:02, 26.74it/s]
loss=0.065| sh degree=0| :   7%|▋         | 512/7000 [02:46<05:22, 20.13it/s]
loss=0.061| sh degree=0| :   7%|▋         | 512/7000 [02:47<05:22, 20.13it/s]
loss=0.062| sh degree=0| :   7%|▋         | 512/7000 [02:47<05:22, 20.13it/s]
loss=0.068| sh degree=0| :   7%|▋         | 512/7000 [02:47<05:22, 20.13it/s]
loss=0.068| sh degree=0| :   7%|▋         | 515/7000 [02:47<05:50, 18.51it/s]
loss=0.060| sh degree=0| :   7%|▋         | 515/7000 [02:47<05:50, 18.51it/s]
loss=0.075| sh degree=0| :   7%|▋         | 515/7000 [02:47<05:50, 18.51it/s]
loss=0.067| sh degree=0| :   7%|▋         | 515/7000 [02:47<05:50, 18.51it/s]
loss=0.069| sh degree=0| :   7%|▋         | 515/7000 [02:47<05:50, 18.51it/s]
loss=0.065| sh degree=0| :   7%|▋         | 515/7000 [02:47<05:50, 18.51it/s]
loss=0.065| sh degree=0| :   7%|▋         | 520/7000 [02:47<04:50, 22.30it/s]
loss=0.060| sh degree=0| :   7%|▋         | 520/7000 [02:47<04:50, 22.30it/s]
loss=0.068| sh degree=0| :   7%|▋         | 520/7000 [02:47<04:50, 22.30it/s]
loss=0.071| sh degree=0| :   7%|▋         | 520/7000 [02:47<04:50, 22.30it/s]
loss=0.071| sh degree=0| :   7%|▋         | 523/7000 [02:47<04:47, 22.53it/s]
loss=0.099| sh degree=0| :   7%|▋         | 523/7000 [02:47<04:47, 22.53it/s]
loss=0.071| sh degree=0| :   7%|▋         | 523/7000 [02:47<04:47, 22.53it/s]
loss=0.072| sh degree=0| :   7%|▋         | 523/7000 [02:47<04:47, 22.53it/s]
loss=0.072| sh degree=0| :   8%|▊         | 526/7000 [02:47<05:07, 21.06it/s]
loss=0.064| sh degree=0| :   8%|▊         | 526/7000 [02:47<05:07, 21.06it/s]
loss=0.065| sh degree=0| :   8%|▊         | 526/7000 [02:47<05:07, 21.06it/s]
loss=0.074| sh degree=0| :   8%|▊         | 526/7000 [02:47<05:07, 21.06it/s]
loss=0.074| sh degree=0| :   8%|▊         | 529/7000 [02:47<04:43, 22.84it/s]
loss=0.073| sh degree=0| :   8%|▊         | 529/7000 [02:47<04:43, 22.84it/s]
loss=0.059| sh degree=0| :   8%|▊         | 529/7000 [02:47<04:43, 22.84it/s]
loss=0.085| sh degree=0| :   8%|▊         | 529/7000 [02:47<04:43, 22.84it/s]
loss=0.085| sh degree=0| :   8%|▊         | 532/7000 [02:47<04:39, 23.15it/s]
loss=0.090| sh degree=0| :   8%|▊         | 532/7000 [02:47<04:39, 23.15it/s]
loss=0.067| sh degree=0| :   8%|▊         | 532/7000 [02:47<04:39, 23.15it/s]
loss=0.061| sh degree=0| :   8%|▊         | 532/7000 [02:47<04:39, 23.15it/s]
loss=0.061| sh degree=0| :   8%|▊         | 535/7000 [02:47<04:23, 24.50it/s]
loss=0.060| sh degree=0| :   8%|▊         | 535/7000 [02:47<04:23, 24.50it/s]
loss=0.081| sh degree=0| :   8%|▊         | 535/7000 [02:48<04:23, 24.50it/s]
loss=0.070| sh degree=0| :   8%|▊         | 535/7000 [02:48<04:23, 24.50it/s]
loss=0.070| sh degree=0| :   8%|▊         | 538/7000 [02:48<04:17, 25.06it/s]
loss=0.062| sh degree=0| :   8%|▊         | 538/7000 [02:48<04:17, 25.06it/s]
loss=0.067| sh degree=0| :   8%|▊         | 538/7000 [02:48<04:17, 25.06it/s]
loss=0.072| sh degree=0| :   8%|▊         | 538/7000 [02:48<04:17, 25.06it/s]
loss=0.072| sh degree=0| :   8%|▊         | 541/7000 [02:48<04:21, 24.70it/s]
loss=0.072| sh degree=0| :   8%|▊         | 541/7000 [02:48<04:21, 24.70it/s]
loss=0.064| sh degree=0| :   8%|▊         | 541/7000 [02:48<04:21, 24.70it/s]
loss=0.069| sh degree=0| :   8%|▊         | 541/7000 [02:48<04:21, 24.70it/s]
loss=0.069| sh degree=0| :   8%|▊         | 544/7000 [02:48<04:08, 25.93it/s]
loss=0.068| sh degree=0| :   8%|▊         | 544/7000 [02:48<04:08, 25.93it/s]
loss=0.070| sh degree=0| :   8%|▊         | 544/7000 [02:48<04:08, 25.93it/s]
loss=0.075| sh degree=0| :   8%|▊         | 544/7000 [02:48<04:08, 25.93it/s]
loss=0.075| sh degree=0| :   8%|▊         | 547/7000 [02:48<04:09, 25.86it/s]
loss=0.060| sh degree=0| :   8%|▊         | 547/7000 [02:48<04:09, 25.86it/s]
loss=0.071| sh degree=0| :   8%|▊         | 547/7000 [02:48<04:09, 25.86it/s]
loss=0.077| sh degree=0| :   8%|▊         | 547/7000 [02:48<04:09, 25.86it/s]
loss=0.077| sh degree=0| :   8%|▊         | 550/7000 [02:48<04:05, 26.23it/s]
loss=0.070| sh degree=0| :   8%|▊         | 550/7000 [02:48<04:05, 26.23it/s]
loss=0.079| sh degree=0| :   8%|▊         | 550/7000 [02:48<04:05, 26.23it/s]
loss=0.068| sh degree=0| :   8%|▊         | 550/7000 [02:48<04:05, 26.23it/s]
loss=0.068| sh degree=0| :   8%|▊         | 553/7000 [02:48<04:01, 26.65it/s]
loss=0.077| sh degree=0| :   8%|▊         | 553/7000 [02:48<04:01, 26.65it/s]
loss=0.088| sh degree=0| :   8%|▊         | 553/7000 [02:48<04:01, 26.65it/s]
loss=0.096| sh degree=0| :   8%|▊         | 553/7000 [02:48<04:01, 26.65it/s]
loss=0.096| sh degree=0| :   8%|▊         | 556/7000 [02:48<04:08, 25.98it/s]
loss=0.087| sh degree=0| :   8%|▊         | 556/7000 [02:48<04:08, 25.98it/s]
loss=0.070| sh degree=0| :   8%|▊         | 556/7000 [02:48<04:08, 25.98it/s]
loss=0.063| sh degree=0| :   8%|▊         | 556/7000 [02:48<04:08, 25.98it/s]
loss=0.063| sh degree=0| :   8%|▊         | 559/7000 [02:48<04:25, 24.25it/s]
loss=0.071| sh degree=0| :   8%|▊         | 559/7000 [02:48<04:25, 24.25it/s]
loss=0.062| sh degree=0| :   8%|▊         | 559/7000 [02:48<04:25, 24.25it/s]
loss=0.059| sh degree=0| :   8%|▊         | 559/7000 [02:49<04:25, 24.25it/s]
loss=0.059| sh degree=0| :   8%|▊         | 562/7000 [02:49<04:42, 22.82it/s]
loss=0.070| sh degree=0| :   8%|▊         | 562/7000 [02:49<04:42, 22.82it/s]
loss=0.071| sh degree=0| :   8%|▊         | 562/7000 [02:49<04:42, 22.82it/s]
loss=0.072| sh degree=0| :   8%|▊         | 562/7000 [02:49<04:42, 22.82it/s]
loss=0.072| sh degree=0| :   8%|▊         | 565/7000 [02:49<05:10, 20.75it/s]
loss=0.068| sh degree=0| :   8%|▊         | 565/7000 [02:49<05:10, 20.75it/s]
loss=0.085| sh degree=0| :   8%|▊         | 565/7000 [02:49<05:10, 20.75it/s]
loss=0.064| sh degree=0| :   8%|▊         | 565/7000 [02:49<05:10, 20.75it/s]
loss=0.064| sh degree=0| :   8%|▊         | 568/7000 [02:49<05:15, 20.40it/s]
loss=0.081| sh degree=0| :   8%|▊         | 568/7000 [02:49<05:15, 20.40it/s]
loss=0.066| sh degree=0| :   8%|▊         | 568/7000 [02:49<05:15, 20.40it/s]
loss=0.061| sh degree=0| :   8%|▊         | 568/7000 [02:49<05:15, 20.40it/s]
loss=0.061| sh degree=0| :   8%|▊         | 571/7000 [02:49<05:13, 20.53it/s]
loss=0.072| sh degree=0| :   8%|▊         | 571/7000 [02:49<05:13, 20.53it/s]
loss=0.079| sh degree=0| :   8%|▊         | 571/7000 [02:49<05:13, 20.53it/s]
loss=0.075| sh degree=0| :   8%|▊         | 571/7000 [02:49<05:13, 20.53it/s]
loss=0.075| sh degree=0| :   8%|▊         | 574/7000 [02:49<05:29, 19.53it/s]
loss=0.072| sh degree=0| :   8%|▊         | 574/7000 [02:49<05:29, 19.53it/s]
loss=0.069| sh degree=0| :   8%|▊         | 574/7000 [02:49<05:29, 19.53it/s]
loss=0.069| sh degree=0| :   8%|▊         | 576/7000 [02:49<05:32, 19.32it/s]
loss=0.074| sh degree=0| :   8%|▊         | 576/7000 [02:49<05:32, 19.32it/s]
loss=0.059| sh degree=0| :   8%|▊         | 576/7000 [02:49<05:32, 19.32it/s]
loss=0.059| sh degree=0| :   8%|▊         | 578/7000 [02:49<05:51, 18.29it/s]
loss=0.070| sh degree=0| :   8%|▊         | 578/7000 [02:49<05:51, 18.29it/s]
loss=0.073| sh degree=0| :   8%|▊         | 578/7000 [02:50<05:51, 18.29it/s]
loss=0.075| sh degree=0| :   8%|▊         | 578/7000 [02:50<05:51, 18.29it/s]
loss=0.075| sh degree=0| :   8%|▊         | 581/7000 [02:50<05:33, 19.27it/s]
loss=0.067| sh degree=0| :   8%|▊         | 581/7000 [02:50<05:33, 19.27it/s]
loss=0.059| sh degree=0| :   8%|▊         | 581/7000 [02:50<05:33, 19.27it/s]
loss=0.058| sh degree=0| :   8%|▊         | 581/7000 [02:50<05:33, 19.27it/s]
loss=0.058| sh degree=0| :   8%|▊         | 584/7000 [02:50<05:19, 20.06it/s]
loss=0.077| sh degree=0| :   8%|▊         | 584/7000 [02:50<05:19, 20.06it/s]
loss=0.068| sh degree=0| :   8%|▊         | 584/7000 [02:50<05:19, 20.06it/s]
loss=0.063| sh degree=0| :   8%|▊         | 584/7000 [02:50<05:19, 20.06it/s]
loss=0.063| sh degree=0| :   8%|▊         | 587/7000 [02:50<05:01, 21.26it/s]
loss=0.060| sh degree=0| :   8%|▊         | 587/7000 [02:50<05:01, 21.26it/s]
loss=0.066| sh degree=0| :   8%|▊         | 587/7000 [02:50<05:01, 21.26it/s]
loss=0.064| sh degree=0| :   8%|▊         | 587/7000 [02:50<05:01, 21.26it/s]
loss=0.064| sh degree=0| :   8%|▊         | 590/7000 [02:50<04:50, 22.08it/s]
loss=0.059| sh degree=0| :   8%|▊         | 590/7000 [02:50<04:50, 22.08it/s]
loss=0.060| sh degree=0| :   8%|▊         | 590/7000 [02:50<04:50, 22.08it/s]
loss=0.065| sh degree=0| :   8%|▊         | 590/7000 [02:50<04:50, 22.08it/s]
loss=0.065| sh degree=0| :   8%|▊         | 593/7000 [02:50<05:07, 20.80it/s]
loss=0.059| sh degree=0| :   8%|▊         | 593/7000 [02:50<05:07, 20.80it/s]
loss=0.065| sh degree=0| :   8%|▊         | 593/7000 [02:50<05:07, 20.80it/s]
loss=0.073| sh degree=0| :   8%|▊         | 593/7000 [02:50<05:07, 20.80it/s]
loss=0.073| sh degree=0| :   9%|▊         | 596/7000 [02:50<05:15, 20.28it/s]
loss=0.058| sh degree=0| :   9%|▊         | 596/7000 [02:50<05:15, 20.28it/s]
loss=0.076| sh degree=0| :   9%|▊         | 596/7000 [02:50<05:15, 20.28it/s]
loss=0.072| sh degree=0| :   9%|▊         | 596/7000 [02:50<05:15, 20.28it/s]
loss=0.072| sh degree=0| :   9%|▊         | 599/7000 [02:50<04:45, 22.43it/s]
loss=0.063| sh degree=0| :   9%|▊         | 599/7000 [02:50<04:45, 22.43it/s]
loss=0.061| sh degree=0| :   9%|▊         | 599/7000 [02:50<04:45, 22.43it/s]
loss=0.120| sh degree=0| :   9%|▊         | 599/7000 [02:51<04:45, 22.43it/s]
loss=0.120| sh degree=0| :   9%|▊         | 602/7000 [02:51<06:57, 15.31it/s]
loss=0.123| sh degree=0| :   9%|▊         | 602/7000 [02:51<06:57, 15.31it/s]
loss=0.170| sh degree=0| :   9%|▊         | 602/7000 [02:51<06:57, 15.31it/s]
loss=0.122| sh degree=0| :   9%|▊         | 602/7000 [02:51<06:57, 15.31it/s]
loss=0.151| sh degree=0| :   9%|▊         | 602/7000 [02:51<06:57, 15.31it/s]
loss=0.096| sh degree=0| :   9%|▊         | 602/7000 [02:51<06:57, 15.31it/s]
loss=0.112| sh degree=0| :   9%|▊         | 602/7000 [02:51<06:57, 15.31it/s]
loss=0.112| sh degree=0| :   9%|▊         | 608/7000 [02:51<04:35, 23.21it/s]
loss=0.088| sh degree=0| :   9%|▊         | 608/7000 [02:51<04:35, 23.21it/s]
loss=0.097| sh degree=0| :   9%|▊         | 608/7000 [02:51<04:35, 23.21it/s]
loss=0.109| sh degree=0| :   9%|▊         | 608/7000 [02:51<04:35, 23.21it/s]
loss=0.081| sh degree=0| :   9%|▊         | 608/7000 [02:51<04:35, 23.21it/s]
loss=0.081| sh degree=0| :   9%|▊         | 612/7000 [02:51<04:41, 22.67it/s]
loss=0.090| sh degree=0| :   9%|▊         | 612/7000 [02:51<04:41, 22.67it/s]
loss=0.082| sh degree=0| :   9%|▊         | 612/7000 [02:51<04:41, 22.67it/s]
loss=0.099| sh degree=0| :   9%|▊         | 612/7000 [02:51<04:41, 22.67it/s]
loss=0.099| sh degree=0| :   9%|▉         | 615/7000 [02:51<05:03, 21.06it/s]
loss=0.085| sh degree=0| :   9%|▉         | 615/7000 [02:51<05:03, 21.06it/s]
loss=0.083| sh degree=0| :   9%|▉         | 615/7000 [02:51<05:03, 21.06it/s]
loss=0.075| sh degree=0| :   9%|▉         | 615/7000 [02:51<05:03, 21.06it/s]
loss=0.080| sh degree=0| :   9%|▉         | 615/7000 [02:51<05:03, 21.06it/s]
loss=0.080| sh degree=0| :   9%|▉         | 619/7000 [02:51<04:49, 22.05it/s]
loss=0.071| sh degree=0| :   9%|▉         | 619/7000 [02:51<04:49, 22.05it/s]
loss=0.083| sh degree=0| :   9%|▉         | 619/7000 [02:51<04:49, 22.05it/s]
loss=0.076| sh degree=0| :   9%|▉         | 619/7000 [02:51<04:49, 22.05it/s]
loss=0.076| sh degree=0| :   9%|▉         | 622/7000 [02:51<04:58, 21.36it/s]
loss=0.093| sh degree=0| :   9%|▉         | 622/7000 [02:52<04:58, 21.36it/s]
loss=0.085| sh degree=0| :   9%|▉         | 622/7000 [02:52<04:58, 21.36it/s]
loss=0.067| sh degree=0| :   9%|▉         | 622/7000 [02:52<04:58, 21.36it/s]
loss=0.067| sh degree=0| :   9%|▉         | 625/7000 [02:52<05:34, 19.06it/s]
loss=0.074| sh degree=0| :   9%|▉         | 625/7000 [02:52<05:34, 19.06it/s]
loss=0.064| sh degree=0| :   9%|▉         | 625/7000 [02:52<05:34, 19.06it/s]
loss=0.073| sh degree=0| :   9%|▉         | 625/7000 [02:52<05:34, 19.06it/s]
loss=0.073| sh degree=0| :   9%|▉         | 628/7000 [02:52<05:25, 19.60it/s]
loss=0.095| sh degree=0| :   9%|▉         | 628/7000 [02:52<05:25, 19.60it/s]
loss=0.078| sh degree=0| :   9%|▉         | 628/7000 [02:52<05:25, 19.60it/s]
loss=0.078| sh degree=0| :   9%|▉         | 628/7000 [02:52<05:25, 19.60it/s]
loss=0.078| sh degree=0| :   9%|▉         | 631/7000 [02:52<05:24, 19.63it/s]
loss=0.082| sh degree=0| :   9%|▉         | 631/7000 [02:52<05:24, 19.63it/s]
loss=0.077| sh degree=0| :   9%|▉         | 631/7000 [02:52<05:24, 19.63it/s]
loss=0.066| sh degree=0| :   9%|▉         | 631/7000 [02:52<05:24, 19.63it/s]
loss=0.066| sh degree=0| :   9%|▉         | 634/7000 [02:52<05:13, 20.30it/s]
loss=0.065| sh degree=0| :   9%|▉         | 634/7000 [02:52<05:13, 20.30it/s]
loss=0.077| sh degree=0| :   9%|▉         | 634/7000 [02:52<05:13, 20.30it/s]
loss=0.066| sh degree=0| :   9%|▉         | 634/7000 [02:52<05:13, 20.30it/s]
loss=0.066| sh degree=0| :   9%|▉         | 637/7000 [02:52<05:21, 19.81it/s]
loss=0.069| sh degree=0| :   9%|▉         | 637/7000 [02:52<05:21, 19.81it/s]
loss=0.076| sh degree=0| :   9%|▉         | 637/7000 [02:52<05:21, 19.81it/s]
loss=0.088| sh degree=0| :   9%|▉         | 637/7000 [02:52<05:21, 19.81it/s]
loss=0.088| sh degree=0| :   9%|▉         | 640/7000 [02:52<05:28, 19.38it/s]
loss=0.076| sh degree=0| :   9%|▉         | 640/7000 [02:52<05:28, 19.38it/s]
loss=0.095| sh degree=0| :   9%|▉         | 640/7000 [02:53<05:28, 19.38it/s]
loss=0.073| sh degree=0| :   9%|▉         | 640/7000 [02:53<05:28, 19.38it/s]
loss=0.073| sh degree=0| :   9%|▉         | 643/7000 [02:53<05:22, 19.71it/s]
loss=0.070| sh degree=0| :   9%|▉         | 643/7000 [02:53<05:22, 19.71it/s]
loss=0.060| sh degree=0| :   9%|▉         | 643/7000 [02:53<05:22, 19.71it/s]
loss=0.073| sh degree=0| :   9%|▉         | 643/7000 [02:53<05:22, 19.71it/s]
loss=0.073| sh degree=0| :   9%|▉         | 646/7000 [02:53<05:14, 20.22it/s]
loss=0.067| sh degree=0| :   9%|▉         | 646/7000 [02:53<05:14, 20.22it/s]
loss=0.086| sh degree=0| :   9%|▉         | 646/7000 [02:53<05:14, 20.22it/s]
loss=0.063| sh degree=0| :   9%|▉         | 646/7000 [02:53<05:14, 20.22it/s]
loss=0.063| sh degree=0| :   9%|▉         | 649/7000 [02:53<04:51, 21.76it/s]
loss=0.066| sh degree=0| :   9%|▉         | 649/7000 [02:53<04:51, 21.76it/s]
loss=0.063| sh degree=0| :   9%|▉         | 649/7000 [02:53<04:51, 21.76it/s]
loss=0.071| sh degree=0| :   9%|▉         | 649/7000 [02:53<04:51, 21.76it/s]
loss=0.071| sh degree=0| :   9%|▉         | 652/7000 [02:53<04:51, 21.81it/s]
loss=0.078| sh degree=0| :   9%|▉         | 652/7000 [02:53<04:51, 21.81it/s]
loss=0.055| sh degree=0| :   9%|▉         | 652/7000 [02:53<04:51, 21.81it/s]
loss=0.072| sh degree=0| :   9%|▉         | 652/7000 [02:53<04:51, 21.81it/s]
loss=0.072| sh degree=0| :   9%|▉         | 655/7000 [02:53<04:37, 22.83it/s]
loss=0.095| sh degree=0| :   9%|▉         | 655/7000 [02:53<04:37, 22.83it/s]
loss=0.072| sh degree=0| :   9%|▉         | 655/7000 [02:53<04:37, 22.83it/s]
loss=0.071| sh degree=0| :   9%|▉         | 655/7000 [02:53<04:37, 22.83it/s]
loss=0.071| sh degree=0| :   9%|▉         | 658/7000 [02:53<04:34, 23.09it/s]
loss=0.066| sh degree=0| :   9%|▉         | 658/7000 [02:53<04:34, 23.09it/s]
loss=0.072| sh degree=0| :   9%|▉         | 658/7000 [02:53<04:34, 23.09it/s]
loss=0.069| sh degree=0| :   9%|▉         | 658/7000 [02:53<04:34, 23.09it/s]
loss=0.069| sh degree=0| :   9%|▉         | 661/7000 [02:53<04:35, 23.00it/s]
loss=0.055| sh degree=0| :   9%|▉         | 661/7000 [02:53<04:35, 23.00it/s]
loss=0.074| sh degree=0| :   9%|▉         | 661/7000 [02:53<04:35, 23.00it/s]
loss=0.091| sh degree=0| :   9%|▉         | 661/7000 [02:53<04:35, 23.00it/s]
loss=0.091| sh degree=0| :   9%|▉         | 664/7000 [02:53<04:19, 24.39it/s]
loss=0.079| sh degree=0| :   9%|▉         | 664/7000 [02:53<04:19, 24.39it/s]
loss=0.063| sh degree=0| :   9%|▉         | 664/7000 [02:54<04:19, 24.39it/s]
loss=0.067| sh degree=0| :   9%|▉         | 664/7000 [02:54<04:19, 24.39it/s]
loss=0.067| sh degree=0| :  10%|▉         | 667/7000 [02:54<04:16, 24.66it/s]
loss=0.073| sh degree=0| :  10%|▉         | 667/7000 [02:54<04:16, 24.66it/s]
loss=0.071| sh degree=0| :  10%|▉         | 667/7000 [02:54<04:16, 24.66it/s]
loss=0.059| sh degree=0| :  10%|▉         | 667/7000 [02:54<04:16, 24.66it/s]
loss=0.059| sh degree=0| :  10%|▉         | 670/7000 [02:54<04:29, 23.47it/s]
loss=0.070| sh degree=0| :  10%|▉         | 670/7000 [02:54<04:29, 23.47it/s]
loss=0.064| sh degree=0| :  10%|▉         | 670/7000 [02:54<04:29, 23.47it/s]
loss=0.062| sh degree=0| :  10%|▉         | 670/7000 [02:54<04:29, 23.47it/s]
loss=0.062| sh degree=0| :  10%|▉         | 673/7000 [02:54<04:46, 22.08it/s]
loss=0.068| sh degree=0| :  10%|▉         | 673/7000 [02:54<04:46, 22.08it/s]
loss=0.089| sh degree=0| :  10%|▉         | 673/7000 [02:54<04:46, 22.08it/s]
loss=0.074| sh degree=0| :  10%|▉         | 673/7000 [02:54<04:46, 22.08it/s]
loss=0.074| sh degree=0| :  10%|▉         | 676/7000 [02:54<04:31, 23.29it/s]
loss=0.071| sh degree=0| :  10%|▉         | 676/7000 [02:54<04:31, 23.29it/s]
loss=0.092| sh degree=0| :  10%|▉         | 676/7000 [02:54<04:31, 23.29it/s]
loss=0.062| sh degree=0| :  10%|▉         | 676/7000 [02:54<04:31, 23.29it/s]
loss=0.062| sh degree=0| :  10%|▉         | 679/7000 [02:54<04:23, 23.97it/s]
loss=0.099| sh degree=0| :  10%|▉         | 679/7000 [02:54<04:23, 23.97it/s]
loss=0.073| sh degree=0| :  10%|▉         | 679/7000 [02:54<04:23, 23.97it/s]
loss=0.072| sh degree=0| :  10%|▉         | 679/7000 [02:54<04:23, 23.97it/s]
loss=0.072| sh degree=0| :  10%|▉         | 682/7000 [02:54<04:16, 24.59it/s]
loss=0.070| sh degree=0| :  10%|▉         | 682/7000 [02:54<04:16, 24.59it/s]
loss=0.065| sh degree=0| :  10%|▉         | 682/7000 [02:54<04:16, 24.59it/s]
loss=0.096| sh degree=0| :  10%|▉         | 682/7000 [02:54<04:16, 24.59it/s]
loss=0.096| sh degree=0| :  10%|▉         | 685/7000 [02:54<04:13, 24.95it/s]
loss=0.059| sh degree=0| :  10%|▉         | 685/7000 [02:54<04:13, 24.95it/s]
loss=0.058| sh degree=0| :  10%|▉         | 685/7000 [02:54<04:13, 24.95it/s]
loss=0.068| sh degree=0| :  10%|▉         | 685/7000 [02:54<04:13, 24.95it/s]
loss=0.068| sh degree=0| :  10%|▉         | 688/7000 [02:54<04:08, 25.37it/s]
loss=0.067| sh degree=0| :  10%|▉         | 688/7000 [02:54<04:08, 25.37it/s]
loss=0.069| sh degree=0| :  10%|▉         | 688/7000 [02:55<04:08, 25.37it/s]
loss=0.068| sh degree=0| :  10%|▉         | 688/7000 [02:55<04:08, 25.37it/s]
loss=0.068| sh degree=0| :  10%|▉         | 691/7000 [02:55<04:04, 25.76it/s]
loss=0.069| sh degree=0| :  10%|▉         | 691/7000 [02:55<04:04, 25.76it/s]
loss=0.061| sh degree=0| :  10%|▉         | 691/7000 [02:55<04:04, 25.76it/s]
loss=0.068| sh degree=0| :  10%|▉         | 691/7000 [02:55<04:04, 25.76it/s]
loss=0.068| sh degree=0| :  10%|▉         | 694/7000 [02:55<04:33, 23.06it/s]
loss=0.058| sh degree=0| :  10%|▉         | 694/7000 [02:55<04:33, 23.06it/s]
loss=0.073| sh degree=0| :  10%|▉         | 694/7000 [02:55<04:33, 23.06it/s]
loss=0.069| sh degree=0| :  10%|▉         | 694/7000 [02:55<04:33, 23.06it/s]
loss=0.069| sh degree=0| :  10%|▉         | 697/7000 [02:55<04:22, 23.97it/s]
loss=0.065| sh degree=0| :  10%|▉         | 697/7000 [02:55<04:22, 23.97it/s]
loss=0.063| sh degree=0| :  10%|▉         | 697/7000 [02:55<04:22, 23.97it/s]
loss=0.055| sh degree=0| :  10%|▉         | 697/7000 [02:55<04:22, 23.97it/s]
loss=0.055| sh degree=0| :  10%|█         | 700/7000 [02:55<04:28, 23.47it/s]
loss=0.083| sh degree=0| :  10%|█         | 700/7000 [02:55<04:28, 23.47it/s]
loss=0.093| sh degree=0| :  10%|█         | 700/7000 [02:55<04:28, 23.47it/s]
loss=0.085| sh degree=0| :  10%|█         | 700/7000 [02:55<04:28, 23.47it/s]
loss=0.085| sh degree=0| :  10%|█         | 703/7000 [02:55<04:33, 23.05it/s]
loss=0.084| sh degree=0| :  10%|█         | 703/7000 [02:55<04:33, 23.05it/s]
loss=0.087| sh degree=0| :  10%|█         | 703/7000 [02:55<04:33, 23.05it/s]
loss=0.073| sh degree=0| :  10%|█         | 703/7000 [02:55<04:33, 23.05it/s]
loss=0.073| sh degree=0| :  10%|█         | 706/7000 [02:55<04:26, 23.64it/s]
loss=0.073| sh degree=0| :  10%|█         | 706/7000 [02:55<04:26, 23.64it/s]
loss=0.077| sh degree=0| :  10%|█         | 706/7000 [02:55<04:26, 23.64it/s]
loss=0.086| sh degree=0| :  10%|█         | 706/7000 [02:55<04:26, 23.64it/s]
loss=0.086| sh degree=0| :  10%|█         | 709/7000 [02:55<04:26, 23.62it/s]
loss=0.068| sh degree=0| :  10%|█         | 709/7000 [02:55<04:26, 23.62it/s]
loss=0.081| sh degree=0| :  10%|█         | 709/7000 [02:55<04:26, 23.62it/s]
loss=0.075| sh degree=0| :  10%|█         | 709/7000 [02:55<04:26, 23.62it/s]
loss=0.075| sh degree=0| :  10%|█         | 712/7000 [02:55<04:29, 23.30it/s]
loss=0.071| sh degree=0| :  10%|█         | 712/7000 [02:56<04:29, 23.30it/s]
loss=0.075| sh degree=0| :  10%|█         | 712/7000 [02:56<04:29, 23.30it/s]
loss=0.076| sh degree=0| :  10%|█         | 712/7000 [02:56<04:29, 23.30it/s]
loss=0.076| sh degree=0| :  10%|█         | 715/7000 [02:56<04:45, 22.01it/s]
loss=0.073| sh degree=0| :  10%|█         | 715/7000 [02:56<04:45, 22.01it/s]
loss=0.072| sh degree=0| :  10%|█         | 715/7000 [02:56<04:45, 22.01it/s]
loss=0.065| sh degree=0| :  10%|█         | 715/7000 [02:56<04:45, 22.01it/s]
loss=0.065| sh degree=0| :  10%|█         | 718/7000 [02:56<04:55, 21.24it/s]
loss=0.083| sh degree=0| :  10%|█         | 718/7000 [02:56<04:55, 21.24it/s]
loss=0.070| sh degree=0| :  10%|█         | 718/7000 [02:56<04:55, 21.24it/s]
loss=0.063| sh degree=0| :  10%|█         | 718/7000 [02:56<04:55, 21.24it/s]
loss=0.063| sh degree=0| :  10%|█         | 721/7000 [02:56<05:02, 20.73it/s]
loss=0.073| sh degree=0| :  10%|█         | 721/7000 [02:56<05:02, 20.73it/s]
loss=0.063| sh degree=0| :  10%|█         | 721/7000 [02:56<05:02, 20.73it/s]
loss=0.101| sh degree=0| :  10%|█         | 721/7000 [02:56<05:02, 20.73it/s]
loss=0.101| sh degree=0| :  10%|█         | 724/7000 [02:56<05:21, 19.51it/s]
loss=0.057| sh degree=0| :  10%|█         | 724/7000 [02:56<05:21, 19.51it/s]
loss=0.056| sh degree=0| :  10%|█         | 724/7000 [02:56<05:21, 19.51it/s]
loss=0.056| sh degree=0| :  10%|█         | 726/7000 [02:56<05:36, 18.64it/s]
loss=0.061| sh degree=0| :  10%|█         | 726/7000 [02:56<05:36, 18.64it/s]
loss=0.063| sh degree=0| :  10%|█         | 726/7000 [02:56<05:36, 18.64it/s]
loss=0.074| sh degree=0| :  10%|█         | 726/7000 [02:56<05:36, 18.64it/s]
loss=0.074| sh degree=0| :  10%|█         | 729/7000 [02:56<05:08, 20.34it/s]
loss=0.065| sh degree=0| :  10%|█         | 729/7000 [02:56<05:08, 20.34it/s]
loss=0.079| sh degree=0| :  10%|█         | 729/7000 [02:56<05:08, 20.34it/s]
loss=0.102| sh degree=0| :  10%|█         | 729/7000 [02:56<05:08, 20.34it/s]
loss=0.102| sh degree=0| :  10%|█         | 732/7000 [02:56<04:50, 21.56it/s]
loss=0.067| sh degree=0| :  10%|█         | 732/7000 [02:57<04:50, 21.56it/s]
loss=0.057| sh degree=0| :  10%|█         | 732/7000 [02:57<04:50, 21.56it/s]
loss=0.055| sh degree=0| :  10%|█         | 732/7000 [02:57<04:50, 21.56it/s]
loss=0.055| sh degree=0| :  10%|█         | 735/7000 [02:57<05:06, 20.47it/s]
loss=0.071| sh degree=0| :  10%|█         | 735/7000 [02:57<05:06, 20.47it/s]
loss=0.082| sh degree=0| :  10%|█         | 735/7000 [02:57<05:06, 20.47it/s]
loss=0.064| sh degree=0| :  10%|█         | 735/7000 [02:57<05:06, 20.47it/s]
loss=0.064| sh degree=0| :  11%|█         | 738/7000 [02:57<05:25, 19.27it/s]
loss=0.079| sh degree=0| :  11%|█         | 738/7000 [02:57<05:25, 19.27it/s]
loss=0.080| sh degree=0| :  11%|█         | 738/7000 [02:57<05:25, 19.27it/s]
loss=0.055| sh degree=0| :  11%|█         | 738/7000 [02:57<05:25, 19.27it/s]
loss=0.070| sh degree=0| :  11%|█         | 738/7000 [02:57<05:25, 19.27it/s]
loss=0.068| sh degree=0| :  11%|█         | 738/7000 [02:57<05:25, 19.27it/s]
loss=0.068| sh degree=0| :  11%|█         | 743/7000 [02:57<04:15, 24.49it/s]
loss=0.054| sh degree=0| :  11%|█         | 743/7000 [02:57<04:15, 24.49it/s]
loss=0.066| sh degree=0| :  11%|█         | 743/7000 [02:57<04:15, 24.49it/s]
loss=0.067| sh degree=0| :  11%|█         | 743/7000 [02:57<04:15, 24.49it/s]
loss=0.067| sh degree=0| :  11%|█         | 746/7000 [02:57<04:13, 24.71it/s]
loss=0.059| sh degree=0| :  11%|█         | 746/7000 [02:57<04:13, 24.71it/s]
loss=0.065| sh degree=0| :  11%|█         | 746/7000 [02:57<04:13, 24.71it/s]
loss=0.061| sh degree=0| :  11%|█         | 746/7000 [02:57<04:13, 24.71it/s]
loss=0.061| sh degree=0| :  11%|█         | 749/7000 [02:57<04:17, 24.24it/s]
loss=0.061| sh degree=0| :  11%|█         | 749/7000 [02:57<04:17, 24.24it/s]
loss=0.061| sh degree=0| :  11%|█         | 749/7000 [02:57<04:17, 24.24it/s]
loss=0.072| sh degree=0| :  11%|█         | 749/7000 [02:57<04:17, 24.24it/s]
loss=0.072| sh degree=0| :  11%|█         | 752/7000 [02:57<04:09, 25.07it/s]
loss=0.068| sh degree=0| :  11%|█         | 752/7000 [02:57<04:09, 25.07it/s]
loss=0.068| sh degree=0| :  11%|█         | 752/7000 [02:57<04:09, 25.07it/s]
loss=0.071| sh degree=0| :  11%|█         | 752/7000 [02:57<04:09, 25.07it/s]
loss=0.071| sh degree=0| :  11%|█         | 755/7000 [02:57<04:10, 24.97it/s]
loss=0.058| sh degree=0| :  11%|█         | 755/7000 [02:57<04:10, 24.97it/s]
loss=0.091| sh degree=0| :  11%|█         | 755/7000 [02:57<04:10, 24.97it/s]
loss=0.072| sh degree=0| :  11%|█         | 755/7000 [02:58<04:10, 24.97it/s]
loss=0.072| sh degree=0| :  11%|█         | 758/7000 [02:58<04:07, 25.20it/s]
loss=0.079| sh degree=0| :  11%|█         | 758/7000 [02:58<04:07, 25.20it/s]
loss=0.072| sh degree=0| :  11%|█         | 758/7000 [02:58<04:07, 25.20it/s]
loss=0.073| sh degree=0| :  11%|█         | 758/7000 [02:58<04:07, 25.20it/s]
loss=0.081| sh degree=0| :  11%|█         | 758/7000 [02:58<04:07, 25.20it/s]
loss=0.081| sh degree=0| :  11%|█         | 762/7000 [02:58<03:45, 27.64it/s]
loss=0.072| sh degree=0| :  11%|█         | 762/7000 [02:58<03:45, 27.64it/s]
loss=0.067| sh degree=0| :  11%|█         | 762/7000 [02:58<03:45, 27.64it/s]
loss=0.064| sh degree=0| :  11%|█         | 762/7000 [02:58<03:45, 27.64it/s]
loss=0.064| sh degree=0| :  11%|█         | 765/7000 [02:58<03:54, 26.61it/s]
loss=0.061| sh degree=0| :  11%|█         | 765/7000 [02:58<03:54, 26.61it/s]
loss=0.076| sh degree=0| :  11%|█         | 765/7000 [02:58<03:54, 26.61it/s]
loss=0.067| sh degree=0| :  11%|█         | 765/7000 [02:58<03:54, 26.61it/s]
loss=0.067| sh degree=0| :  11%|█         | 768/7000 [02:58<05:33, 18.66it/s]
loss=0.063| sh degree=0| :  11%|█         | 768/7000 [02:58<05:33, 18.66it/s]
loss=0.061| sh degree=0| :  11%|█         | 768/7000 [02:58<05:33, 18.66it/s]
loss=0.067| sh degree=0| :  11%|█         | 768/7000 [02:58<05:33, 18.66it/s]
loss=0.067| sh degree=0| :  11%|█         | 771/7000 [02:58<05:13, 19.86it/s]
loss=0.064| sh degree=0| :  11%|█         | 771/7000 [02:58<05:13, 19.86it/s]
loss=0.063| sh degree=0| :  11%|█         | 771/7000 [02:58<05:13, 19.86it/s]
loss=0.061| sh degree=0| :  11%|█         | 771/7000 [02:58<05:13, 19.86it/s]
loss=0.061| sh degree=0| :  11%|█         | 774/7000 [02:58<05:04, 20.42it/s]
loss=0.058| sh degree=0| :  11%|█         | 774/7000 [02:58<05:04, 20.42it/s]
loss=0.059| sh degree=0| :  11%|█         | 774/7000 [02:58<05:04, 20.42it/s]
loss=0.061| sh degree=0| :  11%|█         | 774/7000 [02:58<05:04, 20.42it/s]
loss=0.061| sh degree=0| :  11%|█         | 777/7000 [02:58<04:48, 21.61it/s]
loss=0.062| sh degree=0| :  11%|█         | 777/7000 [02:59<04:48, 21.61it/s]
loss=0.075| sh degree=0| :  11%|█         | 777/7000 [02:59<04:48, 21.61it/s]
loss=0.055| sh degree=0| :  11%|█         | 777/7000 [02:59<04:48, 21.61it/s]
loss=0.055| sh degree=0| :  11%|█         | 780/7000 [02:59<05:18, 19.55it/s]
loss=0.057| sh degree=0| :  11%|█         | 780/7000 [02:59<05:18, 19.55it/s]
loss=0.064| sh degree=0| :  11%|█         | 780/7000 [02:59<05:18, 19.55it/s]
loss=0.064| sh degree=0| :  11%|█         | 780/7000 [02:59<05:18, 19.55it/s]
loss=0.060| sh degree=0| :  11%|█         | 780/7000 [02:59<05:18, 19.55it/s]
loss=0.060| sh degree=0| :  11%|█         | 784/7000 [02:59<04:34, 22.68it/s]
loss=0.055| sh degree=0| :  11%|█         | 784/7000 [02:59<04:34, 22.68it/s]
loss=0.056| sh degree=0| :  11%|█         | 784/7000 [02:59<04:34, 22.68it/s]
loss=0.073| sh degree=0| :  11%|█         | 784/7000 [02:59<04:34, 22.68it/s]
loss=0.073| sh degree=0| :  11%|█         | 787/7000 [02:59<04:37, 22.38it/s]
loss=0.058| sh degree=0| :  11%|█         | 787/7000 [02:59<04:37, 22.38it/s]
loss=0.084| sh degree=0| :  11%|█         | 787/7000 [02:59<04:37, 22.38it/s]
loss=0.066| sh degree=0| :  11%|█         | 787/7000 [02:59<04:37, 22.38it/s]
loss=0.066| sh degree=0| :  11%|█▏        | 790/7000 [02:59<04:29, 23.02it/s]
loss=0.072| sh degree=0| :  11%|█▏        | 790/7000 [02:59<04:29, 23.02it/s]
loss=0.060| sh degree=0| :  11%|█▏        | 790/7000 [02:59<04:29, 23.02it/s]
loss=0.068| sh degree=0| :  11%|█▏        | 790/7000 [02:59<04:29, 23.02it/s]
loss=0.068| sh degree=0| :  11%|█▏        | 793/7000 [02:59<05:01, 20.56it/s]
loss=0.056| sh degree=0| :  11%|█▏        | 793/7000 [02:59<05:01, 20.56it/s]
loss=0.057| sh degree=0| :  11%|█▏        | 793/7000 [02:59<05:01, 20.56it/s]
loss=0.056| sh degree=0| :  11%|█▏        | 793/7000 [02:59<05:01, 20.56it/s]
loss=0.056| sh degree=0| :  11%|█▏        | 796/7000 [02:59<04:45, 21.75it/s]
loss=0.065| sh degree=0| :  11%|█▏        | 796/7000 [02:59<04:45, 21.75it/s]
loss=0.061| sh degree=0| :  11%|█▏        | 796/7000 [02:59<04:45, 21.75it/s]
loss=0.056| sh degree=0| :  11%|█▏        | 796/7000 [02:59<04:45, 21.75it/s]
loss=0.056| sh degree=0| :  11%|█▏        | 799/7000 [02:59<04:44, 21.78it/s]
loss=0.061| sh degree=0| :  11%|█▏        | 799/7000 [03:00<04:44, 21.78it/s]
loss=0.079| sh degree=0| :  11%|█▏        | 799/7000 [03:00<04:44, 21.78it/s]
loss=0.124| sh degree=0| :  11%|█▏        | 799/7000 [03:00<04:44, 21.78it/s]
loss=0.124| sh degree=0| :  11%|█▏        | 802/7000 [03:00<05:27, 18.95it/s]
loss=0.102| sh degree=0| :  11%|█▏        | 802/7000 [03:00<05:27, 18.95it/s]
loss=0.091| sh degree=0| :  11%|█▏        | 802/7000 [03:00<05:27, 18.95it/s]
loss=0.127| sh degree=0| :  11%|█▏        | 802/7000 [03:00<05:27, 18.95it/s]
loss=0.094| sh degree=0| :  11%|█▏        | 802/7000 [03:00<05:27, 18.95it/s]
loss=0.094| sh degree=0| :  12%|█▏        | 806/7000 [03:00<04:36, 22.43it/s]
loss=0.089| sh degree=0| :  12%|█▏        | 806/7000 [03:00<04:36, 22.43it/s]
loss=0.117| sh degree=0| :  12%|█▏        | 806/7000 [03:00<04:36, 22.43it/s]
loss=0.105| sh degree=0| :  12%|█▏        | 806/7000 [03:00<04:36, 22.43it/s]
loss=0.105| sh degree=0| :  12%|█▏        | 809/7000 [03:00<04:34, 22.53it/s]
loss=0.104| sh degree=0| :  12%|█▏        | 809/7000 [03:00<04:34, 22.53it/s]
loss=0.084| sh degree=0| :  12%|█▏        | 809/7000 [03:00<04:34, 22.53it/s]
loss=0.081| sh degree=0| :  12%|█▏        | 809/7000 [03:00<04:34, 22.53it/s]
loss=0.081| sh degree=0| :  12%|█▏        | 812/7000 [03:00<04:21, 23.67it/s]
loss=0.077| sh degree=0| :  12%|█▏        | 812/7000 [03:00<04:21, 23.67it/s]
loss=0.072| sh degree=0| :  12%|█▏        | 812/7000 [03:00<04:21, 23.67it/s]
loss=0.073| sh degree=0| :  12%|█▏        | 812/7000 [03:00<04:21, 23.67it/s]
loss=0.073| sh degree=0| :  12%|█▏        | 815/7000 [03:00<04:20, 23.78it/s]
loss=0.083| sh degree=0| :  12%|█▏        | 815/7000 [03:00<04:20, 23.78it/s]
loss=0.082| sh degree=0| :  12%|█▏        | 815/7000 [03:00<04:20, 23.78it/s]
loss=0.102| sh degree=0| :  12%|█▏        | 815/7000 [03:00<04:20, 23.78it/s]
loss=0.102| sh degree=0| :  12%|█▏        | 818/7000 [03:00<04:24, 23.39it/s]
loss=0.063| sh degree=0| :  12%|█▏        | 818/7000 [03:00<04:24, 23.39it/s]
loss=0.069| sh degree=0| :  12%|█▏        | 818/7000 [03:00<04:24, 23.39it/s]
loss=0.078| sh degree=0| :  12%|█▏        | 818/7000 [03:00<04:24, 23.39it/s]
loss=0.078| sh degree=0| :  12%|█▏        | 821/7000 [03:00<04:23, 23.47it/s]
loss=0.071| sh degree=0| :  12%|█▏        | 821/7000 [03:00<04:23, 23.47it/s]
loss=0.064| sh degree=0| :  12%|█▏        | 821/7000 [03:01<04:23, 23.47it/s]
loss=0.083| sh degree=0| :  12%|█▏        | 821/7000 [03:01<04:23, 23.47it/s]
loss=0.083| sh degree=0| :  12%|█▏        | 824/7000 [03:01<04:25, 23.29it/s]
loss=0.069| sh degree=0| :  12%|█▏        | 824/7000 [03:01<04:25, 23.29it/s]
loss=0.075| sh degree=0| :  12%|█▏        | 824/7000 [03:01<04:25, 23.29it/s]
loss=0.073| sh degree=0| :  12%|█▏        | 824/7000 [03:01<04:25, 23.29it/s]
loss=0.073| sh degree=0| :  12%|█▏        | 827/7000 [03:01<04:32, 22.67it/s]
loss=0.060| sh degree=0| :  12%|█▏        | 827/7000 [03:01<04:32, 22.67it/s]
loss=0.063| sh degree=0| :  12%|█▏        | 827/7000 [03:01<04:32, 22.67it/s]
loss=0.064| sh degree=0| :  12%|█▏        | 827/7000 [03:01<04:32, 22.67it/s]
loss=0.064| sh degree=0| :  12%|█▏        | 830/7000 [03:01<04:41, 21.91it/s]
loss=0.059| sh degree=0| :  12%|█▏        | 830/7000 [03:01<04:41, 21.91it/s]
loss=0.061| sh degree=0| :  12%|█▏        | 830/7000 [03:01<04:41, 21.91it/s]
loss=0.062| sh degree=0| :  12%|█▏        | 830/7000 [03:01<04:41, 21.91it/s]
loss=0.062| sh degree=0| :  12%|█▏        | 833/7000 [03:01<05:22, 19.12it/s]
loss=0.074| sh degree=0| :  12%|█▏        | 833/7000 [03:01<05:22, 19.12it/s]
loss=0.080| sh degree=0| :  12%|█▏        | 833/7000 [03:01<05:22, 19.12it/s]
loss=0.072| sh degree=0| :  12%|█▏        | 833/7000 [03:01<05:22, 19.12it/s]
loss=0.072| sh degree=0| :  12%|█▏        | 836/7000 [03:01<05:08, 19.99it/s]
loss=0.082| sh degree=0| :  12%|█▏        | 836/7000 [03:01<05:08, 19.99it/s]
loss=0.056| sh degree=0| :  12%|█▏        | 836/7000 [03:01<05:08, 19.99it/s]
loss=0.054| sh degree=0| :  12%|█▏        | 836/7000 [03:01<05:08, 19.99it/s]
loss=0.068| sh degree=0| :  12%|█▏        | 836/7000 [03:01<05:08, 19.99it/s]
loss=0.068| sh degree=0| :  12%|█▏        | 840/7000 [03:01<04:31, 22.70it/s]
loss=0.068| sh degree=0| :  12%|█▏        | 840/7000 [03:01<04:31, 22.70it/s]
loss=0.075| sh degree=0| :  12%|█▏        | 840/7000 [03:01<04:31, 22.70it/s]
loss=0.053| sh degree=0| :  12%|█▏        | 840/7000 [03:01<04:31, 22.70it/s]
loss=0.053| sh degree=0| :  12%|█▏        | 843/7000 [03:01<04:31, 22.70it/s]
loss=0.063| sh degree=0| :  12%|█▏        | 843/7000 [03:01<04:31, 22.70it/s]
loss=0.070| sh degree=0| :  12%|█▏        | 843/7000 [03:02<04:31, 22.70it/s]
loss=0.056| sh degree=0| :  12%|█▏        | 843/7000 [03:02<04:31, 22.70it/s]
loss=0.056| sh degree=0| :  12%|█▏        | 846/7000 [03:02<04:32, 22.62it/s]
loss=0.051| sh degree=0| :  12%|█▏        | 846/7000 [03:02<04:32, 22.62it/s]
loss=0.063| sh degree=0| :  12%|█▏        | 846/7000 [03:02<04:32, 22.62it/s]
loss=0.069| sh degree=0| :  12%|█▏        | 846/7000 [03:02<04:32, 22.62it/s]
loss=0.069| sh degree=0| :  12%|█▏        | 849/7000 [03:02<04:58, 20.64it/s]
loss=0.050| sh degree=0| :  12%|█▏        | 849/7000 [03:02<04:58, 20.64it/s]
loss=0.071| sh degree=0| :  12%|█▏        | 849/7000 [03:02<04:58, 20.64it/s]
loss=0.049| sh degree=0| :  12%|█▏        | 849/7000 [03:02<04:58, 20.64it/s]
loss=0.053| sh degree=0| :  12%|█▏        | 849/7000 [03:02<04:58, 20.64it/s]
loss=0.053| sh degree=0| :  12%|█▏        | 853/7000 [03:02<04:26, 23.04it/s]
loss=0.056| sh degree=0| :  12%|█▏        | 853/7000 [03:02<04:26, 23.04it/s]
loss=0.047| sh degree=0| :  12%|█▏        | 853/7000 [03:02<04:26, 23.04it/s]
loss=0.082| sh degree=0| :  12%|█▏        | 853/7000 [03:02<04:26, 23.04it/s]
loss=0.082| sh degree=0| :  12%|█▏        | 856/7000 [03:02<04:40, 21.90it/s]
loss=0.064| sh degree=0| :  12%|█▏        | 856/7000 [03:02<04:40, 21.90it/s]
loss=0.074| sh degree=0| :  12%|█▏        | 856/7000 [03:02<04:40, 21.90it/s]
loss=0.054| sh degree=0| :  12%|█▏        | 856/7000 [03:02<04:40, 21.90it/s]
loss=0.054| sh degree=0| :  12%|█▏        | 859/7000 [03:02<04:31, 22.62it/s]
loss=0.048| sh degree=0| :  12%|█▏        | 859/7000 [03:02<04:31, 22.62it/s]
loss=0.053| sh degree=0| :  12%|█▏        | 859/7000 [03:02<04:31, 22.62it/s]
loss=0.099| sh degree=0| :  12%|█▏        | 859/7000 [03:02<04:31, 22.62it/s]
loss=0.099| sh degree=0| :  12%|█▏        | 862/7000 [03:02<04:21, 23.48it/s]
loss=0.064| sh degree=0| :  12%|█▏        | 862/7000 [03:02<04:21, 23.48it/s]
loss=0.048| sh degree=0| :  12%|█▏        | 862/7000 [03:02<04:21, 23.48it/s]
loss=0.095| sh degree=0| :  12%|█▏        | 862/7000 [03:02<04:21, 23.48it/s]
loss=0.095| sh degree=0| :  12%|█▏        | 865/7000 [03:02<04:25, 23.14it/s]
loss=0.076| sh degree=0| :  12%|█▏        | 865/7000 [03:02<04:25, 23.14it/s]
loss=0.063| sh degree=0| :  12%|█▏        | 865/7000 [03:03<04:25, 23.14it/s]
loss=0.051| sh degree=0| :  12%|█▏        | 865/7000 [03:03<04:25, 23.14it/s]
loss=0.051| sh degree=0| :  12%|█▏        | 868/7000 [03:03<04:37, 22.13it/s]
loss=0.048| sh degree=0| :  12%|█▏        | 868/7000 [03:03<04:37, 22.13it/s]
loss=0.059| sh degree=0| :  12%|█▏        | 868/7000 [03:03<04:37, 22.13it/s]
loss=0.053| sh degree=0| :  12%|█▏        | 868/7000 [03:03<04:37, 22.13it/s]
loss=0.053| sh degree=0| :  12%|█▏        | 871/7000 [03:03<04:32, 22.49it/s]
loss=0.067| sh degree=0| :  12%|█▏        | 871/7000 [03:03<04:32, 22.49it/s]
loss=0.060| sh degree=0| :  12%|█▏        | 871/7000 [03:03<04:32, 22.49it/s]
loss=0.065| sh degree=0| :  12%|█▏        | 871/7000 [03:03<04:32, 22.49it/s]
loss=0.065| sh degree=0| :  12%|█▏        | 874/7000 [03:03<04:30, 22.64it/s]
loss=0.068| sh degree=0| :  12%|█▏        | 874/7000 [03:03<04:30, 22.64it/s]
loss=0.055| sh degree=0| :  12%|█▏        | 874/7000 [03:03<04:30, 22.64it/s]
loss=0.066| sh degree=0| :  12%|█▏        | 874/7000 [03:03<04:30, 22.64it/s]
loss=0.066| sh degree=0| :  13%|█▎        | 877/7000 [03:03<04:22, 23.33it/s]
loss=0.052| sh degree=0| :  13%|█▎        | 877/7000 [03:03<04:22, 23.33it/s]
loss=0.053| sh degree=0| :  13%|█▎        | 877/7000 [03:03<04:22, 23.33it/s]
loss=0.069| sh degree=0| :  13%|█▎        | 877/7000 [03:03<04:22, 23.33it/s]
loss=0.069| sh degree=0| :  13%|█▎        | 880/7000 [03:03<04:30, 22.61it/s]
loss=0.080| sh degree=0| :  13%|█▎        | 880/7000 [03:03<04:30, 22.61it/s]
loss=0.055| sh degree=0| :  13%|█▎        | 880/7000 [03:03<04:30, 22.61it/s]
loss=0.051| sh degree=0| :  13%|█▎        | 880/7000 [03:03<04:30, 22.61it/s]
loss=0.051| sh degree=0| :  13%|█▎        | 883/7000 [03:03<04:34, 22.25it/s]
loss=0.051| sh degree=0| :  13%|█▎        | 883/7000 [03:03<04:34, 22.25it/s]
loss=0.059| sh degree=0| :  13%|█▎        | 883/7000 [03:03<04:34, 22.25it/s]
loss=0.062| sh degree=0| :  13%|█▎        | 883/7000 [03:03<04:34, 22.25it/s]
loss=0.062| sh degree=0| :  13%|█▎        | 886/7000 [03:03<04:54, 20.77it/s]
loss=0.055| sh degree=0| :  13%|█▎        | 886/7000 [03:03<04:54, 20.77it/s]
loss=0.069| sh degree=0| :  13%|█▎        | 886/7000 [03:03<04:54, 20.77it/s]
loss=0.052| sh degree=0| :  13%|█▎        | 886/7000 [03:03<04:54, 20.77it/s]
loss=0.060| sh degree=0| :  13%|█▎        | 886/7000 [03:04<04:54, 20.77it/s]
loss=0.060| sh degree=0| :  13%|█▎        | 890/7000 [03:04<04:56, 20.59it/s]
loss=0.085| sh degree=0| :  13%|█▎        | 890/7000 [03:04<04:56, 20.59it/s]
loss=0.061| sh degree=0| :  13%|█▎        | 890/7000 [03:04<04:56, 20.59it/s]
loss=0.063| sh degree=0| :  13%|█▎        | 890/7000 [03:04<04:56, 20.59it/s]
loss=0.078| sh degree=0| :  13%|█▎        | 890/7000 [03:04<04:56, 20.59it/s]
loss=0.078| sh degree=0| :  13%|█▎        | 894/7000 [03:04<04:31, 22.48it/s]
loss=0.053| sh degree=0| :  13%|█▎        | 894/7000 [03:04<04:31, 22.48it/s]
loss=0.066| sh degree=0| :  13%|█▎        | 894/7000 [03:04<04:31, 22.48it/s]
loss=0.087| sh degree=0| :  13%|█▎        | 894/7000 [03:04<04:31, 22.48it/s]
loss=0.087| sh degree=0| :  13%|█▎        | 897/7000 [03:04<04:32, 22.40it/s]
loss=0.072| sh degree=0| :  13%|█▎        | 897/7000 [03:04<04:32, 22.40it/s]
loss=0.051| sh degree=0| :  13%|█▎        | 897/7000 [03:04<04:32, 22.40it/s]
loss=0.056| sh degree=0| :  13%|█▎        | 897/7000 [03:04<04:32, 22.40it/s]
loss=0.056| sh degree=0| :  13%|█▎        | 900/7000 [03:04<04:34, 22.19it/s]
loss=0.066| sh degree=0| :  13%|█▎        | 900/7000 [03:04<04:34, 22.19it/s]
loss=0.098| sh degree=0| :  13%|█▎        | 900/7000 [03:04<04:34, 22.19it/s]
loss=0.098| sh degree=0| :  13%|█▎        | 900/7000 [03:04<04:34, 22.19it/s]
loss=0.098| sh degree=0| :  13%|█▎        | 903/7000 [03:04<04:41, 21.63it/s]
loss=0.094| sh degree=0| :  13%|█▎        | 903/7000 [03:04<04:41, 21.63it/s]
loss=0.080| sh degree=0| :  13%|█▎        | 903/7000 [03:04<04:41, 21.63it/s]
loss=0.079| sh degree=0| :  13%|█▎        | 903/7000 [03:04<04:41, 21.63it/s]
loss=0.079| sh degree=0| :  13%|█▎        | 906/7000 [03:04<04:53, 20.78it/s]
loss=0.083| sh degree=0| :  13%|█▎        | 906/7000 [03:04<04:53, 20.78it/s]
loss=0.088| sh degree=0| :  13%|█▎        | 906/7000 [03:04<04:53, 20.78it/s]
loss=0.074| sh degree=0| :  13%|█▎        | 906/7000 [03:04<04:53, 20.78it/s]
loss=0.074| sh degree=0| :  13%|█▎        | 909/7000 [03:04<05:07, 19.80it/s]
loss=0.089| sh degree=0| :  13%|█▎        | 909/7000 [03:05<05:07, 19.80it/s]
loss=0.063| sh degree=0| :  13%|█▎        | 909/7000 [03:05<05:07, 19.80it/s]
loss=0.073| sh degree=0| :  13%|█▎        | 909/7000 [03:05<05:07, 19.80it/s]
loss=0.073| sh degree=0| :  13%|█▎        | 912/7000 [03:05<04:54, 20.65it/s]
loss=0.075| sh degree=0| :  13%|█▎        | 912/7000 [03:05<04:54, 20.65it/s]
loss=0.075| sh degree=0| :  13%|█▎        | 912/7000 [03:05<04:54, 20.65it/s]
loss=0.069| sh degree=0| :  13%|█▎        | 912/7000 [03:05<04:54, 20.65it/s]
loss=0.069| sh degree=0| :  13%|█▎        | 915/7000 [03:05<04:33, 22.21it/s]
loss=0.063| sh degree=0| :  13%|█▎        | 915/7000 [03:05<04:33, 22.21it/s]
loss=0.073| sh degree=0| :  13%|█▎        | 915/7000 [03:05<04:33, 22.21it/s]
loss=0.085| sh degree=0| :  13%|█▎        | 915/7000 [03:05<04:33, 22.21it/s]
loss=0.085| sh degree=0| :  13%|█▎        | 918/7000 [03:05<04:43, 21.42it/s]
loss=0.059| sh degree=0| :  13%|█▎        | 918/7000 [03:05<04:43, 21.42it/s]
loss=0.078| sh degree=0| :  13%|█▎        | 918/7000 [03:05<04:43, 21.42it/s]
loss=0.069| sh degree=0| :  13%|█▎        | 918/7000 [03:05<04:43, 21.42it/s]
loss=0.069| sh degree=0| :  13%|█▎        | 921/7000 [03:05<05:08, 19.71it/s]
loss=0.066| sh degree=0| :  13%|█▎        | 921/7000 [03:05<05:08, 19.71it/s]
loss=0.065| sh degree=0| :  13%|█▎        | 921/7000 [03:05<05:08, 19.71it/s]
loss=0.083| sh degree=0| :  13%|█▎        | 921/7000 [03:05<05:08, 19.71it/s]
loss=0.083| sh degree=0| :  13%|█▎        | 924/7000 [03:05<05:00, 20.21it/s]
loss=0.067| sh degree=0| :  13%|█▎        | 924/7000 [03:05<05:00, 20.21it/s]
loss=0.076| sh degree=0| :  13%|█▎        | 924/7000 [03:05<05:00, 20.21it/s]
loss=0.061| sh degree=0| :  13%|█▎        | 924/7000 [03:05<05:00, 20.21it/s]
loss=0.061| sh degree=0| :  13%|█▎        | 927/7000 [03:05<04:56, 20.50it/s]
loss=0.060| sh degree=0| :  13%|█▎        | 927/7000 [03:05<04:56, 20.50it/s]
loss=0.070| sh degree=0| :  13%|█▎        | 927/7000 [03:05<04:56, 20.50it/s]
loss=0.068| sh degree=0| :  13%|█▎        | 927/7000 [03:05<04:56, 20.50it/s]
loss=0.068| sh degree=0| :  13%|█▎        | 930/7000 [03:05<04:39, 21.69it/s]
loss=0.074| sh degree=0| :  13%|█▎        | 930/7000 [03:06<04:39, 21.69it/s]
loss=0.055| sh degree=0| :  13%|█▎        | 930/7000 [03:06<04:39, 21.69it/s]
loss=0.061| sh degree=0| :  13%|█▎        | 930/7000 [03:06<04:39, 21.69it/s]
loss=0.061| sh degree=0| :  13%|█▎        | 933/7000 [03:06<04:28, 22.59it/s]
loss=0.066| sh degree=0| :  13%|█▎        | 933/7000 [03:06<04:28, 22.59it/s]
loss=0.063| sh degree=0| :  13%|█▎        | 933/7000 [03:06<04:28, 22.59it/s]
loss=0.061| sh degree=0| :  13%|█▎        | 933/7000 [03:06<04:28, 22.59it/s]
loss=0.061| sh degree=0| :  13%|█▎        | 936/7000 [03:06<04:50, 20.86it/s]
loss=0.083| sh degree=0| :  13%|█▎        | 936/7000 [03:06<04:50, 20.86it/s]
loss=0.055| sh degree=0| :  13%|█▎        | 936/7000 [03:06<04:50, 20.86it/s]
loss=0.080| sh degree=0| :  13%|█▎        | 936/7000 [03:06<04:50, 20.86it/s]
loss=0.080| sh degree=0| :  13%|█▎        | 939/7000 [03:06<05:00, 20.14it/s]
loss=0.061| sh degree=0| :  13%|█▎        | 939/7000 [03:06<05:00, 20.14it/s]
loss=0.056| sh degree=0| :  13%|█▎        | 939/7000 [03:06<05:00, 20.14it/s]
loss=0.062| sh degree=0| :  13%|█▎        | 939/7000 [03:06<05:00, 20.14it/s]
loss=0.062| sh degree=0| :  13%|█▎        | 942/7000 [03:06<04:59, 20.25it/s]
loss=0.050| sh degree=0| :  13%|█▎        | 942/7000 [03:06<04:59, 20.25it/s]
loss=0.054| sh degree=0| :  13%|█▎        | 942/7000 [03:06<04:59, 20.25it/s]
loss=0.061| sh degree=0| :  13%|█▎        | 942/7000 [03:06<04:59, 20.25it/s]
loss=0.061| sh degree=0| :  14%|█▎        | 945/7000 [03:06<05:07, 19.71it/s]
loss=0.066| sh degree=0| :  14%|█▎        | 945/7000 [03:06<05:07, 19.71it/s]
loss=0.092| sh degree=0| :  14%|█▎        | 945/7000 [03:06<05:07, 19.71it/s]
loss=0.055| sh degree=0| :  14%|█▎        | 945/7000 [03:06<05:07, 19.71it/s]
loss=0.067| sh degree=0| :  14%|█▎        | 945/7000 [03:06<05:07, 19.71it/s]
loss=0.067| sh degree=0| :  14%|█▎        | 949/7000 [03:06<04:43, 21.33it/s]
loss=0.060| sh degree=0| :  14%|█▎        | 949/7000 [03:06<04:43, 21.33it/s]
loss=0.055| sh degree=0| :  14%|█▎        | 949/7000 [03:06<04:43, 21.33it/s]
loss=0.085| sh degree=0| :  14%|█▎        | 949/7000 [03:07<04:43, 21.33it/s]
loss=0.085| sh degree=0| :  14%|█▎        | 952/7000 [03:07<04:39, 21.61it/s]
loss=0.053| sh degree=0| :  14%|█▎        | 952/7000 [03:07<04:39, 21.61it/s]
loss=0.054| sh degree=0| :  14%|█▎        | 952/7000 [03:07<04:39, 21.61it/s]
loss=0.051| sh degree=0| :  14%|█▎        | 952/7000 [03:07<04:39, 21.61it/s]
loss=0.051| sh degree=0| :  14%|█▎        | 955/7000 [03:07<04:27, 22.59it/s]
loss=0.067| sh degree=0| :  14%|█▎        | 955/7000 [03:07<04:27, 22.59it/s]
loss=0.062| sh degree=0| :  14%|█▎        | 955/7000 [03:07<04:27, 22.59it/s]
loss=0.048| sh degree=0| :  14%|█▎        | 955/7000 [03:07<04:27, 22.59it/s]
loss=0.048| sh degree=0| :  14%|█▎        | 958/7000 [03:07<04:43, 21.29it/s]
loss=0.087| sh degree=0| :  14%|█▎        | 958/7000 [03:07<04:43, 21.29it/s]
loss=0.058| sh degree=0| :  14%|█▎        | 958/7000 [03:07<04:43, 21.29it/s]
loss=0.072| sh degree=0| :  14%|█▎        | 958/7000 [03:07<04:43, 21.29it/s]
loss=0.072| sh degree=0| :  14%|█▎        | 961/7000 [03:07<05:00, 20.07it/s]
loss=0.070| sh degree=0| :  14%|█▎        | 961/7000 [03:07<05:00, 20.07it/s]
loss=0.057| sh degree=0| :  14%|█▎        | 961/7000 [03:07<05:00, 20.07it/s]
loss=0.050| sh degree=0| :  14%|█▎        | 961/7000 [03:07<05:00, 20.07it/s]
loss=0.050| sh degree=0| :  14%|█▍        | 964/7000 [03:07<05:19, 18.88it/s]
loss=0.056| sh degree=0| :  14%|█▍        | 964/7000 [03:07<05:19, 18.88it/s]
loss=0.051| sh degree=0| :  14%|█▍        | 964/7000 [03:07<05:19, 18.88it/s]
loss=0.051| sh degree=0| :  14%|█▍        | 966/7000 [03:07<05:16, 19.05it/s]
loss=0.049| sh degree=0| :  14%|█▍        | 966/7000 [03:07<05:16, 19.05it/s]
loss=0.067| sh degree=0| :  14%|█▍        | 966/7000 [03:07<05:16, 19.05it/s]
loss=0.067| sh degree=0| :  14%|█▍        | 968/7000 [03:07<05:18, 18.94it/s]
loss=0.081| sh degree=0| :  14%|█▍        | 968/7000 [03:07<05:18, 18.94it/s]
loss=0.062| sh degree=0| :  14%|█▍        | 968/7000 [03:07<05:18, 18.94it/s]
loss=0.062| sh degree=0| :  14%|█▍        | 970/7000 [03:07<05:20, 18.81it/s]
loss=0.071| sh degree=0| :  14%|█▍        | 970/7000 [03:08<05:20, 18.81it/s]
loss=0.050| sh degree=0| :  14%|█▍        | 970/7000 [03:08<05:20, 18.81it/s]
loss=0.050| sh degree=0| :  14%|█▍        | 972/7000 [03:08<05:17, 18.98it/s]
loss=0.073| sh degree=0| :  14%|█▍        | 972/7000 [03:08<05:17, 18.98it/s]
loss=0.056| sh degree=0| :  14%|█▍        | 972/7000 [03:08<05:17, 18.98it/s]
loss=0.056| sh degree=0| :  14%|█▍        | 974/7000 [03:08<05:33, 18.06it/s]
loss=0.065| sh degree=0| :  14%|█▍        | 974/7000 [03:08<05:33, 18.06it/s]
loss=0.062| sh degree=0| :  14%|█▍        | 974/7000 [03:08<05:33, 18.06it/s]
loss=0.062| sh degree=0| :  14%|█▍        | 976/7000 [03:08<05:37, 17.86it/s]
loss=0.074| sh degree=0| :  14%|█▍        | 976/7000 [03:08<05:37, 17.86it/s]
loss=0.055| sh degree=0| :  14%|█▍        | 976/7000 [03:08<05:37, 17.86it/s]
loss=0.063| sh degree=0| :  14%|█▍        | 976/7000 [03:08<05:37, 17.86it/s]
loss=0.063| sh degree=0| :  14%|█▍        | 979/7000 [03:08<05:19, 18.85it/s]
loss=0.073| sh degree=0| :  14%|█▍        | 979/7000 [03:08<05:19, 18.85it/s]
loss=0.049| sh degree=0| :  14%|█▍        | 979/7000 [03:08<05:19, 18.85it/s]
loss=0.049| sh degree=0| :  14%|█▍        | 981/7000 [03:08<05:19, 18.85it/s]
loss=0.048| sh degree=0| :  14%|█▍        | 981/7000 [03:08<05:19, 18.85it/s]
loss=0.060| sh degree=0| :  14%|█▍        | 981/7000 [03:08<05:19, 18.85it/s]
loss=0.062| sh degree=0| :  14%|█▍        | 981/7000 [03:08<05:19, 18.85it/s]
loss=0.062| sh degree=0| :  14%|█▍        | 984/7000 [03:08<04:51, 20.62it/s]
loss=0.059| sh degree=0| :  14%|█▍        | 984/7000 [03:08<04:51, 20.62it/s]
loss=0.061| sh degree=0| :  14%|█▍        | 984/7000 [03:08<04:51, 20.62it/s]
loss=0.057| sh degree=0| :  14%|█▍        | 984/7000 [03:08<04:51, 20.62it/s]
loss=0.057| sh degree=0| :  14%|█▍        | 987/7000 [03:08<05:02, 19.88it/s]
loss=0.061| sh degree=0| :  14%|█▍        | 987/7000 [03:08<05:02, 19.88it/s]
loss=0.074| sh degree=0| :  14%|█▍        | 987/7000 [03:08<05:02, 19.88it/s]
loss=0.074| sh degree=0| :  14%|█▍        | 989/7000 [03:08<05:10, 19.35it/s]
loss=0.060| sh degree=0| :  14%|█▍        | 989/7000 [03:08<05:10, 19.35it/s]
loss=0.050| sh degree=0| :  14%|█▍        | 989/7000 [03:09<05:10, 19.35it/s]
loss=0.050| sh degree=0| :  14%|█▍        | 991/7000 [03:09<05:09, 19.43it/s]
loss=0.059| sh degree=0| :  14%|█▍        | 991/7000 [03:09<05:09, 19.43it/s]
loss=0.062| sh degree=0| :  14%|█▍        | 991/7000 [03:09<05:09, 19.43it/s]
loss=0.062| sh degree=0| :  14%|█▍        | 993/7000 [03:09<05:15, 19.06it/s]
loss=0.047| sh degree=0| :  14%|█▍        | 993/7000 [03:09<05:15, 19.06it/s]
loss=0.051| sh degree=0| :  14%|█▍        | 993/7000 [03:09<05:15, 19.06it/s]
loss=0.063| sh degree=0| :  14%|█▍        | 993/7000 [03:09<05:15, 19.06it/s]
loss=0.063| sh degree=0| :  14%|█▍        | 996/7000 [03:09<05:21, 18.69it/s]
loss=0.056| sh degree=0| :  14%|█▍        | 996/7000 [03:09<05:21, 18.69it/s]
loss=0.052| sh degree=0| :  14%|█▍        | 996/7000 [03:09<05:21, 18.69it/s]
loss=0.053| sh degree=0| :  14%|█▍        | 996/7000 [03:09<05:21, 18.69it/s]
loss=0.053| sh degree=0| :  14%|█▍        | 999/7000 [03:09<04:48, 20.81it/s]
loss=0.054| sh degree=0| :  14%|█▍        | 999/7000 [03:09<04:48, 20.81it/s]
loss=0.068| sh degree=1| :  14%|█▍        | 999/7000 [03:09<04:48, 20.81it/s]
loss=0.080| sh degree=1| :  14%|█▍        | 999/7000 [03:09<04:48, 20.81it/s]
loss=0.080| sh degree=1| :  14%|█▍        | 1002/7000 [03:09<05:44, 17.39it/s]
loss=0.081| sh degree=1| :  14%|█▍        | 1002/7000 [03:09<05:44, 17.39it/s]
loss=0.103| sh degree=1| :  14%|█▍        | 1002/7000 [03:09<05:44, 17.39it/s]
loss=0.074| sh degree=1| :  14%|█▍        | 1002/7000 [03:09<05:44, 17.39it/s]
loss=0.074| sh degree=1| :  14%|█▍        | 1005/7000 [03:09<05:10, 19.33it/s]
loss=0.080| sh degree=1| :  14%|█▍        | 1005/7000 [03:09<05:10, 19.33it/s]
loss=0.079| sh degree=1| :  14%|█▍        | 1005/7000 [03:09<05:10, 19.33it/s]
loss=0.066| sh degree=1| :  14%|█▍        | 1005/7000 [03:09<05:10, 19.33it/s]
loss=0.066| sh degree=1| :  14%|█▍        | 1008/7000 [03:09<04:53, 20.45it/s]
loss=0.073| sh degree=1| :  14%|█▍        | 1008/7000 [03:09<04:53, 20.45it/s]
loss=0.074| sh degree=1| :  14%|█▍        | 1008/7000 [03:10<04:53, 20.45it/s]
loss=0.065| sh degree=1| :  14%|█▍        | 1008/7000 [03:10<04:53, 20.45it/s]
loss=0.065| sh degree=1| :  14%|█▍        | 1011/7000 [03:10<04:56, 20.20it/s]
loss=0.064| sh degree=1| :  14%|█▍        | 1011/7000 [03:10<04:56, 20.20it/s]
loss=0.065| sh degree=1| :  14%|█▍        | 1011/7000 [03:10<04:56, 20.20it/s]
loss=0.066| sh degree=1| :  14%|█▍        | 1011/7000 [03:10<04:56, 20.20it/s]
loss=0.066| sh degree=1| :  14%|█▍        | 1014/7000 [03:10<05:05, 19.61it/s]
loss=0.060| sh degree=1| :  14%|█▍        | 1014/7000 [03:10<05:05, 19.61it/s]
loss=0.069| sh degree=1| :  14%|█▍        | 1014/7000 [03:10<05:05, 19.61it/s]
loss=0.072| sh degree=1| :  14%|█▍        | 1014/7000 [03:10<05:05, 19.61it/s]
loss=0.072| sh degree=1| :  15%|█▍        | 1017/7000 [03:10<04:45, 20.97it/s]
loss=0.059| sh degree=1| :  15%|█▍        | 1017/7000 [03:10<04:45, 20.97it/s]
loss=0.078| sh degree=1| :  15%|█▍        | 1017/7000 [03:10<04:45, 20.97it/s]
loss=0.066| sh degree=1| :  15%|█▍        | 1017/7000 [03:10<04:45, 20.97it/s]
loss=0.066| sh degree=1| :  15%|█▍        | 1020/7000 [03:10<04:25, 22.49it/s]
loss=0.066| sh degree=1| :  15%|█▍        | 1020/7000 [03:10<04:25, 22.49it/s]
loss=0.080| sh degree=1| :  15%|█▍        | 1020/7000 [03:10<04:25, 22.49it/s]
loss=0.059| sh degree=1| :  15%|█▍        | 1020/7000 [03:10<04:25, 22.49it/s]
loss=0.059| sh degree=1| :  15%|█▍        | 1023/7000 [03:10<06:05, 16.36it/s]
loss=0.066| sh degree=1| :  15%|█▍        | 1023/7000 [03:10<06:05, 16.36it/s]
loss=0.059| sh degree=1| :  15%|█▍        | 1023/7000 [03:10<06:05, 16.36it/s]
loss=0.059| sh degree=1| :  15%|█▍        | 1025/7000 [03:10<06:26, 15.47it/s]
loss=0.062| sh degree=1| :  15%|█▍        | 1025/7000 [03:10<06:26, 15.47it/s]
loss=0.057| sh degree=1| :  15%|█▍        | 1025/7000 [03:11<06:26, 15.47it/s]
loss=0.057| sh degree=1| :  15%|█▍        | 1027/7000 [03:11<06:20, 15.71it/s]
loss=0.060| sh degree=1| :  15%|█▍        | 1027/7000 [03:11<06:20, 15.71it/s]
loss=0.058| sh degree=1| :  15%|█▍        | 1027/7000 [03:11<06:20, 15.71it/s]
loss=0.058| sh degree=1| :  15%|█▍        | 1029/7000 [03:11<06:07, 16.27it/s]
loss=0.063| sh degree=1| :  15%|█▍        | 1029/7000 [03:11<06:07, 16.27it/s]
loss=0.057| sh degree=1| :  15%|█▍        | 1029/7000 [03:11<06:07, 16.27it/s]
loss=0.056| sh degree=1| :  15%|█▍        | 1029/7000 [03:11<06:07, 16.27it/s]
loss=0.056| sh degree=1| :  15%|█▍        | 1032/7000 [03:11<05:10, 19.23it/s]
loss=0.054| sh degree=1| :  15%|█▍        | 1032/7000 [03:11<05:10, 19.23it/s]
loss=0.058| sh degree=1| :  15%|█▍        | 1032/7000 [03:11<05:10, 19.23it/s]
loss=0.068| sh degree=1| :  15%|█▍        | 1032/7000 [03:11<05:10, 19.23it/s]
loss=0.068| sh degree=1| :  15%|█▍        | 1035/7000 [03:11<04:50, 20.53it/s]
loss=0.052| sh degree=1| :  15%|█▍        | 1035/7000 [03:11<04:50, 20.53it/s]
loss=0.061| sh degree=1| :  15%|█▍        | 1035/7000 [03:11<04:50, 20.53it/s]
loss=0.050| sh degree=1| :  15%|█▍        | 1035/7000 [03:11<04:50, 20.53it/s]
loss=0.050| sh degree=1| :  15%|█▍        | 1038/7000 [03:11<04:45, 20.89it/s]
loss=0.065| sh degree=1| :  15%|█▍        | 1038/7000 [03:11<04:45, 20.89it/s]
loss=0.057| sh degree=1| :  15%|█▍        | 1038/7000 [03:11<04:45, 20.89it/s]
loss=0.067| sh degree=1| :  15%|█▍        | 1038/7000 [03:11<04:45, 20.89it/s]
loss=0.067| sh degree=1| :  15%|█▍        | 1041/7000 [03:11<04:31, 21.92it/s]
loss=0.056| sh degree=1| :  15%|█▍        | 1041/7000 [03:11<04:31, 21.92it/s]
loss=0.050| sh degree=1| :  15%|█▍        | 1041/7000 [03:11<04:31, 21.92it/s]
loss=0.064| sh degree=1| :  15%|█▍        | 1041/7000 [03:11<04:31, 21.92it/s]
loss=0.064| sh degree=1| :  15%|█▍        | 1044/7000 [03:11<04:27, 22.24it/s]
loss=0.091| sh degree=1| :  15%|█▍        | 1044/7000 [03:11<04:27, 22.24it/s]
loss=0.056| sh degree=1| :  15%|█▍        | 1044/7000 [03:11<04:27, 22.24it/s]
loss=0.054| sh degree=1| :  15%|█▍        | 1044/7000 [03:11<04:27, 22.24it/s]
loss=0.054| sh degree=1| :  15%|█▍        | 1047/7000 [03:11<05:03, 19.60it/s]
loss=0.063| sh degree=1| :  15%|█▍        | 1047/7000 [03:11<05:03, 19.60it/s]
loss=0.064| sh degree=1| :  15%|█▍        | 1047/7000 [03:11<05:03, 19.60it/s]
loss=0.052| sh degree=1| :  15%|█▍        | 1047/7000 [03:12<05:03, 19.60it/s]
loss=0.057| sh degree=1| :  15%|█▍        | 1047/7000 [03:12<05:03, 19.60it/s]
loss=0.057| sh degree=1| :  15%|█▌        | 1051/7000 [03:12<04:29, 22.05it/s]
loss=0.048| sh degree=1| :  15%|█▌        | 1051/7000 [03:12<04:29, 22.05it/s]
loss=0.050| sh degree=1| :  15%|█▌        | 1051/7000 [03:12<04:29, 22.05it/s]
loss=0.058| sh degree=1| :  15%|█▌        | 1051/7000 [03:12<04:29, 22.05it/s]
loss=0.062| sh degree=1| :  15%|█▌        | 1051/7000 [03:12<04:29, 22.05it/s]
loss=0.062| sh degree=1| :  15%|█▌        | 1055/7000 [03:12<04:15, 23.23it/s]
loss=0.063| sh degree=1| :  15%|█▌        | 1055/7000 [03:12<04:15, 23.23it/s]
loss=0.049| sh degree=1| :  15%|█▌        | 1055/7000 [03:12<04:15, 23.23it/s]
loss=0.058| sh degree=1| :  15%|█▌        | 1055/7000 [03:12<04:15, 23.23it/s]
loss=0.058| sh degree=1| :  15%|█▌        | 1058/7000 [03:12<04:25, 22.34it/s]
loss=0.048| sh degree=1| :  15%|█▌        | 1058/7000 [03:12<04:25, 22.34it/s]
loss=0.047| sh degree=1| :  15%|█▌        | 1058/7000 [03:12<04:25, 22.34it/s]
loss=0.054| sh degree=1| :  15%|█▌        | 1058/7000 [03:12<04:25, 22.34it/s]
loss=0.054| sh degree=1| :  15%|█▌        | 1061/7000 [03:12<04:40, 21.18it/s]
loss=0.050| sh degree=1| :  15%|█▌        | 1061/7000 [03:12<04:40, 21.18it/s]
loss=0.060| sh degree=1| :  15%|█▌        | 1061/7000 [03:12<04:40, 21.18it/s]
loss=0.063| sh degree=1| :  15%|█▌        | 1061/7000 [03:12<04:40, 21.18it/s]
loss=0.063| sh degree=1| :  15%|█▌        | 1064/7000 [03:12<04:52, 20.30it/s]
loss=0.047| sh degree=1| :  15%|█▌        | 1064/7000 [03:12<04:52, 20.30it/s]
loss=0.059| sh degree=1| :  15%|█▌        | 1064/7000 [03:12<04:52, 20.30it/s]
loss=0.046| sh degree=1| :  15%|█▌        | 1064/7000 [03:12<04:52, 20.30it/s]
loss=0.046| sh degree=1| :  15%|█▌        | 1067/7000 [03:12<05:05, 19.44it/s]
loss=0.067| sh degree=1| :  15%|█▌        | 1067/7000 [03:12<05:05, 19.44it/s]
loss=0.049| sh degree=1| :  15%|█▌        | 1067/7000 [03:12<05:05, 19.44it/s]
loss=0.057| sh degree=1| :  15%|█▌        | 1067/7000 [03:13<05:05, 19.44it/s]
loss=0.057| sh degree=1| :  15%|█▌        | 1070/7000 [03:13<05:07, 19.26it/s]
loss=0.065| sh degree=1| :  15%|█▌        | 1070/7000 [03:13<05:07, 19.26it/s]
loss=0.047| sh degree=1| :  15%|█▌        | 1070/7000 [03:13<05:07, 19.26it/s]
loss=0.047| sh degree=1| :  15%|█▌        | 1072/7000 [03:13<05:17, 18.69it/s]
loss=0.055| sh degree=1| :  15%|█▌        | 1072/7000 [03:13<05:17, 18.69it/s]
loss=0.051| sh degree=1| :  15%|█▌        | 1072/7000 [03:13<05:17, 18.69it/s]
loss=0.051| sh degree=1| :  15%|█▌        | 1074/7000 [03:13<05:19, 18.56it/s]
loss=0.056| sh degree=1| :  15%|█▌        | 1074/7000 [03:13<05:19, 18.56it/s]
loss=0.054| sh degree=1| :  15%|█▌        | 1074/7000 [03:13<05:19, 18.56it/s]
loss=0.054| sh degree=1| :  15%|█▌        | 1076/7000 [03:13<05:26, 18.14it/s]
loss=0.053| sh degree=1| :  15%|█▌        | 1076/7000 [03:13<05:26, 18.14it/s]
loss=0.058| sh degree=1| :  15%|█▌        | 1076/7000 [03:13<05:26, 18.14it/s]
loss=0.058| sh degree=1| :  15%|█▌        | 1078/7000 [03:13<05:24, 18.26it/s]
loss=0.048| sh degree=1| :  15%|█▌        | 1078/7000 [03:13<05:24, 18.26it/s]
loss=0.072| sh degree=1| :  15%|█▌        | 1078/7000 [03:13<05:24, 18.26it/s]
loss=0.072| sh degree=1| :  15%|█▌        | 1080/7000 [03:13<05:28, 18.01it/s]
loss=0.057| sh degree=1| :  15%|█▌        | 1080/7000 [03:13<05:28, 18.01it/s]
loss=0.086| sh degree=1| :  15%|█▌        | 1080/7000 [03:13<05:28, 18.01it/s]
loss=0.086| sh degree=1| :  15%|█▌        | 1082/7000 [03:13<05:54, 16.70it/s]
loss=0.061| sh degree=1| :  15%|█▌        | 1082/7000 [03:13<05:54, 16.70it/s]
loss=0.080| sh degree=1| :  15%|█▌        | 1082/7000 [03:13<05:54, 16.70it/s]
loss=0.055| sh degree=1| :  15%|█▌        | 1082/7000 [03:13<05:54, 16.70it/s]
loss=0.055| sh degree=1| :  16%|█▌        | 1085/7000 [03:13<04:55, 19.99it/s]
loss=0.049| sh degree=1| :  16%|█▌        | 1085/7000 [03:13<04:55, 19.99it/s]
loss=0.054| sh degree=1| :  16%|█▌        | 1085/7000 [03:13<04:55, 19.99it/s]
loss=0.053| sh degree=1| :  16%|█▌        | 1085/7000 [03:13<04:55, 19.99it/s]
loss=0.053| sh degree=1| :  16%|█▌        | 1088/7000 [03:13<04:26, 22.17it/s]
loss=0.075| sh degree=1| :  16%|█▌        | 1088/7000 [03:14<04:26, 22.17it/s]
loss=0.053| sh degree=1| :  16%|█▌        | 1088/7000 [03:14<04:26, 22.17it/s]
loss=0.052| sh degree=1| :  16%|█▌        | 1088/7000 [03:14<04:26, 22.17it/s]
loss=0.052| sh degree=1| :  16%|█▌        | 1091/7000 [03:14<04:32, 21.67it/s]
loss=0.063| sh degree=1| :  16%|█▌        | 1091/7000 [03:14<04:32, 21.67it/s]
loss=0.047| sh degree=1| :  16%|█▌        | 1091/7000 [03:14<04:32, 21.67it/s]
loss=0.052| sh degree=1| :  16%|█▌        | 1091/7000 [03:14<04:32, 21.67it/s]
loss=0.052| sh degree=1| :  16%|█▌        | 1094/7000 [03:14<04:20, 22.69it/s]
loss=0.053| sh degree=1| :  16%|█▌        | 1094/7000 [03:14<04:20, 22.69it/s]
loss=0.068| sh degree=1| :  16%|█▌        | 1094/7000 [03:14<04:20, 22.69it/s]
loss=0.054| sh degree=1| :  16%|█▌        | 1094/7000 [03:14<04:20, 22.69it/s]
loss=0.054| sh degree=1| :  16%|█▌        | 1097/7000 [03:14<04:06, 23.95it/s]
loss=0.049| sh degree=1| :  16%|█▌        | 1097/7000 [03:14<04:06, 23.95it/s]
loss=0.061| sh degree=1| :  16%|█▌        | 1097/7000 [03:14<04:06, 23.95it/s]
loss=0.046| sh degree=1| :  16%|█▌        | 1097/7000 [03:14<04:06, 23.95it/s]
loss=0.046| sh degree=1| :  16%|█▌        | 1100/7000 [03:14<03:59, 24.68it/s]
loss=0.073| sh degree=1| :  16%|█▌        | 1100/7000 [03:14<03:59, 24.68it/s]
loss=0.071| sh degree=1| :  16%|█▌        | 1100/7000 [03:14<03:59, 24.68it/s]
loss=0.070| sh degree=1| :  16%|█▌        | 1100/7000 [03:14<03:59, 24.68it/s]
loss=0.070| sh degree=1| :  16%|█▌        | 1103/7000 [03:14<04:12, 23.33it/s]
loss=0.069| sh degree=1| :  16%|█▌        | 1103/7000 [03:14<04:12, 23.33it/s]
loss=0.059| sh degree=1| :  16%|█▌        | 1103/7000 [03:14<04:12, 23.33it/s]
loss=0.070| sh degree=1| :  16%|█▌        | 1103/7000 [03:14<04:12, 23.33it/s]
loss=0.070| sh degree=1| :  16%|█▌        | 1106/7000 [03:14<03:55, 25.01it/s]
loss=0.069| sh degree=1| :  16%|█▌        | 1106/7000 [03:14<03:55, 25.01it/s]
loss=0.068| sh degree=1| :  16%|█▌        | 1106/7000 [03:14<03:55, 25.01it/s]
loss=0.071| sh degree=1| :  16%|█▌        | 1106/7000 [03:14<03:55, 25.01it/s]
loss=0.063| sh degree=1| :  16%|█▌        | 1106/7000 [03:14<03:55, 25.01it/s]
loss=0.063| sh degree=1| :  16%|█▌        | 1110/7000 [03:14<03:39, 26.82it/s]
loss=0.074| sh degree=1| :  16%|█▌        | 1110/7000 [03:14<03:39, 26.82it/s]
loss=0.071| sh degree=1| :  16%|█▌        | 1110/7000 [03:14<03:39, 26.82it/s]
loss=0.061| sh degree=1| :  16%|█▌        | 1110/7000 [03:14<03:39, 26.82it/s]
loss=0.061| sh degree=1| :  16%|█▌        | 1113/7000 [03:14<03:37, 27.03it/s]
loss=0.063| sh degree=1| :  16%|█▌        | 1113/7000 [03:14<03:37, 27.03it/s]
loss=0.055| sh degree=1| :  16%|█▌        | 1113/7000 [03:15<03:37, 27.03it/s]
loss=0.057| sh degree=1| :  16%|█▌        | 1113/7000 [03:15<03:37, 27.03it/s]
loss=0.057| sh degree=1| :  16%|█▌        | 1116/7000 [03:15<03:49, 25.62it/s]
loss=0.085| sh degree=1| :  16%|█▌        | 1116/7000 [03:15<03:49, 25.62it/s]
loss=0.051| sh degree=1| :  16%|█▌        | 1116/7000 [03:15<03:49, 25.62it/s]
loss=0.073| sh degree=1| :  16%|█▌        | 1116/7000 [03:15<03:49, 25.62it/s]
loss=0.073| sh degree=1| :  16%|█▌        | 1119/7000 [03:15<03:45, 26.12it/s]
loss=0.064| sh degree=1| :  16%|█▌        | 1119/7000 [03:15<03:45, 26.12it/s]
loss=0.067| sh degree=1| :  16%|█▌        | 1119/7000 [03:15<03:45, 26.12it/s]
loss=0.049| sh degree=1| :  16%|█▌        | 1119/7000 [03:15<03:45, 26.12it/s]
loss=0.049| sh degree=1| :  16%|█▌        | 1122/7000 [03:15<03:49, 25.65it/s]
loss=0.061| sh degree=1| :  16%|█▌        | 1122/7000 [03:15<03:49, 25.65it/s]
loss=0.061| sh degree=1| :  16%|█▌        | 1122/7000 [03:15<03:49, 25.65it/s]
loss=0.054| sh degree=1| :  16%|█▌        | 1122/7000 [03:15<03:49, 25.65it/s]
loss=0.054| sh degree=1| :  16%|█▌        | 1125/7000 [03:15<03:46, 25.99it/s]
loss=0.053| sh degree=1| :  16%|█▌        | 1125/7000 [03:15<03:46, 25.99it/s]
loss=0.061| sh degree=1| :  16%|█▌        | 1125/7000 [03:15<03:46, 25.99it/s]
loss=0.067| sh degree=1| :  16%|█▌        | 1125/7000 [03:15<03:46, 25.99it/s]
loss=0.067| sh degree=1| :  16%|█▌        | 1128/7000 [03:15<04:04, 23.97it/s]
loss=0.046| sh degree=1| :  16%|█▌        | 1128/7000 [03:15<04:04, 23.97it/s]
loss=0.059| sh degree=1| :  16%|█▌        | 1128/7000 [03:15<04:04, 23.97it/s]
loss=0.063| sh degree=1| :  16%|█▌        | 1128/7000 [03:15<04:04, 23.97it/s]
loss=0.063| sh degree=1| :  16%|█▌        | 1131/7000 [03:15<04:16, 22.88it/s]
loss=0.061| sh degree=1| :  16%|█▌        | 1131/7000 [03:15<04:16, 22.88it/s]
loss=0.058| sh degree=1| :  16%|█▌        | 1131/7000 [03:15<04:16, 22.88it/s]
loss=0.049| sh degree=1| :  16%|█▌        | 1131/7000 [03:15<04:16, 22.88it/s]
loss=0.049| sh degree=1| :  16%|█▌        | 1134/7000 [03:15<04:13, 23.15it/s]
loss=0.056| sh degree=1| :  16%|█▌        | 1134/7000 [03:15<04:13, 23.15it/s]
loss=0.056| sh degree=1| :  16%|█▌        | 1134/7000 [03:15<04:13, 23.15it/s]
loss=0.055| sh degree=1| :  16%|█▌        | 1134/7000 [03:16<04:13, 23.15it/s]
loss=0.055| sh degree=1| :  16%|█▌        | 1137/7000 [03:16<04:29, 21.75it/s]
loss=0.047| sh degree=1| :  16%|█▌        | 1137/7000 [03:16<04:29, 21.75it/s]
loss=0.060| sh degree=1| :  16%|█▌        | 1137/7000 [03:16<04:29, 21.75it/s]
loss=0.060| sh degree=1| :  16%|█▌        | 1137/7000 [03:16<04:29, 21.75it/s]
loss=0.060| sh degree=1| :  16%|█▋        | 1140/7000 [03:16<04:13, 23.10it/s]
loss=0.060| sh degree=1| :  16%|█▋        | 1140/7000 [03:16<04:13, 23.10it/s]
loss=0.055| sh degree=1| :  16%|█▋        | 1140/7000 [03:16<04:13, 23.10it/s]
loss=0.049| sh degree=1| :  16%|█▋        | 1140/7000 [03:16<04:13, 23.10it/s]
loss=0.049| sh degree=1| :  16%|█▋        | 1143/7000 [03:16<04:13, 23.14it/s]
loss=0.046| sh degree=1| :  16%|█▋        | 1143/7000 [03:16<04:13, 23.14it/s]
loss=0.070| sh degree=1| :  16%|█▋        | 1143/7000 [03:16<04:13, 23.14it/s]
loss=0.055| sh degree=1| :  16%|█▋        | 1143/7000 [03:16<04:13, 23.14it/s]
loss=0.055| sh degree=1| :  16%|█▋        | 1146/7000 [03:16<04:18, 22.66it/s]
loss=0.059| sh degree=1| :  16%|█▋        | 1146/7000 [03:16<04:18, 22.66it/s]
loss=0.045| sh degree=1| :  16%|█▋        | 1146/7000 [03:16<04:18, 22.66it/s]
loss=0.046| sh degree=1| :  16%|█▋        | 1146/7000 [03:16<04:18, 22.66it/s]
loss=0.046| sh degree=1| :  16%|█▋        | 1149/7000 [03:16<04:47, 20.33it/s]
loss=0.049| sh degree=1| :  16%|█▋        | 1149/7000 [03:16<04:47, 20.33it/s]
loss=0.057| sh degree=1| :  16%|█▋        | 1149/7000 [03:16<04:47, 20.33it/s]
loss=0.054| sh degree=1| :  16%|█▋        | 1149/7000 [03:16<04:47, 20.33it/s]
loss=0.054| sh degree=1| :  16%|█▋        | 1152/7000 [03:16<04:47, 20.32it/s]
loss=0.043| sh degree=1| :  16%|█▋        | 1152/7000 [03:16<04:47, 20.32it/s]
loss=0.068| sh degree=1| :  16%|█▋        | 1152/7000 [03:16<04:47, 20.32it/s]
loss=0.074| sh degree=1| :  16%|█▋        | 1152/7000 [03:16<04:47, 20.32it/s]
loss=0.074| sh degree=1| :  16%|█▋        | 1155/7000 [03:16<04:56, 19.75it/s]
loss=0.051| sh degree=1| :  16%|█▋        | 1155/7000 [03:16<04:56, 19.75it/s]
loss=0.049| sh degree=1| :  16%|█▋        | 1155/7000 [03:16<04:56, 19.75it/s]
loss=0.045| sh degree=1| :  16%|█▋        | 1155/7000 [03:17<04:56, 19.75it/s]
loss=0.045| sh degree=1| :  17%|█▋        | 1158/7000 [03:17<04:52, 19.95it/s]
loss=0.054| sh degree=1| :  17%|█▋        | 1158/7000 [03:17<04:52, 19.95it/s]
loss=0.060| sh degree=1| :  17%|█▋        | 1158/7000 [03:17<04:52, 19.95it/s]
loss=0.053| sh degree=1| :  17%|█▋        | 1158/7000 [03:17<04:52, 19.95it/s]
loss=0.053| sh degree=1| :  17%|█▋        | 1161/7000 [03:17<04:28, 21.74it/s]
loss=0.044| sh degree=1| :  17%|█▋        | 1161/7000 [03:17<04:28, 21.74it/s]
loss=0.048| sh degree=1| :  17%|█▋        | 1161/7000 [03:17<04:28, 21.74it/s]
loss=0.044| sh degree=1| :  17%|█▋        | 1161/7000 [03:17<04:28, 21.74it/s]
loss=0.044| sh degree=1| :  17%|█▋        | 1164/7000 [03:17<04:26, 21.93it/s]
loss=0.054| sh degree=1| :  17%|█▋        | 1164/7000 [03:17<04:26, 21.93it/s]
loss=0.063| sh degree=1| :  17%|█▋        | 1164/7000 [03:17<04:26, 21.93it/s]
loss=0.043| sh degree=1| :  17%|█▋        | 1164/7000 [03:17<04:26, 21.93it/s]
loss=0.043| sh degree=1| :  17%|█▋        | 1167/7000 [03:17<04:16, 22.75it/s]
loss=0.058| sh degree=1| :  17%|█▋        | 1167/7000 [03:17<04:16, 22.75it/s]
loss=0.074| sh degree=1| :  17%|█▋        | 1167/7000 [03:17<04:16, 22.75it/s]
loss=0.052| sh degree=1| :  17%|█▋        | 1167/7000 [03:17<04:16, 22.75it/s]
loss=0.052| sh degree=1| :  17%|█▋        | 1170/7000 [03:17<04:06, 23.61it/s]
loss=0.060| sh degree=1| :  17%|█▋        | 1170/7000 [03:17<04:06, 23.61it/s]
loss=0.056| sh degree=1| :  17%|█▋        | 1170/7000 [03:17<04:06, 23.61it/s]
loss=0.051| sh degree=1| :  17%|█▋        | 1170/7000 [03:17<04:06, 23.61it/s]
loss=0.051| sh degree=1| :  17%|█▋        | 1173/7000 [03:17<04:06, 23.61it/s]
loss=0.055| sh degree=1| :  17%|█▋        | 1173/7000 [03:17<04:06, 23.61it/s]
loss=0.054| sh degree=1| :  17%|█▋        | 1173/7000 [03:17<04:06, 23.61it/s]
loss=0.062| sh degree=1| :  17%|█▋        | 1173/7000 [03:17<04:06, 23.61it/s]
loss=0.062| sh degree=1| :  17%|█▋        | 1176/7000 [03:17<04:01, 24.08it/s]
loss=0.049| sh degree=1| :  17%|█▋        | 1176/7000 [03:17<04:01, 24.08it/s]
loss=0.056| sh degree=1| :  17%|█▋        | 1176/7000 [03:17<04:01, 24.08it/s]
loss=0.055| sh degree=1| :  17%|█▋        | 1176/7000 [03:17<04:01, 24.08it/s]
loss=0.055| sh degree=1| :  17%|█▋        | 1179/7000 [03:17<04:16, 22.72it/s]
loss=0.069| sh degree=1| :  17%|█▋        | 1179/7000 [03:17<04:16, 22.72it/s]
loss=0.074| sh degree=1| :  17%|█▋        | 1179/7000 [03:17<04:16, 22.72it/s]
loss=0.057| sh degree=1| :  17%|█▋        | 1179/7000 [03:18<04:16, 22.72it/s]
loss=0.057| sh degree=1| :  17%|█▋        | 1182/7000 [03:18<04:05, 23.73it/s]
loss=0.055| sh degree=1| :  17%|█▋        | 1182/7000 [03:18<04:05, 23.73it/s]
loss=0.050| sh degree=1| :  17%|█▋        | 1182/7000 [03:18<04:05, 23.73it/s]
loss=0.065| sh degree=1| :  17%|█▋        | 1182/7000 [03:18<04:05, 23.73it/s]
loss=0.065| sh degree=1| :  17%|█▋        | 1185/7000 [03:18<04:00, 24.16it/s]
loss=0.063| sh degree=1| :  17%|█▋        | 1185/7000 [03:18<04:00, 24.16it/s]
loss=0.052| sh degree=1| :  17%|█▋        | 1185/7000 [03:18<04:00, 24.16it/s]
loss=0.070| sh degree=1| :  17%|█▋        | 1185/7000 [03:18<04:00, 24.16it/s]
loss=0.070| sh degree=1| :  17%|█▋        | 1188/7000 [03:18<03:58, 24.34it/s]
loss=0.047| sh degree=1| :  17%|█▋        | 1188/7000 [03:18<03:58, 24.34it/s]
loss=0.058| sh degree=1| :  17%|█▋        | 1188/7000 [03:18<03:58, 24.34it/s]
loss=0.061| sh degree=1| :  17%|█▋        | 1188/7000 [03:18<03:58, 24.34it/s]
loss=0.061| sh degree=1| :  17%|█▋        | 1191/7000 [03:18<03:47, 25.58it/s]
loss=0.068| sh degree=1| :  17%|█▋        | 1191/7000 [03:18<03:47, 25.58it/s]
loss=0.052| sh degree=1| :  17%|█▋        | 1191/7000 [03:18<03:47, 25.58it/s]
loss=0.049| sh degree=1| :  17%|█▋        | 1191/7000 [03:18<03:47, 25.58it/s]
loss=0.049| sh degree=1| :  17%|█▋        | 1194/7000 [03:18<03:47, 25.49it/s]
loss=0.049| sh degree=1| :  17%|█▋        | 1194/7000 [03:18<03:47, 25.49it/s]
loss=0.060| sh degree=1| :  17%|█▋        | 1194/7000 [03:18<03:47, 25.49it/s]
loss=0.051| sh degree=1| :  17%|█▋        | 1194/7000 [03:18<03:47, 25.49it/s]
loss=0.051| sh degree=1| :  17%|█▋        | 1197/7000 [03:18<03:53, 24.88it/s]
loss=0.062| sh degree=1| :  17%|█▋        | 1197/7000 [03:18<03:53, 24.88it/s]
loss=0.068| sh degree=1| :  17%|█▋        | 1197/7000 [03:18<03:53, 24.88it/s]
loss=0.049| sh degree=1| :  17%|█▋        | 1197/7000 [03:18<03:53, 24.88it/s]
loss=0.049| sh degree=1| :  17%|█▋        | 1200/7000 [03:18<03:45, 25.69it/s]
loss=0.057| sh degree=1| :  17%|█▋        | 1200/7000 [03:18<03:45, 25.69it/s]
loss=0.073| sh degree=1| :  17%|█▋        | 1200/7000 [03:18<03:45, 25.69it/s]
loss=0.079| sh degree=1| :  17%|█▋        | 1200/7000 [03:18<03:45, 25.69it/s]
loss=0.079| sh degree=1| :  17%|█▋        | 1203/7000 [03:18<03:54, 24.69it/s]
loss=0.075| sh degree=1| :  17%|█▋        | 1203/7000 [03:18<03:54, 24.69it/s]
loss=0.069| sh degree=1| :  17%|█▋        | 1203/7000 [03:18<03:54, 24.69it/s]
loss=0.055| sh degree=1| :  17%|█▋        | 1203/7000 [03:18<03:54, 24.69it/s]
loss=0.055| sh degree=1| :  17%|█▋        | 1206/7000 [03:18<03:50, 25.15it/s]
loss=0.060| sh degree=1| :  17%|█▋        | 1206/7000 [03:19<03:50, 25.15it/s]
loss=0.064| sh degree=1| :  17%|█▋        | 1206/7000 [03:19<03:50, 25.15it/s]
loss=0.064| sh degree=1| :  17%|█▋        | 1206/7000 [03:19<03:50, 25.15it/s]
loss=0.064| sh degree=1| :  17%|█▋        | 1209/7000 [03:19<04:02, 23.89it/s]
loss=0.051| sh degree=1| :  17%|█▋        | 1209/7000 [03:19<04:02, 23.89it/s]
loss=0.050| sh degree=1| :  17%|█▋        | 1209/7000 [03:19<04:02, 23.89it/s]
loss=0.049| sh degree=1| :  17%|█▋        | 1209/7000 [03:19<04:02, 23.89it/s]
loss=0.049| sh degree=1| :  17%|█▋        | 1212/7000 [03:19<04:02, 23.88it/s]
loss=0.056| sh degree=1| :  17%|█▋        | 1212/7000 [03:19<04:02, 23.88it/s]
loss=0.063| sh degree=1| :  17%|█▋        | 1212/7000 [03:19<04:02, 23.88it/s]
loss=0.059| sh degree=1| :  17%|█▋        | 1212/7000 [03:19<04:02, 23.88it/s]
loss=0.059| sh degree=1| :  17%|█▋        | 1215/7000 [03:19<03:49, 25.24it/s]
loss=0.052| sh degree=1| :  17%|█▋        | 1215/7000 [03:19<03:49, 25.24it/s]
loss=0.051| sh degree=1| :  17%|█▋        | 1215/7000 [03:19<03:49, 25.24it/s]
loss=0.059| sh degree=1| :  17%|█▋        | 1215/7000 [03:19<03:49, 25.24it/s]
loss=0.059| sh degree=1| :  17%|█▋        | 1218/7000 [03:19<03:43, 25.89it/s]
loss=0.068| sh degree=1| :  17%|█▋        | 1218/7000 [03:19<03:43, 25.89it/s]
loss=0.046| sh degree=1| :  17%|█▋        | 1218/7000 [03:19<03:43, 25.89it/s]
loss=0.044| sh degree=1| :  17%|█▋        | 1218/7000 [03:19<03:43, 25.89it/s]
loss=0.058| sh degree=1| :  17%|█▋        | 1218/7000 [03:19<03:43, 25.89it/s]
loss=0.058| sh degree=1| :  17%|█▋        | 1222/7000 [03:19<03:27, 27.85it/s]
loss=0.058| sh degree=1| :  17%|█▋        | 1222/7000 [03:19<03:27, 27.85it/s]
loss=0.057| sh degree=1| :  17%|█▋        | 1222/7000 [03:19<03:27, 27.85it/s]
loss=0.056| sh degree=1| :  17%|█▋        | 1222/7000 [03:19<03:27, 27.85it/s]
loss=0.050| sh degree=1| :  17%|█▋        | 1222/7000 [03:19<03:27, 27.85it/s]
loss=0.050| sh degree=1| :  18%|█▊        | 1226/7000 [03:19<03:10, 30.36it/s]
loss=0.050| sh degree=1| :  18%|█▊        | 1226/7000 [03:19<03:10, 30.36it/s]
loss=0.066| sh degree=1| :  18%|█▊        | 1226/7000 [03:19<03:10, 30.36it/s]
loss=0.063| sh degree=1| :  18%|█▊        | 1226/7000 [03:19<03:10, 30.36it/s]
loss=0.047| sh degree=1| :  18%|█▊        | 1226/7000 [03:19<03:10, 30.36it/s]
loss=0.047| sh degree=1| :  18%|█▊        | 1230/7000 [03:19<03:02, 31.70it/s]
loss=0.080| sh degree=1| :  18%|█▊        | 1230/7000 [03:19<03:02, 31.70it/s]
loss=0.050| sh degree=1| :  18%|█▊        | 1230/7000 [03:19<03:02, 31.70it/s]
loss=0.046| sh degree=1| :  18%|█▊        | 1230/7000 [03:19<03:02, 31.70it/s]
loss=0.045| sh degree=1| :  18%|█▊        | 1230/7000 [03:19<03:02, 31.70it/s]
loss=0.045| sh degree=1| :  18%|█▊        | 1234/7000 [03:19<03:05, 31.05it/s]
loss=0.061| sh degree=1| :  18%|█▊        | 1234/7000 [03:19<03:05, 31.05it/s]
loss=0.055| sh degree=1| :  18%|█▊        | 1234/7000 [03:19<03:05, 31.05it/s]
loss=0.042| sh degree=1| :  18%|█▊        | 1234/7000 [03:20<03:05, 31.05it/s]
loss=0.075| sh degree=1| :  18%|█▊        | 1234/7000 [03:20<03:05, 31.05it/s]
loss=0.075| sh degree=1| :  18%|█▊        | 1238/7000 [03:20<03:01, 31.77it/s]
loss=0.081| sh degree=1| :  18%|█▊        | 1238/7000 [03:20<03:01, 31.77it/s]
loss=0.069| sh degree=1| :  18%|█▊        | 1238/7000 [03:20<03:01, 31.77it/s]
loss=0.086| sh degree=1| :  18%|█▊        | 1238/7000 [03:20<03:01, 31.77it/s]
loss=0.055| sh degree=1| :  18%|█▊        | 1238/7000 [03:20<03:01, 31.77it/s]
loss=0.055| sh degree=1| :  18%|█▊        | 1242/7000 [03:20<03:07, 30.64it/s]
loss=0.066| sh degree=1| :  18%|█▊        | 1242/7000 [03:20<03:07, 30.64it/s]
loss=0.049| sh degree=1| :  18%|█▊        | 1242/7000 [03:20<03:07, 30.64it/s]
loss=0.057| sh degree=1| :  18%|█▊        | 1242/7000 [03:20<03:07, 30.64it/s]
loss=0.044| sh degree=1| :  18%|█▊        | 1242/7000 [03:20<03:07, 30.64it/s]
loss=0.044| sh degree=1| :  18%|█▊        | 1246/7000 [03:20<03:12, 29.86it/s]
loss=0.067| sh degree=1| :  18%|█▊        | 1246/7000 [03:20<03:12, 29.86it/s]
loss=0.069| sh degree=1| :  18%|█▊        | 1246/7000 [03:20<03:12, 29.86it/s]
loss=0.067| sh degree=1| :  18%|█▊        | 1246/7000 [03:20<03:12, 29.86it/s]
loss=0.073| sh degree=1| :  18%|█▊        | 1246/7000 [03:20<03:12, 29.86it/s]
loss=0.053| sh degree=1| :  18%|█▊        | 1246/7000 [03:20<03:12, 29.86it/s]
loss=0.053| sh degree=1| :  18%|█▊        | 1251/7000 [03:20<02:46, 34.54it/s]
loss=0.056| sh degree=1| :  18%|█▊        | 1251/7000 [03:20<02:46, 34.54it/s]
loss=0.073| sh degree=1| :  18%|█▊        | 1251/7000 [03:20<02:46, 34.54it/s]
loss=0.051| sh degree=1| :  18%|█▊        | 1251/7000 [03:20<02:46, 34.54it/s]
loss=0.052| sh degree=1| :  18%|█▊        | 1251/7000 [03:20<02:46, 34.54it/s]
loss=0.052| sh degree=1| :  18%|█▊        | 1255/7000 [03:20<02:41, 35.57it/s]
loss=0.045| sh degree=1| :  18%|█▊        | 1255/7000 [03:20<02:41, 35.57it/s]
loss=0.061| sh degree=1| :  18%|█▊        | 1255/7000 [03:20<02:41, 35.57it/s]
loss=0.049| sh degree=1| :  18%|█▊        | 1255/7000 [03:20<02:41, 35.57it/s]
loss=0.043| sh degree=1| :  18%|█▊        | 1255/7000 [03:20<02:41, 35.57it/s]
loss=0.043| sh degree=1| :  18%|█▊        | 1259/7000 [03:20<02:44, 34.83it/s]
loss=0.060| sh degree=1| :  18%|█▊        | 1259/7000 [03:20<02:44, 34.83it/s]
loss=0.059| sh degree=1| :  18%|█▊        | 1259/7000 [03:20<02:44, 34.83it/s]
loss=0.046| sh degree=1| :  18%|█▊        | 1259/7000 [03:20<02:44, 34.83it/s]
loss=0.056| sh degree=1| :  18%|█▊        | 1259/7000 [03:20<02:44, 34.83it/s]
loss=0.056| sh degree=1| :  18%|█▊        | 1263/7000 [03:20<02:49, 33.90it/s]
loss=0.057| sh degree=1| :  18%|█▊        | 1263/7000 [03:20<02:49, 33.90it/s]
loss=0.065| sh degree=1| :  18%|█▊        | 1263/7000 [03:20<02:49, 33.90it/s]
loss=0.059| sh degree=1| :  18%|█▊        | 1263/7000 [03:20<02:49, 33.90it/s]
loss=0.060| sh degree=1| :  18%|█▊        | 1263/7000 [03:20<02:49, 33.90it/s]
loss=0.060| sh degree=1| :  18%|█▊        | 1267/7000 [03:20<02:48, 34.08it/s]
loss=0.082| sh degree=1| :  18%|█▊        | 1267/7000 [03:20<02:48, 34.08it/s]
loss=0.058| sh degree=1| :  18%|█▊        | 1267/7000 [03:20<02:48, 34.08it/s]
loss=0.048| sh degree=1| :  18%|█▊        | 1267/7000 [03:20<02:48, 34.08it/s]
loss=0.054| sh degree=1| :  18%|█▊        | 1267/7000 [03:21<02:48, 34.08it/s]
loss=0.054| sh degree=1| :  18%|█▊        | 1271/7000 [03:21<02:49, 33.87it/s]
loss=0.049| sh degree=1| :  18%|█▊        | 1271/7000 [03:21<02:49, 33.87it/s]
loss=0.068| sh degree=1| :  18%|█▊        | 1271/7000 [03:21<02:49, 33.87it/s]
loss=0.057| sh degree=1| :  18%|█▊        | 1271/7000 [03:21<02:49, 33.87it/s]
loss=0.045| sh degree=1| :  18%|█▊        | 1271/7000 [03:21<02:49, 33.87it/s]
loss=0.049| sh degree=1| :  18%|█▊        | 1271/7000 [03:21<02:49, 33.87it/s]
loss=0.049| sh degree=1| :  18%|█▊        | 1276/7000 [03:21<03:32, 26.95it/s]
loss=0.045| sh degree=1| :  18%|█▊        | 1276/7000 [03:21<03:32, 26.95it/s]
loss=0.055| sh degree=1| :  18%|█▊        | 1276/7000 [03:21<03:32, 26.95it/s]
loss=0.052| sh degree=1| :  18%|█▊        | 1276/7000 [03:21<03:32, 26.95it/s]
loss=0.047| sh degree=1| :  18%|█▊        | 1276/7000 [03:21<03:32, 26.95it/s]
loss=0.047| sh degree=1| :  18%|█▊        | 1280/7000 [03:21<03:26, 27.67it/s]
loss=0.057| sh degree=1| :  18%|█▊        | 1280/7000 [03:21<03:26, 27.67it/s]
loss=0.062| sh degree=1| :  18%|█▊        | 1280/7000 [03:21<03:26, 27.67it/s]
loss=0.053| sh degree=1| :  18%|█▊        | 1280/7000 [03:21<03:26, 27.67it/s]
loss=0.043| sh degree=1| :  18%|█▊        | 1280/7000 [03:21<03:26, 27.67it/s]
loss=0.050| sh degree=1| :  18%|█▊        | 1280/7000 [03:21<03:26, 27.67it/s]
loss=0.053| sh degree=1| :  18%|█▊        | 1280/7000 [03:21<03:26, 27.67it/s]
loss=0.053| sh degree=1| :  18%|█▊        | 1286/7000 [03:21<02:47, 34.08it/s]
loss=0.049| sh degree=1| :  18%|█▊        | 1286/7000 [03:21<02:47, 34.08it/s]
loss=0.055| sh degree=1| :  18%|█▊        | 1286/7000 [03:21<02:47, 34.08it/s]
loss=0.079| sh degree=1| :  18%|█▊        | 1286/7000 [03:21<02:47, 34.08it/s]
loss=0.044| sh degree=1| :  18%|█▊        | 1286/7000 [03:21<02:47, 34.08it/s]
loss=0.044| sh degree=1| :  18%|█▊        | 1290/7000 [03:21<02:46, 34.25it/s]
loss=0.063| sh degree=1| :  18%|█▊        | 1290/7000 [03:21<02:46, 34.25it/s]
loss=0.048| sh degree=1| :  18%|█▊        | 1290/7000 [03:21<02:46, 34.25it/s]
loss=0.064| sh degree=1| :  18%|█▊        | 1290/7000 [03:21<02:46, 34.25it/s]
loss=0.064| sh degree=1| :  18%|█▊        | 1290/7000 [03:21<02:46, 34.25it/s]
loss=0.064| sh degree=1| :  18%|█▊        | 1294/7000 [03:21<02:45, 34.41it/s]
loss=0.047| sh degree=1| :  18%|█▊        | 1294/7000 [03:21<02:45, 34.41it/s]
loss=0.063| sh degree=1| :  18%|█▊        | 1294/7000 [03:21<02:45, 34.41it/s]
loss=0.058| sh degree=1| :  18%|█▊        | 1294/7000 [03:21<02:45, 34.41it/s]
loss=0.051| sh degree=1| :  18%|█▊        | 1294/7000 [03:21<02:45, 34.41it/s]
loss=0.051| sh degree=1| :  19%|█▊        | 1298/7000 [03:21<02:41, 35.26it/s]
loss=0.057| sh degree=1| :  19%|█▊        | 1298/7000 [03:21<02:41, 35.26it/s]
loss=0.069| sh degree=1| :  19%|█▊        | 1298/7000 [03:21<02:41, 35.26it/s]
loss=0.054| sh degree=1| :  19%|█▊        | 1298/7000 [03:21<02:41, 35.26it/s]
loss=0.062| sh degree=1| :  19%|█▊        | 1298/7000 [03:21<02:41, 35.26it/s]
loss=0.062| sh degree=1| :  19%|█▊        | 1302/7000 [03:21<02:53, 32.82it/s]
loss=0.060| sh degree=1| :  19%|█▊        | 1302/7000 [03:22<02:53, 32.82it/s]
loss=0.055| sh degree=1| :  19%|█▊        | 1302/7000 [03:22<02:53, 32.82it/s]
loss=0.062| sh degree=1| :  19%|█▊        | 1302/7000 [03:22<02:53, 32.82it/s]
loss=0.048| sh degree=1| :  19%|█▊        | 1302/7000 [03:22<02:53, 32.82it/s]
loss=0.066| sh degree=1| :  19%|█▊        | 1302/7000 [03:22<02:53, 32.82it/s]
loss=0.048| sh degree=1| :  19%|█▊        | 1302/7000 [03:22<02:53, 32.82it/s]
loss=0.048| sh degree=1| :  19%|█▊        | 1308/7000 [03:22<02:34, 36.96it/s]
loss=0.047| sh degree=1| :  19%|█▊        | 1308/7000 [03:22<02:34, 36.96it/s]
loss=0.045| sh degree=1| :  19%|█▊        | 1308/7000 [03:22<02:34, 36.96it/s]
loss=0.043| sh degree=1| :  19%|█▊        | 1308/7000 [03:22<02:34, 36.96it/s]
loss=0.067| sh degree=1| :  19%|█▊        | 1308/7000 [03:22<02:34, 36.96it/s]
loss=0.067| sh degree=1| :  19%|█▊        | 1312/7000 [03:22<03:01, 31.41it/s]
loss=0.060| sh degree=1| :  19%|█▊        | 1312/7000 [03:22<03:01, 31.41it/s]
loss=0.069| sh degree=1| :  19%|█▊        | 1312/7000 [03:22<03:01, 31.41it/s]
loss=0.056| sh degree=1| :  19%|█▊        | 1312/7000 [03:22<03:01, 31.41it/s]
loss=0.058| sh degree=1| :  19%|█▊        | 1312/7000 [03:22<03:01, 31.41it/s]
loss=0.058| sh degree=1| :  19%|█▉        | 1316/7000 [03:22<02:53, 32.82it/s]
loss=0.061| sh degree=1| :  19%|█▉        | 1316/7000 [03:22<02:53, 32.82it/s]
loss=0.061| sh degree=1| :  19%|█▉        | 1316/7000 [03:22<02:53, 32.82it/s]
loss=0.060| sh degree=1| :  19%|█▉        | 1316/7000 [03:22<02:53, 32.82it/s]
loss=0.066| sh degree=1| :  19%|█▉        | 1316/7000 [03:22<02:53, 32.82it/s]
loss=0.054| sh degree=1| :  19%|█▉        | 1316/7000 [03:22<02:53, 32.82it/s]
loss=0.054| sh degree=1| :  19%|█▉        | 1321/7000 [03:22<02:36, 36.21it/s]
loss=0.080| sh degree=1| :  19%|█▉        | 1321/7000 [03:22<02:36, 36.21it/s]
loss=0.063| sh degree=1| :  19%|█▉        | 1321/7000 [03:22<02:36, 36.21it/s]
loss=0.056| sh degree=1| :  19%|█▉        | 1321/7000 [03:22<02:36, 36.21it/s]
loss=0.048| sh degree=1| :  19%|█▉        | 1321/7000 [03:22<02:36, 36.21it/s]
loss=0.048| sh degree=1| :  19%|█▉        | 1325/7000 [03:22<02:43, 34.80it/s]
loss=0.049| sh degree=1| :  19%|█▉        | 1325/7000 [03:22<02:43, 34.80it/s]
loss=0.063| sh degree=1| :  19%|█▉        | 1325/7000 [03:22<02:43, 34.80it/s]
loss=0.056| sh degree=1| :  19%|█▉        | 1325/7000 [03:22<02:43, 34.80it/s]
loss=0.068| sh degree=1| :  19%|█▉        | 1325/7000 [03:22<02:43, 34.80it/s]
loss=0.052| sh degree=1| :  19%|█▉        | 1325/7000 [03:22<02:43, 34.80it/s]
loss=0.052| sh degree=1| :  19%|█▉        | 1330/7000 [03:22<02:36, 36.16it/s]
loss=0.052| sh degree=1| :  19%|█▉        | 1330/7000 [03:22<02:36, 36.16it/s]
loss=0.043| sh degree=1| :  19%|█▉        | 1330/7000 [03:22<02:36, 36.16it/s]
loss=0.053| sh degree=1| :  19%|█▉        | 1330/7000 [03:22<02:36, 36.16it/s]
loss=0.056| sh degree=1| :  19%|█▉        | 1330/7000 [03:22<02:36, 36.16it/s]
loss=0.041| sh degree=1| :  19%|█▉        | 1330/7000 [03:22<02:36, 36.16it/s]
loss=0.041| sh degree=1| :  19%|█▉        | 1335/7000 [03:22<02:31, 37.41it/s]
loss=0.063| sh degree=1| :  19%|█▉        | 1335/7000 [03:22<02:31, 37.41it/s]
loss=0.060| sh degree=1| :  19%|█▉        | 1335/7000 [03:22<02:31, 37.41it/s]
loss=0.056| sh degree=1| :  19%|█▉        | 1335/7000 [03:23<02:31, 37.41it/s]
loss=0.049| sh degree=1| :  19%|█▉        | 1335/7000 [03:23<02:31, 37.41it/s]
loss=0.049| sh degree=1| :  19%|█▉        | 1339/7000 [03:23<02:43, 34.63it/s]
loss=0.057| sh degree=1| :  19%|█▉        | 1339/7000 [03:23<02:43, 34.63it/s]
loss=0.055| sh degree=1| :  19%|█▉        | 1339/7000 [03:23<02:43, 34.63it/s]
loss=0.057| sh degree=1| :  19%|█▉        | 1339/7000 [03:23<02:43, 34.63it/s]
loss=0.048| sh degree=1| :  19%|█▉        | 1339/7000 [03:23<02:43, 34.63it/s]
loss=0.048| sh degree=1| :  19%|█▉        | 1343/7000 [03:23<02:40, 35.32it/s]
loss=0.073| sh degree=1| :  19%|█▉        | 1343/7000 [03:23<02:40, 35.32it/s]
loss=0.054| sh degree=1| :  19%|█▉        | 1343/7000 [03:23<02:40, 35.32it/s]
loss=0.052| sh degree=1| :  19%|█▉        | 1343/7000 [03:23<02:40, 35.32it/s]
loss=0.066| sh degree=1| :  19%|█▉        | 1343/7000 [03:23<02:40, 35.32it/s]
loss=0.066| sh degree=1| :  19%|█▉        | 1347/7000 [03:23<02:36, 36.06it/s]
loss=0.058| sh degree=1| :  19%|█▉        | 1347/7000 [03:23<02:36, 36.06it/s]
loss=0.054| sh degree=1| :  19%|█▉        | 1347/7000 [03:23<02:36, 36.06it/s]
loss=0.047| sh degree=1| :  19%|█▉        | 1347/7000 [03:23<02:36, 36.06it/s]
loss=0.049| sh degree=1| :  19%|█▉        | 1347/7000 [03:23<02:36, 36.06it/s]
loss=0.046| sh degree=1| :  19%|█▉        | 1347/7000 [03:23<02:36, 36.06it/s]
loss=0.046| sh degree=1| :  19%|█▉        | 1352/7000 [03:23<02:25, 38.80it/s]
loss=0.044| sh degree=1| :  19%|█▉        | 1352/7000 [03:23<02:25, 38.80it/s]
loss=0.046| sh degree=1| :  19%|█▉        | 1352/7000 [03:23<02:25, 38.80it/s]
loss=0.045| sh degree=1| :  19%|█▉        | 1352/7000 [03:23<02:25, 38.80it/s]
loss=0.054| sh degree=1| :  19%|█▉        | 1352/7000 [03:23<02:25, 38.80it/s]
loss=0.048| sh degree=1| :  19%|█▉        | 1352/7000 [03:23<02:25, 38.80it/s]
loss=0.056| sh degree=1| :  19%|█▉        | 1352/7000 [03:23<02:25, 38.80it/s]
loss=0.056| sh degree=1| :  19%|█▉        | 1358/7000 [03:23<02:11, 42.98it/s]
loss=0.052| sh degree=1| :  19%|█▉        | 1358/7000 [03:23<02:11, 42.98it/s]
loss=0.068| sh degree=1| :  19%|█▉        | 1358/7000 [03:23<02:11, 42.98it/s]
loss=0.056| sh degree=1| :  19%|█▉        | 1358/7000 [03:23<02:11, 42.98it/s]
loss=0.045| sh degree=1| :  19%|█▉        | 1358/7000 [03:23<02:11, 42.98it/s]
loss=0.064| sh degree=1| :  19%|█▉        | 1358/7000 [03:23<02:11, 42.98it/s]
loss=0.064| sh degree=1| :  19%|█▉        | 1363/7000 [03:23<02:09, 43.62it/s]
loss=0.054| sh degree=1| :  19%|█▉        | 1363/7000 [03:23<02:09, 43.62it/s]
loss=0.047| sh degree=1| :  19%|█▉        | 1363/7000 [03:23<02:09, 43.62it/s]
loss=0.055| sh degree=1| :  19%|█▉        | 1363/7000 [03:23<02:09, 43.62it/s]
loss=0.052| sh degree=1| :  19%|█▉        | 1363/7000 [03:23<02:09, 43.62it/s]
loss=0.053| sh degree=1| :  19%|█▉        | 1363/7000 [03:23<02:09, 43.62it/s]
loss=0.053| sh degree=1| :  20%|█▉        | 1368/7000 [03:23<02:08, 43.76it/s]
loss=0.083| sh degree=1| :  20%|█▉        | 1368/7000 [03:23<02:08, 43.76it/s]
loss=0.055| sh degree=1| :  20%|█▉        | 1368/7000 [03:23<02:08, 43.76it/s]
loss=0.058| sh degree=1| :  20%|█▉        | 1368/7000 [03:23<02:08, 43.76it/s]
loss=0.056| sh degree=1| :  20%|█▉        | 1368/7000 [03:23<02:08, 43.76it/s]
loss=0.056| sh degree=1| :  20%|█▉        | 1368/7000 [03:23<02:08, 43.76it/s]
loss=0.056| sh degree=1| :  20%|█▉        | 1373/7000 [03:23<02:03, 45.44it/s]
loss=0.059| sh degree=1| :  20%|█▉        | 1373/7000 [03:23<02:03, 45.44it/s]
loss=0.052| sh degree=1| :  20%|█▉        | 1373/7000 [03:23<02:03, 45.44it/s]
loss=0.063| sh degree=1| :  20%|█▉        | 1373/7000 [03:23<02:03, 45.44it/s]
loss=0.066| sh degree=1| :  20%|█▉        | 1373/7000 [03:23<02:03, 45.44it/s]
loss=0.055| sh degree=1| :  20%|█▉        | 1373/7000 [03:23<02:03, 45.44it/s]
loss=0.055| sh degree=1| :  20%|█▉        | 1378/7000 [03:23<02:02, 45.73it/s]
loss=0.069| sh degree=1| :  20%|█▉        | 1378/7000 [03:23<02:02, 45.73it/s]
loss=0.050| sh degree=1| :  20%|█▉        | 1378/7000 [03:23<02:02, 45.73it/s]
loss=0.047| sh degree=1| :  20%|█▉        | 1378/7000 [03:23<02:02, 45.73it/s]
loss=0.052| sh degree=1| :  20%|█▉        | 1378/7000 [03:23<02:02, 45.73it/s]
loss=0.052| sh degree=1| :  20%|█▉        | 1378/7000 [03:24<02:02, 45.73it/s]
loss=0.052| sh degree=1| :  20%|█▉        | 1383/7000 [03:24<02:03, 45.30it/s]
loss=0.047| sh degree=1| :  20%|█▉        | 1383/7000 [03:24<02:03, 45.30it/s]
loss=0.045| sh degree=1| :  20%|█▉        | 1383/7000 [03:24<02:03, 45.30it/s]
loss=0.054| sh degree=1| :  20%|█▉        | 1383/7000 [03:24<02:03, 45.30it/s]
loss=0.067| sh degree=1| :  20%|█▉        | 1383/7000 [03:24<02:03, 45.30it/s]
loss=0.067| sh degree=1| :  20%|█▉        | 1383/7000 [03:24<02:03, 45.30it/s]
loss=0.067| sh degree=1| :  20%|█▉        | 1388/7000 [03:24<02:12, 42.40it/s]
loss=0.045| sh degree=1| :  20%|█▉        | 1388/7000 [03:24<02:12, 42.40it/s]
loss=0.065| sh degree=1| :  20%|█▉        | 1388/7000 [03:24<02:12, 42.40it/s]
loss=0.062| sh degree=1| :  20%|█▉        | 1388/7000 [03:24<02:12, 42.40it/s]
loss=0.043| sh degree=1| :  20%|█▉        | 1388/7000 [03:24<02:12, 42.40it/s]
loss=0.044| sh degree=1| :  20%|█▉        | 1388/7000 [03:24<02:12, 42.40it/s]
loss=0.044| sh degree=1| :  20%|█▉        | 1393/7000 [03:24<02:16, 40.99it/s]
loss=0.049| sh degree=1| :  20%|█▉        | 1393/7000 [03:24<02:16, 40.99it/s]
loss=0.044| sh degree=1| :  20%|█▉        | 1393/7000 [03:24<02:16, 40.99it/s]
loss=0.042| sh degree=1| :  20%|█▉        | 1393/7000 [03:24<02:16, 40.99it/s]
loss=0.044| sh degree=1| :  20%|█▉        | 1393/7000 [03:24<02:16, 40.99it/s]
loss=0.052| sh degree=1| :  20%|█▉        | 1393/7000 [03:24<02:16, 40.99it/s]
loss=0.051| sh degree=1| :  20%|█▉        | 1393/7000 [03:24<02:16, 40.99it/s]
loss=0.051| sh degree=1| :  20%|█▉        | 1399/7000 [03:24<02:06, 44.22it/s]
loss=0.046| sh degree=1| :  20%|█▉        | 1399/7000 [03:24<02:06, 44.22it/s]
loss=0.046| sh degree=1| :  20%|█▉        | 1399/7000 [03:24<02:06, 44.22it/s]
loss=0.080| sh degree=1| :  20%|█▉        | 1399/7000 [03:24<02:06, 44.22it/s]
loss=0.064| sh degree=1| :  20%|█▉        | 1399/7000 [03:24<02:06, 44.22it/s]
loss=0.059| sh degree=1| :  20%|█▉        | 1399/7000 [03:24<02:06, 44.22it/s]
loss=0.059| sh degree=1| :  20%|██        | 1404/7000 [03:24<02:08, 43.39it/s]
loss=0.081| sh degree=1| :  20%|██        | 1404/7000 [03:24<02:08, 43.39it/s]
loss=0.067| sh degree=1| :  20%|██        | 1404/7000 [03:24<02:08, 43.39it/s]
loss=0.070| sh degree=1| :  20%|██        | 1404/7000 [03:24<02:08, 43.39it/s]
loss=0.066| sh degree=1| :  20%|██        | 1404/7000 [03:24<02:08, 43.39it/s]
loss=0.060| sh degree=1| :  20%|██        | 1404/7000 [03:24<02:08, 43.39it/s]
loss=0.051| sh degree=1| :  20%|██        | 1404/7000 [03:24<02:08, 43.39it/s]
loss=0.051| sh degree=1| :  20%|██        | 1410/7000 [03:24<02:00, 46.46it/s]
loss=0.057| sh degree=1| :  20%|██        | 1410/7000 [03:24<02:00, 46.46it/s]
loss=0.047| sh degree=1| :  20%|██        | 1410/7000 [03:24<02:00, 46.46it/s]
loss=0.053| sh degree=1| :  20%|██        | 1410/7000 [03:24<02:00, 46.46it/s]
loss=0.054| sh degree=1| :  20%|██        | 1410/7000 [03:24<02:00, 46.46it/s]
loss=0.051| sh degree=1| :  20%|██        | 1410/7000 [03:24<02:00, 46.46it/s]
loss=0.051| sh degree=1| :  20%|██        | 1415/7000 [03:24<02:00, 46.43it/s]
loss=0.051| sh degree=1| :  20%|██        | 1415/7000 [03:24<02:00, 46.43it/s]
loss=0.048| sh degree=1| :  20%|██        | 1415/7000 [03:24<02:00, 46.43it/s]
loss=0.064| sh degree=1| :  20%|██        | 1415/7000 [03:24<02:00, 46.43it/s]
loss=0.085| sh degree=1| :  20%|██        | 1415/7000 [03:24<02:00, 46.43it/s]
loss=0.068| sh degree=1| :  20%|██        | 1415/7000 [03:24<02:00, 46.43it/s]
loss=0.068| sh degree=1| :  20%|██        | 1420/7000 [03:24<02:30, 37.06it/s]
loss=0.050| sh degree=1| :  20%|██        | 1420/7000 [03:24<02:30, 37.06it/s]
loss=0.044| sh degree=1| :  20%|██        | 1420/7000 [03:24<02:30, 37.06it/s]
loss=0.065| sh degree=1| :  20%|██        | 1420/7000 [03:25<02:30, 37.06it/s]
loss=0.059| sh degree=1| :  20%|██        | 1420/7000 [03:25<02:30, 37.06it/s]
loss=0.084| sh degree=1| :  20%|██        | 1420/7000 [03:25<02:30, 37.06it/s]
loss=0.084| sh degree=1| :  20%|██        | 1425/7000 [03:25<02:24, 38.62it/s]
loss=0.053| sh degree=1| :  20%|██        | 1425/7000 [03:25<02:24, 38.62it/s]
loss=0.047| sh degree=1| :  20%|██        | 1425/7000 [03:25<02:24, 38.62it/s]
loss=0.061| sh degree=1| :  20%|██        | 1425/7000 [03:25<02:24, 38.62it/s]
loss=0.055| sh degree=1| :  20%|██        | 1425/7000 [03:25<02:24, 38.62it/s]
loss=0.055| sh degree=1| :  20%|██        | 1425/7000 [03:25<02:24, 38.62it/s]
loss=0.055| sh degree=1| :  20%|██        | 1430/7000 [03:25<02:20, 39.78it/s]
loss=0.045| sh degree=1| :  20%|██        | 1430/7000 [03:25<02:20, 39.78it/s]
loss=0.047| sh degree=1| :  20%|██        | 1430/7000 [03:25<02:20, 39.78it/s]
loss=0.052| sh degree=1| :  20%|██        | 1430/7000 [03:25<02:20, 39.78it/s]
loss=0.052| sh degree=1| :  20%|██        | 1430/7000 [03:25<02:20, 39.78it/s]
loss=0.054| sh degree=1| :  20%|██        | 1430/7000 [03:25<02:20, 39.78it/s]
loss=0.054| sh degree=1| :  20%|██        | 1435/7000 [03:25<02:17, 40.35it/s]
loss=0.043| sh degree=1| :  20%|██        | 1435/7000 [03:25<02:17, 40.35it/s]
loss=0.041| sh degree=1| :  20%|██        | 1435/7000 [03:25<02:17, 40.35it/s]
loss=0.053| sh degree=1| :  20%|██        | 1435/7000 [03:25<02:17, 40.35it/s]
loss=0.058| sh degree=1| :  20%|██        | 1435/7000 [03:25<02:17, 40.35it/s]
loss=0.074| sh degree=1| :  20%|██        | 1435/7000 [03:25<02:17, 40.35it/s]
loss=0.079| sh degree=1| :  20%|██        | 1435/7000 [03:25<02:17, 40.35it/s]
loss=0.079| sh degree=1| :  21%|██        | 1441/7000 [03:25<02:07, 43.48it/s]
loss=0.062| sh degree=1| :  21%|██        | 1441/7000 [03:25<02:07, 43.48it/s]
loss=0.057| sh degree=1| :  21%|██        | 1441/7000 [03:25<02:07, 43.48it/s]
loss=0.042| sh degree=1| :  21%|██        | 1441/7000 [03:25<02:07, 43.48it/s]
loss=0.053| sh degree=1| :  21%|██        | 1441/7000 [03:25<02:07, 43.48it/s]
loss=0.068| sh degree=1| :  21%|██        | 1441/7000 [03:25<02:07, 43.48it/s]
loss=0.068| sh degree=1| :  21%|██        | 1446/7000 [03:25<02:04, 44.47it/s]
loss=0.053| sh degree=1| :  21%|██        | 1446/7000 [03:25<02:04, 44.47it/s]
loss=0.052| sh degree=1| :  21%|██        | 1446/7000 [03:25<02:04, 44.47it/s]
loss=0.047| sh degree=1| :  21%|██        | 1446/7000 [03:25<02:04, 44.47it/s]
loss=0.046| sh degree=1| :  21%|██        | 1446/7000 [03:25<02:04, 44.47it/s]
loss=0.044| sh degree=1| :  21%|██        | 1446/7000 [03:25<02:04, 44.47it/s]
loss=0.044| sh degree=1| :  21%|██        | 1451/7000 [03:25<02:10, 42.47it/s]
loss=0.071| sh degree=1| :  21%|██        | 1451/7000 [03:25<02:10, 42.47it/s]
loss=0.057| sh degree=1| :  21%|██        | 1451/7000 [03:25<02:10, 42.47it/s]
loss=0.049| sh degree=1| :  21%|██        | 1451/7000 [03:25<02:10, 42.47it/s]
loss=0.041| sh degree=1| :  21%|██        | 1451/7000 [03:25<02:10, 42.47it/s]
loss=0.095| sh degree=1| :  21%|██        | 1451/7000 [03:25<02:10, 42.47it/s]
loss=0.095| sh degree=1| :  21%|██        | 1456/7000 [03:25<02:13, 41.64it/s]
loss=0.063| sh degree=1| :  21%|██        | 1456/7000 [03:25<02:13, 41.64it/s]
loss=0.041| sh degree=1| :  21%|██        | 1456/7000 [03:25<02:13, 41.64it/s]
loss=0.039| sh degree=1| :  21%|██        | 1456/7000 [03:25<02:13, 41.64it/s]
loss=0.044| sh degree=1| :  21%|██        | 1456/7000 [03:25<02:13, 41.64it/s]
loss=0.055| sh degree=1| :  21%|██        | 1456/7000 [03:25<02:13, 41.64it/s]
loss=0.055| sh degree=1| :  21%|██        | 1461/7000 [03:25<02:18, 40.11it/s]
loss=0.036| sh degree=1| :  21%|██        | 1461/7000 [03:25<02:18, 40.11it/s]
loss=0.038| sh degree=1| :  21%|██        | 1461/7000 [03:25<02:18, 40.11it/s]
loss=0.050| sh degree=1| :  21%|██        | 1461/7000 [03:25<02:18, 40.11it/s]
loss=0.049| sh degree=1| :  21%|██        | 1461/7000 [03:26<02:18, 40.11it/s]
loss=0.074| sh degree=1| :  21%|██        | 1461/7000 [03:26<02:18, 40.11it/s]
loss=0.074| sh degree=1| :  21%|██        | 1466/7000 [03:26<02:17, 40.29it/s]
loss=0.049| sh degree=1| :  21%|██        | 1466/7000 [03:26<02:17, 40.29it/s]
loss=0.042| sh degree=1| :  21%|██        | 1466/7000 [03:26<02:17, 40.29it/s]
loss=0.049| sh degree=1| :  21%|██        | 1466/7000 [03:26<02:17, 40.29it/s]
loss=0.044| sh degree=1| :  21%|██        | 1466/7000 [03:26<02:17, 40.29it/s]
loss=0.059| sh degree=1| :  21%|██        | 1466/7000 [03:26<02:17, 40.29it/s]
loss=0.059| sh degree=1| :  21%|██        | 1471/7000 [03:26<02:13, 41.41it/s]
loss=0.056| sh degree=1| :  21%|██        | 1471/7000 [03:26<02:13, 41.41it/s]
loss=0.040| sh degree=1| :  21%|██        | 1471/7000 [03:26<02:13, 41.41it/s]
loss=0.041| sh degree=1| :  21%|██        | 1471/7000 [03:26<02:13, 41.41it/s]
loss=0.054| sh degree=1| :  21%|██        | 1471/7000 [03:26<02:13, 41.41it/s]
loss=0.049| sh degree=1| :  21%|██        | 1471/7000 [03:26<02:13, 41.41it/s]
loss=0.049| sh degree=1| :  21%|██        | 1476/7000 [03:26<02:16, 40.45it/s]
loss=0.047| sh degree=1| :  21%|██        | 1476/7000 [03:26<02:16, 40.45it/s]
loss=0.046| sh degree=1| :  21%|██        | 1476/7000 [03:26<02:16, 40.45it/s]
loss=0.055| sh degree=1| :  21%|██        | 1476/7000 [03:26<02:16, 40.45it/s]
loss=0.045| sh degree=1| :  21%|██        | 1476/7000 [03:26<02:16, 40.45it/s]
loss=0.063| sh degree=1| :  21%|██        | 1476/7000 [03:26<02:16, 40.45it/s]
loss=0.063| sh degree=1| :  21%|██        | 1481/7000 [03:26<02:10, 42.29it/s]
loss=0.041| sh degree=1| :  21%|██        | 1481/7000 [03:26<02:10, 42.29it/s]
loss=0.037| sh degree=1| :  21%|██        | 1481/7000 [03:26<02:10, 42.29it/s]
loss=0.059| sh degree=1| :  21%|██        | 1481/7000 [03:26<02:10, 42.29it/s]
loss=0.042| sh degree=1| :  21%|██        | 1481/7000 [03:26<02:10, 42.29it/s]
loss=0.054| sh degree=1| :  21%|██        | 1481/7000 [03:26<02:10, 42.29it/s]
loss=0.043| sh degree=1| :  21%|██        | 1481/7000 [03:26<02:10, 42.29it/s]
loss=0.043| sh degree=1| :  21%|██        | 1487/7000 [03:26<02:02, 45.14it/s]
loss=0.056| sh degree=1| :  21%|██        | 1487/7000 [03:26<02:02, 45.14it/s]
loss=0.056| sh degree=1| :  21%|██        | 1487/7000 [03:26<02:02, 45.14it/s]
loss=0.042| sh degree=1| :  21%|██        | 1487/7000 [03:26<02:02, 45.14it/s]
loss=0.049| sh degree=1| :  21%|██        | 1487/7000 [03:26<02:02, 45.14it/s]
loss=0.047| sh degree=1| :  21%|██        | 1487/7000 [03:26<02:02, 45.14it/s]
loss=0.047| sh degree=1| :  21%|██▏       | 1492/7000 [03:26<02:12, 41.69it/s]
loss=0.051| sh degree=1| :  21%|██▏       | 1492/7000 [03:26<02:12, 41.69it/s]
loss=0.057| sh degree=1| :  21%|██▏       | 1492/7000 [03:26<02:12, 41.69it/s]
loss=0.053| sh degree=1| :  21%|██▏       | 1492/7000 [03:26<02:12, 41.69it/s]
loss=0.052| sh degree=1| :  21%|██▏       | 1492/7000 [03:26<02:12, 41.69it/s]
loss=0.044| sh degree=1| :  21%|██▏       | 1492/7000 [03:26<02:12, 41.69it/s]
loss=0.044| sh degree=1| :  21%|██▏       | 1497/7000 [03:26<02:18, 39.67it/s]
loss=0.052| sh degree=1| :  21%|██▏       | 1497/7000 [03:26<02:18, 39.67it/s]
loss=0.043| sh degree=1| :  21%|██▏       | 1497/7000 [03:26<02:18, 39.67it/s]
loss=0.040| sh degree=1| :  21%|██▏       | 1497/7000 [03:26<02:18, 39.67it/s]
loss=0.040| sh degree=1| :  21%|██▏       | 1497/7000 [03:26<02:18, 39.67it/s]
loss=0.052| sh degree=1| :  21%|██▏       | 1497/7000 [03:26<02:18, 39.67it/s]
loss=0.052| sh degree=1| :  21%|██▏       | 1502/7000 [03:26<02:31, 36.20it/s]
loss=0.053| sh degree=1| :  21%|██▏       | 1502/7000 [03:26<02:31, 36.20it/s]
loss=0.046| sh degree=1| :  21%|██▏       | 1502/7000 [03:26<02:31, 36.20it/s]
loss=0.043| sh degree=1| :  21%|██▏       | 1502/7000 [03:27<02:31, 36.20it/s]
loss=0.079| sh degree=1| :  21%|██▏       | 1502/7000 [03:27<02:31, 36.20it/s]
loss=0.059| sh degree=1| :  21%|██▏       | 1502/7000 [03:27<02:31, 36.20it/s]
loss=0.059| sh degree=1| :  22%|██▏       | 1507/7000 [03:27<02:25, 37.74it/s]
loss=0.068| sh degree=1| :  22%|██▏       | 1507/7000 [03:27<02:25, 37.74it/s]
loss=0.045| sh degree=1| :  22%|██▏       | 1507/7000 [03:27<02:25, 37.74it/s]
loss=0.052| sh degree=1| :  22%|██▏       | 1507/7000 [03:27<02:25, 37.74it/s]
loss=0.060| sh degree=1| :  22%|██▏       | 1507/7000 [03:27<02:25, 37.74it/s]
loss=0.060| sh degree=1| :  22%|██▏       | 1511/7000 [03:27<02:30, 36.54it/s]
loss=0.056| sh degree=1| :  22%|██▏       | 1511/7000 [03:27<02:30, 36.54it/s]
loss=0.070| sh degree=1| :  22%|██▏       | 1511/7000 [03:27<02:30, 36.54it/s]
loss=0.069| sh degree=1| :  22%|██▏       | 1511/7000 [03:27<02:30, 36.54it/s]
loss=0.055| sh degree=1| :  22%|██▏       | 1511/7000 [03:27<02:30, 36.54it/s]
loss=0.055| sh degree=1| :  22%|██▏       | 1515/7000 [03:27<02:43, 33.57it/s]
loss=0.053| sh degree=1| :  22%|██▏       | 1515/7000 [03:27<02:43, 33.57it/s]
loss=0.066| sh degree=1| :  22%|██▏       | 1515/7000 [03:27<02:43, 33.57it/s]
loss=0.049| sh degree=1| :  22%|██▏       | 1515/7000 [03:27<02:43, 33.57it/s]
loss=0.049| sh degree=1| :  22%|██▏       | 1515/7000 [03:27<02:43, 33.57it/s]
loss=0.049| sh degree=1| :  22%|██▏       | 1519/7000 [03:27<02:41, 33.94it/s]
loss=0.054| sh degree=1| :  22%|██▏       | 1519/7000 [03:27<02:41, 33.94it/s]
loss=0.053| sh degree=1| :  22%|██▏       | 1519/7000 [03:27<02:41, 33.94it/s]
loss=0.050| sh degree=1| :  22%|██▏       | 1519/7000 [03:27<02:41, 33.94it/s]
loss=0.045| sh degree=1| :  22%|██▏       | 1519/7000 [03:27<02:41, 33.94it/s]
loss=0.045| sh degree=1| :  22%|██▏       | 1523/7000 [03:27<02:49, 32.31it/s]
loss=0.065| sh degree=1| :  22%|██▏       | 1523/7000 [03:27<02:49, 32.31it/s]
loss=0.092| sh degree=1| :  22%|██▏       | 1523/7000 [03:27<02:49, 32.31it/s]
loss=0.042| sh degree=1| :  22%|██▏       | 1523/7000 [03:27<02:49, 32.31it/s]
loss=0.045| sh degree=1| :  22%|██▏       | 1523/7000 [03:27<02:49, 32.31it/s]
loss=0.045| sh degree=1| :  22%|██▏       | 1527/7000 [03:27<02:49, 32.36it/s]
loss=0.065| sh degree=1| :  22%|██▏       | 1527/7000 [03:27<02:49, 32.36it/s]
loss=0.059| sh degree=1| :  22%|██▏       | 1527/7000 [03:27<02:49, 32.36it/s]
loss=0.067| sh degree=1| :  22%|██▏       | 1527/7000 [03:27<02:49, 32.36it/s]
loss=0.041| sh degree=1| :  22%|██▏       | 1527/7000 [03:27<02:49, 32.36it/s]
loss=0.041| sh degree=1| :  22%|██▏       | 1531/7000 [03:27<03:42, 24.59it/s]
loss=0.060| sh degree=1| :  22%|██▏       | 1531/7000 [03:27<03:42, 24.59it/s]
loss=0.048| sh degree=1| :  22%|██▏       | 1531/7000 [03:27<03:42, 24.59it/s]
loss=0.057| sh degree=1| :  22%|██▏       | 1531/7000 [03:28<03:42, 24.59it/s]
loss=0.040| sh degree=1| :  22%|██▏       | 1531/7000 [03:28<03:42, 24.59it/s]
loss=0.040| sh degree=1| :  22%|██▏       | 1535/7000 [03:28<03:31, 25.88it/s]
loss=0.050| sh degree=1| :  22%|██▏       | 1535/7000 [03:28<03:31, 25.88it/s]
loss=0.043| sh degree=1| :  22%|██▏       | 1535/7000 [03:28<03:31, 25.88it/s]
loss=0.055| sh degree=1| :  22%|██▏       | 1535/7000 [03:28<03:31, 25.88it/s]
loss=0.053| sh degree=1| :  22%|██▏       | 1535/7000 [03:28<03:31, 25.88it/s]
loss=0.054| sh degree=1| :  22%|██▏       | 1535/7000 [03:28<03:31, 25.88it/s]
loss=0.054| sh degree=1| :  22%|██▏       | 1540/7000 [03:28<02:56, 30.97it/s]
loss=0.043| sh degree=1| :  22%|██▏       | 1540/7000 [03:28<02:56, 30.97it/s]
loss=0.038| sh degree=1| :  22%|██▏       | 1540/7000 [03:28<02:56, 30.97it/s]
loss=0.042| sh degree=1| :  22%|██▏       | 1540/7000 [03:28<02:56, 30.97it/s]
loss=0.036| sh degree=1| :  22%|██▏       | 1540/7000 [03:28<02:56, 30.97it/s]
loss=0.053| sh degree=1| :  22%|██▏       | 1540/7000 [03:28<02:56, 30.97it/s]
loss=0.053| sh degree=1| :  22%|██▏       | 1545/7000 [03:28<02:34, 35.28it/s]
loss=0.041| sh degree=1| :  22%|██▏       | 1545/7000 [03:28<02:34, 35.28it/s]
loss=0.060| sh degree=1| :  22%|██▏       | 1545/7000 [03:28<02:34, 35.28it/s]
loss=0.057| sh degree=1| :  22%|██▏       | 1545/7000 [03:28<02:34, 35.28it/s]
loss=0.037| sh degree=1| :  22%|██▏       | 1545/7000 [03:28<02:34, 35.28it/s]
loss=0.054| sh degree=1| :  22%|██▏       | 1545/7000 [03:28<02:34, 35.28it/s]
loss=0.054| sh degree=1| :  22%|██▏       | 1550/7000 [03:28<02:22, 38.33it/s]
loss=0.037| sh degree=1| :  22%|██▏       | 1550/7000 [03:28<02:22, 38.33it/s]
loss=0.034| sh degree=1| :  22%|██▏       | 1550/7000 [03:28<02:22, 38.33it/s]
loss=0.047| sh degree=1| :  22%|██▏       | 1550/7000 [03:28<02:22, 38.33it/s]
loss=0.068| sh degree=1| :  22%|██▏       | 1550/7000 [03:28<02:22, 38.33it/s]
loss=0.036| sh degree=1| :  22%|██▏       | 1550/7000 [03:28<02:22, 38.33it/s]
loss=0.036| sh degree=1| :  22%|██▏       | 1555/7000 [03:28<02:11, 41.29it/s]
loss=0.038| sh degree=1| :  22%|██▏       | 1555/7000 [03:28<02:11, 41.29it/s]
loss=0.050| sh degree=1| :  22%|██▏       | 1555/7000 [03:28<02:11, 41.29it/s]
loss=0.034| sh degree=1| :  22%|██▏       | 1555/7000 [03:28<02:11, 41.29it/s]
loss=0.037| sh degree=1| :  22%|██▏       | 1555/7000 [03:28<02:11, 41.29it/s]
loss=0.046| sh degree=1| :  22%|██▏       | 1555/7000 [03:28<02:11, 41.29it/s]
loss=0.046| sh degree=1| :  22%|██▏       | 1560/7000 [03:28<02:22, 38.20it/s]
loss=0.051| sh degree=1| :  22%|██▏       | 1560/7000 [03:28<02:22, 38.20it/s]
loss=0.057| sh degree=1| :  22%|██▏       | 1560/7000 [03:28<02:22, 38.20it/s]
loss=0.048| sh degree=1| :  22%|██▏       | 1560/7000 [03:28<02:22, 38.20it/s]
loss=0.066| sh degree=1| :  22%|██▏       | 1560/7000 [03:28<02:22, 38.20it/s]
loss=0.036| sh degree=1| :  22%|██▏       | 1560/7000 [03:28<02:22, 38.20it/s]
loss=0.036| sh degree=1| :  22%|██▏       | 1565/7000 [03:28<02:18, 39.23it/s]
loss=0.055| sh degree=1| :  22%|██▏       | 1565/7000 [03:28<02:18, 39.23it/s]
loss=0.065| sh degree=1| :  22%|██▏       | 1565/7000 [03:28<02:18, 39.23it/s]
loss=0.039| sh degree=1| :  22%|██▏       | 1565/7000 [03:28<02:18, 39.23it/s]
loss=0.054| sh degree=1| :  22%|██▏       | 1565/7000 [03:28<02:18, 39.23it/s]
loss=0.042| sh degree=1| :  22%|██▏       | 1565/7000 [03:28<02:18, 39.23it/s]
loss=0.042| sh degree=1| :  22%|██▏       | 1570/7000 [03:28<02:13, 40.58it/s]
loss=0.063| sh degree=1| :  22%|██▏       | 1570/7000 [03:28<02:13, 40.58it/s]
loss=0.038| sh degree=1| :  22%|██▏       | 1570/7000 [03:28<02:13, 40.58it/s]
loss=0.053| sh degree=1| :  22%|██▏       | 1570/7000 [03:28<02:13, 40.58it/s]
loss=0.066| sh degree=1| :  22%|██▏       | 1570/7000 [03:29<02:13, 40.58it/s]
loss=0.045| sh degree=1| :  22%|██▏       | 1570/7000 [03:29<02:13, 40.58it/s]
loss=0.045| sh degree=1| :  22%|██▎       | 1575/7000 [03:29<02:18, 39.09it/s]
loss=0.041| sh degree=1| :  22%|██▎       | 1575/7000 [03:29<02:18, 39.09it/s]
loss=0.051| sh degree=1| :  22%|██▎       | 1575/7000 [03:29<02:18, 39.09it/s]
loss=0.036| sh degree=1| :  22%|██▎       | 1575/7000 [03:29<02:18, 39.09it/s]
loss=0.064| sh degree=1| :  22%|██▎       | 1575/7000 [03:29<02:18, 39.09it/s]
loss=0.040| sh degree=1| :  22%|██▎       | 1575/7000 [03:29<02:18, 39.09it/s]
loss=0.040| sh degree=1| :  23%|██▎       | 1580/7000 [03:29<02:31, 35.73it/s]
loss=0.040| sh degree=1| :  23%|██▎       | 1580/7000 [03:29<02:31, 35.73it/s]
loss=0.040| sh degree=1| :  23%|██▎       | 1580/7000 [03:29<02:31, 35.73it/s]
loss=0.060| sh degree=1| :  23%|██▎       | 1580/7000 [03:29<02:31, 35.73it/s]
loss=0.059| sh degree=1| :  23%|██▎       | 1580/7000 [03:29<02:31, 35.73it/s]
loss=0.059| sh degree=1| :  23%|██▎       | 1580/7000 [03:29<02:31, 35.73it/s]
loss=0.059| sh degree=1| :  23%|██▎       | 1585/7000 [03:29<02:32, 35.43it/s]
loss=0.046| sh degree=1| :  23%|██▎       | 1585/7000 [03:29<02:32, 35.43it/s]
loss=0.067| sh degree=1| :  23%|██▎       | 1585/7000 [03:29<02:32, 35.43it/s]
loss=0.063| sh degree=1| :  23%|██▎       | 1585/7000 [03:29<02:32, 35.43it/s]
loss=0.044| sh degree=1| :  23%|██▎       | 1585/7000 [03:29<02:32, 35.43it/s]
loss=0.044| sh degree=1| :  23%|██▎       | 1589/7000 [03:29<03:24, 26.47it/s]
loss=0.041| sh degree=1| :  23%|██▎       | 1589/7000 [03:29<03:24, 26.47it/s]
loss=0.042| sh degree=1| :  23%|██▎       | 1589/7000 [03:29<03:24, 26.47it/s]
loss=0.055| sh degree=1| :  23%|██▎       | 1589/7000 [03:29<03:24, 26.47it/s]
loss=0.044| sh degree=1| :  23%|██▎       | 1589/7000 [03:29<03:24, 26.47it/s]
loss=0.044| sh degree=1| :  23%|██▎       | 1593/7000 [03:29<03:40, 24.52it/s]
loss=0.039| sh degree=1| :  23%|██▎       | 1593/7000 [03:29<03:40, 24.52it/s]
loss=0.055| sh degree=1| :  23%|██▎       | 1593/7000 [03:29<03:40, 24.52it/s]
loss=0.062| sh degree=1| :  23%|██▎       | 1593/7000 [03:29<03:40, 24.52it/s]
loss=0.062| sh degree=1| :  23%|██▎       | 1596/7000 [03:29<03:52, 23.26it/s]
loss=0.057| sh degree=1| :  23%|██▎       | 1596/7000 [03:29<03:52, 23.26it/s]
loss=0.050| sh degree=1| :  23%|██▎       | 1596/7000 [03:30<03:52, 23.26it/s]
loss=0.037| sh degree=1| :  23%|██▎       | 1596/7000 [03:30<03:52, 23.26it/s]
loss=0.037| sh degree=1| :  23%|██▎       | 1599/7000 [03:30<03:49, 23.51it/s]
loss=0.050| sh degree=1| :  23%|██▎       | 1599/7000 [03:30<03:49, 23.51it/s]
loss=0.059| sh degree=1| :  23%|██▎       | 1599/7000 [03:30<03:49, 23.51it/s]
loss=0.058| sh degree=1| :  23%|██▎       | 1599/7000 [03:30<03:49, 23.51it/s]
loss=0.058| sh degree=1| :  23%|██▎       | 1602/7000 [03:30<03:49, 23.54it/s]
loss=0.051| sh degree=1| :  23%|██▎       | 1602/7000 [03:30<03:49, 23.54it/s]
loss=0.050| sh degree=1| :  23%|██▎       | 1602/7000 [03:30<03:49, 23.54it/s]
loss=0.064| sh degree=1| :  23%|██▎       | 1602/7000 [03:30<03:49, 23.54it/s]
loss=0.064| sh degree=1| :  23%|██▎       | 1605/7000 [03:30<04:03, 22.17it/s]
loss=0.083| sh degree=1| :  23%|██▎       | 1605/7000 [03:30<04:03, 22.17it/s]
loss=0.065| sh degree=1| :  23%|██▎       | 1605/7000 [03:30<04:03, 22.17it/s]
loss=0.055| sh degree=1| :  23%|██▎       | 1605/7000 [03:30<04:03, 22.17it/s]
loss=0.067| sh degree=1| :  23%|██▎       | 1605/7000 [03:30<04:03, 22.17it/s]
loss=0.067| sh degree=1| :  23%|██▎       | 1609/7000 [03:30<03:50, 23.37it/s]
loss=0.052| sh degree=1| :  23%|██▎       | 1609/7000 [03:30<03:50, 23.37it/s]
loss=0.050| sh degree=1| :  23%|██▎       | 1609/7000 [03:30<03:50, 23.37it/s]
loss=0.043| sh degree=1| :  23%|██▎       | 1609/7000 [03:30<03:50, 23.37it/s]
loss=0.043| sh degree=1| :  23%|██▎       | 1612/7000 [03:30<04:19, 20.79it/s]
loss=0.057| sh degree=1| :  23%|██▎       | 1612/7000 [03:30<04:19, 20.79it/s]
loss=0.043| sh degree=1| :  23%|██▎       | 1612/7000 [03:30<04:19, 20.79it/s]
loss=0.054| sh degree=1| :  23%|██▎       | 1612/7000 [03:30<04:19, 20.79it/s]
loss=0.054| sh degree=1| :  23%|██▎       | 1615/7000 [03:30<04:14, 21.16it/s]
loss=0.053| sh degree=1| :  23%|██▎       | 1615/7000 [03:30<04:14, 21.16it/s]
loss=0.054| sh degree=1| :  23%|██▎       | 1615/7000 [03:30<04:14, 21.16it/s]
loss=0.063| sh degree=1| :  23%|██▎       | 1615/7000 [03:30<04:14, 21.16it/s]
loss=0.063| sh degree=1| :  23%|██▎       | 1618/7000 [03:30<03:57, 22.64it/s]
loss=0.048| sh degree=1| :  23%|██▎       | 1618/7000 [03:30<03:57, 22.64it/s]
loss=0.046| sh degree=1| :  23%|██▎       | 1618/7000 [03:31<03:57, 22.64it/s]
loss=0.053| sh degree=1| :  23%|██▎       | 1618/7000 [03:31<03:57, 22.64it/s]
loss=0.053| sh degree=1| :  23%|██▎       | 1621/7000 [03:31<04:43, 19.00it/s]
loss=0.068| sh degree=1| :  23%|██▎       | 1621/7000 [03:31<04:43, 19.00it/s]
loss=0.051| sh degree=1| :  23%|██▎       | 1621/7000 [03:31<04:43, 19.00it/s]
loss=0.064| sh degree=1| :  23%|██▎       | 1621/7000 [03:31<04:43, 19.00it/s]
loss=0.057| sh degree=1| :  23%|██▎       | 1621/7000 [03:31<04:43, 19.00it/s]
loss=0.057| sh degree=1| :  23%|██▎       | 1625/7000 [03:31<03:58, 22.51it/s]
loss=0.052| sh degree=1| :  23%|██▎       | 1625/7000 [03:31<03:58, 22.51it/s]
loss=0.046| sh degree=1| :  23%|██▎       | 1625/7000 [03:31<03:58, 22.51it/s]
loss=0.051| sh degree=1| :  23%|██▎       | 1625/7000 [03:31<03:58, 22.51it/s]
loss=0.051| sh degree=1| :  23%|██▎       | 1628/7000 [03:31<03:53, 23.03it/s]
loss=0.067| sh degree=1| :  23%|██▎       | 1628/7000 [03:31<03:53, 23.03it/s]
loss=0.061| sh degree=1| :  23%|██▎       | 1628/7000 [03:31<03:53, 23.03it/s]
loss=0.070| sh degree=1| :  23%|██▎       | 1628/7000 [03:31<03:53, 23.03it/s]
loss=0.070| sh degree=1| :  23%|██▎       | 1631/7000 [03:31<03:51, 23.22it/s]
loss=0.056| sh degree=1| :  23%|██▎       | 1631/7000 [03:31<03:51, 23.22it/s]
loss=0.043| sh degree=1| :  23%|██▎       | 1631/7000 [03:31<03:51, 23.22it/s]
loss=0.051| sh degree=1| :  23%|██▎       | 1631/7000 [03:31<03:51, 23.22it/s]
loss=0.051| sh degree=1| :  23%|██▎       | 1634/7000 [03:31<03:48, 23.48it/s]
loss=0.046| sh degree=1| :  23%|██▎       | 1634/7000 [03:31<03:48, 23.48it/s]
loss=0.066| sh degree=1| :  23%|██▎       | 1634/7000 [03:31<03:48, 23.48it/s]
loss=0.054| sh degree=1| :  23%|██▎       | 1634/7000 [03:31<03:48, 23.48it/s]
loss=0.054| sh degree=1| :  23%|██▎       | 1637/7000 [03:31<03:37, 24.69it/s]
loss=0.042| sh degree=1| :  23%|██▎       | 1637/7000 [03:31<03:37, 24.69it/s]
loss=0.056| sh degree=1| :  23%|██▎       | 1637/7000 [03:31<03:37, 24.69it/s]
loss=0.046| sh degree=1| :  23%|██▎       | 1637/7000 [03:31<03:37, 24.69it/s]
loss=0.046| sh degree=1| :  23%|██▎       | 1640/7000 [03:31<03:45, 23.76it/s]
loss=0.041| sh degree=1| :  23%|██▎       | 1640/7000 [03:31<03:45, 23.76it/s]
loss=0.051| sh degree=1| :  23%|██▎       | 1640/7000 [03:31<03:45, 23.76it/s]
loss=0.039| sh degree=1| :  23%|██▎       | 1640/7000 [03:32<03:45, 23.76it/s]
loss=0.039| sh degree=1| :  23%|██▎       | 1643/7000 [03:32<03:56, 22.61it/s]
loss=0.046| sh degree=1| :  23%|██▎       | 1643/7000 [03:32<03:56, 22.61it/s]
loss=0.041| sh degree=1| :  23%|██▎       | 1643/7000 [03:32<03:56, 22.61it/s]
loss=0.052| sh degree=1| :  23%|██▎       | 1643/7000 [03:32<03:56, 22.61it/s]
loss=0.052| sh degree=1| :  24%|██▎       | 1646/7000 [03:32<04:12, 21.17it/s]
loss=0.049| sh degree=1| :  24%|██▎       | 1646/7000 [03:32<04:12, 21.17it/s]
loss=0.054| sh degree=1| :  24%|██▎       | 1646/7000 [03:32<04:12, 21.17it/s]
loss=0.057| sh degree=1| :  24%|██▎       | 1646/7000 [03:32<04:12, 21.17it/s]
loss=0.057| sh degree=1| :  24%|██▎       | 1649/7000 [03:32<04:42, 18.93it/s]
loss=0.039| sh degree=1| :  24%|██▎       | 1649/7000 [03:32<04:42, 18.93it/s]
loss=0.063| sh degree=1| :  24%|██▎       | 1649/7000 [03:32<04:42, 18.93it/s]
loss=0.057| sh degree=1| :  24%|██▎       | 1649/7000 [03:32<04:42, 18.93it/s]
loss=0.043| sh degree=1| :  24%|██▎       | 1649/7000 [03:32<04:42, 18.93it/s]
loss=0.043| sh degree=1| :  24%|██▎       | 1653/7000 [03:32<04:01, 22.12it/s]
loss=0.072| sh degree=1| :  24%|██▎       | 1653/7000 [03:32<04:01, 22.12it/s]
loss=0.040| sh degree=1| :  24%|██▎       | 1653/7000 [03:32<04:01, 22.12it/s]
loss=0.048| sh degree=1| :  24%|██▎       | 1653/7000 [03:32<04:01, 22.12it/s]
loss=0.048| sh degree=1| :  24%|██▎       | 1656/7000 [03:32<03:57, 22.50it/s]
loss=0.063| sh degree=1| :  24%|██▎       | 1656/7000 [03:32<03:57, 22.50it/s]
loss=0.050| sh degree=1| :  24%|██▎       | 1656/7000 [03:32<03:57, 22.50it/s]
loss=0.054| sh degree=1| :  24%|██▎       | 1656/7000 [03:32<03:57, 22.50it/s]
loss=0.054| sh degree=1| :  24%|██▎       | 1659/7000 [03:32<04:02, 21.98it/s]
loss=0.050| sh degree=1| :  24%|██▎       | 1659/7000 [03:32<04:02, 21.98it/s]
loss=0.040| sh degree=1| :  24%|██▎       | 1659/7000 [03:32<04:02, 21.98it/s]
loss=0.053| sh degree=1| :  24%|██▎       | 1659/7000 [03:32<04:02, 21.98it/s]
loss=0.053| sh degree=1| :  24%|██▎       | 1662/7000 [03:32<04:05, 21.72it/s]
loss=0.051| sh degree=1| :  24%|██▎       | 1662/7000 [03:32<04:05, 21.72it/s]
loss=0.058| sh degree=1| :  24%|██▎       | 1662/7000 [03:33<04:05, 21.72it/s]
loss=0.046| sh degree=1| :  24%|██▎       | 1662/7000 [03:33<04:05, 21.72it/s]
loss=0.046| sh degree=1| :  24%|██▍       | 1665/7000 [03:33<03:59, 22.31it/s]
loss=0.042| sh degree=1| :  24%|██▍       | 1665/7000 [03:33<03:59, 22.31it/s]
loss=0.084| sh degree=1| :  24%|██▍       | 1665/7000 [03:33<03:59, 22.31it/s]
loss=0.053| sh degree=1| :  24%|██▍       | 1665/7000 [03:33<03:59, 22.31it/s]
loss=0.053| sh degree=1| :  24%|██▍       | 1668/7000 [03:33<03:49, 23.21it/s]
loss=0.064| sh degree=1| :  24%|██▍       | 1668/7000 [03:33<03:49, 23.21it/s]
loss=0.059| sh degree=1| :  24%|██▍       | 1668/7000 [03:33<03:49, 23.21it/s]
loss=0.054| sh degree=1| :  24%|██▍       | 1668/7000 [03:33<03:49, 23.21it/s]
loss=0.054| sh degree=1| :  24%|██▍       | 1671/7000 [03:33<04:08, 21.40it/s]
loss=0.047| sh degree=1| :  24%|██▍       | 1671/7000 [03:33<04:08, 21.40it/s]
loss=0.071| sh degree=1| :  24%|██▍       | 1671/7000 [03:33<04:08, 21.40it/s]
loss=0.048| sh degree=1| :  24%|██▍       | 1671/7000 [03:33<04:08, 21.40it/s]
loss=0.048| sh degree=1| :  24%|██▍       | 1674/7000 [03:33<03:53, 22.85it/s]
loss=0.039| sh degree=1| :  24%|██▍       | 1674/7000 [03:33<03:53, 22.85it/s]
loss=0.038| sh degree=1| :  24%|██▍       | 1674/7000 [03:33<03:53, 22.85it/s]
loss=0.046| sh degree=1| :  24%|██▍       | 1674/7000 [03:33<03:53, 22.85it/s]
loss=0.046| sh degree=1| :  24%|██▍       | 1677/7000 [03:33<03:44, 23.73it/s]
loss=0.053| sh degree=1| :  24%|██▍       | 1677/7000 [03:33<03:44, 23.73it/s]
loss=0.048| sh degree=1| :  24%|██▍       | 1677/7000 [03:33<03:44, 23.73it/s]
loss=0.045| sh degree=1| :  24%|██▍       | 1677/7000 [03:33<03:44, 23.73it/s]
loss=0.045| sh degree=1| :  24%|██▍       | 1680/7000 [03:33<03:41, 24.02it/s]
loss=0.046| sh degree=1| :  24%|██▍       | 1680/7000 [03:33<03:41, 24.02it/s]
loss=0.048| sh degree=1| :  24%|██▍       | 1680/7000 [03:33<03:41, 24.02it/s]
loss=0.042| sh degree=1| :  24%|██▍       | 1680/7000 [03:33<03:41, 24.02it/s]
loss=0.042| sh degree=1| :  24%|██▍       | 1683/7000 [03:33<03:43, 23.79it/s]
loss=0.054| sh degree=1| :  24%|██▍       | 1683/7000 [03:33<03:43, 23.79it/s]
loss=0.054| sh degree=1| :  24%|██▍       | 1683/7000 [03:33<03:43, 23.79it/s]
loss=0.053| sh degree=1| :  24%|██▍       | 1683/7000 [03:33<03:43, 23.79it/s]
loss=0.053| sh degree=1| :  24%|██▍       | 1686/7000 [03:33<03:54, 22.66it/s]
loss=0.060| sh degree=1| :  24%|██▍       | 1686/7000 [03:34<03:54, 22.66it/s]
loss=0.044| sh degree=1| :  24%|██▍       | 1686/7000 [03:34<03:54, 22.66it/s]
loss=0.039| sh degree=1| :  24%|██▍       | 1686/7000 [03:34<03:54, 22.66it/s]
loss=0.039| sh degree=1| :  24%|██▍       | 1689/7000 [03:34<03:49, 23.17it/s]
loss=0.057| sh degree=1| :  24%|██▍       | 1689/7000 [03:34<03:49, 23.17it/s]
loss=0.052| sh degree=1| :  24%|██▍       | 1689/7000 [03:34<03:49, 23.17it/s]
loss=0.070| sh degree=1| :  24%|██▍       | 1689/7000 [03:34<03:49, 23.17it/s]
loss=0.070| sh degree=1| :  24%|██▍       | 1692/7000 [03:34<03:52, 22.85it/s]
loss=0.038| sh degree=1| :  24%|██▍       | 1692/7000 [03:34<03:52, 22.85it/s]
loss=0.050| sh degree=1| :  24%|██▍       | 1692/7000 [03:34<03:52, 22.85it/s]
loss=0.052| sh degree=1| :  24%|██▍       | 1692/7000 [03:34<03:52, 22.85it/s]
loss=0.052| sh degree=1| :  24%|██▍       | 1695/7000 [03:34<04:06, 21.52it/s]
loss=0.043| sh degree=1| :  24%|██▍       | 1695/7000 [03:34<04:06, 21.52it/s]
loss=0.051| sh degree=1| :  24%|██▍       | 1695/7000 [03:34<04:06, 21.52it/s]
loss=0.040| sh degree=1| :  24%|██▍       | 1695/7000 [03:34<04:06, 21.52it/s]
loss=0.040| sh degree=1| :  24%|██▍       | 1698/7000 [03:34<04:19, 20.41it/s]
loss=0.053| sh degree=1| :  24%|██▍       | 1698/7000 [03:34<04:19, 20.41it/s]
loss=0.043| sh degree=1| :  24%|██▍       | 1698/7000 [03:34<04:19, 20.41it/s]
loss=0.053| sh degree=1| :  24%|██▍       | 1698/7000 [03:34<04:19, 20.41it/s]
loss=0.053| sh degree=1| :  24%|██▍       | 1701/7000 [03:34<04:38, 19.00it/s]
loss=0.049| sh degree=1| :  24%|██▍       | 1701/7000 [03:34<04:38, 19.00it/s]
loss=0.073| sh degree=1| :  24%|██▍       | 1701/7000 [03:34<04:38, 19.00it/s]
loss=0.050| sh degree=1| :  24%|██▍       | 1701/7000 [03:34<04:38, 19.00it/s]
loss=0.051| sh degree=1| :  24%|██▍       | 1701/7000 [03:34<04:38, 19.00it/s]
loss=0.051| sh degree=1| :  24%|██▍       | 1705/7000 [03:34<04:02, 21.80it/s]
loss=0.052| sh degree=1| :  24%|██▍       | 1705/7000 [03:34<04:02, 21.80it/s]
loss=0.055| sh degree=1| :  24%|██▍       | 1705/7000 [03:34<04:02, 21.80it/s]
loss=0.051| sh degree=1| :  24%|██▍       | 1705/7000 [03:35<04:02, 21.80it/s]
loss=0.051| sh degree=1| :  24%|██▍       | 1708/7000 [03:35<04:15, 20.71it/s]
loss=0.043| sh degree=1| :  24%|██▍       | 1708/7000 [03:35<04:15, 20.71it/s]
loss=0.040| sh degree=1| :  24%|██▍       | 1708/7000 [03:35<04:15, 20.71it/s]
loss=0.039| sh degree=1| :  24%|██▍       | 1708/7000 [03:35<04:15, 20.71it/s]
loss=0.039| sh degree=1| :  24%|██▍       | 1711/7000 [03:35<04:04, 21.60it/s]
loss=0.079| sh degree=1| :  24%|██▍       | 1711/7000 [03:35<04:04, 21.60it/s]
loss=0.064| sh degree=1| :  24%|██▍       | 1711/7000 [03:35<04:04, 21.60it/s]
loss=0.046| sh degree=1| :  24%|██▍       | 1711/7000 [03:35<04:04, 21.60it/s]
loss=0.046| sh degree=1| :  24%|██▍       | 1714/7000 [03:35<04:06, 21.44it/s]
loss=0.050| sh degree=1| :  24%|██▍       | 1714/7000 [03:35<04:06, 21.44it/s]
loss=0.054| sh degree=1| :  24%|██▍       | 1714/7000 [03:35<04:06, 21.44it/s]
loss=0.047| sh degree=1| :  24%|██▍       | 1714/7000 [03:35<04:06, 21.44it/s]
loss=0.044| sh degree=1| :  24%|██▍       | 1714/7000 [03:35<04:06, 21.44it/s]
loss=0.043| sh degree=1| :  24%|██▍       | 1714/7000 [03:35<04:06, 21.44it/s]
loss=0.043| sh degree=1| :  25%|██▍       | 1719/7000 [03:35<03:16, 26.93it/s]
loss=0.041| sh degree=1| :  25%|██▍       | 1719/7000 [03:35<03:16, 26.93it/s]
loss=0.056| sh degree=1| :  25%|██▍       | 1719/7000 [03:35<03:16, 26.93it/s]
loss=0.061| sh degree=1| :  25%|██▍       | 1719/7000 [03:35<03:16, 26.93it/s]
loss=0.061| sh degree=1| :  25%|██▍       | 1722/7000 [03:35<03:26, 25.56it/s]
loss=0.039| sh degree=1| :  25%|██▍       | 1722/7000 [03:35<03:26, 25.56it/s]
loss=0.039| sh degree=1| :  25%|██▍       | 1722/7000 [03:35<03:26, 25.56it/s]
loss=0.038| sh degree=1| :  25%|██▍       | 1722/7000 [03:35<03:26, 25.56it/s]
loss=0.038| sh degree=1| :  25%|██▍       | 1725/7000 [03:35<03:30, 25.04it/s]
loss=0.047| sh degree=1| :  25%|██▍       | 1725/7000 [03:35<03:30, 25.04it/s]
loss=0.078| sh degree=1| :  25%|██▍       | 1725/7000 [03:35<03:30, 25.04it/s]
loss=0.051| sh degree=1| :  25%|██▍       | 1725/7000 [03:35<03:30, 25.04it/s]
loss=0.051| sh degree=1| :  25%|██▍       | 1728/7000 [03:35<03:28, 25.23it/s]
loss=0.053| sh degree=1| :  25%|██▍       | 1728/7000 [03:35<03:28, 25.23it/s]
loss=0.053| sh degree=1| :  25%|██▍       | 1728/7000 [03:35<03:28, 25.23it/s]
loss=0.066| sh degree=1| :  25%|██▍       | 1728/7000 [03:35<03:28, 25.23it/s]
loss=0.066| sh degree=1| :  25%|██▍       | 1731/7000 [03:35<03:39, 23.97it/s]
loss=0.041| sh degree=1| :  25%|██▍       | 1731/7000 [03:35<03:39, 23.97it/s]
loss=0.055| sh degree=1| :  25%|██▍       | 1731/7000 [03:36<03:39, 23.97it/s]
loss=0.044| sh degree=1| :  25%|██▍       | 1731/7000 [03:36<03:39, 23.97it/s]
loss=0.044| sh degree=1| :  25%|██▍       | 1734/7000 [03:36<03:56, 22.23it/s]
loss=0.044| sh degree=1| :  25%|██▍       | 1734/7000 [03:36<03:56, 22.23it/s]
loss=0.046| sh degree=1| :  25%|██▍       | 1734/7000 [03:36<03:56, 22.23it/s]
loss=0.057| sh degree=1| :  25%|██▍       | 1734/7000 [03:36<03:56, 22.23it/s]
loss=0.057| sh degree=1| :  25%|██▍       | 1737/7000 [03:36<03:45, 23.34it/s]
loss=0.038| sh degree=1| :  25%|██▍       | 1737/7000 [03:36<03:45, 23.34it/s]
loss=0.057| sh degree=1| :  25%|██▍       | 1737/7000 [03:36<03:45, 23.34it/s]
loss=0.047| sh degree=1| :  25%|██▍       | 1737/7000 [03:36<03:45, 23.34it/s]
loss=0.047| sh degree=1| :  25%|██▍       | 1740/7000 [03:36<03:31, 24.83it/s]
loss=0.060| sh degree=1| :  25%|██▍       | 1740/7000 [03:36<03:31, 24.83it/s]
loss=0.039| sh degree=1| :  25%|██▍       | 1740/7000 [03:36<03:31, 24.83it/s]
loss=0.059| sh degree=1| :  25%|██▍       | 1740/7000 [03:36<03:31, 24.83it/s]
loss=0.059| sh degree=1| :  25%|██▍       | 1743/7000 [03:36<03:48, 23.04it/s]
loss=0.046| sh degree=1| :  25%|██▍       | 1743/7000 [03:36<03:48, 23.04it/s]
loss=0.042| sh degree=1| :  25%|██▍       | 1743/7000 [03:36<03:48, 23.04it/s]
loss=0.044| sh degree=1| :  25%|██▍       | 1743/7000 [03:36<03:48, 23.04it/s]
loss=0.132| sh degree=1| :  25%|██▍       | 1743/7000 [03:36<03:48, 23.04it/s]
loss=0.132| sh degree=1| :  25%|██▍       | 1747/7000 [03:36<03:33, 24.56it/s]
loss=0.040| sh degree=1| :  25%|██▍       | 1747/7000 [03:36<03:33, 24.56it/s]
loss=0.042| sh degree=1| :  25%|██▍       | 1747/7000 [03:36<03:33, 24.56it/s]
loss=0.056| sh degree=1| :  25%|██▍       | 1747/7000 [03:36<03:33, 24.56it/s]
loss=0.056| sh degree=1| :  25%|██▌       | 1750/7000 [03:36<03:51, 22.70it/s]
loss=0.051| sh degree=1| :  25%|██▌       | 1750/7000 [03:36<03:51, 22.70it/s]
loss=0.041| sh degree=1| :  25%|██▌       | 1750/7000 [03:36<03:51, 22.70it/s]
loss=0.078| sh degree=1| :  25%|██▌       | 1750/7000 [03:36<03:51, 22.70it/s]
loss=0.078| sh degree=1| :  25%|██▌       | 1753/7000 [03:36<04:00, 21.84it/s]
loss=0.061| sh degree=1| :  25%|██▌       | 1753/7000 [03:36<04:00, 21.84it/s]
loss=0.066| sh degree=1| :  25%|██▌       | 1753/7000 [03:36<04:00, 21.84it/s]
loss=0.040| sh degree=1| :  25%|██▌       | 1753/7000 [03:36<04:00, 21.84it/s]
loss=0.056| sh degree=1| :  25%|██▌       | 1753/7000 [03:37<04:00, 21.84it/s]
loss=0.048| sh degree=1| :  25%|██▌       | 1753/7000 [03:37<04:00, 21.84it/s]
loss=0.048| sh degree=1| :  25%|██▌       | 1758/7000 [03:37<03:20, 26.19it/s]
loss=0.042| sh degree=1| :  25%|██▌       | 1758/7000 [03:37<03:20, 26.19it/s]
loss=0.060| sh degree=1| :  25%|██▌       | 1758/7000 [03:37<03:20, 26.19it/s]
loss=0.070| sh degree=1| :  25%|██▌       | 1758/7000 [03:37<03:20, 26.19it/s]
loss=0.070| sh degree=1| :  25%|██▌       | 1761/7000 [03:37<03:30, 24.83it/s]
loss=0.054| sh degree=1| :  25%|██▌       | 1761/7000 [03:37<03:30, 24.83it/s]
loss=0.040| sh degree=1| :  25%|██▌       | 1761/7000 [03:37<03:30, 24.83it/s]
loss=0.037| sh degree=1| :  25%|██▌       | 1761/7000 [03:37<03:30, 24.83it/s]
loss=0.037| sh degree=1| :  25%|██▌       | 1764/7000 [03:37<03:23, 25.73it/s]
loss=0.046| sh degree=1| :  25%|██▌       | 1764/7000 [03:37<03:23, 25.73it/s]
loss=0.059| sh degree=1| :  25%|██▌       | 1764/7000 [03:37<03:23, 25.73it/s]
loss=0.045| sh degree=1| :  25%|██▌       | 1764/7000 [03:37<03:23, 25.73it/s]
loss=0.045| sh degree=1| :  25%|██▌       | 1767/7000 [03:37<03:26, 25.37it/s]
loss=0.044| sh degree=1| :  25%|██▌       | 1767/7000 [03:37<03:26, 25.37it/s]
loss=0.054| sh degree=1| :  25%|██▌       | 1767/7000 [03:37<03:26, 25.37it/s]
loss=0.044| sh degree=1| :  25%|██▌       | 1767/7000 [03:37<03:26, 25.37it/s]
loss=0.044| sh degree=1| :  25%|██▌       | 1770/7000 [03:37<03:45, 23.24it/s]
loss=0.042| sh degree=1| :  25%|██▌       | 1770/7000 [03:37<03:45, 23.24it/s]
loss=0.053| sh degree=1| :  25%|██▌       | 1770/7000 [03:37<03:45, 23.24it/s]
loss=0.041| sh degree=1| :  25%|██▌       | 1770/7000 [03:37<03:45, 23.24it/s]
loss=0.041| sh degree=1| :  25%|██▌       | 1773/7000 [03:37<03:55, 22.15it/s]
loss=0.058| sh degree=1| :  25%|██▌       | 1773/7000 [03:37<03:55, 22.15it/s]
loss=0.050| sh degree=1| :  25%|██▌       | 1773/7000 [03:37<03:55, 22.15it/s]
loss=0.065| sh degree=1| :  25%|██▌       | 1773/7000 [03:37<03:55, 22.15it/s]
loss=0.065| sh degree=1| :  25%|██▌       | 1776/7000 [03:37<03:57, 22.00it/s]
loss=0.049| sh degree=1| :  25%|██▌       | 1776/7000 [03:37<03:57, 22.00it/s]
loss=0.038| sh degree=1| :  25%|██▌       | 1776/7000 [03:37<03:57, 22.00it/s]
loss=0.039| sh degree=1| :  25%|██▌       | 1776/7000 [03:38<03:57, 22.00it/s]
loss=0.039| sh degree=1| :  25%|██▌       | 1779/7000 [03:38<03:57, 21.96it/s]
loss=0.045| sh degree=1| :  25%|██▌       | 1779/7000 [03:38<03:57, 21.96it/s]
loss=0.049| sh degree=1| :  25%|██▌       | 1779/7000 [03:38<03:57, 21.96it/s]
loss=0.061| sh degree=1| :  25%|██▌       | 1779/7000 [03:38<03:57, 21.96it/s]
loss=0.061| sh degree=1| :  25%|██▌       | 1782/7000 [03:38<03:47, 22.98it/s]
loss=0.048| sh degree=1| :  25%|██▌       | 1782/7000 [03:38<03:47, 22.98it/s]
loss=0.042| sh degree=1| :  25%|██▌       | 1782/7000 [03:38<03:47, 22.98it/s]
loss=0.037| sh degree=1| :  25%|██▌       | 1782/7000 [03:38<03:47, 22.98it/s]
loss=0.037| sh degree=1| :  26%|██▌       | 1785/7000 [03:38<03:31, 24.64it/s]
loss=0.067| sh degree=1| :  26%|██▌       | 1785/7000 [03:38<03:31, 24.64it/s]
loss=0.043| sh degree=1| :  26%|██▌       | 1785/7000 [03:38<03:31, 24.64it/s]
loss=0.052| sh degree=1| :  26%|██▌       | 1785/7000 [03:38<03:31, 24.64it/s]
loss=0.052| sh degree=1| :  26%|██▌       | 1788/7000 [03:38<05:02, 17.24it/s]
loss=0.051| sh degree=1| :  26%|██▌       | 1788/7000 [03:38<05:02, 17.24it/s]
loss=0.059| sh degree=1| :  26%|██▌       | 1788/7000 [03:38<05:02, 17.24it/s]
loss=0.037| sh degree=1| :  26%|██▌       | 1788/7000 [03:38<05:02, 17.24it/s]
loss=0.037| sh degree=1| :  26%|██▌       | 1791/7000 [03:38<05:35, 15.51it/s]
loss=0.051| sh degree=1| :  26%|██▌       | 1791/7000 [03:38<05:35, 15.51it/s]
loss=0.043| sh degree=1| :  26%|██▌       | 1791/7000 [03:38<05:35, 15.51it/s]
loss=0.046| sh degree=1| :  26%|██▌       | 1791/7000 [03:38<05:35, 15.51it/s]
loss=0.046| sh degree=1| :  26%|██▌       | 1791/7000 [03:38<05:35, 15.51it/s]
loss=0.046| sh degree=1| :  26%|██▌       | 1795/7000 [03:38<04:38, 18.67it/s]
loss=0.044| sh degree=1| :  26%|██▌       | 1795/7000 [03:38<04:38, 18.67it/s]
loss=0.041| sh degree=1| :  26%|██▌       | 1795/7000 [03:38<04:38, 18.67it/s]
loss=0.039| sh degree=1| :  26%|██▌       | 1795/7000 [03:39<04:38, 18.67it/s]
loss=0.039| sh degree=1| :  26%|██▌       | 1798/7000 [03:39<04:12, 20.58it/s]
loss=0.038| sh degree=1| :  26%|██▌       | 1798/7000 [03:39<04:12, 20.58it/s]
loss=0.068| sh degree=1| :  26%|██▌       | 1798/7000 [03:39<04:12, 20.58it/s]
loss=0.058| sh degree=1| :  26%|██▌       | 1798/7000 [03:39<04:12, 20.58it/s]
loss=0.058| sh degree=1| :  26%|██▌       | 1801/7000 [03:39<04:34, 18.92it/s]
loss=0.050| sh degree=1| :  26%|██▌       | 1801/7000 [03:39<04:34, 18.92it/s]
loss=0.054| sh degree=1| :  26%|██▌       | 1801/7000 [03:39<04:34, 18.92it/s]
loss=0.064| sh degree=1| :  26%|██▌       | 1801/7000 [03:39<04:34, 18.92it/s]
loss=0.045| sh degree=1| :  26%|██▌       | 1801/7000 [03:39<04:34, 18.92it/s]
loss=0.045| sh degree=1| :  26%|██▌       | 1805/7000 [03:39<03:58, 21.81it/s]
loss=0.042| sh degree=1| :  26%|██▌       | 1805/7000 [03:39<03:58, 21.81it/s]
loss=0.047| sh degree=1| :  26%|██▌       | 1805/7000 [03:39<03:58, 21.81it/s]
loss=0.039| sh degree=1| :  26%|██▌       | 1805/7000 [03:39<03:58, 21.81it/s]
loss=0.039| sh degree=1| :  26%|██▌       | 1808/7000 [03:39<03:54, 22.09it/s]
loss=0.039| sh degree=1| :  26%|██▌       | 1808/7000 [03:39<03:54, 22.09it/s]
loss=0.052| sh degree=1| :  26%|██▌       | 1808/7000 [03:39<03:54, 22.09it/s]
loss=0.057| sh degree=1| :  26%|██▌       | 1808/7000 [03:39<03:54, 22.09it/s]
loss=0.057| sh degree=1| :  26%|██▌       | 1811/7000 [03:39<03:39, 23.69it/s]
loss=0.070| sh degree=1| :  26%|██▌       | 1811/7000 [03:39<03:39, 23.69it/s]
loss=0.055| sh degree=1| :  26%|██▌       | 1811/7000 [03:39<03:39, 23.69it/s]
loss=0.061| sh degree=1| :  26%|██▌       | 1811/7000 [03:39<03:39, 23.69it/s]
loss=0.064| sh degree=1| :  26%|██▌       | 1811/7000 [03:39<03:39, 23.69it/s]
loss=0.064| sh degree=1| :  26%|██▌       | 1815/7000 [03:39<03:28, 24.87it/s]
loss=0.048| sh degree=1| :  26%|██▌       | 1815/7000 [03:39<03:28, 24.87it/s]
loss=0.057| sh degree=1| :  26%|██▌       | 1815/7000 [03:39<03:28, 24.87it/s]
loss=0.047| sh degree=1| :  26%|██▌       | 1815/7000 [03:39<03:28, 24.87it/s]
loss=0.047| sh degree=1| :  26%|██▌       | 1818/7000 [03:39<03:55, 21.99it/s]
loss=0.063| sh degree=1| :  26%|██▌       | 1818/7000 [03:39<03:55, 21.99it/s]
loss=0.053| sh degree=1| :  26%|██▌       | 1818/7000 [03:39<03:55, 21.99it/s]
loss=0.040| sh degree=1| :  26%|██▌       | 1818/7000 [03:40<03:55, 21.99it/s]
loss=0.040| sh degree=1| :  26%|██▌       | 1821/7000 [03:40<03:46, 22.89it/s]
loss=0.044| sh degree=1| :  26%|██▌       | 1821/7000 [03:40<03:46, 22.89it/s]
loss=0.041| sh degree=1| :  26%|██▌       | 1821/7000 [03:40<03:46, 22.89it/s]
loss=0.046| sh degree=1| :  26%|██▌       | 1821/7000 [03:40<03:46, 22.89it/s]
loss=0.046| sh degree=1| :  26%|██▌       | 1824/7000 [03:40<03:48, 22.67it/s]
loss=0.040| sh degree=1| :  26%|██▌       | 1824/7000 [03:40<03:48, 22.67it/s]
loss=0.047| sh degree=1| :  26%|██▌       | 1824/7000 [03:40<03:48, 22.67it/s]
loss=0.060| sh degree=1| :  26%|██▌       | 1824/7000 [03:40<03:48, 22.67it/s]
loss=0.060| sh degree=1| :  26%|██▌       | 1827/7000 [03:40<04:04, 21.14it/s]
loss=0.038| sh degree=1| :  26%|██▌       | 1827/7000 [03:40<04:04, 21.14it/s]
loss=0.035| sh degree=1| :  26%|██▌       | 1827/7000 [03:40<04:04, 21.14it/s]
loss=0.041| sh degree=1| :  26%|██▌       | 1827/7000 [03:40<04:04, 21.14it/s]
loss=0.041| sh degree=1| :  26%|██▌       | 1830/7000 [03:40<04:18, 19.97it/s]
loss=0.059| sh degree=1| :  26%|██▌       | 1830/7000 [03:40<04:18, 19.97it/s]
loss=0.052| sh degree=1| :  26%|██▌       | 1830/7000 [03:40<04:18, 19.97it/s]
loss=0.041| sh degree=1| :  26%|██▌       | 1830/7000 [03:40<04:18, 19.97it/s]
loss=0.041| sh degree=1| :  26%|██▌       | 1833/7000 [03:40<04:07, 20.87it/s]
loss=0.054| sh degree=1| :  26%|██▌       | 1833/7000 [03:40<04:07, 20.87it/s]
loss=0.035| sh degree=1| :  26%|██▌       | 1833/7000 [03:40<04:07, 20.87it/s]
loss=0.046| sh degree=1| :  26%|██▌       | 1833/7000 [03:40<04:07, 20.87it/s]
loss=0.046| sh degree=1| :  26%|██▌       | 1836/7000 [03:40<04:38, 18.54it/s]
loss=0.056| sh degree=1| :  26%|██▌       | 1836/7000 [03:40<04:38, 18.54it/s]
loss=0.039| sh degree=1| :  26%|██▌       | 1836/7000 [03:40<04:38, 18.54it/s]
loss=0.045| sh degree=1| :  26%|██▌       | 1836/7000 [03:40<04:38, 18.54it/s]
loss=0.045| sh degree=1| :  26%|██▋       | 1839/7000 [03:40<04:32, 18.94it/s]
loss=0.048| sh degree=1| :  26%|██▋       | 1839/7000 [03:41<04:32, 18.94it/s]
loss=0.048| sh degree=1| :  26%|██▋       | 1839/7000 [03:41<04:32, 18.94it/s]
loss=0.048| sh degree=1| :  26%|██▋       | 1841/7000 [03:41<04:44, 18.12it/s]
loss=0.043| sh degree=1| :  26%|██▋       | 1841/7000 [03:41<04:44, 18.12it/s]
loss=0.045| sh degree=1| :  26%|██▋       | 1841/7000 [03:41<04:44, 18.12it/s]
loss=0.036| sh degree=1| :  26%|██▋       | 1841/7000 [03:41<04:44, 18.12it/s]
loss=0.036| sh degree=1| :  26%|██▋       | 1844/7000 [03:41<04:22, 19.62it/s]
loss=0.064| sh degree=1| :  26%|██▋       | 1844/7000 [03:41<04:22, 19.62it/s]
loss=0.048| sh degree=1| :  26%|██▋       | 1844/7000 [03:41<04:22, 19.62it/s]
loss=0.118| sh degree=1| :  26%|██▋       | 1844/7000 [03:41<04:22, 19.62it/s]
loss=0.118| sh degree=1| :  26%|██▋       | 1847/7000 [03:41<04:15, 20.16it/s]
loss=0.039| sh degree=1| :  26%|██▋       | 1847/7000 [03:41<04:15, 20.16it/s]
loss=0.052| sh degree=1| :  26%|██▋       | 1847/7000 [03:41<04:15, 20.16it/s]
loss=0.035| sh degree=1| :  26%|██▋       | 1847/7000 [03:41<04:15, 20.16it/s]
loss=0.035| sh degree=1| :  26%|██▋       | 1850/7000 [03:41<04:29, 19.11it/s]
loss=0.053| sh degree=1| :  26%|██▋       | 1850/7000 [03:41<04:29, 19.11it/s]
loss=0.055| sh degree=1| :  26%|██▋       | 1850/7000 [03:41<04:29, 19.11it/s]
loss=0.037| sh degree=1| :  26%|██▋       | 1850/7000 [03:41<04:29, 19.11it/s]
loss=0.037| sh degree=1| :  26%|██▋       | 1853/7000 [03:41<04:22, 19.61it/s]
loss=0.048| sh degree=1| :  26%|██▋       | 1853/7000 [03:41<04:22, 19.61it/s]
loss=0.039| sh degree=1| :  26%|██▋       | 1853/7000 [03:41<04:22, 19.61it/s]
loss=0.043| sh degree=1| :  26%|██▋       | 1853/7000 [03:41<04:22, 19.61it/s]
loss=0.043| sh degree=1| :  27%|██▋       | 1856/7000 [03:41<04:12, 20.34it/s]
loss=0.048| sh degree=1| :  27%|██▋       | 1856/7000 [03:41<04:12, 20.34it/s]
loss=0.065| sh degree=1| :  27%|██▋       | 1856/7000 [03:41<04:12, 20.34it/s]
loss=0.041| sh degree=1| :  27%|██▋       | 1856/7000 [03:41<04:12, 20.34it/s]
loss=0.041| sh degree=1| :  27%|██▋       | 1859/7000 [03:41<04:05, 20.97it/s]
loss=0.046| sh degree=1| :  27%|██▋       | 1859/7000 [03:41<04:05, 20.97it/s]
loss=0.047| sh degree=1| :  27%|██▋       | 1859/7000 [03:42<04:05, 20.97it/s]
loss=0.052| sh degree=1| :  27%|██▋       | 1859/7000 [03:42<04:05, 20.97it/s]
loss=0.057| sh degree=1| :  27%|██▋       | 1859/7000 [03:42<04:05, 20.97it/s]
loss=0.057| sh degree=1| :  27%|██▋       | 1863/7000 [03:42<03:57, 21.65it/s]
loss=0.041| sh degree=1| :  27%|██▋       | 1863/7000 [03:42<03:57, 21.65it/s]
loss=0.062| sh degree=1| :  27%|██▋       | 1863/7000 [03:42<03:57, 21.65it/s]
loss=0.058| sh degree=1| :  27%|██▋       | 1863/7000 [03:42<03:57, 21.65it/s]
loss=0.065| sh degree=1| :  27%|██▋       | 1863/7000 [03:42<03:57, 21.65it/s]
loss=0.065| sh degree=1| :  27%|██▋       | 1867/7000 [03:42<03:38, 23.48it/s]
loss=0.039| sh degree=1| :  27%|██▋       | 1867/7000 [03:42<03:38, 23.48it/s]
loss=0.038| sh degree=1| :  27%|██▋       | 1867/7000 [03:42<03:38, 23.48it/s]
loss=0.037| sh degree=1| :  27%|██▋       | 1867/7000 [03:42<03:38, 23.48it/s]
loss=0.037| sh degree=1| :  27%|██▋       | 1870/7000 [03:42<03:53, 21.95it/s]
loss=0.052| sh degree=1| :  27%|██▋       | 1870/7000 [03:42<03:53, 21.95it/s]
loss=0.050| sh degree=1| :  27%|██▋       | 1870/7000 [03:42<03:53, 21.95it/s]
loss=0.047| sh degree=1| :  27%|██▋       | 1870/7000 [03:42<03:53, 21.95it/s]
loss=0.047| sh degree=1| :  27%|██▋       | 1873/7000 [03:42<04:00, 21.34it/s]
loss=0.039| sh degree=1| :  27%|██▋       | 1873/7000 [03:42<04:00, 21.34it/s]
loss=0.038| sh degree=1| :  27%|██▋       | 1873/7000 [03:42<04:00, 21.34it/s]
loss=0.040| sh degree=1| :  27%|██▋       | 1873/7000 [03:42<04:00, 21.34it/s]
loss=0.040| sh degree=1| :  27%|██▋       | 1876/7000 [03:42<03:48, 22.42it/s]
loss=0.060| sh degree=1| :  27%|██▋       | 1876/7000 [03:42<03:48, 22.42it/s]
loss=0.053| sh degree=1| :  27%|██▋       | 1876/7000 [03:42<03:48, 22.42it/s]
loss=0.036| sh degree=1| :  27%|██▋       | 1876/7000 [03:42<03:48, 22.42it/s]
loss=0.036| sh degree=1| :  27%|██▋       | 1879/7000 [03:42<04:08, 20.64it/s]
loss=0.050| sh degree=1| :  27%|██▋       | 1879/7000 [03:42<04:08, 20.64it/s]
loss=0.047| sh degree=1| :  27%|██▋       | 1879/7000 [03:42<04:08, 20.64it/s]
loss=0.052| sh degree=1| :  27%|██▋       | 1879/7000 [03:43<04:08, 20.64it/s]
loss=0.052| sh degree=1| :  27%|██▋       | 1882/7000 [03:43<04:26, 19.24it/s]
loss=0.035| sh degree=1| :  27%|██▋       | 1882/7000 [03:43<04:26, 19.24it/s]
loss=0.044| sh degree=1| :  27%|██▋       | 1882/7000 [03:43<04:26, 19.24it/s]
loss=0.045| sh degree=1| :  27%|██▋       | 1882/7000 [03:43<04:26, 19.24it/s]
loss=0.045| sh degree=1| :  27%|██▋       | 1885/7000 [03:43<04:17, 19.88it/s]
loss=0.048| sh degree=1| :  27%|██▋       | 1885/7000 [03:43<04:17, 19.88it/s]
loss=0.045| sh degree=1| :  27%|██▋       | 1885/7000 [03:43<04:17, 19.88it/s]
loss=0.036| sh degree=1| :  27%|██▋       | 1885/7000 [03:43<04:17, 19.88it/s]
loss=0.036| sh degree=1| :  27%|██▋       | 1888/7000 [03:43<04:05, 20.82it/s]
loss=0.035| sh degree=1| :  27%|██▋       | 1888/7000 [03:43<04:05, 20.82it/s]
loss=0.036| sh degree=1| :  27%|██▋       | 1888/7000 [03:43<04:05, 20.82it/s]
loss=0.051| sh degree=1| :  27%|██▋       | 1888/7000 [03:43<04:05, 20.82it/s]
loss=0.051| sh degree=1| :  27%|██▋       | 1891/7000 [03:43<03:59, 21.34it/s]
loss=0.056| sh degree=1| :  27%|██▋       | 1891/7000 [03:43<03:59, 21.34it/s]
loss=0.054| sh degree=1| :  27%|██▋       | 1891/7000 [03:43<03:59, 21.34it/s]
loss=0.035| sh degree=1| :  27%|██▋       | 1891/7000 [03:43<03:59, 21.34it/s]
loss=0.035| sh degree=1| :  27%|██▋       | 1894/7000 [03:43<03:58, 21.37it/s]
loss=0.034| sh degree=1| :  27%|██▋       | 1894/7000 [03:43<03:58, 21.37it/s]
loss=0.056| sh degree=1| :  27%|██▋       | 1894/7000 [03:43<03:58, 21.37it/s]
loss=0.048| sh degree=1| :  27%|██▋       | 1894/7000 [03:43<03:58, 21.37it/s]
loss=0.048| sh degree=1| :  27%|██▋       | 1897/7000 [03:43<03:57, 21.50it/s]
loss=0.040| sh degree=1| :  27%|██▋       | 1897/7000 [03:43<03:57, 21.50it/s]
loss=0.053| sh degree=1| :  27%|██▋       | 1897/7000 [03:43<03:57, 21.50it/s]
loss=0.060| sh degree=1| :  27%|██▋       | 1897/7000 [03:43<03:57, 21.50it/s]
loss=0.060| sh degree=1| :  27%|██▋       | 1900/7000 [03:43<04:11, 20.30it/s]
loss=0.040| sh degree=1| :  27%|██▋       | 1900/7000 [03:43<04:11, 20.30it/s]
loss=0.060| sh degree=1| :  27%|██▋       | 1900/7000 [03:43<04:11, 20.30it/s]
loss=0.047| sh degree=1| :  27%|██▋       | 1900/7000 [03:44<04:11, 20.30it/s]
loss=0.047| sh degree=1| :  27%|██▋       | 1903/7000 [03:44<04:09, 20.45it/s]
loss=0.056| sh degree=1| :  27%|██▋       | 1903/7000 [03:44<04:09, 20.45it/s]
loss=0.050| sh degree=1| :  27%|██▋       | 1903/7000 [03:44<04:09, 20.45it/s]
loss=0.047| sh degree=1| :  27%|██▋       | 1903/7000 [03:44<04:09, 20.45it/s]
loss=0.047| sh degree=1| :  27%|██▋       | 1906/7000 [03:44<04:01, 21.09it/s]
loss=0.042| sh degree=1| :  27%|██▋       | 1906/7000 [03:44<04:01, 21.09it/s]
loss=0.052| sh degree=1| :  27%|██▋       | 1906/7000 [03:44<04:01, 21.09it/s]
loss=0.056| sh degree=1| :  27%|██▋       | 1906/7000 [03:44<04:01, 21.09it/s]
loss=0.056| sh degree=1| :  27%|██▋       | 1909/7000 [03:44<04:39, 18.24it/s]
loss=0.046| sh degree=1| :  27%|██▋       | 1909/7000 [03:44<04:39, 18.24it/s]
loss=0.044| sh degree=1| :  27%|██▋       | 1909/7000 [03:44<04:39, 18.24it/s]
loss=0.044| sh degree=1| :  27%|██▋       | 1911/7000 [03:44<04:41, 18.09it/s]
loss=0.060| sh degree=1| :  27%|██▋       | 1911/7000 [03:44<04:41, 18.09it/s]
loss=0.043| sh degree=1| :  27%|██▋       | 1911/7000 [03:44<04:41, 18.09it/s]
loss=0.043| sh degree=1| :  27%|██▋       | 1913/7000 [03:44<05:11, 16.35it/s]
loss=0.050| sh degree=1| :  27%|██▋       | 1913/7000 [03:44<05:11, 16.35it/s]
loss=0.055| sh degree=1| :  27%|██▋       | 1913/7000 [03:44<05:11, 16.35it/s]
loss=0.055| sh degree=1| :  27%|██▋       | 1915/7000 [03:44<05:09, 16.41it/s]
loss=0.045| sh degree=1| :  27%|██▋       | 1915/7000 [03:44<05:09, 16.41it/s]
loss=0.063| sh degree=1| :  27%|██▋       | 1915/7000 [03:44<05:09, 16.41it/s]
loss=0.045| sh degree=1| :  27%|██▋       | 1915/7000 [03:44<05:09, 16.41it/s]
loss=0.045| sh degree=1| :  27%|██▋       | 1918/7000 [03:44<04:24, 19.22it/s]
loss=0.060| sh degree=1| :  27%|██▋       | 1918/7000 [03:44<04:24, 19.22it/s]
loss=0.043| sh degree=1| :  27%|██▋       | 1918/7000 [03:44<04:24, 19.22it/s]
loss=0.046| sh degree=1| :  27%|██▋       | 1918/7000 [03:44<04:24, 19.22it/s]
loss=0.046| sh degree=1| :  27%|██▋       | 1921/7000 [03:45<04:04, 20.76it/s]
loss=0.040| sh degree=1| :  27%|██▋       | 1921/7000 [03:45<04:04, 20.76it/s]
loss=0.040| sh degree=1| :  27%|██▋       | 1921/7000 [03:45<04:04, 20.76it/s]
loss=0.047| sh degree=1| :  27%|██▋       | 1921/7000 [03:45<04:04, 20.76it/s]
loss=0.047| sh degree=1| :  27%|██▋       | 1924/7000 [03:45<04:04, 20.78it/s]
loss=0.054| sh degree=1| :  27%|██▋       | 1924/7000 [03:45<04:04, 20.78it/s]
loss=0.062| sh degree=1| :  27%|██▋       | 1924/7000 [03:45<04:04, 20.78it/s]
loss=0.060| sh degree=1| :  27%|██▋       | 1924/7000 [03:45<04:04, 20.78it/s]
loss=0.060| sh degree=1| :  28%|██▊       | 1927/7000 [03:45<04:22, 19.35it/s]
loss=0.040| sh degree=1| :  28%|██▊       | 1927/7000 [03:45<04:22, 19.35it/s]
loss=0.036| sh degree=1| :  28%|██▊       | 1927/7000 [03:45<04:22, 19.35it/s]
loss=0.043| sh degree=1| :  28%|██▊       | 1927/7000 [03:45<04:22, 19.35it/s]
loss=0.043| sh degree=1| :  28%|██▊       | 1930/7000 [03:45<04:08, 20.41it/s]
loss=0.053| sh degree=1| :  28%|██▊       | 1930/7000 [03:45<04:08, 20.41it/s]
loss=0.053| sh degree=1| :  28%|██▊       | 1930/7000 [03:45<04:08, 20.41it/s]
loss=0.038| sh degree=1| :  28%|██▊       | 1930/7000 [03:45<04:08, 20.41it/s]
loss=0.038| sh degree=1| :  28%|██▊       | 1933/7000 [03:45<04:53, 17.28it/s]
loss=0.049| sh degree=1| :  28%|██▊       | 1933/7000 [03:45<04:53, 17.28it/s]
loss=0.047| sh degree=1| :  28%|██▊       | 1933/7000 [03:45<04:53, 17.28it/s]
loss=0.047| sh degree=1| :  28%|██▊       | 1935/7000 [03:45<04:50, 17.46it/s]
loss=0.053| sh degree=1| :  28%|██▊       | 1935/7000 [03:45<04:50, 17.46it/s]
loss=0.054| sh degree=1| :  28%|██▊       | 1935/7000 [03:45<04:50, 17.46it/s]
loss=0.054| sh degree=1| :  28%|██▊       | 1937/7000 [03:45<05:11, 16.23it/s]
loss=0.049| sh degree=1| :  28%|██▊       | 1937/7000 [03:45<05:11, 16.23it/s]
loss=0.052| sh degree=1| :  28%|██▊       | 1937/7000 [03:46<05:11, 16.23it/s]
loss=0.047| sh degree=1| :  28%|██▊       | 1937/7000 [03:46<05:11, 16.23it/s]
loss=0.047| sh degree=1| :  28%|██▊       | 1940/7000 [03:46<04:34, 18.42it/s]
loss=0.050| sh degree=1| :  28%|██▊       | 1940/7000 [03:46<04:34, 18.42it/s]
loss=0.036| sh degree=1| :  28%|██▊       | 1940/7000 [03:46<04:34, 18.42it/s]
loss=0.036| sh degree=1| :  28%|██▊       | 1942/7000 [03:46<05:06, 16.48it/s]
loss=0.048| sh degree=1| :  28%|██▊       | 1942/7000 [03:46<05:06, 16.48it/s]
loss=0.036| sh degree=1| :  28%|██▊       | 1942/7000 [03:46<05:06, 16.48it/s]
loss=0.036| sh degree=1| :  28%|██▊       | 1944/7000 [03:46<06:01, 14.00it/s]
loss=0.049| sh degree=1| :  28%|██▊       | 1944/7000 [03:46<06:01, 14.00it/s]
loss=0.049| sh degree=1| :  28%|██▊       | 1944/7000 [03:46<06:01, 14.00it/s]
loss=0.037| sh degree=1| :  28%|██▊       | 1944/7000 [03:46<06:01, 14.00it/s]
loss=0.056| sh degree=1| :  28%|██▊       | 1944/7000 [03:46<06:01, 14.00it/s]
loss=0.056| sh degree=1| :  28%|██▊       | 1948/7000 [03:46<05:03, 16.64it/s]
loss=0.061| sh degree=1| :  28%|██▊       | 1948/7000 [03:46<05:03, 16.64it/s]
loss=0.046| sh degree=1| :  28%|██▊       | 1948/7000 [03:46<05:03, 16.64it/s]
loss=0.047| sh degree=1| :  28%|██▊       | 1948/7000 [03:46<05:03, 16.64it/s]
loss=0.048| sh degree=1| :  28%|██▊       | 1948/7000 [03:46<05:03, 16.64it/s]
loss=0.048| sh degree=1| :  28%|██▊       | 1952/7000 [03:46<04:19, 19.46it/s]
loss=0.034| sh degree=1| :  28%|██▊       | 1952/7000 [03:46<04:19, 19.46it/s]
loss=0.035| sh degree=1| :  28%|██▊       | 1952/7000 [03:46<04:19, 19.46it/s]
loss=0.046| sh degree=1| :  28%|██▊       | 1952/7000 [03:46<04:19, 19.46it/s]
loss=0.046| sh degree=1| :  28%|██▊       | 1955/7000 [03:46<04:36, 18.27it/s]
loss=0.049| sh degree=1| :  28%|██▊       | 1955/7000 [03:46<04:36, 18.27it/s]
loss=0.032| sh degree=1| :  28%|██▊       | 1955/7000 [03:47<04:36, 18.27it/s]
loss=0.032| sh degree=1| :  28%|██▊       | 1957/7000 [03:47<04:37, 18.20it/s]
loss=0.056| sh degree=1| :  28%|██▊       | 1957/7000 [03:47<04:37, 18.20it/s]
loss=0.041| sh degree=1| :  28%|██▊       | 1957/7000 [03:47<04:37, 18.20it/s]
loss=0.033| sh degree=1| :  28%|██▊       | 1957/7000 [03:47<04:37, 18.20it/s]
loss=0.033| sh degree=1| :  28%|██▊       | 1960/7000 [03:47<04:28, 18.77it/s]
loss=0.032| sh degree=1| :  28%|██▊       | 1960/7000 [03:47<04:28, 18.77it/s]
loss=0.043| sh degree=1| :  28%|██▊       | 1960/7000 [03:47<04:28, 18.77it/s]
loss=0.057| sh degree=1| :  28%|██▊       | 1960/7000 [03:47<04:28, 18.77it/s]
loss=0.057| sh degree=1| :  28%|██▊       | 1963/7000 [03:47<04:15, 19.69it/s]
loss=0.036| sh degree=1| :  28%|██▊       | 1963/7000 [03:47<04:15, 19.69it/s]
loss=0.068| sh degree=1| :  28%|██▊       | 1963/7000 [03:47<04:15, 19.69it/s]
loss=0.068| sh degree=1| :  28%|██▊       | 1965/7000 [03:47<04:27, 18.81it/s]
loss=0.050| sh degree=1| :  28%|██▊       | 1965/7000 [03:47<04:27, 18.81it/s]
loss=0.043| sh degree=1| :  28%|██▊       | 1965/7000 [03:47<04:27, 18.81it/s]
loss=0.038| sh degree=1| :  28%|██▊       | 1965/7000 [03:47<04:27, 18.81it/s]
loss=0.038| sh degree=1| :  28%|██▊       | 1968/7000 [03:47<04:50, 17.33it/s]
loss=0.042| sh degree=1| :  28%|██▊       | 1968/7000 [03:47<04:50, 17.33it/s]
loss=0.041| sh degree=1| :  28%|██▊       | 1968/7000 [03:47<04:50, 17.33it/s]
loss=0.043| sh degree=1| :  28%|██▊       | 1968/7000 [03:47<04:50, 17.33it/s]
loss=0.047| sh degree=1| :  28%|██▊       | 1968/7000 [03:47<04:50, 17.33it/s]
loss=0.044| sh degree=1| :  28%|██▊       | 1968/7000 [03:47<04:50, 17.33it/s]
loss=0.044| sh degree=1| :  28%|██▊       | 1973/7000 [03:47<03:33, 23.51it/s]
loss=0.041| sh degree=1| :  28%|██▊       | 1973/7000 [03:47<03:33, 23.51it/s]
loss=0.048| sh degree=1| :  28%|██▊       | 1973/7000 [03:47<03:33, 23.51it/s]
loss=0.041| sh degree=1| :  28%|██▊       | 1973/7000 [03:47<03:33, 23.51it/s]
loss=0.041| sh degree=1| :  28%|██▊       | 1976/7000 [03:47<03:40, 22.81it/s]
loss=0.037| sh degree=1| :  28%|██▊       | 1976/7000 [03:47<03:40, 22.81it/s]
loss=0.049| sh degree=1| :  28%|██▊       | 1976/7000 [03:48<03:40, 22.81it/s]
loss=0.037| sh degree=1| :  28%|██▊       | 1976/7000 [03:48<03:40, 22.81it/s]
loss=0.037| sh degree=1| :  28%|██▊       | 1979/7000 [03:48<03:44, 22.39it/s]
loss=0.036| sh degree=1| :  28%|██▊       | 1979/7000 [03:48<03:44, 22.39it/s]
loss=0.046| sh degree=1| :  28%|██▊       | 1979/7000 [03:48<03:44, 22.39it/s]
loss=0.064| sh degree=1| :  28%|██▊       | 1979/7000 [03:48<03:44, 22.39it/s]
loss=0.064| sh degree=1| :  28%|██▊       | 1982/7000 [03:48<03:55, 21.28it/s]
loss=0.051| sh degree=1| :  28%|██▊       | 1982/7000 [03:48<03:55, 21.28it/s]
loss=0.039| sh degree=1| :  28%|██▊       | 1982/7000 [03:48<03:55, 21.28it/s]
loss=0.034| sh degree=1| :  28%|██▊       | 1982/7000 [03:48<03:55, 21.28it/s]
loss=0.034| sh degree=1| :  28%|██▊       | 1985/7000 [03:48<03:51, 21.64it/s]
loss=0.043| sh degree=1| :  28%|██▊       | 1985/7000 [03:48<03:51, 21.64it/s]
loss=0.038| sh degree=1| :  28%|██▊       | 1985/7000 [03:48<03:51, 21.64it/s]
loss=0.036| sh degree=1| :  28%|██▊       | 1985/7000 [03:48<03:51, 21.64it/s]
loss=0.036| sh degree=1| :  28%|██▊       | 1988/7000 [03:48<03:39, 22.84it/s]
loss=0.037| sh degree=1| :  28%|██▊       | 1988/7000 [03:48<03:39, 22.84it/s]
loss=0.054| sh degree=1| :  28%|██▊       | 1988/7000 [03:48<03:39, 22.84it/s]
loss=0.047| sh degree=1| :  28%|██▊       | 1988/7000 [03:48<03:39, 22.84it/s]
loss=0.047| sh degree=1| :  28%|██▊       | 1988/7000 [03:48<03:39, 22.84it/s]
loss=0.047| sh degree=1| :  28%|██▊       | 1992/7000 [03:48<03:13, 25.91it/s]
loss=0.057| sh degree=1| :  28%|██▊       | 1992/7000 [03:48<03:13, 25.91it/s]
loss=0.051| sh degree=1| :  28%|██▊       | 1992/7000 [03:48<03:13, 25.91it/s]
loss=0.038| sh degree=1| :  28%|██▊       | 1992/7000 [03:48<03:13, 25.91it/s]
loss=0.054| sh degree=1| :  28%|██▊       | 1992/7000 [03:48<03:13, 25.91it/s]
loss=0.054| sh degree=1| :  29%|██▊       | 1996/7000 [03:48<02:56, 28.40it/s]
loss=0.064| sh degree=1| :  29%|██▊       | 1996/7000 [03:48<02:56, 28.40it/s]
loss=0.068| sh degree=1| :  29%|██▊       | 1996/7000 [03:48<02:56, 28.40it/s]
loss=0.058| sh degree=1| :  29%|██▊       | 1996/7000 [03:48<02:56, 28.40it/s]
loss=0.043| sh degree=1| :  29%|██▊       | 1996/7000 [03:48<02:56, 28.40it/s]
loss=0.043| sh degree=1| :  29%|██▊       | 2000/7000 [03:48<02:53, 28.89it/s]
loss=0.047| sh degree=2| :  29%|██▊       | 2000/7000 [03:48<02:53, 28.89it/s]
loss=0.044| sh degree=2| :  29%|██▊       | 2000/7000 [03:48<02:53, 28.89it/s]
loss=0.058| sh degree=2| :  29%|██▊       | 2000/7000 [03:48<02:53, 28.89it/s]
loss=0.058| sh degree=2| :  29%|██▊       | 2003/7000 [03:48<02:56, 28.34it/s]
loss=0.053| sh degree=2| :  29%|██▊       | 2003/7000 [03:48<02:56, 28.34it/s]
loss=0.040| sh degree=2| :  29%|██▊       | 2003/7000 [03:49<02:56, 28.34it/s]
loss=0.059| sh degree=2| :  29%|██▊       | 2003/7000 [03:49<02:56, 28.34it/s]
loss=0.059| sh degree=2| :  29%|██▊       | 2006/7000 [03:49<02:57, 28.06it/s]
loss=0.056| sh degree=2| :  29%|██▊       | 2006/7000 [03:49<02:57, 28.06it/s]
loss=0.040| sh degree=2| :  29%|██▊       | 2006/7000 [03:49<02:57, 28.06it/s]
loss=0.057| sh degree=2| :  29%|██▊       | 2006/7000 [03:49<02:57, 28.06it/s]
loss=0.057| sh degree=2| :  29%|██▊       | 2009/7000 [03:49<03:17, 25.28it/s]
loss=0.054| sh degree=2| :  29%|██▊       | 2009/7000 [03:49<03:17, 25.28it/s]
loss=0.053| sh degree=2| :  29%|██▊       | 2009/7000 [03:49<03:17, 25.28it/s]
loss=0.044| sh degree=2| :  29%|██▊       | 2009/7000 [03:49<03:17, 25.28it/s]
loss=0.044| sh degree=2| :  29%|██▊       | 2012/7000 [03:49<03:32, 23.48it/s]
loss=0.044| sh degree=2| :  29%|██▊       | 2012/7000 [03:49<03:32, 23.48it/s]
loss=0.075| sh degree=2| :  29%|██▊       | 2012/7000 [03:49<03:32, 23.48it/s]
loss=0.043| sh degree=2| :  29%|██▊       | 2012/7000 [03:49<03:32, 23.48it/s]
loss=0.044| sh degree=2| :  29%|██▊       | 2012/7000 [03:49<03:32, 23.48it/s]
loss=0.055| sh degree=2| :  29%|██▊       | 2012/7000 [03:49<03:32, 23.48it/s]
loss=0.055| sh degree=2| :  29%|██▉       | 2017/7000 [03:49<03:06, 26.78it/s]
loss=0.051| sh degree=2| :  29%|██▉       | 2017/7000 [03:49<03:06, 26.78it/s]
loss=0.041| sh degree=2| :  29%|██▉       | 2017/7000 [03:49<03:06, 26.78it/s]
loss=0.041| sh degree=2| :  29%|██▉       | 2017/7000 [03:49<03:06, 26.78it/s]
loss=0.041| sh degree=2| :  29%|██▉       | 2020/7000 [03:49<03:18, 25.12it/s]
loss=0.046| sh degree=2| :  29%|██▉       | 2020/7000 [03:49<03:18, 25.12it/s]
loss=0.051| sh degree=2| :  29%|██▉       | 2020/7000 [03:49<03:18, 25.12it/s]
loss=0.048| sh degree=2| :  29%|██▉       | 2020/7000 [03:49<03:18, 25.12it/s]
loss=0.048| sh degree=2| :  29%|██▉       | 2023/7000 [03:49<03:20, 24.80it/s]
loss=0.054| sh degree=2| :  29%|██▉       | 2023/7000 [03:49<03:20, 24.80it/s]
loss=0.069| sh degree=2| :  29%|██▉       | 2023/7000 [03:49<03:20, 24.80it/s]
loss=0.042| sh degree=2| :  29%|██▉       | 2023/7000 [03:49<03:20, 24.80it/s]
loss=0.042| sh degree=2| :  29%|██▉       | 2026/7000 [03:49<03:18, 25.03it/s]
loss=0.037| sh degree=2| :  29%|██▉       | 2026/7000 [03:49<03:18, 25.03it/s]
loss=0.038| sh degree=2| :  29%|██▉       | 2026/7000 [03:49<03:18, 25.03it/s]
loss=0.057| sh degree=2| :  29%|██▉       | 2026/7000 [03:49<03:18, 25.03it/s]
loss=0.057| sh degree=2| :  29%|██▉       | 2029/7000 [03:50<03:17, 25.16it/s]
loss=0.035| sh degree=2| :  29%|██▉       | 2029/7000 [03:50<03:17, 25.16it/s]
loss=0.037| sh degree=2| :  29%|██▉       | 2029/7000 [03:50<03:17, 25.16it/s]
loss=0.033| sh degree=2| :  29%|██▉       | 2029/7000 [03:50<03:17, 25.16it/s]
loss=0.033| sh degree=2| :  29%|██▉       | 2032/7000 [03:50<03:41, 22.41it/s]
loss=0.053| sh degree=2| :  29%|██▉       | 2032/7000 [03:50<03:41, 22.41it/s]
loss=0.052| sh degree=2| :  29%|██▉       | 2032/7000 [03:50<03:41, 22.41it/s]
loss=0.051| sh degree=2| :  29%|██▉       | 2032/7000 [03:50<03:41, 22.41it/s]
loss=0.051| sh degree=2| :  29%|██▉       | 2035/7000 [03:50<03:28, 23.85it/s]
loss=0.061| sh degree=2| :  29%|██▉       | 2035/7000 [03:50<03:28, 23.85it/s]
loss=0.037| sh degree=2| :  29%|██▉       | 2035/7000 [03:50<03:28, 23.85it/s]
loss=0.042| sh degree=2| :  29%|██▉       | 2035/7000 [03:50<03:28, 23.85it/s]
loss=0.042| sh degree=2| :  29%|██▉       | 2038/7000 [03:50<03:15, 25.34it/s]
loss=0.045| sh degree=2| :  29%|██▉       | 2038/7000 [03:50<03:15, 25.34it/s]
loss=0.035| sh degree=2| :  29%|██▉       | 2038/7000 [03:50<03:15, 25.34it/s]
loss=0.032| sh degree=2| :  29%|██▉       | 2038/7000 [03:50<03:15, 25.34it/s]
loss=0.032| sh degree=2| :  29%|██▉       | 2041/7000 [03:50<04:45, 17.36it/s]
loss=0.031| sh degree=2| :  29%|██▉       | 2041/7000 [03:50<04:45, 17.36it/s]
loss=0.044| sh degree=2| :  29%|██▉       | 2041/7000 [03:50<04:45, 17.36it/s]
loss=0.048| sh degree=2| :  29%|██▉       | 2041/7000 [03:50<04:45, 17.36it/s]
loss=0.048| sh degree=2| :  29%|██▉       | 2044/7000 [03:50<04:12, 19.66it/s]
loss=0.044| sh degree=2| :  29%|██▉       | 2044/7000 [03:50<04:12, 19.66it/s]
loss=0.044| sh degree=2| :  29%|██▉       | 2044/7000 [03:50<04:12, 19.66it/s]
loss=0.049| sh degree=2| :  29%|██▉       | 2044/7000 [03:50<04:12, 19.66it/s]
loss=0.049| sh degree=2| :  29%|██▉       | 2047/7000 [03:50<04:05, 20.18it/s]
loss=0.049| sh degree=2| :  29%|██▉       | 2047/7000 [03:50<04:05, 20.18it/s]
loss=0.036| sh degree=2| :  29%|██▉       | 2047/7000 [03:50<04:05, 20.18it/s]
loss=0.035| sh degree=2| :  29%|██▉       | 2047/7000 [03:51<04:05, 20.18it/s]
loss=0.035| sh degree=2| :  29%|██▉       | 2050/7000 [03:51<03:43, 22.15it/s]
loss=0.042| sh degree=2| :  29%|██▉       | 2050/7000 [03:51<03:43, 22.15it/s]
loss=0.041| sh degree=2| :  29%|██▉       | 2050/7000 [03:51<03:43, 22.15it/s]
loss=0.052| sh degree=2| :  29%|██▉       | 2050/7000 [03:51<03:43, 22.15it/s]
loss=0.052| sh degree=2| :  29%|██▉       | 2053/7000 [03:51<03:43, 22.14it/s]
loss=0.057| sh degree=2| :  29%|██▉       | 2053/7000 [03:51<03:43, 22.14it/s]
loss=0.054| sh degree=2| :  29%|██▉       | 2053/7000 [03:51<03:43, 22.14it/s]
loss=0.040| sh degree=2| :  29%|██▉       | 2053/7000 [03:51<03:43, 22.14it/s]
loss=0.046| sh degree=2| :  29%|██▉       | 2053/7000 [03:51<03:43, 22.14it/s]
loss=0.046| sh degree=2| :  29%|██▉       | 2057/7000 [03:51<03:17, 25.07it/s]
loss=0.033| sh degree=2| :  29%|██▉       | 2057/7000 [03:51<03:17, 25.07it/s]
loss=0.042| sh degree=2| :  29%|██▉       | 2057/7000 [03:51<03:17, 25.07it/s]
loss=0.055| sh degree=2| :  29%|██▉       | 2057/7000 [03:51<03:17, 25.07it/s]
loss=0.055| sh degree=2| :  29%|██▉       | 2060/7000 [03:51<03:37, 22.74it/s]
loss=0.032| sh degree=2| :  29%|██▉       | 2060/7000 [03:51<03:37, 22.74it/s]
loss=0.040| sh degree=2| :  29%|██▉       | 2060/7000 [03:51<03:37, 22.74it/s]
loss=0.036| sh degree=2| :  29%|██▉       | 2060/7000 [03:51<03:37, 22.74it/s]
loss=0.036| sh degree=2| :  29%|██▉       | 2063/7000 [03:51<03:37, 22.68it/s]
loss=0.031| sh degree=2| :  29%|██▉       | 2063/7000 [03:51<03:37, 22.68it/s]
loss=0.032| sh degree=2| :  29%|██▉       | 2063/7000 [03:51<03:37, 22.68it/s]
loss=0.043| sh degree=2| :  29%|██▉       | 2063/7000 [03:51<03:37, 22.68it/s]
loss=0.043| sh degree=2| :  30%|██▉       | 2066/7000 [03:51<03:31, 23.35it/s]
loss=0.055| sh degree=2| :  30%|██▉       | 2066/7000 [03:51<03:31, 23.35it/s]
loss=0.038| sh degree=2| :  30%|██▉       | 2066/7000 [03:51<03:31, 23.35it/s]
loss=0.038| sh degree=2| :  30%|██▉       | 2066/7000 [03:51<03:31, 23.35it/s]
loss=0.038| sh degree=2| :  30%|██▉       | 2069/7000 [03:51<03:20, 24.58it/s]
loss=0.048| sh degree=2| :  30%|██▉       | 2069/7000 [03:51<03:20, 24.58it/s]
loss=0.044| sh degree=2| :  30%|██▉       | 2069/7000 [03:51<03:20, 24.58it/s]
loss=0.036| sh degree=2| :  30%|██▉       | 2069/7000 [03:51<03:20, 24.58it/s]
loss=0.036| sh degree=2| :  30%|██▉       | 2072/7000 [03:51<03:28, 23.60it/s]
loss=0.041| sh degree=2| :  30%|██▉       | 2072/7000 [03:52<03:28, 23.60it/s]
loss=0.051| sh degree=2| :  30%|██▉       | 2072/7000 [03:52<03:28, 23.60it/s]
loss=0.057| sh degree=2| :  30%|██▉       | 2072/7000 [03:52<03:28, 23.60it/s]
loss=0.057| sh degree=2| :  30%|██▉       | 2075/7000 [03:52<03:58, 20.64it/s]
loss=0.036| sh degree=2| :  30%|██▉       | 2075/7000 [03:52<03:58, 20.64it/s]
loss=0.052| sh degree=2| :  30%|██▉       | 2075/7000 [03:52<03:58, 20.64it/s]
loss=0.035| sh degree=2| :  30%|██▉       | 2075/7000 [03:52<03:58, 20.64it/s]
loss=0.035| sh degree=2| :  30%|██▉       | 2078/7000 [03:52<04:18, 19.05it/s]
loss=0.051| sh degree=2| :  30%|██▉       | 2078/7000 [03:52<04:18, 19.05it/s]
loss=0.059| sh degree=2| :  30%|██▉       | 2078/7000 [03:52<04:18, 19.05it/s]
loss=0.036| sh degree=2| :  30%|██▉       | 2078/7000 [03:52<04:18, 19.05it/s]
loss=0.036| sh degree=2| :  30%|██▉       | 2081/7000 [03:52<04:07, 19.85it/s]
loss=0.033| sh degree=2| :  30%|██▉       | 2081/7000 [03:52<04:07, 19.85it/s]
loss=0.040| sh degree=2| :  30%|██▉       | 2081/7000 [03:52<04:07, 19.85it/s]
loss=0.035| sh degree=2| :  30%|██▉       | 2081/7000 [03:52<04:07, 19.85it/s]
loss=0.035| sh degree=2| :  30%|██▉       | 2084/7000 [03:52<04:11, 19.57it/s]
loss=0.034| sh degree=2| :  30%|██▉       | 2084/7000 [03:52<04:11, 19.57it/s]
loss=0.045| sh degree=2| :  30%|██▉       | 2084/7000 [03:52<04:11, 19.57it/s]
loss=0.054| sh degree=2| :  30%|██▉       | 2084/7000 [03:52<04:11, 19.57it/s]
loss=0.054| sh degree=2| :  30%|██▉       | 2087/7000 [03:52<04:09, 19.66it/s]
loss=0.051| sh degree=2| :  30%|██▉       | 2087/7000 [03:52<04:09, 19.66it/s]
loss=0.034| sh degree=2| :  30%|██▉       | 2087/7000 [03:52<04:09, 19.66it/s]
loss=0.032| sh degree=2| :  30%|██▉       | 2087/7000 [03:52<04:09, 19.66it/s]
loss=0.032| sh degree=2| :  30%|██▉       | 2090/7000 [03:52<04:17, 19.05it/s]
loss=0.033| sh degree=2| :  30%|██▉       | 2090/7000 [03:52<04:17, 19.05it/s]
loss=0.033| sh degree=2| :  30%|██▉       | 2090/7000 [03:53<04:17, 19.05it/s]
loss=0.033| sh degree=2| :  30%|██▉       | 2092/7000 [03:53<04:17, 19.03it/s]
loss=0.035| sh degree=2| :  30%|██▉       | 2092/7000 [03:53<04:17, 19.03it/s]
loss=0.058| sh degree=2| :  30%|██▉       | 2092/7000 [03:53<04:17, 19.03it/s]
loss=0.058| sh degree=2| :  30%|██▉       | 2094/7000 [03:53<04:45, 17.18it/s]
loss=0.038| sh degree=2| :  30%|██▉       | 2094/7000 [03:53<04:45, 17.18it/s]
loss=0.039| sh degree=2| :  30%|██▉       | 2094/7000 [03:53<04:45, 17.18it/s]
loss=0.039| sh degree=2| :  30%|██▉       | 2096/7000 [03:53<05:04, 16.08it/s]
loss=0.051| sh degree=2| :  30%|██▉       | 2096/7000 [03:53<05:04, 16.08it/s]
loss=0.043| sh degree=2| :  30%|██▉       | 2096/7000 [03:53<05:04, 16.08it/s]
loss=0.043| sh degree=2| :  30%|██▉       | 2098/7000 [03:53<04:58, 16.41it/s]
loss=0.052| sh degree=2| :  30%|██▉       | 2098/7000 [03:53<04:58, 16.41it/s]
loss=0.033| sh degree=2| :  30%|██▉       | 2098/7000 [03:53<04:58, 16.41it/s]
loss=0.033| sh degree=2| :  30%|███       | 2100/7000 [03:53<04:49, 16.91it/s]
loss=0.042| sh degree=2| :  30%|███       | 2100/7000 [03:53<04:49, 16.91it/s]
loss=0.041| sh degree=2| :  30%|███       | 2100/7000 [03:53<04:49, 16.91it/s]
loss=0.041| sh degree=2| :  30%|███       | 2102/7000 [03:53<04:53, 16.67it/s]
loss=0.054| sh degree=2| :  30%|███       | 2102/7000 [03:53<04:53, 16.67it/s]
loss=0.045| sh degree=2| :  30%|███       | 2102/7000 [03:53<04:53, 16.67it/s]
loss=0.057| sh degree=2| :  30%|███       | 2102/7000 [03:53<04:53, 16.67it/s]
loss=0.057| sh degree=2| :  30%|███       | 2105/7000 [03:53<04:47, 17.03it/s]
loss=0.038| sh degree=2| :  30%|███       | 2105/7000 [03:53<04:47, 17.03it/s]
loss=0.045| sh degree=2| :  30%|███       | 2105/7000 [03:53<04:47, 17.03it/s]
loss=0.045| sh degree=2| :  30%|███       | 2107/7000 [03:53<04:39, 17.53it/s]
loss=0.059| sh degree=2| :  30%|███       | 2107/7000 [03:54<04:39, 17.53it/s]
loss=0.039| sh degree=2| :  30%|███       | 2107/7000 [03:54<04:39, 17.53it/s]
loss=0.039| sh degree=2| :  30%|███       | 2109/7000 [03:54<04:44, 17.20it/s]
loss=0.046| sh degree=2| :  30%|███       | 2109/7000 [03:54<04:44, 17.20it/s]
loss=0.033| sh degree=2| :  30%|███       | 2109/7000 [03:54<04:44, 17.20it/s]
loss=0.033| sh degree=2| :  30%|███       | 2111/7000 [03:54<04:37, 17.63it/s]
loss=0.052| sh degree=2| :  30%|███       | 2111/7000 [03:54<04:37, 17.63it/s]
loss=0.057| sh degree=2| :  30%|███       | 2111/7000 [03:54<04:37, 17.63it/s]
loss=0.057| sh degree=2| :  30%|███       | 2113/7000 [03:54<04:41, 17.37it/s]
loss=0.044| sh degree=2| :  30%|███       | 2113/7000 [03:54<04:41, 17.37it/s]
loss=0.052| sh degree=2| :  30%|███       | 2113/7000 [03:54<04:41, 17.37it/s]
loss=0.049| sh degree=2| :  30%|███       | 2113/7000 [03:54<04:41, 17.37it/s]
loss=0.049| sh degree=2| :  30%|███       | 2116/7000 [03:54<04:04, 19.94it/s]
loss=0.054| sh degree=2| :  30%|███       | 2116/7000 [03:54<04:04, 19.94it/s]
loss=0.042| sh degree=2| :  30%|███       | 2116/7000 [03:54<04:04, 19.94it/s]
loss=0.045| sh degree=2| :  30%|███       | 2116/7000 [03:54<04:04, 19.94it/s]
loss=0.045| sh degree=2| :  30%|███       | 2119/7000 [03:54<03:49, 21.24it/s]
loss=0.039| sh degree=2| :  30%|███       | 2119/7000 [03:54<03:49, 21.24it/s]
loss=0.038| sh degree=2| :  30%|███       | 2119/7000 [03:54<03:49, 21.24it/s]
loss=0.035| sh degree=2| :  30%|███       | 2119/7000 [03:54<03:49, 21.24it/s]
loss=0.035| sh degree=2| :  30%|███       | 2122/7000 [03:54<03:37, 22.47it/s]
loss=0.036| sh degree=2| :  30%|███       | 2122/7000 [03:54<03:37, 22.47it/s]
loss=0.055| sh degree=2| :  30%|███       | 2122/7000 [03:54<03:37, 22.47it/s]
loss=0.041| sh degree=2| :  30%|███       | 2122/7000 [03:54<03:37, 22.47it/s]
loss=0.041| sh degree=2| :  30%|███       | 2125/7000 [03:54<03:37, 22.44it/s]
loss=0.053| sh degree=2| :  30%|███       | 2125/7000 [03:54<03:37, 22.44it/s]
loss=0.041| sh degree=2| :  30%|███       | 2125/7000 [03:54<03:37, 22.44it/s]
loss=0.038| sh degree=2| :  30%|███       | 2125/7000 [03:54<03:37, 22.44it/s]
loss=0.038| sh degree=2| :  30%|███       | 2128/7000 [03:54<03:34, 22.69it/s]
loss=0.039| sh degree=2| :  30%|███       | 2128/7000 [03:54<03:34, 22.69it/s]
loss=0.037| sh degree=2| :  30%|███       | 2128/7000 [03:55<03:34, 22.69it/s]
loss=0.043| sh degree=2| :  30%|███       | 2128/7000 [03:55<03:34, 22.69it/s]
loss=0.043| sh degree=2| :  30%|███       | 2131/7000 [03:55<03:25, 23.66it/s]
loss=0.040| sh degree=2| :  30%|███       | 2131/7000 [03:55<03:25, 23.66it/s]
loss=0.073| sh degree=2| :  30%|███       | 2131/7000 [03:55<03:25, 23.66it/s]
loss=0.069| sh degree=2| :  30%|███       | 2131/7000 [03:55<03:25, 23.66it/s]
loss=0.069| sh degree=2| :  30%|███       | 2134/7000 [03:55<03:58, 20.38it/s]
loss=0.058| sh degree=2| :  30%|███       | 2134/7000 [03:55<03:58, 20.38it/s]
loss=0.039| sh degree=2| :  30%|███       | 2134/7000 [03:55<03:58, 20.38it/s]
loss=0.062| sh degree=2| :  30%|███       | 2134/7000 [03:55<03:58, 20.38it/s]
loss=0.062| sh degree=2| :  31%|███       | 2137/7000 [03:55<03:50, 21.12it/s]
loss=0.061| sh degree=2| :  31%|███       | 2137/7000 [03:55<03:50, 21.12it/s]
loss=0.045| sh degree=2| :  31%|███       | 2137/7000 [03:55<03:50, 21.12it/s]
loss=0.056| sh degree=2| :  31%|███       | 2137/7000 [03:55<03:50, 21.12it/s]
loss=0.056| sh degree=2| :  31%|███       | 2140/7000 [03:55<03:40, 22.08it/s]
loss=0.056| sh degree=2| :  31%|███       | 2140/7000 [03:55<03:40, 22.08it/s]
loss=0.037| sh degree=2| :  31%|███       | 2140/7000 [03:55<03:40, 22.08it/s]
loss=0.040| sh degree=2| :  31%|███       | 2140/7000 [03:55<03:40, 22.08it/s]
loss=0.040| sh degree=2| :  31%|███       | 2143/7000 [03:55<03:56, 20.56it/s]
loss=0.051| sh degree=2| :  31%|███       | 2143/7000 [03:55<03:56, 20.56it/s]
loss=0.035| sh degree=2| :  31%|███       | 2143/7000 [03:55<03:56, 20.56it/s]
loss=0.049| sh degree=2| :  31%|███       | 2143/7000 [03:55<03:56, 20.56it/s]
loss=0.049| sh degree=2| :  31%|███       | 2146/7000 [03:55<03:58, 20.38it/s]
loss=0.053| sh degree=2| :  31%|███       | 2146/7000 [03:55<03:58, 20.38it/s]
loss=0.034| sh degree=2| :  31%|███       | 2146/7000 [03:55<03:58, 20.38it/s]
loss=0.054| sh degree=2| :  31%|███       | 2146/7000 [03:55<03:58, 20.38it/s]
loss=0.054| sh degree=2| :  31%|███       | 2149/7000 [03:55<03:51, 20.93it/s]
loss=0.040| sh degree=2| :  31%|███       | 2149/7000 [03:56<03:51, 20.93it/s]
loss=0.040| sh degree=2| :  31%|███       | 2149/7000 [03:56<03:51, 20.93it/s]
loss=0.052| sh degree=2| :  31%|███       | 2149/7000 [03:56<03:51, 20.93it/s]
loss=0.052| sh degree=2| :  31%|███       | 2152/7000 [03:56<04:21, 18.56it/s]
loss=0.036| sh degree=2| :  31%|███       | 2152/7000 [03:56<04:21, 18.56it/s]
loss=0.059| sh degree=2| :  31%|███       | 2152/7000 [03:56<04:21, 18.56it/s]
loss=0.044| sh degree=2| :  31%|███       | 2152/7000 [03:56<04:21, 18.56it/s]
loss=0.044| sh degree=2| :  31%|███       | 2155/7000 [03:56<04:33, 17.70it/s]
loss=0.059| sh degree=2| :  31%|███       | 2155/7000 [03:56<04:33, 17.70it/s]
loss=0.038| sh degree=2| :  31%|███       | 2155/7000 [03:56<04:33, 17.70it/s]
loss=0.048| sh degree=2| :  31%|███       | 2155/7000 [03:56<04:33, 17.70it/s]
loss=0.048| sh degree=2| :  31%|███       | 2158/7000 [03:56<04:14, 19.00it/s]
loss=0.053| sh degree=2| :  31%|███       | 2158/7000 [03:56<04:14, 19.00it/s]
loss=0.052| sh degree=2| :  31%|███       | 2158/7000 [03:56<04:14, 19.00it/s]
loss=0.036| sh degree=2| :  31%|███       | 2158/7000 [03:56<04:14, 19.00it/s]
loss=0.036| sh degree=2| :  31%|███       | 2161/7000 [03:56<03:55, 20.55it/s]
loss=0.034| sh degree=2| :  31%|███       | 2161/7000 [03:56<03:55, 20.55it/s]
loss=0.047| sh degree=2| :  31%|███       | 2161/7000 [03:56<03:55, 20.55it/s]
loss=0.036| sh degree=2| :  31%|███       | 2161/7000 [03:56<03:55, 20.55it/s]
loss=0.036| sh degree=2| :  31%|███       | 2164/7000 [03:56<03:45, 21.48it/s]
loss=0.043| sh degree=2| :  31%|███       | 2164/7000 [03:56<03:45, 21.48it/s]
loss=0.046| sh degree=2| :  31%|███       | 2164/7000 [03:56<03:45, 21.48it/s]
loss=0.051| sh degree=2| :  31%|███       | 2164/7000 [03:56<03:45, 21.48it/s]
loss=0.051| sh degree=2| :  31%|███       | 2167/7000 [03:56<03:28, 23.21it/s]
loss=0.045| sh degree=2| :  31%|███       | 2167/7000 [03:56<03:28, 23.21it/s]
loss=0.037| sh degree=2| :  31%|███       | 2167/7000 [03:56<03:28, 23.21it/s]
loss=0.038| sh degree=2| :  31%|███       | 2167/7000 [03:56<03:28, 23.21it/s]
loss=0.038| sh degree=2| :  31%|███       | 2170/7000 [03:56<03:23, 23.72it/s]
loss=0.031| sh degree=2| :  31%|███       | 2170/7000 [03:56<03:23, 23.72it/s]
loss=0.041| sh degree=2| :  31%|███       | 2170/7000 [03:57<03:23, 23.72it/s]
loss=0.040| sh degree=2| :  31%|███       | 2170/7000 [03:57<03:23, 23.72it/s]
loss=0.040| sh degree=2| :  31%|███       | 2173/7000 [03:57<03:31, 22.80it/s]
loss=0.049| sh degree=2| :  31%|███       | 2173/7000 [03:57<03:31, 22.80it/s]
loss=0.043| sh degree=2| :  31%|███       | 2173/7000 [03:57<03:31, 22.80it/s]
loss=0.039| sh degree=2| :  31%|███       | 2173/7000 [03:57<03:31, 22.80it/s]
loss=0.039| sh degree=2| :  31%|███       | 2176/7000 [03:57<03:34, 22.49it/s]
loss=0.034| sh degree=2| :  31%|███       | 2176/7000 [03:57<03:34, 22.49it/s]
loss=0.033| sh degree=2| :  31%|███       | 2176/7000 [03:57<03:34, 22.49it/s]
loss=0.035| sh degree=2| :  31%|███       | 2176/7000 [03:57<03:34, 22.49it/s]
loss=0.035| sh degree=2| :  31%|███       | 2179/7000 [03:57<03:35, 22.42it/s]
loss=0.036| sh degree=2| :  31%|███       | 2179/7000 [03:57<03:35, 22.42it/s]
loss=0.060| sh degree=2| :  31%|███       | 2179/7000 [03:57<03:35, 22.42it/s]
loss=0.042| sh degree=2| :  31%|███       | 2179/7000 [03:57<03:35, 22.42it/s]
loss=0.042| sh degree=2| :  31%|███       | 2182/7000 [03:57<03:37, 22.18it/s]
loss=0.031| sh degree=2| :  31%|███       | 2182/7000 [03:57<03:37, 22.18it/s]
loss=0.054| sh degree=2| :  31%|███       | 2182/7000 [03:57<03:37, 22.18it/s]
loss=0.034| sh degree=2| :  31%|███       | 2182/7000 [03:57<03:37, 22.18it/s]
loss=0.034| sh degree=2| :  31%|███       | 2185/7000 [03:57<04:05, 19.59it/s]
loss=0.049| sh degree=2| :  31%|███       | 2185/7000 [03:57<04:05, 19.59it/s]
loss=0.042| sh degree=2| :  31%|███       | 2185/7000 [03:57<04:05, 19.59it/s]
loss=0.042| sh degree=2| :  31%|███       | 2185/7000 [03:57<04:05, 19.59it/s]
loss=0.042| sh degree=2| :  31%|███       | 2185/7000 [03:57<04:05, 19.59it/s]
loss=0.032| sh degree=2| :  31%|███       | 2185/7000 [03:57<04:05, 19.59it/s]
loss=0.032| sh degree=2| :  31%|███▏      | 2190/7000 [03:57<03:24, 23.56it/s]
loss=0.048| sh degree=2| :  31%|███▏      | 2190/7000 [03:57<03:24, 23.56it/s]
loss=0.050| sh degree=2| :  31%|███▏      | 2190/7000 [03:57<03:24, 23.56it/s]
loss=0.034| sh degree=2| :  31%|███▏      | 2190/7000 [03:58<03:24, 23.56it/s]
loss=0.034| sh degree=2| :  31%|███▏      | 2193/7000 [03:58<03:44, 21.39it/s]
loss=0.047| sh degree=2| :  31%|███▏      | 2193/7000 [03:58<03:44, 21.39it/s]
loss=0.033| sh degree=2| :  31%|███▏      | 2193/7000 [03:58<03:44, 21.39it/s]
loss=0.039| sh degree=2| :  31%|███▏      | 2193/7000 [03:58<03:44, 21.39it/s]
loss=0.039| sh degree=2| :  31%|███▏      | 2196/7000 [03:58<03:51, 20.78it/s]
loss=0.030| sh degree=2| :  31%|███▏      | 2196/7000 [03:58<03:51, 20.78it/s]
loss=0.032| sh degree=2| :  31%|███▏      | 2196/7000 [03:58<03:51, 20.78it/s]
loss=0.037| sh degree=2| :  31%|███▏      | 2196/7000 [03:58<03:51, 20.78it/s]
loss=0.037| sh degree=2| :  31%|███▏      | 2199/7000 [03:58<04:09, 19.26it/s]
loss=0.048| sh degree=2| :  31%|███▏      | 2199/7000 [03:58<04:09, 19.26it/s]
loss=0.049| sh degree=2| :  31%|███▏      | 2199/7000 [03:58<04:09, 19.26it/s]
loss=0.049| sh degree=2| :  31%|███▏      | 2201/7000 [03:58<04:13, 18.96it/s]
loss=0.054| sh degree=2| :  31%|███▏      | 2201/7000 [03:58<04:13, 18.96it/s]
loss=0.064| sh degree=2| :  31%|███▏      | 2201/7000 [03:58<04:13, 18.96it/s]
loss=0.064| sh degree=2| :  31%|███▏      | 2201/7000 [03:58<04:13, 18.96it/s]
loss=0.043| sh degree=2| :  31%|███▏      | 2201/7000 [03:58<04:13, 18.96it/s]
loss=0.043| sh degree=2| :  32%|███▏      | 2205/7000 [03:58<03:37, 22.04it/s]
loss=0.051| sh degree=2| :  32%|███▏      | 2205/7000 [03:58<03:37, 22.04it/s]
loss=0.061| sh degree=2| :  32%|███▏      | 2205/7000 [03:58<03:37, 22.04it/s]
loss=0.036| sh degree=2| :  32%|███▏      | 2205/7000 [03:58<03:37, 22.04it/s]
loss=0.036| sh degree=2| :  32%|███▏      | 2208/7000 [03:58<03:26, 23.21it/s]
loss=0.056| sh degree=2| :  32%|███▏      | 2208/7000 [03:58<03:26, 23.21it/s]
loss=0.052| sh degree=2| :  32%|███▏      | 2208/7000 [03:58<03:26, 23.21it/s]
loss=0.050| sh degree=2| :  32%|███▏      | 2208/7000 [03:58<03:26, 23.21it/s]
loss=0.038| sh degree=2| :  32%|███▏      | 2208/7000 [03:58<03:26, 23.21it/s]
loss=0.038| sh degree=2| :  32%|███▏      | 2212/7000 [03:58<03:06, 25.66it/s]
loss=0.046| sh degree=2| :  32%|███▏      | 2212/7000 [03:58<03:06, 25.66it/s]
loss=0.058| sh degree=2| :  32%|███▏      | 2212/7000 [03:58<03:06, 25.66it/s]
loss=0.084| sh degree=2| :  32%|███▏      | 2212/7000 [03:59<03:06, 25.66it/s]
loss=0.084| sh degree=2| :  32%|███▏      | 2215/7000 [03:59<03:26, 23.21it/s]
loss=0.047| sh degree=2| :  32%|███▏      | 2215/7000 [03:59<03:26, 23.21it/s]
loss=0.057| sh degree=2| :  32%|███▏      | 2215/7000 [03:59<03:26, 23.21it/s]
loss=0.038| sh degree=2| :  32%|███▏      | 2215/7000 [03:59<03:26, 23.21it/s]
loss=0.038| sh degree=2| :  32%|███▏      | 2218/7000 [03:59<03:26, 23.12it/s]
loss=0.035| sh degree=2| :  32%|███▏      | 2218/7000 [03:59<03:26, 23.12it/s]
loss=0.036| sh degree=2| :  32%|███▏      | 2218/7000 [03:59<03:26, 23.12it/s]
loss=0.048| sh degree=2| :  32%|███▏      | 2218/7000 [03:59<03:26, 23.12it/s]
loss=0.048| sh degree=2| :  32%|███▏      | 2221/7000 [03:59<03:31, 22.61it/s]
loss=0.045| sh degree=2| :  32%|███▏      | 2221/7000 [03:59<03:31, 22.61it/s]
loss=0.056| sh degree=2| :  32%|███▏      | 2221/7000 [03:59<03:31, 22.61it/s]
loss=0.046| sh degree=2| :  32%|███▏      | 2221/7000 [03:59<03:31, 22.61it/s]
loss=0.046| sh degree=2| :  32%|███▏      | 2224/7000 [03:59<03:21, 23.69it/s]
loss=0.041| sh degree=2| :  32%|███▏      | 2224/7000 [03:59<03:21, 23.69it/s]
loss=0.031| sh degree=2| :  32%|███▏      | 2224/7000 [03:59<03:21, 23.69it/s]
loss=0.066| sh degree=2| :  32%|███▏      | 2224/7000 [03:59<03:21, 23.69it/s]
loss=0.066| sh degree=2| :  32%|███▏      | 2227/7000 [03:59<03:27, 23.06it/s]
loss=0.034| sh degree=2| :  32%|███▏      | 2227/7000 [03:59<03:27, 23.06it/s]
loss=0.061| sh degree=2| :  32%|███▏      | 2227/7000 [03:59<03:27, 23.06it/s]
loss=0.055| sh degree=2| :  32%|███▏      | 2227/7000 [03:59<03:27, 23.06it/s]
loss=0.055| sh degree=2| :  32%|███▏      | 2230/7000 [03:59<03:16, 24.28it/s]
loss=0.048| sh degree=2| :  32%|███▏      | 2230/7000 [03:59<03:16, 24.28it/s]
loss=0.059| sh degree=2| :  32%|███▏      | 2230/7000 [03:59<03:16, 24.28it/s]
loss=0.049| sh degree=2| :  32%|███▏      | 2230/7000 [03:59<03:16, 24.28it/s]
loss=0.049| sh degree=2| :  32%|███▏      | 2233/7000 [03:59<03:15, 24.33it/s]
loss=0.052| sh degree=2| :  32%|███▏      | 2233/7000 [03:59<03:15, 24.33it/s]
loss=0.041| sh degree=2| :  32%|███▏      | 2233/7000 [03:59<03:15, 24.33it/s]
loss=0.049| sh degree=2| :  32%|███▏      | 2233/7000 [03:59<03:15, 24.33it/s]
loss=0.049| sh degree=2| :  32%|███▏      | 2236/7000 [03:59<03:22, 23.50it/s]
loss=0.037| sh degree=2| :  32%|███▏      | 2236/7000 [03:59<03:22, 23.50it/s]
loss=0.048| sh degree=2| :  32%|███▏      | 2236/7000 [03:59<03:22, 23.50it/s]
loss=0.060| sh degree=2| :  32%|███▏      | 2236/7000 [04:00<03:22, 23.50it/s]
loss=0.060| sh degree=2| :  32%|███▏      | 2239/7000 [04:00<03:20, 23.76it/s]
loss=0.054| sh degree=2| :  32%|███▏      | 2239/7000 [04:00<03:20, 23.76it/s]
loss=0.043| sh degree=2| :  32%|███▏      | 2239/7000 [04:00<03:20, 23.76it/s]
loss=0.052| sh degree=2| :  32%|███▏      | 2239/7000 [04:00<03:20, 23.76it/s]
loss=0.052| sh degree=2| :  32%|███▏      | 2242/7000 [04:00<03:17, 24.04it/s]
loss=0.032| sh degree=2| :  32%|███▏      | 2242/7000 [04:00<03:17, 24.04it/s]
loss=0.057| sh degree=2| :  32%|███▏      | 2242/7000 [04:00<03:17, 24.04it/s]
loss=0.038| sh degree=2| :  32%|███▏      | 2242/7000 [04:00<03:17, 24.04it/s]
loss=0.038| sh degree=2| :  32%|███▏      | 2245/7000 [04:00<03:28, 22.85it/s]
loss=0.047| sh degree=2| :  32%|███▏      | 2245/7000 [04:00<03:28, 22.85it/s]
loss=0.041| sh degree=2| :  32%|███▏      | 2245/7000 [04:00<03:28, 22.85it/s]
loss=0.041| sh degree=2| :  32%|███▏      | 2245/7000 [04:00<03:28, 22.85it/s]
loss=0.041| sh degree=2| :  32%|███▏      | 2248/7000 [04:00<03:33, 22.29it/s]
loss=0.045| sh degree=2| :  32%|███▏      | 2248/7000 [04:00<03:33, 22.29it/s]
loss=0.052| sh degree=2| :  32%|███▏      | 2248/7000 [04:00<03:33, 22.29it/s]
loss=0.034| sh degree=2| :  32%|███▏      | 2248/7000 [04:00<03:33, 22.29it/s]
loss=0.034| sh degree=2| :  32%|███▏      | 2251/7000 [04:00<03:21, 23.51it/s]
loss=0.035| sh degree=2| :  32%|███▏      | 2251/7000 [04:00<03:21, 23.51it/s]
loss=0.051| sh degree=2| :  32%|███▏      | 2251/7000 [04:00<03:21, 23.51it/s]
loss=0.051| sh degree=2| :  32%|███▏      | 2251/7000 [04:00<03:21, 23.51it/s]
loss=0.051| sh degree=2| :  32%|███▏      | 2254/7000 [04:00<04:02, 19.58it/s]
loss=0.045| sh degree=2| :  32%|███▏      | 2254/7000 [04:00<04:02, 19.58it/s]
loss=0.040| sh degree=2| :  32%|███▏      | 2254/7000 [04:00<04:02, 19.58it/s]
loss=0.031| sh degree=2| :  32%|███▏      | 2254/7000 [04:00<04:02, 19.58it/s]
loss=0.031| sh degree=2| :  32%|███▏      | 2257/7000 [04:00<03:37, 21.81it/s]
loss=0.051| sh degree=2| :  32%|███▏      | 2257/7000 [04:00<03:37, 21.81it/s]
loss=0.044| sh degree=2| :  32%|███▏      | 2257/7000 [04:00<03:37, 21.81it/s]
loss=0.036| sh degree=2| :  32%|███▏      | 2257/7000 [04:00<03:37, 21.81it/s]
loss=0.036| sh degree=2| :  32%|███▏      | 2260/7000 [04:00<03:31, 22.44it/s]
loss=0.043| sh degree=2| :  32%|███▏      | 2260/7000 [04:01<03:31, 22.44it/s]
loss=0.054| sh degree=2| :  32%|███▏      | 2260/7000 [04:01<03:31, 22.44it/s]
loss=0.047| sh degree=2| :  32%|███▏      | 2260/7000 [04:01<03:31, 22.44it/s]
loss=0.047| sh degree=2| :  32%|███▏      | 2263/7000 [04:01<03:33, 22.20it/s]
loss=0.049| sh degree=2| :  32%|███▏      | 2263/7000 [04:01<03:33, 22.20it/s]
loss=0.042| sh degree=2| :  32%|███▏      | 2263/7000 [04:01<03:33, 22.20it/s]
loss=0.037| sh degree=2| :  32%|███▏      | 2263/7000 [04:01<03:33, 22.20it/s]
loss=0.037| sh degree=2| :  32%|███▏      | 2266/7000 [04:01<03:17, 23.92it/s]
loss=0.040| sh degree=2| :  32%|███▏      | 2266/7000 [04:01<03:17, 23.92it/s]
loss=0.038| sh degree=2| :  32%|███▏      | 2266/7000 [04:01<03:17, 23.92it/s]
loss=0.041| sh degree=2| :  32%|███▏      | 2266/7000 [04:01<03:17, 23.92it/s]
loss=0.038| sh degree=2| :  32%|███▏      | 2266/7000 [04:01<03:17, 23.92it/s]
loss=0.038| sh degree=2| :  32%|███▏      | 2270/7000 [04:01<03:03, 25.79it/s]
loss=0.053| sh degree=2| :  32%|███▏      | 2270/7000 [04:01<03:03, 25.79it/s]
loss=0.037| sh degree=2| :  32%|███▏      | 2270/7000 [04:01<03:03, 25.79it/s]
loss=0.051| sh degree=2| :  32%|███▏      | 2270/7000 [04:01<03:03, 25.79it/s]
loss=0.051| sh degree=2| :  32%|███▏      | 2273/7000 [04:01<03:18, 23.76it/s]
loss=0.033| sh degree=2| :  32%|███▏      | 2273/7000 [04:01<03:18, 23.76it/s]
loss=0.059| sh degree=2| :  32%|███▏      | 2273/7000 [04:01<03:18, 23.76it/s]
loss=0.062| sh degree=2| :  32%|███▏      | 2273/7000 [04:01<03:18, 23.76it/s]
loss=0.062| sh degree=2| :  33%|███▎      | 2276/7000 [04:01<03:14, 24.25it/s]
loss=0.037| sh degree=2| :  33%|███▎      | 2276/7000 [04:01<03:14, 24.25it/s]
loss=0.036| sh degree=2| :  33%|███▎      | 2276/7000 [04:01<03:14, 24.25it/s]
loss=0.042| sh degree=2| :  33%|███▎      | 2276/7000 [04:01<03:14, 24.25it/s]
loss=0.040| sh degree=2| :  33%|███▎      | 2276/7000 [04:01<03:14, 24.25it/s]
loss=0.040| sh degree=2| :  33%|███▎      | 2280/7000 [04:01<02:59, 26.29it/s]
loss=0.048| sh degree=2| :  33%|███▎      | 2280/7000 [04:01<02:59, 26.29it/s]
loss=0.051| sh degree=2| :  33%|███▎      | 2280/7000 [04:01<02:59, 26.29it/s]
loss=0.046| sh degree=2| :  33%|███▎      | 2280/7000 [04:01<02:59, 26.29it/s]
loss=0.046| sh degree=2| :  33%|███▎      | 2283/7000 [04:01<03:00, 26.12it/s]
loss=0.058| sh degree=2| :  33%|███▎      | 2283/7000 [04:01<03:00, 26.12it/s]
loss=0.034| sh degree=2| :  33%|███▎      | 2283/7000 [04:01<03:00, 26.12it/s]
loss=0.034| sh degree=2| :  33%|███▎      | 2283/7000 [04:01<03:00, 26.12it/s]
loss=0.034| sh degree=2| :  33%|███▎      | 2286/7000 [04:01<02:59, 26.27it/s]
loss=0.057| sh degree=2| :  33%|███▎      | 2286/7000 [04:02<02:59, 26.27it/s]
loss=0.053| sh degree=2| :  33%|███▎      | 2286/7000 [04:02<02:59, 26.27it/s]
loss=0.037| sh degree=2| :  33%|███▎      | 2286/7000 [04:02<02:59, 26.27it/s]
loss=0.037| sh degree=2| :  33%|███▎      | 2289/7000 [04:02<03:03, 25.63it/s]
loss=0.041| sh degree=2| :  33%|███▎      | 2289/7000 [04:02<03:03, 25.63it/s]
loss=0.045| sh degree=2| :  33%|███▎      | 2289/7000 [04:02<03:03, 25.63it/s]
loss=0.041| sh degree=2| :  33%|███▎      | 2289/7000 [04:02<03:03, 25.63it/s]
loss=0.041| sh degree=2| :  33%|███▎      | 2292/7000 [04:02<02:58, 26.36it/s]
loss=0.052| sh degree=2| :  33%|███▎      | 2292/7000 [04:02<02:58, 26.36it/s]
loss=0.049| sh degree=2| :  33%|███▎      | 2292/7000 [04:02<02:58, 26.36it/s]
loss=0.034| sh degree=2| :  33%|███▎      | 2292/7000 [04:02<02:58, 26.36it/s]
loss=0.046| sh degree=2| :  33%|███▎      | 2292/7000 [04:02<02:58, 26.36it/s]
loss=0.046| sh degree=2| :  33%|███▎      | 2296/7000 [04:02<04:16, 18.37it/s]
loss=0.035| sh degree=2| :  33%|███▎      | 2296/7000 [04:02<04:16, 18.37it/s]
loss=0.055| sh degree=2| :  33%|███▎      | 2296/7000 [04:02<04:16, 18.37it/s]
loss=0.038| sh degree=2| :  33%|███▎      | 2296/7000 [04:02<04:16, 18.37it/s]
loss=0.037| sh degree=2| :  33%|███▎      | 2296/7000 [04:02<04:16, 18.37it/s]
loss=0.037| sh degree=2| :  33%|███▎      | 2300/7000 [04:02<03:53, 20.16it/s]
loss=0.049| sh degree=2| :  33%|███▎      | 2300/7000 [04:02<03:53, 20.16it/s]
loss=0.038| sh degree=2| :  33%|███▎      | 2300/7000 [04:02<03:53, 20.16it/s]
loss=0.038| sh degree=2| :  33%|███▎      | 2300/7000 [04:02<03:53, 20.16it/s]
loss=0.038| sh degree=2| :  33%|███▎      | 2303/7000 [04:02<03:33, 22.03it/s]
loss=0.048| sh degree=2| :  33%|███▎      | 2303/7000 [04:02<03:33, 22.03it/s]
loss=0.066| sh degree=2| :  33%|███▎      | 2303/7000 [04:02<03:33, 22.03it/s]
loss=0.052| sh degree=2| :  33%|███▎      | 2303/7000 [04:02<03:33, 22.03it/s]
loss=0.033| sh degree=2| :  33%|███▎      | 2303/7000 [04:02<03:33, 22.03it/s]
loss=0.033| sh degree=2| :  33%|███▎      | 2307/7000 [04:02<03:01, 25.84it/s]
loss=0.036| sh degree=2| :  33%|███▎      | 2307/7000 [04:02<03:01, 25.84it/s]
loss=0.033| sh degree=2| :  33%|███▎      | 2307/7000 [04:02<03:01, 25.84it/s]
loss=0.038| sh degree=2| :  33%|███▎      | 2307/7000 [04:03<03:01, 25.84it/s]
loss=0.038| sh degree=2| :  33%|███▎      | 2310/7000 [04:03<02:59, 26.08it/s]
loss=0.057| sh degree=2| :  33%|███▎      | 2310/7000 [04:03<02:59, 26.08it/s]
loss=0.041| sh degree=2| :  33%|███▎      | 2310/7000 [04:03<02:59, 26.08it/s]
loss=0.063| sh degree=2| :  33%|███▎      | 2310/7000 [04:03<02:59, 26.08it/s]
loss=0.063| sh degree=2| :  33%|███▎      | 2313/7000 [04:03<03:15, 23.93it/s]
loss=0.046| sh degree=2| :  33%|███▎      | 2313/7000 [04:03<03:15, 23.93it/s]
loss=0.041| sh degree=2| :  33%|███▎      | 2313/7000 [04:03<03:15, 23.93it/s]
loss=0.032| sh degree=2| :  33%|███▎      | 2313/7000 [04:03<03:15, 23.93it/s]
loss=0.052| sh degree=2| :  33%|███▎      | 2313/7000 [04:03<03:15, 23.93it/s]
loss=0.052| sh degree=2| :  33%|███▎      | 2317/7000 [04:03<02:57, 26.33it/s]
loss=0.048| sh degree=2| :  33%|███▎      | 2317/7000 [04:03<02:57, 26.33it/s]
loss=0.041| sh degree=2| :  33%|███▎      | 2317/7000 [04:03<02:57, 26.33it/s]
loss=0.034| sh degree=2| :  33%|███▎      | 2317/7000 [04:03<02:57, 26.33it/s]
loss=0.034| sh degree=2| :  33%|███▎      | 2320/7000 [04:03<02:58, 26.17it/s]
loss=0.030| sh degree=2| :  33%|███▎      | 2320/7000 [04:03<02:58, 26.17it/s]
loss=0.050| sh degree=2| :  33%|███▎      | 2320/7000 [04:03<02:58, 26.17it/s]
loss=0.061| sh degree=2| :  33%|███▎      | 2320/7000 [04:03<02:58, 26.17it/s]
loss=0.061| sh degree=2| :  33%|███▎      | 2323/7000 [04:03<02:52, 27.06it/s]
loss=0.047| sh degree=2| :  33%|███▎      | 2323/7000 [04:03<02:52, 27.06it/s]
loss=0.032| sh degree=2| :  33%|███▎      | 2323/7000 [04:03<02:52, 27.06it/s]
loss=0.053| sh degree=2| :  33%|███▎      | 2323/7000 [04:03<02:52, 27.06it/s]
loss=0.053| sh degree=2| :  33%|███▎      | 2326/7000 [04:03<02:49, 27.61it/s]
loss=0.046| sh degree=2| :  33%|███▎      | 2326/7000 [04:03<02:49, 27.61it/s]
loss=0.046| sh degree=2| :  33%|███▎      | 2326/7000 [04:03<02:49, 27.61it/s]
loss=0.056| sh degree=2| :  33%|███▎      | 2326/7000 [04:03<02:49, 27.61it/s]
loss=0.056| sh degree=2| :  33%|███▎      | 2329/7000 [04:03<03:18, 23.49it/s]
loss=0.050| sh degree=2| :  33%|███▎      | 2329/7000 [04:03<03:18, 23.49it/s]
loss=0.048| sh degree=2| :  33%|███▎      | 2329/7000 [04:03<03:18, 23.49it/s]
loss=0.038| sh degree=2| :  33%|███▎      | 2329/7000 [04:03<03:18, 23.49it/s]
loss=0.038| sh degree=2| :  33%|███▎      | 2332/7000 [04:03<03:19, 23.44it/s]
loss=0.057| sh degree=2| :  33%|███▎      | 2332/7000 [04:03<03:19, 23.44it/s]
loss=0.049| sh degree=2| :  33%|███▎      | 2332/7000 [04:03<03:19, 23.44it/s]
loss=0.054| sh degree=2| :  33%|███▎      | 2332/7000 [04:04<03:19, 23.44it/s]
loss=0.054| sh degree=2| :  33%|███▎      | 2335/7000 [04:04<03:07, 24.91it/s]
loss=0.032| sh degree=2| :  33%|███▎      | 2335/7000 [04:04<03:07, 24.91it/s]
loss=0.055| sh degree=2| :  33%|███▎      | 2335/7000 [04:04<03:07, 24.91it/s]
loss=0.040| sh degree=2| :  33%|███▎      | 2335/7000 [04:04<03:07, 24.91it/s]
loss=0.040| sh degree=2| :  33%|███▎      | 2338/7000 [04:04<03:25, 22.70it/s]
loss=0.050| sh degree=2| :  33%|███▎      | 2338/7000 [04:04<03:25, 22.70it/s]
loss=0.043| sh degree=2| :  33%|███▎      | 2338/7000 [04:04<03:25, 22.70it/s]
loss=0.052| sh degree=2| :  33%|███▎      | 2338/7000 [04:04<03:25, 22.70it/s]
loss=0.052| sh degree=2| :  33%|███▎      | 2341/7000 [04:04<03:23, 22.92it/s]
loss=0.043| sh degree=2| :  33%|███▎      | 2341/7000 [04:04<03:23, 22.92it/s]
loss=0.032| sh degree=2| :  33%|███▎      | 2341/7000 [04:04<03:23, 22.92it/s]
loss=0.051| sh degree=2| :  33%|███▎      | 2341/7000 [04:04<03:23, 22.92it/s]
loss=0.051| sh degree=2| :  33%|███▎      | 2344/7000 [04:04<03:12, 24.23it/s]
loss=0.041| sh degree=2| :  33%|███▎      | 2344/7000 [04:04<03:12, 24.23it/s]
loss=0.036| sh degree=2| :  33%|███▎      | 2344/7000 [04:04<03:12, 24.23it/s]
loss=0.036| sh degree=2| :  33%|███▎      | 2344/7000 [04:04<03:12, 24.23it/s]
loss=0.036| sh degree=2| :  34%|███▎      | 2347/7000 [04:04<03:09, 24.57it/s]
loss=0.061| sh degree=2| :  34%|███▎      | 2347/7000 [04:04<03:09, 24.57it/s]
loss=0.040| sh degree=2| :  34%|███▎      | 2347/7000 [04:04<03:09, 24.57it/s]
loss=0.049| sh degree=2| :  34%|███▎      | 2347/7000 [04:04<03:09, 24.57it/s]
loss=0.049| sh degree=2| :  34%|███▎      | 2350/7000 [04:04<03:02, 25.49it/s]
loss=0.073| sh degree=2| :  34%|███▎      | 2350/7000 [04:04<03:02, 25.49it/s]
loss=0.040| sh degree=2| :  34%|███▎      | 2350/7000 [04:04<03:02, 25.49it/s]
loss=0.051| sh degree=2| :  34%|███▎      | 2350/7000 [04:04<03:02, 25.49it/s]
loss=0.051| sh degree=2| :  34%|███▎      | 2353/7000 [04:04<03:09, 24.48it/s]
loss=0.049| sh degree=2| :  34%|███▎      | 2353/7000 [04:04<03:09, 24.48it/s]
loss=0.031| sh degree=2| :  34%|███▎      | 2353/7000 [04:04<03:09, 24.48it/s]
loss=0.032| sh degree=2| :  34%|███▎      | 2353/7000 [04:04<03:09, 24.48it/s]
loss=0.032| sh degree=2| :  34%|███▎      | 2356/7000 [04:04<03:14, 23.91it/s]
loss=0.037| sh degree=2| :  34%|███▎      | 2356/7000 [04:04<03:14, 23.91it/s]
loss=0.050| sh degree=2| :  34%|███▎      | 2356/7000 [04:04<03:14, 23.91it/s]
loss=0.051| sh degree=2| :  34%|███▎      | 2356/7000 [04:05<03:14, 23.91it/s]
loss=0.051| sh degree=2| :  34%|███▎      | 2359/7000 [04:05<03:10, 24.42it/s]
loss=0.056| sh degree=2| :  34%|███▎      | 2359/7000 [04:05<03:10, 24.42it/s]
loss=0.040| sh degree=2| :  34%|███▎      | 2359/7000 [04:05<03:10, 24.42it/s]
loss=0.036| sh degree=2| :  34%|███▎      | 2359/7000 [04:05<03:10, 24.42it/s]
loss=0.036| sh degree=2| :  34%|███▎      | 2362/7000 [04:05<03:25, 22.52it/s]
loss=0.048| sh degree=2| :  34%|███▎      | 2362/7000 [04:05<03:25, 22.52it/s]
loss=0.048| sh degree=2| :  34%|███▎      | 2362/7000 [04:05<03:25, 22.52it/s]
loss=0.049| sh degree=2| :  34%|███▎      | 2362/7000 [04:05<03:25, 22.52it/s]
loss=0.049| sh degree=2| :  34%|███▍      | 2365/7000 [04:05<03:34, 21.57it/s]
loss=0.039| sh degree=2| :  34%|███▍      | 2365/7000 [04:05<03:34, 21.57it/s]
loss=0.032| sh degree=2| :  34%|███▍      | 2365/7000 [04:05<03:34, 21.57it/s]
loss=0.046| sh degree=2| :  34%|███▍      | 2365/7000 [04:05<03:34, 21.57it/s]
loss=0.046| sh degree=2| :  34%|███▍      | 2368/7000 [04:05<03:21, 22.94it/s]
loss=0.036| sh degree=2| :  34%|███▍      | 2368/7000 [04:05<03:21, 22.94it/s]
loss=0.051| sh degree=2| :  34%|███▍      | 2368/7000 [04:05<03:21, 22.94it/s]
loss=0.034| sh degree=2| :  34%|███▍      | 2368/7000 [04:05<03:21, 22.94it/s]
loss=0.034| sh degree=2| :  34%|███▍      | 2371/7000 [04:05<03:20, 23.10it/s]
loss=0.032| sh degree=2| :  34%|███▍      | 2371/7000 [04:05<03:20, 23.10it/s]
loss=0.064| sh degree=2| :  34%|███▍      | 2371/7000 [04:05<03:20, 23.10it/s]
loss=0.048| sh degree=2| :  34%|███▍      | 2371/7000 [04:05<03:20, 23.10it/s]
loss=0.048| sh degree=2| :  34%|███▍      | 2374/7000 [04:05<03:19, 23.21it/s]
loss=0.034| sh degree=2| :  34%|███▍      | 2374/7000 [04:05<03:19, 23.21it/s]
loss=0.033| sh degree=2| :  34%|███▍      | 2374/7000 [04:05<03:19, 23.21it/s]
loss=0.035| sh degree=2| :  34%|███▍      | 2374/7000 [04:05<03:19, 23.21it/s]
loss=0.035| sh degree=2| :  34%|███▍      | 2377/7000 [04:05<03:24, 22.61it/s]
loss=0.031| sh degree=2| :  34%|███▍      | 2377/7000 [04:05<03:24, 22.61it/s]
loss=0.037| sh degree=2| :  34%|███▍      | 2377/7000 [04:05<03:24, 22.61it/s]
loss=0.040| sh degree=2| :  34%|███▍      | 2377/7000 [04:06<03:24, 22.61it/s]
loss=0.040| sh degree=2| :  34%|███▍      | 2380/7000 [04:06<03:53, 19.79it/s]
loss=0.053| sh degree=2| :  34%|███▍      | 2380/7000 [04:06<03:53, 19.79it/s]
loss=0.048| sh degree=2| :  34%|███▍      | 2380/7000 [04:06<03:53, 19.79it/s]
loss=0.054| sh degree=2| :  34%|███▍      | 2380/7000 [04:06<03:53, 19.79it/s]
loss=0.054| sh degree=2| :  34%|███▍      | 2383/7000 [04:06<03:41, 20.85it/s]
loss=0.034| sh degree=2| :  34%|███▍      | 2383/7000 [04:06<03:41, 20.85it/s]
loss=0.037| sh degree=2| :  34%|███▍      | 2383/7000 [04:06<03:41, 20.85it/s]
loss=0.034| sh degree=2| :  34%|███▍      | 2383/7000 [04:06<03:41, 20.85it/s]
loss=0.040| sh degree=2| :  34%|███▍      | 2383/7000 [04:06<03:41, 20.85it/s]
loss=0.040| sh degree=2| :  34%|███▍      | 2387/7000 [04:06<03:15, 23.54it/s]
loss=0.048| sh degree=2| :  34%|███▍      | 2387/7000 [04:06<03:15, 23.54it/s]
loss=0.052| sh degree=2| :  34%|███▍      | 2387/7000 [04:06<03:15, 23.54it/s]
loss=0.032| sh degree=2| :  34%|███▍      | 2387/7000 [04:06<03:15, 23.54it/s]
loss=0.032| sh degree=2| :  34%|███▍      | 2390/7000 [04:06<03:09, 24.31it/s]
loss=0.046| sh degree=2| :  34%|███▍      | 2390/7000 [04:06<03:09, 24.31it/s]
loss=0.046| sh degree=2| :  34%|███▍      | 2390/7000 [04:06<03:09, 24.31it/s]
loss=0.032| sh degree=2| :  34%|███▍      | 2390/7000 [04:06<03:09, 24.31it/s]
loss=0.032| sh degree=2| :  34%|███▍      | 2393/7000 [04:06<03:23, 22.61it/s]
loss=0.039| sh degree=2| :  34%|███▍      | 2393/7000 [04:06<03:23, 22.61it/s]
loss=0.042| sh degree=2| :  34%|███▍      | 2393/7000 [04:06<03:23, 22.61it/s]
loss=0.034| sh degree=2| :  34%|███▍      | 2393/7000 [04:06<03:23, 22.61it/s]
loss=0.034| sh degree=2| :  34%|███▍      | 2396/7000 [04:06<03:23, 22.61it/s]
loss=0.041| sh degree=2| :  34%|███▍      | 2396/7000 [04:06<03:23, 22.61it/s]
loss=0.045| sh degree=2| :  34%|███▍      | 2396/7000 [04:06<03:23, 22.61it/s]
loss=0.033| sh degree=2| :  34%|███▍      | 2396/7000 [04:06<03:23, 22.61it/s]
loss=0.033| sh degree=2| :  34%|███▍      | 2399/7000 [04:06<03:27, 22.21it/s]
loss=0.050| sh degree=2| :  34%|███▍      | 2399/7000 [04:06<03:27, 22.21it/s]
loss=0.035| sh degree=2| :  34%|███▍      | 2399/7000 [04:06<03:27, 22.21it/s]
loss=0.037| sh degree=2| :  34%|███▍      | 2399/7000 [04:06<03:27, 22.21it/s]
loss=0.037| sh degree=2| :  34%|███▍      | 2402/7000 [04:06<03:25, 22.42it/s]
loss=0.042| sh degree=2| :  34%|███▍      | 2402/7000 [04:07<03:25, 22.42it/s]
loss=0.048| sh degree=2| :  34%|███▍      | 2402/7000 [04:07<03:25, 22.42it/s]
loss=0.065| sh degree=2| :  34%|███▍      | 2402/7000 [04:07<03:25, 22.42it/s]
loss=0.065| sh degree=2| :  34%|███▍      | 2405/7000 [04:07<03:23, 22.53it/s]
loss=0.035| sh degree=2| :  34%|███▍      | 2405/7000 [04:07<03:23, 22.53it/s]
loss=0.053| sh degree=2| :  34%|███▍      | 2405/7000 [04:07<03:23, 22.53it/s]
loss=0.055| sh degree=2| :  34%|███▍      | 2405/7000 [04:07<03:23, 22.53it/s]
loss=0.055| sh degree=2| :  34%|███▍      | 2408/7000 [04:07<03:23, 22.53it/s]
loss=0.049| sh degree=2| :  34%|███▍      | 2408/7000 [04:07<03:23, 22.53it/s]
loss=0.034| sh degree=2| :  34%|███▍      | 2408/7000 [04:07<03:23, 22.53it/s]
loss=0.035| sh degree=2| :  34%|███▍      | 2408/7000 [04:07<03:23, 22.53it/s]
loss=0.035| sh degree=2| :  34%|███▍      | 2411/7000 [04:07<03:44, 20.41it/s]
loss=0.033| sh degree=2| :  34%|███▍      | 2411/7000 [04:07<03:44, 20.41it/s]
loss=0.058| sh degree=2| :  34%|███▍      | 2411/7000 [04:07<03:44, 20.41it/s]
loss=0.036| sh degree=2| :  34%|███▍      | 2411/7000 [04:07<03:44, 20.41it/s]
loss=0.036| sh degree=2| :  34%|███▍      | 2414/7000 [04:07<03:31, 21.70it/s]
loss=0.044| sh degree=2| :  34%|███▍      | 2414/7000 [04:07<03:31, 21.70it/s]
loss=0.036| sh degree=2| :  34%|███▍      | 2414/7000 [04:07<03:31, 21.70it/s]
loss=0.031| sh degree=2| :  34%|███▍      | 2414/7000 [04:07<03:31, 21.70it/s]
loss=0.031| sh degree=2| :  35%|███▍      | 2417/7000 [04:07<03:20, 22.84it/s]
loss=0.051| sh degree=2| :  35%|███▍      | 2417/7000 [04:07<03:20, 22.84it/s]
loss=0.042| sh degree=2| :  35%|███▍      | 2417/7000 [04:07<03:20, 22.84it/s]
loss=0.032| sh degree=2| :  35%|███▍      | 2417/7000 [04:07<03:20, 22.84it/s]
loss=0.032| sh degree=2| :  35%|███▍      | 2420/7000 [04:07<03:23, 22.51it/s]
loss=0.048| sh degree=2| :  35%|███▍      | 2420/7000 [04:07<03:23, 22.51it/s]
loss=0.034| sh degree=2| :  35%|███▍      | 2420/7000 [04:07<03:23, 22.51it/s]
loss=0.060| sh degree=2| :  35%|███▍      | 2420/7000 [04:07<03:23, 22.51it/s]
loss=0.060| sh degree=2| :  35%|███▍      | 2423/7000 [04:07<03:16, 23.26it/s]
loss=0.031| sh degree=2| :  35%|███▍      | 2423/7000 [04:07<03:16, 23.26it/s]
loss=0.039| sh degree=2| :  35%|███▍      | 2423/7000 [04:07<03:16, 23.26it/s]
loss=0.046| sh degree=2| :  35%|███▍      | 2423/7000 [04:08<03:16, 23.26it/s]
loss=0.046| sh degree=2| :  35%|███▍      | 2426/7000 [04:08<03:16, 23.25it/s]
loss=0.040| sh degree=2| :  35%|███▍      | 2426/7000 [04:08<03:16, 23.25it/s]
loss=0.038| sh degree=2| :  35%|███▍      | 2426/7000 [04:08<03:16, 23.25it/s]
loss=0.049| sh degree=2| :  35%|███▍      | 2426/7000 [04:08<03:16, 23.25it/s]
loss=0.049| sh degree=2| :  35%|███▍      | 2429/7000 [04:08<03:17, 23.12it/s]
loss=0.032| sh degree=2| :  35%|███▍      | 2429/7000 [04:08<03:17, 23.12it/s]
loss=0.030| sh degree=2| :  35%|███▍      | 2429/7000 [04:08<03:17, 23.12it/s]
loss=0.051| sh degree=2| :  35%|███▍      | 2429/7000 [04:08<03:17, 23.12it/s]
loss=0.051| sh degree=2| :  35%|███▍      | 2432/7000 [04:08<03:22, 22.56it/s]
loss=0.056| sh degree=2| :  35%|███▍      | 2432/7000 [04:08<03:22, 22.56it/s]
loss=0.041| sh degree=2| :  35%|███▍      | 2432/7000 [04:08<03:22, 22.56it/s]
loss=0.055| sh degree=2| :  35%|███▍      | 2432/7000 [04:08<03:22, 22.56it/s]
loss=0.055| sh degree=2| :  35%|███▍      | 2435/7000 [04:08<03:26, 22.13it/s]
loss=0.055| sh degree=2| :  35%|███▍      | 2435/7000 [04:08<03:26, 22.13it/s]
loss=0.044| sh degree=2| :  35%|███▍      | 2435/7000 [04:08<03:26, 22.13it/s]
loss=0.039| sh degree=2| :  35%|███▍      | 2435/7000 [04:08<03:26, 22.13it/s]
loss=0.039| sh degree=2| :  35%|███▍      | 2438/7000 [04:08<03:36, 21.09it/s]
loss=0.038| sh degree=2| :  35%|███▍      | 2438/7000 [04:08<03:36, 21.09it/s]
loss=0.036| sh degree=2| :  35%|███▍      | 2438/7000 [04:08<03:36, 21.09it/s]
loss=0.056| sh degree=2| :  35%|███▍      | 2438/7000 [04:08<03:36, 21.09it/s]
loss=0.056| sh degree=2| :  35%|███▍      | 2441/7000 [04:08<03:41, 20.58it/s]
loss=0.036| sh degree=2| :  35%|███▍      | 2441/7000 [04:08<03:41, 20.58it/s]
loss=0.052| sh degree=2| :  35%|███▍      | 2441/7000 [04:08<03:41, 20.58it/s]
loss=0.031| sh degree=2| :  35%|███▍      | 2441/7000 [04:08<03:41, 20.58it/s]
loss=0.031| sh degree=2| :  35%|███▍      | 2444/7000 [04:08<03:45, 20.24it/s]
loss=0.057| sh degree=2| :  35%|███▍      | 2444/7000 [04:09<03:45, 20.24it/s]
loss=0.040| sh degree=2| :  35%|███▍      | 2444/7000 [04:09<03:45, 20.24it/s]
loss=0.051| sh degree=2| :  35%|███▍      | 2444/7000 [04:09<03:45, 20.24it/s]
loss=0.051| sh degree=2| :  35%|███▍      | 2447/7000 [04:09<03:50, 19.72it/s]
loss=0.031| sh degree=2| :  35%|███▍      | 2447/7000 [04:09<03:50, 19.72it/s]
loss=0.030| sh degree=2| :  35%|███▍      | 2447/7000 [04:09<03:50, 19.72it/s]
loss=0.061| sh degree=2| :  35%|███▍      | 2447/7000 [04:09<03:50, 19.72it/s]
loss=0.061| sh degree=2| :  35%|███▌      | 2450/7000 [04:09<03:31, 21.52it/s]
loss=0.038| sh degree=2| :  35%|███▌      | 2450/7000 [04:09<03:31, 21.52it/s]
loss=0.033| sh degree=2| :  35%|███▌      | 2450/7000 [04:09<03:31, 21.52it/s]
loss=0.053| sh degree=2| :  35%|███▌      | 2450/7000 [04:09<03:31, 21.52it/s]
loss=0.053| sh degree=2| :  35%|███▌      | 2453/7000 [04:09<03:19, 22.77it/s]
loss=0.048| sh degree=2| :  35%|███▌      | 2453/7000 [04:09<03:19, 22.77it/s]
loss=0.036| sh degree=2| :  35%|███▌      | 2453/7000 [04:09<03:19, 22.77it/s]
loss=0.065| sh degree=2| :  35%|███▌      | 2453/7000 [04:09<03:19, 22.77it/s]
loss=0.065| sh degree=2| :  35%|███▌      | 2456/7000 [04:09<03:22, 22.45it/s]
loss=0.035| sh degree=2| :  35%|███▌      | 2456/7000 [04:09<03:22, 22.45it/s]
loss=0.038| sh degree=2| :  35%|███▌      | 2456/7000 [04:09<03:22, 22.45it/s]
loss=0.050| sh degree=2| :  35%|███▌      | 2456/7000 [04:09<03:22, 22.45it/s]
loss=0.050| sh degree=2| :  35%|███▌      | 2459/7000 [04:09<03:16, 23.15it/s]
loss=0.031| sh degree=2| :  35%|███▌      | 2459/7000 [04:09<03:16, 23.15it/s]
loss=0.033| sh degree=2| :  35%|███▌      | 2459/7000 [04:09<03:16, 23.15it/s]
loss=0.043| sh degree=2| :  35%|███▌      | 2459/7000 [04:09<03:16, 23.15it/s]
loss=0.043| sh degree=2| :  35%|███▌      | 2462/7000 [04:09<03:10, 23.88it/s]
loss=0.055| sh degree=2| :  35%|███▌      | 2462/7000 [04:09<03:10, 23.88it/s]
loss=0.033| sh degree=2| :  35%|███▌      | 2462/7000 [04:09<03:10, 23.88it/s]
loss=0.040| sh degree=2| :  35%|███▌      | 2462/7000 [04:09<03:10, 23.88it/s]
loss=0.040| sh degree=2| :  35%|███▌      | 2465/7000 [04:09<03:09, 23.89it/s]
loss=0.037| sh degree=2| :  35%|███▌      | 2465/7000 [04:09<03:09, 23.89it/s]
loss=0.031| sh degree=2| :  35%|███▌      | 2465/7000 [04:09<03:09, 23.89it/s]
loss=0.054| sh degree=2| :  35%|███▌      | 2465/7000 [04:09<03:09, 23.89it/s]
loss=0.054| sh degree=2| :  35%|███▌      | 2468/7000 [04:09<03:08, 24.07it/s]
loss=0.049| sh degree=2| :  35%|███▌      | 2468/7000 [04:09<03:08, 24.07it/s]
loss=0.047| sh degree=2| :  35%|███▌      | 2468/7000 [04:10<03:08, 24.07it/s]
loss=0.040| sh degree=2| :  35%|███▌      | 2468/7000 [04:10<03:08, 24.07it/s]
loss=0.040| sh degree=2| :  35%|███▌      | 2471/7000 [04:10<03:17, 22.90it/s]
loss=0.038| sh degree=2| :  35%|███▌      | 2471/7000 [04:10<03:17, 22.90it/s]
loss=0.047| sh degree=2| :  35%|███▌      | 2471/7000 [04:10<03:17, 22.90it/s]
loss=0.036| sh degree=2| :  35%|███▌      | 2471/7000 [04:10<03:17, 22.90it/s]
loss=0.058| sh degree=2| :  35%|███▌      | 2471/7000 [04:10<03:17, 22.90it/s]
loss=0.058| sh degree=2| :  35%|███▌      | 2475/7000 [04:10<03:06, 24.20it/s]
loss=0.036| sh degree=2| :  35%|███▌      | 2475/7000 [04:10<03:06, 24.20it/s]
loss=0.052| sh degree=2| :  35%|███▌      | 2475/7000 [04:10<03:06, 24.20it/s]
loss=0.048| sh degree=2| :  35%|███▌      | 2475/7000 [04:10<03:06, 24.20it/s]
loss=0.048| sh degree=2| :  35%|███▌      | 2478/7000 [04:10<03:22, 22.31it/s]
loss=0.052| sh degree=2| :  35%|███▌      | 2478/7000 [04:10<03:22, 22.31it/s]
loss=0.033| sh degree=2| :  35%|███▌      | 2478/7000 [04:10<03:22, 22.31it/s]
loss=0.032| sh degree=2| :  35%|███▌      | 2478/7000 [04:10<03:22, 22.31it/s]
loss=0.037| sh degree=2| :  35%|███▌      | 2478/7000 [04:10<03:22, 22.31it/s]
loss=0.037| sh degree=2| :  35%|███▌      | 2482/7000 [04:10<02:59, 25.18it/s]
loss=0.050| sh degree=2| :  35%|███▌      | 2482/7000 [04:10<02:59, 25.18it/s]
loss=0.034| sh degree=2| :  35%|███▌      | 2482/7000 [04:10<02:59, 25.18it/s]
loss=0.040| sh degree=2| :  35%|███▌      | 2482/7000 [04:10<02:59, 25.18it/s]
loss=0.040| sh degree=2| :  36%|███▌      | 2485/7000 [04:10<03:02, 24.79it/s]
loss=0.032| sh degree=2| :  36%|███▌      | 2485/7000 [04:10<03:02, 24.79it/s]
loss=0.046| sh degree=2| :  36%|███▌      | 2485/7000 [04:10<03:02, 24.79it/s]
loss=0.031| sh degree=2| :  36%|███▌      | 2485/7000 [04:10<03:02, 24.79it/s]
loss=0.031| sh degree=2| :  36%|███▌      | 2488/7000 [04:10<02:56, 25.51it/s]
loss=0.036| sh degree=2| :  36%|███▌      | 2488/7000 [04:10<02:56, 25.51it/s]
loss=0.044| sh degree=2| :  36%|███▌      | 2488/7000 [04:10<02:56, 25.51it/s]
loss=0.049| sh degree=2| :  36%|███▌      | 2488/7000 [04:10<02:56, 25.51it/s]
loss=0.049| sh degree=2| :  36%|███▌      | 2491/7000 [04:10<02:59, 25.14it/s]
loss=0.041| sh degree=2| :  36%|███▌      | 2491/7000 [04:10<02:59, 25.14it/s]
loss=0.039| sh degree=2| :  36%|███▌      | 2491/7000 [04:10<02:59, 25.14it/s]
loss=0.035| sh degree=2| :  36%|███▌      | 2491/7000 [04:10<02:59, 25.14it/s]
loss=0.035| sh degree=2| :  36%|███▌      | 2494/7000 [04:10<03:04, 24.45it/s]
loss=0.049| sh degree=2| :  36%|███▌      | 2494/7000 [04:11<03:04, 24.45it/s]
loss=0.043| sh degree=2| :  36%|███▌      | 2494/7000 [04:11<03:04, 24.45it/s]
loss=0.049| sh degree=2| :  36%|███▌      | 2494/7000 [04:11<03:04, 24.45it/s]
loss=0.049| sh degree=2| :  36%|███▌      | 2497/7000 [04:11<03:19, 22.59it/s]
loss=0.039| sh degree=2| :  36%|███▌      | 2497/7000 [04:11<03:19, 22.59it/s]
loss=0.049| sh degree=2| :  36%|███▌      | 2497/7000 [04:11<03:19, 22.59it/s]
loss=0.034| sh degree=2| :  36%|███▌      | 2497/7000 [04:11<03:19, 22.59it/s]
loss=0.038| sh degree=2| :  36%|███▌      | 2497/7000 [04:11<03:19, 22.59it/s]
loss=0.038| sh degree=2| :  36%|███▌      | 2501/7000 [04:11<03:13, 23.22it/s]
loss=0.051| sh degree=2| :  36%|███▌      | 2501/7000 [04:11<03:13, 23.22it/s]
loss=0.040| sh degree=2| :  36%|███▌      | 2501/7000 [04:11<03:13, 23.22it/s]
loss=0.038| sh degree=2| :  36%|███▌      | 2501/7000 [04:11<03:13, 23.22it/s]
loss=0.062| sh degree=2| :  36%|███▌      | 2501/7000 [04:11<03:13, 23.22it/s]
loss=0.062| sh degree=2| :  36%|███▌      | 2505/7000 [04:11<02:51, 26.18it/s]
loss=0.042| sh degree=2| :  36%|███▌      | 2505/7000 [04:11<02:51, 26.18it/s]
loss=0.039| sh degree=2| :  36%|███▌      | 2505/7000 [04:11<02:51, 26.18it/s]
loss=0.041| sh degree=2| :  36%|███▌      | 2505/7000 [04:11<02:51, 26.18it/s]
loss=0.041| sh degree=2| :  36%|███▌      | 2508/7000 [04:11<03:09, 23.71it/s]
loss=0.034| sh degree=2| :  36%|███▌      | 2508/7000 [04:11<03:09, 23.71it/s]
loss=0.057| sh degree=2| :  36%|███▌      | 2508/7000 [04:11<03:09, 23.71it/s]
loss=0.034| sh degree=2| :  36%|███▌      | 2508/7000 [04:11<03:09, 23.71it/s]
loss=0.034| sh degree=2| :  36%|███▌      | 2511/7000 [04:11<03:06, 24.10it/s]
loss=0.042| sh degree=2| :  36%|███▌      | 2511/7000 [04:11<03:06, 24.10it/s]
loss=0.051| sh degree=2| :  36%|███▌      | 2511/7000 [04:11<03:06, 24.10it/s]
loss=0.051| sh degree=2| :  36%|███▌      | 2511/7000 [04:11<03:06, 24.10it/s]
loss=0.051| sh degree=2| :  36%|███▌      | 2514/7000 [04:11<03:09, 23.62it/s]
loss=0.055| sh degree=2| :  36%|███▌      | 2514/7000 [04:11<03:09, 23.62it/s]
loss=0.030| sh degree=2| :  36%|███▌      | 2514/7000 [04:11<03:09, 23.62it/s]
loss=0.049| sh degree=2| :  36%|███▌      | 2514/7000 [04:11<03:09, 23.62it/s]
loss=0.054| sh degree=2| :  36%|███▌      | 2514/7000 [04:11<03:09, 23.62it/s]
loss=0.054| sh degree=2| :  36%|███▌      | 2518/7000 [04:11<02:59, 24.91it/s]
loss=0.034| sh degree=2| :  36%|███▌      | 2518/7000 [04:12<02:59, 24.91it/s]
loss=0.048| sh degree=2| :  36%|███▌      | 2518/7000 [04:12<02:59, 24.91it/s]
loss=0.037| sh degree=2| :  36%|███▌      | 2518/7000 [04:12<02:59, 24.91it/s]
loss=0.044| sh degree=2| :  36%|███▌      | 2518/7000 [04:12<02:59, 24.91it/s]
loss=0.044| sh degree=2| :  36%|███▌      | 2522/7000 [04:12<02:51, 26.06it/s]
loss=0.035| sh degree=2| :  36%|███▌      | 2522/7000 [04:12<02:51, 26.06it/s]
loss=0.045| sh degree=2| :  36%|███▌      | 2522/7000 [04:12<02:51, 26.06it/s]
loss=0.063| sh degree=2| :  36%|███▌      | 2522/7000 [04:12<02:51, 26.06it/s]
loss=0.055| sh degree=2| :  36%|███▌      | 2522/7000 [04:12<02:51, 26.06it/s]
loss=0.055| sh degree=2| :  36%|███▌      | 2526/7000 [04:12<02:38, 28.17it/s]
loss=0.045| sh degree=2| :  36%|███▌      | 2526/7000 [04:12<02:38, 28.17it/s]
loss=0.050| sh degree=2| :  36%|███▌      | 2526/7000 [04:12<02:38, 28.17it/s]
loss=0.038| sh degree=2| :  36%|███▌      | 2526/7000 [04:12<02:38, 28.17it/s]
loss=0.038| sh degree=2| :  36%|███▌      | 2529/7000 [04:12<02:43, 27.35it/s]
loss=0.092| sh degree=2| :  36%|███▌      | 2529/7000 [04:12<02:43, 27.35it/s]
loss=0.043| sh degree=2| :  36%|███▌      | 2529/7000 [04:12<02:43, 27.35it/s]
loss=0.040| sh degree=2| :  36%|███▌      | 2529/7000 [04:12<02:43, 27.35it/s]
loss=0.040| sh degree=2| :  36%|███▌      | 2532/7000 [04:12<02:46, 26.91it/s]
loss=0.052| sh degree=2| :  36%|███▌      | 2532/7000 [04:12<02:46, 26.91it/s]
loss=0.045| sh degree=2| :  36%|███▌      | 2532/7000 [04:12<02:46, 26.91it/s]
loss=0.032| sh degree=2| :  36%|███▌      | 2532/7000 [04:12<02:46, 26.91it/s]
loss=0.046| sh degree=2| :  36%|███▌      | 2532/7000 [04:12<02:46, 26.91it/s]
loss=0.046| sh degree=2| :  36%|███▌      | 2536/7000 [04:12<02:36, 28.55it/s]
loss=0.037| sh degree=2| :  36%|███▌      | 2536/7000 [04:12<02:36, 28.55it/s]
loss=0.040| sh degree=2| :  36%|███▌      | 2536/7000 [04:12<02:36, 28.55it/s]
loss=0.046| sh degree=2| :  36%|███▌      | 2536/7000 [04:12<02:36, 28.55it/s]
loss=0.046| sh degree=2| :  36%|███▋      | 2539/7000 [04:12<02:39, 28.05it/s]
loss=0.034| sh degree=2| :  36%|███▋      | 2539/7000 [04:12<02:39, 28.05it/s]
loss=0.041| sh degree=2| :  36%|███▋      | 2539/7000 [04:12<02:39, 28.05it/s]
loss=0.037| sh degree=2| :  36%|███▋      | 2539/7000 [04:12<02:39, 28.05it/s]
loss=0.053| sh degree=2| :  36%|███▋      | 2539/7000 [04:12<02:39, 28.05it/s]
loss=0.053| sh degree=2| :  36%|███▋      | 2543/7000 [04:12<02:33, 29.13it/s]
loss=0.038| sh degree=2| :  36%|███▋      | 2543/7000 [04:12<02:33, 29.13it/s]
loss=0.040| sh degree=2| :  36%|███▋      | 2543/7000 [04:12<02:33, 29.13it/s]
loss=0.034| sh degree=2| :  36%|███▋      | 2543/7000 [04:12<02:33, 29.13it/s]
loss=0.036| sh degree=2| :  36%|███▋      | 2543/7000 [04:12<02:33, 29.13it/s]
loss=0.036| sh degree=2| :  36%|███▋      | 2547/7000 [04:12<02:25, 30.53it/s]
loss=0.057| sh degree=2| :  36%|███▋      | 2547/7000 [04:12<02:25, 30.53it/s]
loss=0.030| sh degree=2| :  36%|███▋      | 2547/7000 [04:12<02:25, 30.53it/s]
loss=0.052| sh degree=2| :  36%|███▋      | 2547/7000 [04:13<02:25, 30.53it/s]
loss=0.034| sh degree=2| :  36%|███▋      | 2547/7000 [04:13<02:25, 30.53it/s]
loss=0.034| sh degree=2| :  36%|███▋      | 2551/7000 [04:13<03:31, 21.05it/s]
loss=0.048| sh degree=2| :  36%|███▋      | 2551/7000 [04:13<03:31, 21.05it/s]
loss=0.031| sh degree=2| :  36%|███▋      | 2551/7000 [04:13<03:31, 21.05it/s]
loss=0.046| sh degree=2| :  36%|███▋      | 2551/7000 [04:13<03:31, 21.05it/s]
loss=0.055| sh degree=2| :  36%|███▋      | 2551/7000 [04:13<03:31, 21.05it/s]
loss=0.055| sh degree=2| :  36%|███▋      | 2555/7000 [04:13<03:19, 22.25it/s]
loss=0.032| sh degree=2| :  36%|███▋      | 2555/7000 [04:13<03:19, 22.25it/s]
loss=0.049| sh degree=2| :  36%|███▋      | 2555/7000 [04:13<03:19, 22.25it/s]
loss=0.045| sh degree=2| :  36%|███▋      | 2555/7000 [04:13<03:19, 22.25it/s]
loss=0.037| sh degree=2| :  36%|███▋      | 2555/7000 [04:13<03:19, 22.25it/s]
loss=0.037| sh degree=2| :  37%|███▋      | 2559/7000 [04:13<02:56, 25.16it/s]
loss=0.042| sh degree=2| :  37%|███▋      | 2559/7000 [04:13<02:56, 25.16it/s]
loss=0.034| sh degree=2| :  37%|███▋      | 2559/7000 [04:13<02:56, 25.16it/s]
loss=0.030| sh degree=2| :  37%|███▋      | 2559/7000 [04:13<02:56, 25.16it/s]
loss=0.030| sh degree=2| :  37%|███▋      | 2562/7000 [04:13<02:55, 25.31it/s]
loss=0.036| sh degree=2| :  37%|███▋      | 2562/7000 [04:13<02:55, 25.31it/s]
loss=0.052| sh degree=2| :  37%|███▋      | 2562/7000 [04:13<02:55, 25.31it/s]
loss=0.061| sh degree=2| :  37%|███▋      | 2562/7000 [04:13<02:55, 25.31it/s]
loss=0.061| sh degree=2| :  37%|███▋      | 2565/7000 [04:13<02:50, 25.98it/s]
loss=0.041| sh degree=2| :  37%|███▋      | 2565/7000 [04:13<02:50, 25.98it/s]
loss=0.040| sh degree=2| :  37%|███▋      | 2565/7000 [04:13<02:50, 25.98it/s]
loss=0.036| sh degree=2| :  37%|███▋      | 2565/7000 [04:13<02:50, 25.98it/s]
loss=0.036| sh degree=2| :  37%|███▋      | 2568/7000 [04:13<02:57, 25.02it/s]
loss=0.037| sh degree=2| :  37%|███▋      | 2568/7000 [04:13<02:57, 25.02it/s]
loss=0.056| sh degree=2| :  37%|███▋      | 2568/7000 [04:13<02:57, 25.02it/s]
loss=0.036| sh degree=2| :  37%|███▋      | 2568/7000 [04:13<02:57, 25.02it/s]
loss=0.036| sh degree=2| :  37%|███▋      | 2571/7000 [04:13<02:49, 26.12it/s]
loss=0.034| sh degree=2| :  37%|███▋      | 2571/7000 [04:14<02:49, 26.12it/s]
loss=0.041| sh degree=2| :  37%|███▋      | 2571/7000 [04:14<02:49, 26.12it/s]
loss=0.048| sh degree=2| :  37%|███▋      | 2571/7000 [04:14<02:49, 26.12it/s]
loss=0.034| sh degree=2| :  37%|███▋      | 2571/7000 [04:14<02:49, 26.12it/s]
loss=0.034| sh degree=2| :  37%|███▋      | 2575/7000 [04:14<02:39, 27.77it/s]
loss=0.033| sh degree=2| :  37%|███▋      | 2575/7000 [04:14<02:39, 27.77it/s]
loss=0.047| sh degree=2| :  37%|███▋      | 2575/7000 [04:14<02:39, 27.77it/s]
loss=0.034| sh degree=2| :  37%|███▋      | 2575/7000 [04:14<02:39, 27.77it/s]
loss=0.034| sh degree=2| :  37%|███▋      | 2578/7000 [04:14<02:37, 28.02it/s]
loss=0.053| sh degree=2| :  37%|███▋      | 2578/7000 [04:14<02:37, 28.02it/s]
loss=0.033| sh degree=2| :  37%|███▋      | 2578/7000 [04:14<02:37, 28.02it/s]
loss=0.032| sh degree=2| :  37%|███▋      | 2578/7000 [04:14<02:37, 28.02it/s]
loss=0.032| sh degree=2| :  37%|███▋      | 2581/7000 [04:14<02:37, 28.00it/s]
loss=0.039| sh degree=2| :  37%|███▋      | 2581/7000 [04:14<02:37, 28.00it/s]
loss=0.052| sh degree=2| :  37%|███▋      | 2581/7000 [04:14<02:37, 28.00it/s]
loss=0.039| sh degree=2| :  37%|███▋      | 2581/7000 [04:14<02:37, 28.00it/s]
loss=0.048| sh degree=2| :  37%|███▋      | 2581/7000 [04:14<02:37, 28.00it/s]
loss=0.048| sh degree=2| :  37%|███▋      | 2585/7000 [04:14<02:32, 28.90it/s]
loss=0.046| sh degree=2| :  37%|███▋      | 2585/7000 [04:14<02:32, 28.90it/s]
loss=0.032| sh degree=2| :  37%|███▋      | 2585/7000 [04:14<02:32, 28.90it/s]
loss=0.031| sh degree=2| :  37%|███▋      | 2585/7000 [04:14<02:32, 28.90it/s]
loss=0.031| sh degree=2| :  37%|███▋      | 2588/7000 [04:14<02:35, 28.34it/s]
loss=0.033| sh degree=2| :  37%|███▋      | 2588/7000 [04:14<02:35, 28.34it/s]
loss=0.047| sh degree=2| :  37%|███▋      | 2588/7000 [04:14<02:35, 28.34it/s]
loss=0.049| sh degree=2| :  37%|███▋      | 2588/7000 [04:14<02:35, 28.34it/s]
loss=0.040| sh degree=2| :  37%|███▋      | 2588/7000 [04:14<02:35, 28.34it/s]
loss=0.040| sh degree=2| :  37%|███▋      | 2592/7000 [04:14<02:31, 29.02it/s]
loss=0.039| sh degree=2| :  37%|███▋      | 2592/7000 [04:14<02:31, 29.02it/s]
loss=0.033| sh degree=2| :  37%|███▋      | 2592/7000 [04:14<02:31, 29.02it/s]
loss=0.042| sh degree=2| :  37%|███▋      | 2592/7000 [04:14<02:31, 29.02it/s]
loss=0.042| sh degree=2| :  37%|███▋      | 2595/7000 [04:14<02:35, 28.26it/s]
loss=0.046| sh degree=2| :  37%|███▋      | 2595/7000 [04:14<02:35, 28.26it/s]
loss=0.030| sh degree=2| :  37%|███▋      | 2595/7000 [04:14<02:35, 28.26it/s]
loss=0.036| sh degree=2| :  37%|███▋      | 2595/7000 [04:14<02:35, 28.26it/s]
loss=0.036| sh degree=2| :  37%|███▋      | 2598/7000 [04:14<02:34, 28.57it/s]
loss=0.034| sh degree=2| :  37%|███▋      | 2598/7000 [04:14<02:34, 28.57it/s]
loss=0.049| sh degree=2| :  37%|███▋      | 2598/7000 [04:15<02:34, 28.57it/s]
loss=0.051| sh degree=2| :  37%|███▋      | 2598/7000 [04:15<02:34, 28.57it/s]
loss=0.051| sh degree=2| :  37%|███▋      | 2601/7000 [04:15<03:02, 24.09it/s]
loss=0.060| sh degree=2| :  37%|███▋      | 2601/7000 [04:15<03:02, 24.09it/s]
loss=0.034| sh degree=2| :  37%|███▋      | 2601/7000 [04:15<03:02, 24.09it/s]
loss=0.033| sh degree=2| :  37%|███▋      | 2601/7000 [04:15<03:02, 24.09it/s]
loss=0.033| sh degree=2| :  37%|███▋      | 2604/7000 [04:15<02:55, 25.04it/s]
loss=0.031| sh degree=2| :  37%|███▋      | 2604/7000 [04:15<02:55, 25.04it/s]
loss=0.049| sh degree=2| :  37%|███▋      | 2604/7000 [04:15<02:55, 25.04it/s]
loss=0.051| sh degree=2| :  37%|███▋      | 2604/7000 [04:15<02:55, 25.04it/s]
loss=0.051| sh degree=2| :  37%|███▋      | 2607/7000 [04:15<03:07, 23.46it/s]
loss=0.050| sh degree=2| :  37%|███▋      | 2607/7000 [04:15<03:07, 23.46it/s]
loss=0.052| sh degree=2| :  37%|███▋      | 2607/7000 [04:15<03:07, 23.46it/s]
loss=0.042| sh degree=2| :  37%|███▋      | 2607/7000 [04:15<03:07, 23.46it/s]
loss=0.042| sh degree=2| :  37%|███▋      | 2610/7000 [04:15<03:11, 22.98it/s]
loss=0.051| sh degree=2| :  37%|███▋      | 2610/7000 [04:15<03:11, 22.98it/s]
loss=0.048| sh degree=2| :  37%|███▋      | 2610/7000 [04:15<03:11, 22.98it/s]
loss=0.053| sh degree=2| :  37%|███▋      | 2610/7000 [04:15<03:11, 22.98it/s]
loss=0.058| sh degree=2| :  37%|███▋      | 2610/7000 [04:15<03:11, 22.98it/s]
loss=0.058| sh degree=2| :  37%|███▋      | 2614/7000 [04:15<02:50, 25.66it/s]
loss=0.038| sh degree=2| :  37%|███▋      | 2614/7000 [04:15<02:50, 25.66it/s]
loss=0.054| sh degree=2| :  37%|███▋      | 2614/7000 [04:15<02:50, 25.66it/s]
loss=0.049| sh degree=2| :  37%|███▋      | 2614/7000 [04:15<02:50, 25.66it/s]
loss=0.049| sh degree=2| :  37%|███▋      | 2617/7000 [04:15<02:50, 25.77it/s]
loss=0.037| sh degree=2| :  37%|███▋      | 2617/7000 [04:15<02:50, 25.77it/s]
loss=0.040| sh degree=2| :  37%|███▋      | 2617/7000 [04:15<02:50, 25.77it/s]
loss=0.056| sh degree=2| :  37%|███▋      | 2617/7000 [04:15<02:50, 25.77it/s]
loss=0.037| sh degree=2| :  37%|███▋      | 2617/7000 [04:15<02:50, 25.77it/s]
loss=0.037| sh degree=2| :  37%|███▋      | 2621/7000 [04:15<02:35, 28.11it/s]
loss=0.038| sh degree=2| :  37%|███▋      | 2621/7000 [04:15<02:35, 28.11it/s]
loss=0.048| sh degree=2| :  37%|███▋      | 2621/7000 [04:15<02:35, 28.11it/s]
loss=0.052| sh degree=2| :  37%|███▋      | 2621/7000 [04:16<02:35, 28.11it/s]
loss=0.052| sh degree=2| :  37%|███▋      | 2624/7000 [04:16<03:03, 23.86it/s]
loss=0.039| sh degree=2| :  37%|███▋      | 2624/7000 [04:16<03:03, 23.86it/s]
loss=0.041| sh degree=2| :  37%|███▋      | 2624/7000 [04:16<03:03, 23.86it/s]
loss=0.037| sh degree=2| :  37%|███▋      | 2624/7000 [04:16<03:03, 23.86it/s]
loss=0.037| sh degree=2| :  38%|███▊      | 2627/7000 [04:16<02:59, 24.41it/s]
loss=0.045| sh degree=2| :  38%|███▊      | 2627/7000 [04:16<02:59, 24.41it/s]
loss=0.052| sh degree=2| :  38%|███▊      | 2627/7000 [04:16<02:59, 24.41it/s]
loss=0.046| sh degree=2| :  38%|███▊      | 2627/7000 [04:16<02:59, 24.41it/s]
loss=0.046| sh degree=2| :  38%|███▊      | 2630/7000 [04:16<02:57, 24.66it/s]
loss=0.046| sh degree=2| :  38%|███▊      | 2630/7000 [04:16<02:57, 24.66it/s]
loss=0.038| sh degree=2| :  38%|███▊      | 2630/7000 [04:16<02:57, 24.66it/s]
loss=0.033| sh degree=2| :  38%|███▊      | 2630/7000 [04:16<02:57, 24.66it/s]
loss=0.033| sh degree=2| :  38%|███▊      | 2633/7000 [04:16<02:59, 24.39it/s]
loss=0.080| sh degree=2| :  38%|███▊      | 2633/7000 [04:16<02:59, 24.39it/s]
loss=0.037| sh degree=2| :  38%|███▊      | 2633/7000 [04:16<02:59, 24.39it/s]
loss=0.041| sh degree=2| :  38%|███▊      | 2633/7000 [04:16<02:59, 24.39it/s]
loss=0.041| sh degree=2| :  38%|███▊      | 2636/7000 [04:16<02:57, 24.55it/s]
loss=0.043| sh degree=2| :  38%|███▊      | 2636/7000 [04:16<02:57, 24.55it/s]
loss=0.042| sh degree=2| :  38%|███▊      | 2636/7000 [04:16<02:57, 24.55it/s]
loss=0.033| sh degree=2| :  38%|███▊      | 2636/7000 [04:16<02:57, 24.55it/s]
loss=0.033| sh degree=2| :  38%|███▊      | 2639/7000 [04:16<03:01, 24.09it/s]
loss=0.031| sh degree=2| :  38%|███▊      | 2639/7000 [04:16<03:01, 24.09it/s]
loss=0.053| sh degree=2| :  38%|███▊      | 2639/7000 [04:16<03:01, 24.09it/s]
loss=0.039| sh degree=2| :  38%|███▊      | 2639/7000 [04:16<03:01, 24.09it/s]
loss=0.039| sh degree=2| :  38%|███▊      | 2642/7000 [04:16<03:10, 22.84it/s]
loss=0.036| sh degree=2| :  38%|███▊      | 2642/7000 [04:16<03:10, 22.84it/s]
loss=0.029| sh degree=2| :  38%|███▊      | 2642/7000 [04:16<03:10, 22.84it/s]
loss=0.060| sh degree=2| :  38%|███▊      | 2642/7000 [04:16<03:10, 22.84it/s]
loss=0.060| sh degree=2| :  38%|███▊      | 2645/7000 [04:16<03:34, 20.32it/s]
loss=0.047| sh degree=2| :  38%|███▊      | 2645/7000 [04:16<03:34, 20.32it/s]
loss=0.048| sh degree=2| :  38%|███▊      | 2645/7000 [04:17<03:34, 20.32it/s]
loss=0.034| sh degree=2| :  38%|███▊      | 2645/7000 [04:17<03:34, 20.32it/s]
loss=0.049| sh degree=2| :  38%|███▊      | 2645/7000 [04:17<03:34, 20.32it/s]
loss=0.049| sh degree=2| :  38%|███▊      | 2649/7000 [04:17<03:01, 23.96it/s]
loss=0.042| sh degree=2| :  38%|███▊      | 2649/7000 [04:17<03:01, 23.96it/s]
loss=0.035| sh degree=2| :  38%|███▊      | 2649/7000 [04:17<03:01, 23.96it/s]
loss=0.041| sh degree=2| :  38%|███▊      | 2649/7000 [04:17<03:01, 23.96it/s]
loss=0.041| sh degree=2| :  38%|███▊      | 2652/7000 [04:17<02:57, 24.55it/s]
loss=0.049| sh degree=2| :  38%|███▊      | 2652/7000 [04:17<02:57, 24.55it/s]
loss=0.040| sh degree=2| :  38%|███▊      | 2652/7000 [04:17<02:57, 24.55it/s]
loss=0.048| sh degree=2| :  38%|███▊      | 2652/7000 [04:17<02:57, 24.55it/s]
loss=0.048| sh degree=2| :  38%|███▊      | 2655/7000 [04:17<03:10, 22.77it/s]
loss=0.033| sh degree=2| :  38%|███▊      | 2655/7000 [04:17<03:10, 22.77it/s]
loss=0.053| sh degree=2| :  38%|███▊      | 2655/7000 [04:17<03:10, 22.77it/s]
loss=0.059| sh degree=2| :  38%|███▊      | 2655/7000 [04:17<03:10, 22.77it/s]
loss=0.059| sh degree=2| :  38%|███▊      | 2658/7000 [04:17<03:11, 22.67it/s]
loss=0.053| sh degree=2| :  38%|███▊      | 2658/7000 [04:17<03:11, 22.67it/s]
loss=0.045| sh degree=2| :  38%|███▊      | 2658/7000 [04:17<03:11, 22.67it/s]
loss=0.054| sh degree=2| :  38%|███▊      | 2658/7000 [04:17<03:11, 22.67it/s]
loss=0.054| sh degree=2| :  38%|███▊      | 2661/7000 [04:17<03:21, 21.49it/s]
loss=0.046| sh degree=2| :  38%|███▊      | 2661/7000 [04:17<03:21, 21.49it/s]
loss=0.053| sh degree=2| :  38%|███▊      | 2661/7000 [04:17<03:21, 21.49it/s]
loss=0.041| sh degree=2| :  38%|███▊      | 2661/7000 [04:17<03:21, 21.49it/s]
loss=0.041| sh degree=2| :  38%|███▊      | 2664/7000 [04:17<03:06, 23.24it/s]
loss=0.033| sh degree=2| :  38%|███▊      | 2664/7000 [04:17<03:06, 23.24it/s]
loss=0.036| sh degree=2| :  38%|███▊      | 2664/7000 [04:17<03:06, 23.24it/s]
loss=0.049| sh degree=2| :  38%|███▊      | 2664/7000 [04:17<03:06, 23.24it/s]
loss=0.049| sh degree=2| :  38%|███▊      | 2667/7000 [04:17<02:56, 24.55it/s]
loss=0.055| sh degree=2| :  38%|███▊      | 2667/7000 [04:17<02:56, 24.55it/s]
loss=0.037| sh degree=2| :  38%|███▊      | 2667/7000 [04:17<02:56, 24.55it/s]
loss=0.040| sh degree=2| :  38%|███▊      | 2667/7000 [04:17<02:56, 24.55it/s]
loss=0.040| sh degree=2| :  38%|███▊      | 2670/7000 [04:18<03:09, 22.86it/s]
loss=0.039| sh degree=2| :  38%|███▊      | 2670/7000 [04:18<03:09, 22.86it/s]
loss=0.033| sh degree=2| :  38%|███▊      | 2670/7000 [04:18<03:09, 22.86it/s]
loss=0.050| sh degree=2| :  38%|███▊      | 2670/7000 [04:18<03:09, 22.86it/s]
loss=0.050| sh degree=2| :  38%|███▊      | 2673/7000 [04:18<03:03, 23.63it/s]
loss=0.057| sh degree=2| :  38%|███▊      | 2673/7000 [04:18<03:03, 23.63it/s]
loss=0.037| sh degree=2| :  38%|███▊      | 2673/7000 [04:18<03:03, 23.63it/s]
loss=0.031| sh degree=2| :  38%|███▊      | 2673/7000 [04:18<03:03, 23.63it/s]
loss=0.031| sh degree=2| :  38%|███▊      | 2676/7000 [04:18<03:07, 23.10it/s]
loss=0.036| sh degree=2| :  38%|███▊      | 2676/7000 [04:18<03:07, 23.10it/s]
loss=0.030| sh degree=2| :  38%|███▊      | 2676/7000 [04:18<03:07, 23.10it/s]
loss=0.040| sh degree=2| :  38%|███▊      | 2676/7000 [04:18<03:07, 23.10it/s]
loss=0.040| sh degree=2| :  38%|███▊      | 2679/7000 [04:18<03:16, 22.04it/s]
loss=0.033| sh degree=2| :  38%|███▊      | 2679/7000 [04:18<03:16, 22.04it/s]
loss=0.031| sh degree=2| :  38%|███▊      | 2679/7000 [04:18<03:16, 22.04it/s]
loss=0.052| sh degree=2| :  38%|███▊      | 2679/7000 [04:18<03:16, 22.04it/s]
loss=0.052| sh degree=2| :  38%|███▊      | 2682/7000 [04:18<03:23, 21.22it/s]
loss=0.049| sh degree=2| :  38%|███▊      | 2682/7000 [04:18<03:23, 21.22it/s]
loss=0.050| sh degree=2| :  38%|███▊      | 2682/7000 [04:18<03:23, 21.22it/s]
loss=0.037| sh degree=2| :  38%|███▊      | 2682/7000 [04:18<03:23, 21.22it/s]
loss=0.037| sh degree=2| :  38%|███▊      | 2685/7000 [04:18<03:18, 21.72it/s]
loss=0.035| sh degree=2| :  38%|███▊      | 2685/7000 [04:18<03:18, 21.72it/s]
loss=0.033| sh degree=2| :  38%|███▊      | 2685/7000 [04:18<03:18, 21.72it/s]
loss=0.055| sh degree=2| :  38%|███▊      | 2685/7000 [04:18<03:18, 21.72it/s]
loss=0.055| sh degree=2| :  38%|███▊      | 2688/7000 [04:18<03:14, 22.14it/s]
loss=0.044| sh degree=2| :  38%|███▊      | 2688/7000 [04:18<03:14, 22.14it/s]
loss=0.044| sh degree=2| :  38%|███▊      | 2688/7000 [04:18<03:14, 22.14it/s]
loss=0.049| sh degree=2| :  38%|███▊      | 2688/7000 [04:18<03:14, 22.14it/s]
loss=0.049| sh degree=2| :  38%|███▊      | 2691/7000 [04:18<03:14, 22.21it/s]
loss=0.048| sh degree=2| :  38%|███▊      | 2691/7000 [04:18<03:14, 22.21it/s]
loss=0.031| sh degree=2| :  38%|███▊      | 2691/7000 [04:19<03:14, 22.21it/s]
loss=0.052| sh degree=2| :  38%|███▊      | 2691/7000 [04:19<03:14, 22.21it/s]
loss=0.052| sh degree=2| :  38%|███▊      | 2694/7000 [04:19<03:06, 23.09it/s]
loss=0.040| sh degree=2| :  38%|███▊      | 2694/7000 [04:19<03:06, 23.09it/s]
loss=0.040| sh degree=2| :  38%|███▊      | 2694/7000 [04:19<03:06, 23.09it/s]
loss=0.047| sh degree=2| :  38%|███▊      | 2694/7000 [04:19<03:06, 23.09it/s]
loss=0.047| sh degree=2| :  39%|███▊      | 2697/7000 [04:19<03:00, 23.86it/s]
loss=0.034| sh degree=2| :  39%|███▊      | 2697/7000 [04:19<03:00, 23.86it/s]
loss=0.044| sh degree=2| :  39%|███▊      | 2697/7000 [04:19<03:00, 23.86it/s]
loss=0.049| sh degree=2| :  39%|███▊      | 2697/7000 [04:19<03:00, 23.86it/s]
loss=0.049| sh degree=2| :  39%|███▊      | 2700/7000 [04:19<03:07, 22.91it/s]
loss=0.033| sh degree=2| :  39%|███▊      | 2700/7000 [04:19<03:07, 22.91it/s]
loss=0.048| sh degree=2| :  39%|███▊      | 2700/7000 [04:19<03:07, 22.91it/s]
loss=0.056| sh degree=2| :  39%|███▊      | 2700/7000 [04:19<03:07, 22.91it/s]
loss=0.056| sh degree=2| :  39%|███▊      | 2703/7000 [04:19<03:07, 22.95it/s]
loss=0.033| sh degree=2| :  39%|███▊      | 2703/7000 [04:19<03:07, 22.95it/s]
loss=0.037| sh degree=2| :  39%|███▊      | 2703/7000 [04:19<03:07, 22.95it/s]
loss=0.034| sh degree=2| :  39%|███▊      | 2703/7000 [04:19<03:07, 22.95it/s]
loss=0.034| sh degree=2| :  39%|███▊      | 2706/7000 [04:19<02:54, 24.62it/s]
loss=0.037| sh degree=2| :  39%|███▊      | 2706/7000 [04:19<02:54, 24.62it/s]
loss=0.041| sh degree=2| :  39%|███▊      | 2706/7000 [04:19<02:54, 24.62it/s]
loss=0.050| sh degree=2| :  39%|███▊      | 2706/7000 [04:19<02:54, 24.62it/s]
loss=0.050| sh degree=2| :  39%|███▊      | 2709/7000 [04:19<02:44, 26.02it/s]
loss=0.046| sh degree=2| :  39%|███▊      | 2709/7000 [04:19<02:44, 26.02it/s]
loss=0.048| sh degree=2| :  39%|███▊      | 2709/7000 [04:19<02:44, 26.02it/s]
loss=0.063| sh degree=2| :  39%|███▊      | 2709/7000 [04:19<02:44, 26.02it/s]
loss=0.063| sh degree=2| :  39%|███▊      | 2712/7000 [04:19<02:41, 26.53it/s]
loss=0.043| sh degree=2| :  39%|███▊      | 2712/7000 [04:19<02:41, 26.53it/s]
loss=0.053| sh degree=2| :  39%|███▊      | 2712/7000 [04:19<02:41, 26.53it/s]
loss=0.048| sh degree=2| :  39%|███▊      | 2712/7000 [04:19<02:41, 26.53it/s]
loss=0.048| sh degree=2| :  39%|███▉      | 2715/7000 [04:19<02:53, 24.69it/s]
loss=0.033| sh degree=2| :  39%|███▉      | 2715/7000 [04:19<02:53, 24.69it/s]
loss=0.036| sh degree=2| :  39%|███▉      | 2715/7000 [04:19<02:53, 24.69it/s]
loss=0.040| sh degree=2| :  39%|███▉      | 2715/7000 [04:20<02:53, 24.69it/s]
loss=0.040| sh degree=2| :  39%|███▉      | 2718/7000 [04:20<02:59, 23.88it/s]
loss=0.034| sh degree=2| :  39%|███▉      | 2718/7000 [04:20<02:59, 23.88it/s]
loss=0.044| sh degree=2| :  39%|███▉      | 2718/7000 [04:20<02:59, 23.88it/s]
loss=0.033| sh degree=2| :  39%|███▉      | 2718/7000 [04:20<02:59, 23.88it/s]
loss=0.033| sh degree=2| :  39%|███▉      | 2721/7000 [04:20<02:55, 24.42it/s]
loss=0.046| sh degree=2| :  39%|███▉      | 2721/7000 [04:20<02:55, 24.42it/s]
loss=0.040| sh degree=2| :  39%|███▉      | 2721/7000 [04:20<02:55, 24.42it/s]
loss=0.040| sh degree=2| :  39%|███▉      | 2721/7000 [04:20<02:55, 24.42it/s]
loss=0.040| sh degree=2| :  39%|███▉      | 2724/7000 [04:20<02:52, 24.82it/s]
loss=0.038| sh degree=2| :  39%|███▉      | 2724/7000 [04:20<02:52, 24.82it/s]
loss=0.049| sh degree=2| :  39%|███▉      | 2724/7000 [04:20<02:52, 24.82it/s]
loss=0.056| sh degree=2| :  39%|███▉      | 2724/7000 [04:20<02:52, 24.82it/s]
loss=0.056| sh degree=2| :  39%|███▉      | 2727/7000 [04:20<02:49, 25.20it/s]
loss=0.048| sh degree=2| :  39%|███▉      | 2727/7000 [04:20<02:49, 25.20it/s]
loss=0.038| sh degree=2| :  39%|███▉      | 2727/7000 [04:20<02:49, 25.20it/s]
loss=0.066| sh degree=2| :  39%|███▉      | 2727/7000 [04:20<02:49, 25.20it/s]
loss=0.066| sh degree=2| :  39%|███▉      | 2730/7000 [04:20<03:02, 23.46it/s]
loss=0.031| sh degree=2| :  39%|███▉      | 2730/7000 [04:20<03:02, 23.46it/s]
loss=0.044| sh degree=2| :  39%|███▉      | 2730/7000 [04:20<03:02, 23.46it/s]
loss=0.031| sh degree=2| :  39%|███▉      | 2730/7000 [04:20<03:02, 23.46it/s]
loss=0.037| sh degree=2| :  39%|███▉      | 2730/7000 [04:20<03:02, 23.46it/s]
loss=0.037| sh degree=2| :  39%|███▉      | 2734/7000 [04:20<02:55, 24.26it/s]
loss=0.029| sh degree=2| :  39%|███▉      | 2734/7000 [04:20<02:55, 24.26it/s]
loss=0.040| sh degree=2| :  39%|███▉      | 2734/7000 [04:20<02:55, 24.26it/s]
loss=0.030| sh degree=2| :  39%|███▉      | 2734/7000 [04:20<02:55, 24.26it/s]
loss=0.030| sh degree=2| :  39%|███▉      | 2737/7000 [04:20<03:23, 20.91it/s]
loss=0.040| sh degree=2| :  39%|███▉      | 2737/7000 [04:20<03:23, 20.91it/s]
loss=0.042| sh degree=2| :  39%|███▉      | 2737/7000 [04:21<03:23, 20.91it/s]
loss=0.050| sh degree=2| :  39%|███▉      | 2737/7000 [04:21<03:23, 20.91it/s]
loss=0.050| sh degree=2| :  39%|███▉      | 2740/7000 [04:21<03:43, 19.08it/s]
loss=0.038| sh degree=2| :  39%|███▉      | 2740/7000 [04:21<03:43, 19.08it/s]
loss=0.046| sh degree=2| :  39%|███▉      | 2740/7000 [04:21<03:43, 19.08it/s]
loss=0.046| sh degree=2| :  39%|███▉      | 2742/7000 [04:21<03:41, 19.21it/s]
loss=0.037| sh degree=2| :  39%|███▉      | 2742/7000 [04:21<03:41, 19.21it/s]
loss=0.045| sh degree=2| :  39%|███▉      | 2742/7000 [04:21<03:41, 19.21it/s]
loss=0.029| sh degree=2| :  39%|███▉      | 2742/7000 [04:21<03:41, 19.21it/s]
loss=0.029| sh degree=2| :  39%|███▉      | 2745/7000 [04:21<03:30, 20.25it/s]
loss=0.032| sh degree=2| :  39%|███▉      | 2745/7000 [04:21<03:30, 20.25it/s]
loss=0.034| sh degree=2| :  39%|███▉      | 2745/7000 [04:21<03:30, 20.25it/s]
loss=0.037| sh degree=2| :  39%|███▉      | 2745/7000 [04:21<03:30, 20.25it/s]
loss=0.037| sh degree=2| :  39%|███▉      | 2748/7000 [04:21<03:14, 21.81it/s]
loss=0.052| sh degree=2| :  39%|███▉      | 2748/7000 [04:21<03:14, 21.81it/s]
loss=0.051| sh degree=2| :  39%|███▉      | 2748/7000 [04:21<03:14, 21.81it/s]
loss=0.032| sh degree=2| :  39%|███▉      | 2748/7000 [04:21<03:14, 21.81it/s]
loss=0.032| sh degree=2| :  39%|███▉      | 2751/7000 [04:21<03:02, 23.31it/s]
loss=0.046| sh degree=2| :  39%|███▉      | 2751/7000 [04:21<03:02, 23.31it/s]
loss=0.031| sh degree=2| :  39%|███▉      | 2751/7000 [04:21<03:02, 23.31it/s]
loss=0.033| sh degree=2| :  39%|███▉      | 2751/7000 [04:21<03:02, 23.31it/s]
loss=0.033| sh degree=2| :  39%|███▉      | 2754/7000 [04:21<02:58, 23.79it/s]
loss=0.032| sh degree=2| :  39%|███▉      | 2754/7000 [04:21<02:58, 23.79it/s]
loss=0.045| sh degree=2| :  39%|███▉      | 2754/7000 [04:21<02:58, 23.79it/s]
loss=0.038| sh degree=2| :  39%|███▉      | 2754/7000 [04:21<02:58, 23.79it/s]
loss=0.038| sh degree=2| :  39%|███▉      | 2757/7000 [04:21<03:07, 22.61it/s]
loss=0.029| sh degree=2| :  39%|███▉      | 2757/7000 [04:21<03:07, 22.61it/s]
loss=0.039| sh degree=2| :  39%|███▉      | 2757/7000 [04:21<03:07, 22.61it/s]
loss=0.030| sh degree=2| :  39%|███▉      | 2757/7000 [04:21<03:07, 22.61it/s]
loss=0.030| sh degree=2| :  39%|███▉      | 2760/7000 [04:21<03:01, 23.40it/s]
loss=0.039| sh degree=2| :  39%|███▉      | 2760/7000 [04:21<03:01, 23.40it/s]
loss=0.049| sh degree=2| :  39%|███▉      | 2760/7000 [04:22<03:01, 23.40it/s]
loss=0.032| sh degree=2| :  39%|███▉      | 2760/7000 [04:22<03:01, 23.40it/s]
loss=0.032| sh degree=2| :  39%|███▉      | 2763/7000 [04:22<03:01, 23.30it/s]
loss=0.040| sh degree=2| :  39%|███▉      | 2763/7000 [04:22<03:01, 23.30it/s]
loss=0.057| sh degree=2| :  39%|███▉      | 2763/7000 [04:22<03:01, 23.30it/s]
loss=0.031| sh degree=2| :  39%|███▉      | 2763/7000 [04:22<03:01, 23.30it/s]
loss=0.049| sh degree=2| :  39%|███▉      | 2763/7000 [04:22<03:01, 23.30it/s]
loss=0.049| sh degree=2| :  40%|███▉      | 2767/7000 [04:22<02:41, 26.17it/s]
loss=0.041| sh degree=2| :  40%|███▉      | 2767/7000 [04:22<02:41, 26.17it/s]
loss=0.050| sh degree=2| :  40%|███▉      | 2767/7000 [04:22<02:41, 26.17it/s]
loss=0.047| sh degree=2| :  40%|███▉      | 2767/7000 [04:22<02:41, 26.17it/s]
loss=0.047| sh degree=2| :  40%|███▉      | 2770/7000 [04:22<02:46, 25.37it/s]
loss=0.030| sh degree=2| :  40%|███▉      | 2770/7000 [04:22<02:46, 25.37it/s]
loss=0.032| sh degree=2| :  40%|███▉      | 2770/7000 [04:22<02:46, 25.37it/s]
loss=0.031| sh degree=2| :  40%|███▉      | 2770/7000 [04:22<02:46, 25.37it/s]
loss=0.031| sh degree=2| :  40%|███▉      | 2773/7000 [04:22<02:55, 24.10it/s]
loss=0.033| sh degree=2| :  40%|███▉      | 2773/7000 [04:22<02:55, 24.10it/s]
loss=0.037| sh degree=2| :  40%|███▉      | 2773/7000 [04:22<02:55, 24.10it/s]
loss=0.049| sh degree=2| :  40%|███▉      | 2773/7000 [04:22<02:55, 24.10it/s]
loss=0.049| sh degree=2| :  40%|███▉      | 2776/7000 [04:22<03:00, 23.37it/s]
loss=0.033| sh degree=2| :  40%|███▉      | 2776/7000 [04:22<03:00, 23.37it/s]
loss=0.035| sh degree=2| :  40%|███▉      | 2776/7000 [04:22<03:00, 23.37it/s]
loss=0.037| sh degree=2| :  40%|███▉      | 2776/7000 [04:22<03:00, 23.37it/s]
loss=0.037| sh degree=2| :  40%|███▉      | 2779/7000 [04:22<02:50, 24.76it/s]
loss=0.046| sh degree=2| :  40%|███▉      | 2779/7000 [04:22<02:50, 24.76it/s]
loss=0.036| sh degree=2| :  40%|███▉      | 2779/7000 [04:22<02:50, 24.76it/s]
loss=0.043| sh degree=2| :  40%|███▉      | 2779/7000 [04:22<02:50, 24.76it/s]
loss=0.043| sh degree=2| :  40%|███▉      | 2782/7000 [04:22<02:44, 25.68it/s]
loss=0.037| sh degree=2| :  40%|███▉      | 2782/7000 [04:22<02:44, 25.68it/s]
loss=0.032| sh degree=2| :  40%|███▉      | 2782/7000 [04:22<02:44, 25.68it/s]
loss=0.036| sh degree=2| :  40%|███▉      | 2782/7000 [04:22<02:44, 25.68it/s]
loss=0.036| sh degree=2| :  40%|███▉      | 2785/7000 [04:22<02:39, 26.37it/s]
loss=0.037| sh degree=2| :  40%|███▉      | 2785/7000 [04:22<02:39, 26.37it/s]
loss=0.035| sh degree=2| :  40%|███▉      | 2785/7000 [04:22<02:39, 26.37it/s]
loss=0.040| sh degree=2| :  40%|███▉      | 2785/7000 [04:23<02:39, 26.37it/s]
loss=0.040| sh degree=2| :  40%|███▉      | 2788/7000 [04:23<02:44, 25.68it/s]
loss=0.033| sh degree=2| :  40%|███▉      | 2788/7000 [04:23<02:44, 25.68it/s]
loss=0.050| sh degree=2| :  40%|███▉      | 2788/7000 [04:23<02:44, 25.68it/s]
loss=0.049| sh degree=2| :  40%|███▉      | 2788/7000 [04:23<02:44, 25.68it/s]
loss=0.049| sh degree=2| :  40%|███▉      | 2791/7000 [04:23<02:54, 24.10it/s]
loss=0.048| sh degree=2| :  40%|███▉      | 2791/7000 [04:23<02:54, 24.10it/s]
loss=0.039| sh degree=2| :  40%|███▉      | 2791/7000 [04:23<02:54, 24.10it/s]
loss=0.031| sh degree=2| :  40%|███▉      | 2791/7000 [04:23<02:54, 24.10it/s]
loss=0.031| sh degree=2| :  40%|███▉      | 2794/7000 [04:23<03:00, 23.32it/s]
loss=0.030| sh degree=2| :  40%|███▉      | 2794/7000 [04:23<03:00, 23.32it/s]
loss=0.031| sh degree=2| :  40%|███▉      | 2794/7000 [04:23<03:00, 23.32it/s]
loss=0.045| sh degree=2| :  40%|███▉      | 2794/7000 [04:23<03:00, 23.32it/s]
loss=0.045| sh degree=2| :  40%|███▉      | 2797/7000 [04:23<03:16, 21.40it/s]
loss=0.047| sh degree=2| :  40%|███▉      | 2797/7000 [04:23<03:16, 21.40it/s]
loss=0.046| sh degree=2| :  40%|███▉      | 2797/7000 [04:23<03:16, 21.40it/s]
loss=0.032| sh degree=2| :  40%|███▉      | 2797/7000 [04:23<03:16, 21.40it/s]
loss=0.032| sh degree=2| :  40%|████      | 2800/7000 [04:23<03:07, 22.42it/s]
loss=0.060| sh degree=2| :  40%|████      | 2800/7000 [04:23<03:07, 22.42it/s]
loss=0.035| sh degree=2| :  40%|████      | 2800/7000 [04:23<03:07, 22.42it/s]
loss=0.044| sh degree=2| :  40%|████      | 2800/7000 [04:23<03:07, 22.42it/s]
loss=0.044| sh degree=2| :  40%|████      | 2803/7000 [04:23<02:55, 23.87it/s]
loss=0.031| sh degree=2| :  40%|████      | 2803/7000 [04:23<02:55, 23.87it/s]
loss=0.037| sh degree=2| :  40%|████      | 2803/7000 [04:23<02:55, 23.87it/s]
loss=0.037| sh degree=2| :  40%|████      | 2803/7000 [04:23<02:55, 23.87it/s]
loss=0.037| sh degree=2| :  40%|████      | 2806/7000 [04:23<03:50, 18.23it/s]
loss=0.037| sh degree=2| :  40%|████      | 2806/7000 [04:23<03:50, 18.23it/s]
loss=0.032| sh degree=2| :  40%|████      | 2806/7000 [04:24<03:50, 18.23it/s]
loss=0.046| sh degree=2| :  40%|████      | 2806/7000 [04:24<03:50, 18.23it/s]
loss=0.046| sh degree=2| :  40%|████      | 2809/7000 [04:24<03:31, 19.83it/s]
loss=0.045| sh degree=2| :  40%|████      | 2809/7000 [04:24<03:31, 19.83it/s]
loss=0.040| sh degree=2| :  40%|████      | 2809/7000 [04:24<03:31, 19.83it/s]
loss=0.036| sh degree=2| :  40%|████      | 2809/7000 [04:24<03:31, 19.83it/s]
loss=0.036| sh degree=2| :  40%|████      | 2812/7000 [04:24<03:18, 21.05it/s]
loss=0.046| sh degree=2| :  40%|████      | 2812/7000 [04:24<03:18, 21.05it/s]
loss=0.042| sh degree=2| :  40%|████      | 2812/7000 [04:24<03:18, 21.05it/s]
loss=0.030| sh degree=2| :  40%|████      | 2812/7000 [04:24<03:18, 21.05it/s]
loss=0.030| sh degree=2| :  40%|████      | 2815/7000 [04:24<03:09, 22.14it/s]
loss=0.054| sh degree=2| :  40%|████      | 2815/7000 [04:24<03:09, 22.14it/s]
loss=0.046| sh degree=2| :  40%|████      | 2815/7000 [04:24<03:09, 22.14it/s]
loss=0.032| sh degree=2| :  40%|████      | 2815/7000 [04:24<03:09, 22.14it/s]
loss=0.032| sh degree=2| :  40%|████      | 2818/7000 [04:24<03:15, 21.35it/s]
loss=0.032| sh degree=2| :  40%|████      | 2818/7000 [04:24<03:15, 21.35it/s]
loss=0.039| sh degree=2| :  40%|████      | 2818/7000 [04:24<03:15, 21.35it/s]
loss=0.046| sh degree=2| :  40%|████      | 2818/7000 [04:24<03:15, 21.35it/s]
loss=0.046| sh degree=2| :  40%|████      | 2821/7000 [04:24<02:58, 23.37it/s]
loss=0.035| sh degree=2| :  40%|████      | 2821/7000 [04:24<02:58, 23.37it/s]
loss=0.034| sh degree=2| :  40%|████      | 2821/7000 [04:24<02:58, 23.37it/s]
loss=0.039| sh degree=2| :  40%|████      | 2821/7000 [04:24<02:58, 23.37it/s]
loss=0.039| sh degree=2| :  40%|████      | 2824/7000 [04:24<02:58, 23.39it/s]
loss=0.029| sh degree=2| :  40%|████      | 2824/7000 [04:24<02:58, 23.39it/s]
loss=0.045| sh degree=2| :  40%|████      | 2824/7000 [04:24<02:58, 23.39it/s]
loss=0.049| sh degree=2| :  40%|████      | 2824/7000 [04:24<02:58, 23.39it/s]
loss=0.049| sh degree=2| :  40%|████      | 2827/7000 [04:24<02:52, 24.21it/s]
loss=0.050| sh degree=2| :  40%|████      | 2827/7000 [04:24<02:52, 24.21it/s]
loss=0.054| sh degree=2| :  40%|████      | 2827/7000 [04:24<02:52, 24.21it/s]
loss=0.034| sh degree=2| :  40%|████      | 2827/7000 [04:24<02:52, 24.21it/s]
loss=0.034| sh degree=2| :  40%|████      | 2830/7000 [04:24<03:01, 22.93it/s]
loss=0.042| sh degree=2| :  40%|████      | 2830/7000 [04:24<03:01, 22.93it/s]
loss=0.071| sh degree=2| :  40%|████      | 2830/7000 [04:25<03:01, 22.93it/s]
loss=0.047| sh degree=2| :  40%|████      | 2830/7000 [04:25<03:01, 22.93it/s]
loss=0.038| sh degree=2| :  40%|████      | 2830/7000 [04:25<03:01, 22.93it/s]
loss=0.038| sh degree=2| :  40%|████      | 2834/7000 [04:25<02:42, 25.67it/s]
loss=0.031| sh degree=2| :  40%|████      | 2834/7000 [04:25<02:42, 25.67it/s]
loss=0.036| sh degree=2| :  40%|████      | 2834/7000 [04:25<02:42, 25.67it/s]
loss=0.050| sh degree=2| :  40%|████      | 2834/7000 [04:25<02:42, 25.67it/s]
loss=0.042| sh degree=2| :  40%|████      | 2834/7000 [04:25<02:42, 25.67it/s]
loss=0.042| sh degree=2| :  41%|████      | 2838/7000 [04:25<02:27, 28.14it/s]
loss=0.029| sh degree=2| :  41%|████      | 2838/7000 [04:25<02:27, 28.14it/s]
loss=0.032| sh degree=2| :  41%|████      | 2838/7000 [04:25<02:27, 28.14it/s]
loss=0.066| sh degree=2| :  41%|████      | 2838/7000 [04:25<02:27, 28.14it/s]
loss=0.066| sh degree=2| :  41%|████      | 2841/7000 [04:25<02:36, 26.54it/s]
loss=0.039| sh degree=2| :  41%|████      | 2841/7000 [04:25<02:36, 26.54it/s]
loss=0.059| sh degree=2| :  41%|████      | 2841/7000 [04:25<02:36, 26.54it/s]
loss=0.047| sh degree=2| :  41%|████      | 2841/7000 [04:25<02:36, 26.54it/s]
loss=0.047| sh degree=2| :  41%|████      | 2844/7000 [04:25<02:53, 24.00it/s]
loss=0.054| sh degree=2| :  41%|████      | 2844/7000 [04:25<02:53, 24.00it/s]
loss=0.051| sh degree=2| :  41%|████      | 2844/7000 [04:25<02:53, 24.00it/s]
loss=0.044| sh degree=2| :  41%|████      | 2844/7000 [04:25<02:53, 24.00it/s]
loss=0.044| sh degree=2| :  41%|████      | 2847/7000 [04:25<02:52, 24.12it/s]
loss=0.037| sh degree=2| :  41%|████      | 2847/7000 [04:25<02:52, 24.12it/s]
loss=0.034| sh degree=2| :  41%|████      | 2847/7000 [04:25<02:52, 24.12it/s]
loss=0.034| sh degree=2| :  41%|████      | 2847/7000 [04:25<02:52, 24.12it/s]
loss=0.034| sh degree=2| :  41%|████      | 2850/7000 [04:25<02:55, 23.70it/s]
loss=0.044| sh degree=2| :  41%|████      | 2850/7000 [04:25<02:55, 23.70it/s]
loss=0.035| sh degree=2| :  41%|████      | 2850/7000 [04:25<02:55, 23.70it/s]
loss=0.035| sh degree=2| :  41%|████      | 2850/7000 [04:25<02:55, 23.70it/s]
loss=0.035| sh degree=2| :  41%|████      | 2853/7000 [04:25<02:52, 24.04it/s]
loss=0.039| sh degree=2| :  41%|████      | 2853/7000 [04:25<02:52, 24.04it/s]
loss=0.049| sh degree=2| :  41%|████      | 2853/7000 [04:25<02:52, 24.04it/s]
loss=0.035| sh degree=2| :  41%|████      | 2853/7000 [04:25<02:52, 24.04it/s]
loss=0.035| sh degree=2| :  41%|████      | 2856/7000 [04:25<02:54, 23.76it/s]
loss=0.041| sh degree=2| :  41%|████      | 2856/7000 [04:26<02:54, 23.76it/s]
loss=0.033| sh degree=2| :  41%|████      | 2856/7000 [04:26<02:54, 23.76it/s]
loss=0.039| sh degree=2| :  41%|████      | 2856/7000 [04:26<02:54, 23.76it/s]
loss=0.039| sh degree=2| :  41%|████      | 2859/7000 [04:26<02:47, 24.68it/s]
loss=0.041| sh degree=2| :  41%|████      | 2859/7000 [04:26<02:47, 24.68it/s]
loss=0.038| sh degree=2| :  41%|████      | 2859/7000 [04:26<02:47, 24.68it/s]
loss=0.042| sh degree=2| :  41%|████      | 2859/7000 [04:26<02:47, 24.68it/s]
loss=0.042| sh degree=2| :  41%|████      | 2862/7000 [04:26<02:46, 24.87it/s]
loss=0.057| sh degree=2| :  41%|████      | 2862/7000 [04:26<02:46, 24.87it/s]
loss=0.029| sh degree=2| :  41%|████      | 2862/7000 [04:26<02:46, 24.87it/s]
loss=0.035| sh degree=2| :  41%|████      | 2862/7000 [04:26<02:46, 24.87it/s]
loss=0.035| sh degree=2| :  41%|████      | 2865/7000 [04:26<02:51, 24.13it/s]
loss=0.034| sh degree=2| :  41%|████      | 2865/7000 [04:26<02:51, 24.13it/s]
loss=0.054| sh degree=2| :  41%|████      | 2865/7000 [04:26<02:51, 24.13it/s]
loss=0.031| sh degree=2| :  41%|████      | 2865/7000 [04:26<02:51, 24.13it/s]
loss=0.031| sh degree=2| :  41%|████      | 2868/7000 [04:26<02:52, 23.95it/s]
loss=0.057| sh degree=2| :  41%|████      | 2868/7000 [04:26<02:52, 23.95it/s]
loss=0.044| sh degree=2| :  41%|████      | 2868/7000 [04:26<02:52, 23.95it/s]
loss=0.034| sh degree=2| :  41%|████      | 2868/7000 [04:26<02:52, 23.95it/s]
loss=0.034| sh degree=2| :  41%|████      | 2871/7000 [04:26<02:45, 24.94it/s]
loss=0.030| sh degree=2| :  41%|████      | 2871/7000 [04:26<02:45, 24.94it/s]
loss=0.033| sh degree=2| :  41%|████      | 2871/7000 [04:26<02:45, 24.94it/s]
loss=0.046| sh degree=2| :  41%|████      | 2871/7000 [04:26<02:45, 24.94it/s]
loss=0.046| sh degree=2| :  41%|████      | 2874/7000 [04:26<02:40, 25.77it/s]
loss=0.045| sh degree=2| :  41%|████      | 2874/7000 [04:26<02:40, 25.77it/s]
loss=0.054| sh degree=2| :  41%|████      | 2874/7000 [04:26<02:40, 25.77it/s]
loss=0.030| sh degree=2| :  41%|████      | 2874/7000 [04:26<02:40, 25.77it/s]
loss=0.030| sh degree=2| :  41%|████      | 2877/7000 [04:26<02:45, 24.86it/s]
loss=0.058| sh degree=2| :  41%|████      | 2877/7000 [04:26<02:45, 24.86it/s]
loss=0.037| sh degree=2| :  41%|████      | 2877/7000 [04:26<02:45, 24.86it/s]
loss=0.028| sh degree=2| :  41%|████      | 2877/7000 [04:26<02:45, 24.86it/s]
loss=0.028| sh degree=2| :  41%|████      | 2880/7000 [04:26<02:39, 25.78it/s]
loss=0.039| sh degree=2| :  41%|████      | 2880/7000 [04:26<02:39, 25.78it/s]
loss=0.038| sh degree=2| :  41%|████      | 2880/7000 [04:27<02:39, 25.78it/s]
loss=0.037| sh degree=2| :  41%|████      | 2880/7000 [04:27<02:39, 25.78it/s]
loss=0.037| sh degree=2| :  41%|████      | 2883/7000 [04:27<02:40, 25.66it/s]
loss=0.030| sh degree=2| :  41%|████      | 2883/7000 [04:27<02:40, 25.66it/s]
loss=0.029| sh degree=2| :  41%|████      | 2883/7000 [04:27<02:40, 25.66it/s]
loss=0.034| sh degree=2| :  41%|████      | 2883/7000 [04:27<02:40, 25.66it/s]
loss=0.034| sh degree=2| :  41%|████      | 2886/7000 [04:27<02:41, 25.46it/s]
loss=0.035| sh degree=2| :  41%|████      | 2886/7000 [04:27<02:41, 25.46it/s]
loss=0.028| sh degree=2| :  41%|████      | 2886/7000 [04:27<02:41, 25.46it/s]
loss=0.047| sh degree=2| :  41%|████      | 2886/7000 [04:27<02:41, 25.46it/s]
loss=0.047| sh degree=2| :  41%|████▏     | 2889/7000 [04:27<02:38, 26.01it/s]
loss=0.051| sh degree=2| :  41%|████▏     | 2889/7000 [04:27<02:38, 26.01it/s]
loss=0.038| sh degree=2| :  41%|████▏     | 2889/7000 [04:27<02:38, 26.01it/s]
loss=0.044| sh degree=2| :  41%|████▏     | 2889/7000 [04:27<02:38, 26.01it/s]
loss=0.044| sh degree=2| :  41%|████▏     | 2892/7000 [04:27<02:36, 26.30it/s]
loss=0.053| sh degree=2| :  41%|████▏     | 2892/7000 [04:27<02:36, 26.30it/s]
loss=0.033| sh degree=2| :  41%|████▏     | 2892/7000 [04:27<02:36, 26.30it/s]
loss=0.043| sh degree=2| :  41%|████▏     | 2892/7000 [04:27<02:36, 26.30it/s]
loss=0.043| sh degree=2| :  41%|████▏     | 2895/7000 [04:27<02:40, 25.52it/s]
loss=0.042| sh degree=2| :  41%|████▏     | 2895/7000 [04:27<02:40, 25.52it/s]
loss=0.027| sh degree=2| :  41%|████▏     | 2895/7000 [04:27<02:40, 25.52it/s]
loss=0.040| sh degree=2| :  41%|████▏     | 2895/7000 [04:27<02:40, 25.52it/s]
loss=0.040| sh degree=2| :  41%|████▏     | 2898/7000 [04:27<02:41, 25.35it/s]
loss=0.032| sh degree=2| :  41%|████▏     | 2898/7000 [04:27<02:41, 25.35it/s]
loss=0.042| sh degree=2| :  41%|████▏     | 2898/7000 [04:27<02:41, 25.35it/s]
loss=0.044| sh degree=2| :  41%|████▏     | 2898/7000 [04:27<02:41, 25.35it/s]
loss=0.044| sh degree=2| :  41%|████▏     | 2901/7000 [04:27<03:05, 22.04it/s]
loss=0.055| sh degree=2| :  41%|████▏     | 2901/7000 [04:27<03:05, 22.04it/s]
loss=0.042| sh degree=2| :  41%|████▏     | 2901/7000 [04:27<03:05, 22.04it/s]
loss=0.033| sh degree=2| :  41%|████▏     | 2901/7000 [04:27<03:05, 22.04it/s]
loss=0.048| sh degree=2| :  41%|████▏     | 2901/7000 [04:27<03:05, 22.04it/s]
loss=0.048| sh degree=2| :  42%|████▏     | 2905/7000 [04:27<02:46, 24.55it/s]
loss=0.040| sh degree=2| :  42%|████▏     | 2905/7000 [04:27<02:46, 24.55it/s]
loss=0.048| sh degree=2| :  42%|████▏     | 2905/7000 [04:27<02:46, 24.55it/s]
loss=0.030| sh degree=2| :  42%|████▏     | 2905/7000 [04:28<02:46, 24.55it/s]
loss=0.029| sh degree=2| :  42%|████▏     | 2905/7000 [04:28<02:46, 24.55it/s]
loss=0.029| sh degree=2| :  42%|████▏     | 2909/7000 [04:28<02:38, 25.80it/s]
loss=0.034| sh degree=2| :  42%|████▏     | 2909/7000 [04:28<02:38, 25.80it/s]
loss=0.038| sh degree=2| :  42%|████▏     | 2909/7000 [04:28<02:38, 25.80it/s]
loss=0.027| sh degree=2| :  42%|████▏     | 2909/7000 [04:28<02:38, 25.80it/s]
loss=0.027| sh degree=2| :  42%|████▏     | 2912/7000 [04:28<02:37, 25.98it/s]
loss=0.047| sh degree=2| :  42%|████▏     | 2912/7000 [04:28<02:37, 25.98it/s]
loss=0.042| sh degree=2| :  42%|████▏     | 2912/7000 [04:28<02:37, 25.98it/s]
loss=0.036| sh degree=2| :  42%|████▏     | 2912/7000 [04:28<02:37, 25.98it/s]
loss=0.036| sh degree=2| :  42%|████▏     | 2915/7000 [04:28<03:00, 22.66it/s]
loss=0.061| sh degree=2| :  42%|████▏     | 2915/7000 [04:28<03:00, 22.66it/s]
loss=0.051| sh degree=2| :  42%|████▏     | 2915/7000 [04:28<03:00, 22.66it/s]
loss=0.046| sh degree=2| :  42%|████▏     | 2915/7000 [04:28<03:00, 22.66it/s]
loss=0.046| sh degree=2| :  42%|████▏     | 2918/7000 [04:28<03:09, 21.55it/s]
loss=0.036| sh degree=2| :  42%|████▏     | 2918/7000 [04:28<03:09, 21.55it/s]
loss=0.030| sh degree=2| :  42%|████▏     | 2918/7000 [04:28<03:09, 21.55it/s]
loss=0.032| sh degree=2| :  42%|████▏     | 2918/7000 [04:28<03:09, 21.55it/s]
loss=0.032| sh degree=2| :  42%|████▏     | 2921/7000 [04:28<03:03, 22.28it/s]
loss=0.031| sh degree=2| :  42%|████▏     | 2921/7000 [04:28<03:03, 22.28it/s]
loss=0.031| sh degree=2| :  42%|████▏     | 2921/7000 [04:28<03:03, 22.28it/s]
loss=0.036| sh degree=2| :  42%|████▏     | 2921/7000 [04:28<03:03, 22.28it/s]
loss=0.036| sh degree=2| :  42%|████▏     | 2924/7000 [04:28<02:58, 22.81it/s]
loss=0.038| sh degree=2| :  42%|████▏     | 2924/7000 [04:28<02:58, 22.81it/s]
loss=0.048| sh degree=2| :  42%|████▏     | 2924/7000 [04:28<02:58, 22.81it/s]
loss=0.031| sh degree=2| :  42%|████▏     | 2924/7000 [04:28<02:58, 22.81it/s]
loss=0.031| sh degree=2| :  42%|████▏     | 2927/7000 [04:28<03:03, 22.25it/s]
loss=0.047| sh degree=2| :  42%|████▏     | 2927/7000 [04:28<03:03, 22.25it/s]
loss=0.039| sh degree=2| :  42%|████▏     | 2927/7000 [04:28<03:03, 22.25it/s]
loss=0.051| sh degree=2| :  42%|████▏     | 2927/7000 [04:29<03:03, 22.25it/s]
loss=0.051| sh degree=2| :  42%|████▏     | 2930/7000 [04:29<03:03, 22.24it/s]
loss=0.049| sh degree=2| :  42%|████▏     | 2930/7000 [04:29<03:03, 22.24it/s]
loss=0.043| sh degree=2| :  42%|████▏     | 2930/7000 [04:29<03:03, 22.24it/s]
loss=0.032| sh degree=2| :  42%|████▏     | 2930/7000 [04:29<03:03, 22.24it/s]
loss=0.032| sh degree=2| :  42%|████▏     | 2933/7000 [04:29<03:12, 21.07it/s]
loss=0.039| sh degree=2| :  42%|████▏     | 2933/7000 [04:29<03:12, 21.07it/s]
loss=0.047| sh degree=2| :  42%|████▏     | 2933/7000 [04:29<03:12, 21.07it/s]
loss=0.037| sh degree=2| :  42%|████▏     | 2933/7000 [04:29<03:12, 21.07it/s]
loss=0.037| sh degree=2| :  42%|████▏     | 2936/7000 [04:29<03:18, 20.43it/s]
loss=0.038| sh degree=2| :  42%|████▏     | 2936/7000 [04:29<03:18, 20.43it/s]
loss=0.047| sh degree=2| :  42%|████▏     | 2936/7000 [04:29<03:18, 20.43it/s]
loss=0.033| sh degree=2| :  42%|████▏     | 2936/7000 [04:29<03:18, 20.43it/s]
loss=0.033| sh degree=2| :  42%|████▏     | 2939/7000 [04:29<03:06, 21.76it/s]
loss=0.054| sh degree=2| :  42%|████▏     | 2939/7000 [04:29<03:06, 21.76it/s]
loss=0.039| sh degree=2| :  42%|████▏     | 2939/7000 [04:29<03:06, 21.76it/s]
loss=0.052| sh degree=2| :  42%|████▏     | 2939/7000 [04:29<03:06, 21.76it/s]
loss=0.052| sh degree=2| :  42%|████▏     | 2942/7000 [04:29<03:00, 22.51it/s]
loss=0.029| sh degree=2| :  42%|████▏     | 2942/7000 [04:29<03:00, 22.51it/s]
loss=0.035| sh degree=2| :  42%|████▏     | 2942/7000 [04:29<03:00, 22.51it/s]
loss=0.057| sh degree=2| :  42%|████▏     | 2942/7000 [04:29<03:00, 22.51it/s]
loss=0.057| sh degree=2| :  42%|████▏     | 2945/7000 [04:29<03:07, 21.57it/s]
loss=0.032| sh degree=2| :  42%|████▏     | 2945/7000 [04:29<03:07, 21.57it/s]
loss=0.034| sh degree=2| :  42%|████▏     | 2945/7000 [04:29<03:07, 21.57it/s]
loss=0.037| sh degree=2| :  42%|████▏     | 2945/7000 [04:29<03:07, 21.57it/s]
loss=0.037| sh degree=2| :  42%|████▏     | 2948/7000 [04:29<02:58, 22.74it/s]
loss=0.033| sh degree=2| :  42%|████▏     | 2948/7000 [04:29<02:58, 22.74it/s]
loss=0.032| sh degree=2| :  42%|████▏     | 2948/7000 [04:29<02:58, 22.74it/s]
loss=0.031| sh degree=2| :  42%|████▏     | 2948/7000 [04:29<02:58, 22.74it/s]
loss=0.052| sh degree=2| :  42%|████▏     | 2948/7000 [04:30<02:58, 22.74it/s]
loss=0.052| sh degree=2| :  42%|████▏     | 2952/7000 [04:30<02:40, 25.15it/s]
loss=0.046| sh degree=2| :  42%|████▏     | 2952/7000 [04:30<02:40, 25.15it/s]
loss=0.030| sh degree=2| :  42%|████▏     | 2952/7000 [04:30<02:40, 25.15it/s]
loss=0.050| sh degree=2| :  42%|████▏     | 2952/7000 [04:30<02:40, 25.15it/s]
loss=0.050| sh degree=2| :  42%|████▏     | 2955/7000 [04:30<02:41, 25.03it/s]
loss=0.055| sh degree=2| :  42%|████▏     | 2955/7000 [04:30<02:41, 25.03it/s]
loss=0.032| sh degree=2| :  42%|████▏     | 2955/7000 [04:30<02:41, 25.03it/s]
loss=0.033| sh degree=2| :  42%|████▏     | 2955/7000 [04:30<02:41, 25.03it/s]
loss=0.033| sh degree=2| :  42%|████▏     | 2958/7000 [04:30<02:39, 25.39it/s]
loss=0.048| sh degree=2| :  42%|████▏     | 2958/7000 [04:30<02:39, 25.39it/s]
loss=0.046| sh degree=2| :  42%|████▏     | 2958/7000 [04:30<02:39, 25.39it/s]
loss=0.048| sh degree=2| :  42%|████▏     | 2958/7000 [04:30<02:39, 25.39it/s]
loss=0.048| sh degree=2| :  42%|████▏     | 2961/7000 [04:30<02:41, 24.94it/s]
loss=0.047| sh degree=2| :  42%|████▏     | 2961/7000 [04:30<02:41, 24.94it/s]
loss=0.039| sh degree=2| :  42%|████▏     | 2961/7000 [04:30<02:41, 24.94it/s]
loss=0.047| sh degree=2| :  42%|████▏     | 2961/7000 [04:30<02:41, 24.94it/s]
loss=0.047| sh degree=2| :  42%|████▏     | 2964/7000 [04:30<02:42, 24.79it/s]
loss=0.048| sh degree=2| :  42%|████▏     | 2964/7000 [04:30<02:42, 24.79it/s]
loss=0.044| sh degree=2| :  42%|████▏     | 2964/7000 [04:30<02:42, 24.79it/s]
loss=0.032| sh degree=2| :  42%|████▏     | 2964/7000 [04:30<02:42, 24.79it/s]
loss=0.032| sh degree=2| :  42%|████▏     | 2967/7000 [04:30<03:00, 22.31it/s]
loss=0.030| sh degree=2| :  42%|████▏     | 2967/7000 [04:30<03:00, 22.31it/s]
loss=0.037| sh degree=2| :  42%|████▏     | 2967/7000 [04:30<03:00, 22.31it/s]
loss=0.048| sh degree=2| :  42%|████▏     | 2967/7000 [04:30<03:00, 22.31it/s]
loss=0.048| sh degree=2| :  42%|████▏     | 2970/7000 [04:30<02:54, 23.04it/s]
loss=0.036| sh degree=2| :  42%|████▏     | 2970/7000 [04:30<02:54, 23.04it/s]
loss=0.050| sh degree=2| :  42%|████▏     | 2970/7000 [04:30<02:54, 23.04it/s]
loss=0.029| sh degree=2| :  42%|████▏     | 2970/7000 [04:30<02:54, 23.04it/s]
loss=0.029| sh degree=2| :  42%|████▏     | 2973/7000 [04:30<02:55, 22.99it/s]
loss=0.034| sh degree=2| :  42%|████▏     | 2973/7000 [04:30<02:55, 22.99it/s]
loss=0.052| sh degree=2| :  42%|████▏     | 2973/7000 [04:30<02:55, 22.99it/s]
loss=0.045| sh degree=2| :  42%|████▏     | 2973/7000 [04:31<02:55, 22.99it/s]
loss=0.045| sh degree=2| :  43%|████▎     | 2976/7000 [04:31<02:53, 23.13it/s]
loss=0.033| sh degree=2| :  43%|████▎     | 2976/7000 [04:31<02:53, 23.13it/s]
loss=0.056| sh degree=2| :  43%|████▎     | 2976/7000 [04:31<02:53, 23.13it/s]
loss=0.031| sh degree=2| :  43%|████▎     | 2976/7000 [04:31<02:53, 23.13it/s]
loss=0.031| sh degree=2| :  43%|████▎     | 2979/7000 [04:31<02:45, 24.25it/s]
loss=0.049| sh degree=2| :  43%|████▎     | 2979/7000 [04:31<02:45, 24.25it/s]
loss=0.044| sh degree=2| :  43%|████▎     | 2979/7000 [04:31<02:45, 24.25it/s]
loss=0.043| sh degree=2| :  43%|████▎     | 2979/7000 [04:31<02:45, 24.25it/s]
loss=0.043| sh degree=2| :  43%|████▎     | 2982/7000 [04:31<02:57, 22.67it/s]
loss=0.030| sh degree=2| :  43%|████▎     | 2982/7000 [04:31<02:57, 22.67it/s]
loss=0.034| sh degree=2| :  43%|████▎     | 2982/7000 [04:31<02:57, 22.67it/s]
loss=0.029| sh degree=2| :  43%|████▎     | 2982/7000 [04:31<02:57, 22.67it/s]
loss=0.029| sh degree=2| :  43%|████▎     | 2985/7000 [04:31<02:47, 24.00it/s]
loss=0.031| sh degree=2| :  43%|████▎     | 2985/7000 [04:31<02:47, 24.00it/s]
loss=0.030| sh degree=2| :  43%|████▎     | 2985/7000 [04:31<02:47, 24.00it/s]
loss=0.039| sh degree=2| :  43%|████▎     | 2985/7000 [04:31<02:47, 24.00it/s]
loss=0.039| sh degree=2| :  43%|████▎     | 2988/7000 [04:31<02:56, 22.71it/s]
loss=0.040| sh degree=2| :  43%|████▎     | 2988/7000 [04:31<02:56, 22.71it/s]
loss=0.056| sh degree=2| :  43%|████▎     | 2988/7000 [04:31<02:56, 22.71it/s]
loss=0.046| sh degree=2| :  43%|████▎     | 2988/7000 [04:31<02:56, 22.71it/s]
loss=0.046| sh degree=2| :  43%|████▎     | 2991/7000 [04:31<02:53, 23.05it/s]
loss=0.037| sh degree=2| :  43%|████▎     | 2991/7000 [04:31<02:53, 23.05it/s]
loss=0.027| sh degree=2| :  43%|████▎     | 2991/7000 [04:31<02:53, 23.05it/s]
loss=0.048| sh degree=2| :  43%|████▎     | 2991/7000 [04:31<02:53, 23.05it/s]
loss=0.048| sh degree=2| :  43%|████▎     | 2994/7000 [04:31<03:00, 22.22it/s]
loss=0.049| sh degree=2| :  43%|████▎     | 2994/7000 [04:31<03:00, 22.22it/s]
loss=0.050| sh degree=2| :  43%|████▎     | 2994/7000 [04:31<03:00, 22.22it/s]
loss=0.046| sh degree=2| :  43%|████▎     | 2994/7000 [04:31<03:00, 22.22it/s]
loss=0.046| sh degree=2| :  43%|████▎     | 2997/7000 [04:31<03:02, 21.96it/s]
loss=0.051| sh degree=2| :  43%|████▎     | 2997/7000 [04:31<03:02, 21.96it/s]
loss=0.045| sh degree=2| :  43%|████▎     | 2997/7000 [04:32<03:02, 21.96it/s]
loss=0.030| sh degree=2| :  43%|████▎     | 2997/7000 [04:32<03:02, 21.96it/s]
loss=0.030| sh degree=2| :  43%|████▎     | 3000/7000 [04:32<03:15, 20.45it/s]
loss=0.031| sh degree=3| :  43%|████▎     | 3000/7000 [04:32<03:15, 20.45it/s]
loss=0.056| sh degree=3| :  43%|████▎     | 3000/7000 [04:32<03:15, 20.45it/s]
loss=0.035| sh degree=3| :  43%|████▎     | 3000/7000 [04:32<03:15, 20.45it/s]
loss=0.035| sh degree=3| :  43%|████▎     | 3003/7000 [04:32<03:21, 19.82it/s]
loss=0.051| sh degree=3| :  43%|████▎     | 3003/7000 [04:32<03:21, 19.82it/s]
loss=0.056| sh degree=3| :  43%|████▎     | 3003/7000 [04:32<03:21, 19.82it/s]
loss=0.043| sh degree=3| :  43%|████▎     | 3003/7000 [04:32<03:21, 19.82it/s]
loss=0.043| sh degree=3| :  43%|████▎     | 3006/7000 [04:32<03:07, 21.34it/s]
loss=0.045| sh degree=3| :  43%|████▎     | 3006/7000 [04:32<03:07, 21.34it/s]
loss=0.032| sh degree=3| :  43%|████▎     | 3006/7000 [04:32<03:07, 21.34it/s]
loss=0.037| sh degree=3| :  43%|████▎     | 3006/7000 [04:32<03:07, 21.34it/s]
loss=0.037| sh degree=3| :  43%|████▎     | 3009/7000 [04:32<03:15, 20.42it/s]
loss=0.036| sh degree=3| :  43%|████▎     | 3009/7000 [04:32<03:15, 20.42it/s]
loss=0.051| sh degree=3| :  43%|████▎     | 3009/7000 [04:32<03:15, 20.42it/s]
loss=0.050| sh degree=3| :  43%|████▎     | 3009/7000 [04:32<03:15, 20.42it/s]
loss=0.050| sh degree=3| :  43%|████▎     | 3012/7000 [04:32<03:08, 21.17it/s]
loss=0.034| sh degree=3| :  43%|████▎     | 3012/7000 [04:32<03:08, 21.17it/s]
loss=0.031| sh degree=3| :  43%|████▎     | 3012/7000 [04:32<03:08, 21.17it/s]
loss=0.055| sh degree=3| :  43%|████▎     | 3012/7000 [04:32<03:08, 21.17it/s]
loss=0.055| sh degree=3| :  43%|████▎     | 3015/7000 [04:32<03:17, 20.20it/s]
loss=0.034| sh degree=3| :  43%|████▎     | 3015/7000 [04:32<03:17, 20.20it/s]
loss=0.031| sh degree=3| :  43%|████▎     | 3015/7000 [04:32<03:17, 20.20it/s]
loss=0.037| sh degree=3| :  43%|████▎     | 3015/7000 [04:33<03:17, 20.20it/s]
loss=0.037| sh degree=3| :  43%|████▎     | 3018/7000 [04:33<03:14, 20.45it/s]
loss=0.030| sh degree=3| :  43%|████▎     | 3018/7000 [04:33<03:14, 20.45it/s]
loss=0.029| sh degree=3| :  43%|████▎     | 3018/7000 [04:33<03:14, 20.45it/s]
loss=0.029| sh degree=3| :  43%|████▎     | 3018/7000 [04:33<03:14, 20.45it/s]
loss=0.029| sh degree=3| :  43%|████▎     | 3021/7000 [04:33<03:06, 21.33it/s]
loss=0.041| sh degree=3| :  43%|████▎     | 3021/7000 [04:33<03:06, 21.33it/s]
loss=0.032| sh degree=3| :  43%|████▎     | 3021/7000 [04:33<03:06, 21.33it/s]
loss=0.053| sh degree=3| :  43%|████▎     | 3021/7000 [04:33<03:06, 21.33it/s]
loss=0.053| sh degree=3| :  43%|████▎     | 3024/7000 [04:33<02:52, 23.10it/s]
loss=0.056| sh degree=3| :  43%|████▎     | 3024/7000 [04:33<02:52, 23.10it/s]
loss=0.039| sh degree=3| :  43%|████▎     | 3024/7000 [04:33<02:52, 23.10it/s]
loss=0.040| sh degree=3| :  43%|████▎     | 3024/7000 [04:33<02:52, 23.10it/s]
loss=0.040| sh degree=3| :  43%|████▎     | 3027/7000 [04:33<02:45, 23.94it/s]
loss=0.030| sh degree=3| :  43%|████▎     | 3027/7000 [04:33<02:45, 23.94it/s]
loss=0.037| sh degree=3| :  43%|████▎     | 3027/7000 [04:33<02:45, 23.94it/s]
loss=0.045| sh degree=3| :  43%|████▎     | 3027/7000 [04:33<02:45, 23.94it/s]
loss=0.045| sh degree=3| :  43%|████▎     | 3030/7000 [04:33<02:39, 24.86it/s]
loss=0.027| sh degree=3| :  43%|████▎     | 3030/7000 [04:33<02:39, 24.86it/s]
loss=0.033| sh degree=3| :  43%|████▎     | 3030/7000 [04:33<02:39, 24.86it/s]
loss=0.038| sh degree=3| :  43%|████▎     | 3030/7000 [04:33<02:39, 24.86it/s]
loss=0.038| sh degree=3| :  43%|████▎     | 3033/7000 [04:33<02:52, 23.03it/s]
loss=0.053| sh degree=3| :  43%|████▎     | 3033/7000 [04:33<02:52, 23.03it/s]
loss=0.052| sh degree=3| :  43%|████▎     | 3033/7000 [04:33<02:52, 23.03it/s]
loss=0.029| sh degree=3| :  43%|████▎     | 3033/7000 [04:33<02:52, 23.03it/s]
loss=0.029| sh degree=3| :  43%|████▎     | 3036/7000 [04:33<02:59, 22.02it/s]
loss=0.036| sh degree=3| :  43%|████▎     | 3036/7000 [04:33<02:59, 22.02it/s]
loss=0.049| sh degree=3| :  43%|████▎     | 3036/7000 [04:33<02:59, 22.02it/s]
loss=0.034| sh degree=3| :  43%|████▎     | 3036/7000 [04:33<02:59, 22.02it/s]
loss=0.034| sh degree=3| :  43%|████▎     | 3039/7000 [04:34<03:36, 18.30it/s]
loss=0.047| sh degree=3| :  43%|████▎     | 3039/7000 [04:34<03:36, 18.30it/s]
loss=0.038| sh degree=3| :  43%|████▎     | 3039/7000 [04:34<03:36, 18.30it/s]
loss=0.038| sh degree=3| :  43%|████▎     | 3041/7000 [04:34<03:37, 18.21it/s]
loss=0.047| sh degree=3| :  43%|████▎     | 3041/7000 [04:34<03:37, 18.21it/s]
loss=0.029| sh degree=3| :  43%|████▎     | 3041/7000 [04:34<03:37, 18.21it/s]
loss=0.055| sh degree=3| :  43%|████▎     | 3041/7000 [04:34<03:37, 18.21it/s]
loss=0.055| sh degree=3| :  43%|████▎     | 3044/7000 [04:34<03:24, 19.30it/s]
loss=0.036| sh degree=3| :  43%|████▎     | 3044/7000 [04:34<03:24, 19.30it/s]
loss=0.034| sh degree=3| :  43%|████▎     | 3044/7000 [04:34<03:24, 19.30it/s]
loss=0.047| sh degree=3| :  43%|████▎     | 3044/7000 [04:34<03:24, 19.30it/s]
loss=0.047| sh degree=3| :  44%|████▎     | 3047/7000 [04:34<03:08, 20.92it/s]
loss=0.048| sh degree=3| :  44%|████▎     | 3047/7000 [04:34<03:08, 20.92it/s]
loss=0.028| sh degree=3| :  44%|████▎     | 3047/7000 [04:34<03:08, 20.92it/s]
loss=0.042| sh degree=3| :  44%|████▎     | 3047/7000 [04:34<03:08, 20.92it/s]
loss=0.042| sh degree=3| :  44%|████▎     | 3050/7000 [04:34<02:57, 22.26it/s]
loss=0.046| sh degree=3| :  44%|████▎     | 3050/7000 [04:34<02:57, 22.26it/s]
loss=0.038| sh degree=3| :  44%|████▎     | 3050/7000 [04:34<02:57, 22.26it/s]
loss=0.039| sh degree=3| :  44%|████▎     | 3050/7000 [04:34<02:57, 22.26it/s]
loss=0.039| sh degree=3| :  44%|████▎     | 3053/7000 [04:34<02:52, 22.94it/s]
loss=0.050| sh degree=3| :  44%|████▎     | 3053/7000 [04:34<02:52, 22.94it/s]
loss=0.040| sh degree=3| :  44%|████▎     | 3053/7000 [04:34<02:52, 22.94it/s]
loss=0.034| sh degree=3| :  44%|████▎     | 3053/7000 [04:34<02:52, 22.94it/s]
loss=0.049| sh degree=3| :  44%|████▎     | 3053/7000 [04:34<02:52, 22.94it/s]
loss=0.049| sh degree=3| :  44%|████▎     | 3057/7000 [04:34<02:37, 25.06it/s]
loss=0.042| sh degree=3| :  44%|████▎     | 3057/7000 [04:34<02:37, 25.06it/s]
loss=0.036| sh degree=3| :  44%|████▎     | 3057/7000 [04:34<02:37, 25.06it/s]
loss=0.034| sh degree=3| :  44%|████▎     | 3057/7000 [04:34<02:37, 25.06it/s]
loss=0.035| sh degree=3| :  44%|████▎     | 3057/7000 [04:35<02:37, 25.06it/s]
loss=0.035| sh degree=3| :  44%|████▎     | 3061/7000 [04:35<03:48, 17.25it/s]
loss=0.039| sh degree=3| :  44%|████▎     | 3061/7000 [04:35<03:48, 17.25it/s]
loss=0.047| sh degree=3| :  44%|████▎     | 3061/7000 [04:35<03:48, 17.25it/s]
loss=0.035| sh degree=3| :  44%|████▎     | 3061/7000 [04:35<03:48, 17.25it/s]
loss=0.048| sh degree=3| :  44%|████▎     | 3061/7000 [04:35<03:48, 17.25it/s]
loss=0.048| sh degree=3| :  44%|████▍     | 3065/7000 [04:35<03:35, 18.26it/s]
loss=0.055| sh degree=3| :  44%|████▍     | 3065/7000 [04:35<03:35, 18.26it/s]
loss=0.049| sh degree=3| :  44%|████▍     | 3065/7000 [04:35<03:35, 18.26it/s]
loss=0.031| sh degree=3| :  44%|████▍     | 3065/7000 [04:35<03:35, 18.26it/s]
loss=0.030| sh degree=3| :  44%|████▍     | 3065/7000 [04:35<03:35, 18.26it/s]
loss=0.030| sh degree=3| :  44%|████▍     | 3069/7000 [04:35<03:03, 21.45it/s]
loss=0.030| sh degree=3| :  44%|████▍     | 3069/7000 [04:35<03:03, 21.45it/s]
loss=0.047| sh degree=3| :  44%|████▍     | 3069/7000 [04:35<03:03, 21.45it/s]
loss=0.037| sh degree=3| :  44%|████▍     | 3069/7000 [04:35<03:03, 21.45it/s]
loss=0.037| sh degree=3| :  44%|████▍     | 3072/7000 [04:35<02:55, 22.43it/s]
loss=0.034| sh degree=3| :  44%|████▍     | 3072/7000 [04:35<02:55, 22.43it/s]
loss=0.029| sh degree=3| :  44%|████▍     | 3072/7000 [04:35<02:55, 22.43it/s]
loss=0.044| sh degree=3| :  44%|████▍     | 3072/7000 [04:35<02:55, 22.43it/s]
loss=0.044| sh degree=3| :  44%|████▍     | 3075/7000 [04:35<02:53, 22.59it/s]
loss=0.035| sh degree=3| :  44%|████▍     | 3075/7000 [04:35<02:53, 22.59it/s]
loss=0.033| sh degree=3| :  44%|████▍     | 3075/7000 [04:35<02:53, 22.59it/s]
loss=0.045| sh degree=3| :  44%|████▍     | 3075/7000 [04:35<02:53, 22.59it/s]
loss=0.045| sh degree=3| :  44%|████▍     | 3078/7000 [04:35<02:42, 24.12it/s]
loss=0.046| sh degree=3| :  44%|████▍     | 3078/7000 [04:35<02:42, 24.12it/s]
loss=0.044| sh degree=3| :  44%|████▍     | 3078/7000 [04:35<02:42, 24.12it/s]
loss=0.047| sh degree=3| :  44%|████▍     | 3078/7000 [04:35<02:42, 24.12it/s]
loss=0.047| sh degree=3| :  44%|████▍     | 3081/7000 [04:35<02:35, 25.22it/s]
loss=0.042| sh degree=3| :  44%|████▍     | 3081/7000 [04:35<02:35, 25.22it/s]
loss=0.029| sh degree=3| :  44%|████▍     | 3081/7000 [04:35<02:35, 25.22it/s]
loss=0.047| sh degree=3| :  44%|████▍     | 3081/7000 [04:36<02:35, 25.22it/s]
loss=0.047| sh degree=3| :  44%|████▍     | 3084/7000 [04:36<02:43, 23.95it/s]
loss=0.040| sh degree=3| :  44%|████▍     | 3084/7000 [04:36<02:43, 23.95it/s]
loss=0.045| sh degree=3| :  44%|████▍     | 3084/7000 [04:36<02:43, 23.95it/s]
loss=0.031| sh degree=3| :  44%|████▍     | 3084/7000 [04:36<02:43, 23.95it/s]
loss=0.031| sh degree=3| :  44%|████▍     | 3087/7000 [04:36<02:40, 24.41it/s]
loss=0.031| sh degree=3| :  44%|████▍     | 3087/7000 [04:36<02:40, 24.41it/s]
loss=0.044| sh degree=3| :  44%|████▍     | 3087/7000 [04:36<02:40, 24.41it/s]
loss=0.045| sh degree=3| :  44%|████▍     | 3087/7000 [04:36<02:40, 24.41it/s]
loss=0.045| sh degree=3| :  44%|████▍     | 3090/7000 [04:36<02:37, 24.81it/s]
loss=0.028| sh degree=3| :  44%|████▍     | 3090/7000 [04:36<02:37, 24.81it/s]
loss=0.037| sh degree=3| :  44%|████▍     | 3090/7000 [04:36<02:37, 24.81it/s]
loss=0.028| sh degree=3| :  44%|████▍     | 3090/7000 [04:36<02:37, 24.81it/s]
loss=0.028| sh degree=3| :  44%|████▍     | 3093/7000 [04:36<02:48, 23.21it/s]
loss=0.032| sh degree=3| :  44%|████▍     | 3093/7000 [04:36<02:48, 23.21it/s]
loss=0.027| sh degree=3| :  44%|████▍     | 3093/7000 [04:36<02:48, 23.21it/s]
loss=0.034| sh degree=3| :  44%|████▍     | 3093/7000 [04:36<02:48, 23.21it/s]
loss=0.034| sh degree=3| :  44%|████▍     | 3096/7000 [04:36<02:45, 23.53it/s]
loss=0.046| sh degree=3| :  44%|████▍     | 3096/7000 [04:36<02:45, 23.53it/s]
loss=0.032| sh degree=3| :  44%|████▍     | 3096/7000 [04:36<02:45, 23.53it/s]
loss=0.038| sh degree=3| :  44%|████▍     | 3096/7000 [04:36<02:45, 23.53it/s]
loss=0.030| sh degree=3| :  44%|████▍     | 3096/7000 [04:36<02:45, 23.53it/s]
loss=0.030| sh degree=3| :  44%|████▍     | 3100/7000 [04:36<02:21, 27.55it/s]
loss=0.039| sh degree=3| :  44%|████▍     | 3100/7000 [04:36<02:21, 27.55it/s]
loss=0.136| sh degree=3| :  44%|████▍     | 3100/7000 [04:36<02:21, 27.55it/s]
loss=0.190| sh degree=3| :  44%|████▍     | 3100/7000 [04:36<02:21, 27.55it/s]
loss=0.190| sh degree=3| :  44%|████▍     | 3103/7000 [04:36<02:29, 26.13it/s]
loss=0.128| sh degree=3| :  44%|████▍     | 3103/7000 [04:36<02:29, 26.13it/s]
loss=0.201| sh degree=3| :  44%|████▍     | 3103/7000 [04:36<02:29, 26.13it/s]
loss=0.128| sh degree=3| :  44%|████▍     | 3103/7000 [04:36<02:29, 26.13it/s]
loss=0.128| sh degree=3| :  44%|████▍     | 3106/7000 [04:36<02:30, 25.94it/s]
loss=0.174| sh degree=3| :  44%|████▍     | 3106/7000 [04:36<02:30, 25.94it/s]
loss=0.168| sh degree=3| :  44%|████▍     | 3106/7000 [04:36<02:30, 25.94it/s]
loss=0.165| sh degree=3| :  44%|████▍     | 3106/7000 [04:36<02:30, 25.94it/s]
loss=0.165| sh degree=3| :  44%|████▍     | 3109/7000 [04:36<02:27, 26.44it/s]
loss=0.132| sh degree=3| :  44%|████▍     | 3109/7000 [04:37<02:27, 26.44it/s]
loss=0.113| sh degree=3| :  44%|████▍     | 3109/7000 [04:37<02:27, 26.44it/s]
loss=0.112| sh degree=3| :  44%|████▍     | 3109/7000 [04:37<02:27, 26.44it/s]
loss=0.115| sh degree=3| :  44%|████▍     | 3109/7000 [04:37<02:27, 26.44it/s]
loss=0.115| sh degree=3| :  44%|████▍     | 3113/7000 [04:37<02:19, 27.91it/s]
loss=0.100| sh degree=3| :  44%|████▍     | 3113/7000 [04:37<02:19, 27.91it/s]
loss=0.122| sh degree=3| :  44%|████▍     | 3113/7000 [04:37<02:19, 27.91it/s]
loss=0.102| sh degree=3| :  44%|████▍     | 3113/7000 [04:37<02:19, 27.91it/s]
loss=0.102| sh degree=3| :  45%|████▍     | 3116/7000 [04:37<02:27, 26.34it/s]
loss=0.125| sh degree=3| :  45%|████▍     | 3116/7000 [04:37<02:27, 26.34it/s]
loss=0.117| sh degree=3| :  45%|████▍     | 3116/7000 [04:37<02:27, 26.34it/s]
loss=0.092| sh degree=3| :  45%|████▍     | 3116/7000 [04:37<02:27, 26.34it/s]
loss=0.092| sh degree=3| :  45%|████▍     | 3119/7000 [04:37<02:26, 26.50it/s]
loss=0.093| sh degree=3| :  45%|████▍     | 3119/7000 [04:37<02:26, 26.50it/s]
loss=0.088| sh degree=3| :  45%|████▍     | 3119/7000 [04:37<02:26, 26.50it/s]
loss=0.065| sh degree=3| :  45%|████▍     | 3119/7000 [04:37<02:26, 26.50it/s]
loss=0.065| sh degree=3| :  45%|████▍     | 3122/7000 [04:37<02:34, 25.16it/s]
loss=0.063| sh degree=3| :  45%|████▍     | 3122/7000 [04:37<02:34, 25.16it/s]
loss=0.063| sh degree=3| :  45%|████▍     | 3122/7000 [04:37<02:34, 25.16it/s]
loss=0.081| sh degree=3| :  45%|████▍     | 3122/7000 [04:37<02:34, 25.16it/s]
loss=0.081| sh degree=3| :  45%|████▍     | 3125/7000 [04:37<02:37, 24.58it/s]
loss=0.095| sh degree=3| :  45%|████▍     | 3125/7000 [04:37<02:37, 24.58it/s]
loss=0.086| sh degree=3| :  45%|████▍     | 3125/7000 [04:37<02:37, 24.58it/s]
loss=0.083| sh degree=3| :  45%|████▍     | 3125/7000 [04:37<02:37, 24.58it/s]
loss=0.083| sh degree=3| :  45%|████▍     | 3128/7000 [04:37<02:31, 25.49it/s]
loss=0.060| sh degree=3| :  45%|████▍     | 3128/7000 [04:37<02:31, 25.49it/s]
loss=0.116| sh degree=3| :  45%|████▍     | 3128/7000 [04:37<02:31, 25.49it/s]
loss=0.086| sh degree=3| :  45%|████▍     | 3128/7000 [04:37<02:31, 25.49it/s]
loss=0.086| sh degree=3| :  45%|████▍     | 3131/7000 [04:37<02:55, 22.02it/s]
loss=0.064| sh degree=3| :  45%|████▍     | 3131/7000 [04:37<02:55, 22.02it/s]
loss=0.067| sh degree=3| :  45%|████▍     | 3131/7000 [04:37<02:55, 22.02it/s]
loss=0.056| sh degree=3| :  45%|████▍     | 3131/7000 [04:38<02:55, 22.02it/s]
loss=0.056| sh degree=3| :  45%|████▍     | 3134/7000 [04:38<02:57, 21.79it/s]
loss=0.059| sh degree=3| :  45%|████▍     | 3134/7000 [04:38<02:57, 21.79it/s]
loss=0.081| sh degree=3| :  45%|████▍     | 3134/7000 [04:38<02:57, 21.79it/s]
loss=0.061| sh degree=3| :  45%|████▍     | 3134/7000 [04:38<02:57, 21.79it/s]
loss=0.061| sh degree=3| :  45%|████▍     | 3137/7000 [04:38<02:59, 21.50it/s]
loss=0.062| sh degree=3| :  45%|████▍     | 3137/7000 [04:38<02:59, 21.50it/s]
loss=0.055| sh degree=3| :  45%|████▍     | 3137/7000 [04:38<02:59, 21.50it/s]
loss=0.057| sh degree=3| :  45%|████▍     | 3137/7000 [04:38<02:59, 21.50it/s]
loss=0.057| sh degree=3| :  45%|████▍     | 3140/7000 [04:38<02:50, 22.69it/s]
loss=0.069| sh degree=3| :  45%|████▍     | 3140/7000 [04:38<02:50, 22.69it/s]
loss=0.077| sh degree=3| :  45%|████▍     | 3140/7000 [04:38<02:50, 22.69it/s]
loss=0.055| sh degree=3| :  45%|████▍     | 3140/7000 [04:38<02:50, 22.69it/s]
loss=0.055| sh degree=3| :  45%|████▍     | 3143/7000 [04:38<02:46, 23.23it/s]
loss=0.047| sh degree=3| :  45%|████▍     | 3143/7000 [04:38<02:46, 23.23it/s]
loss=0.051| sh degree=3| :  45%|████▍     | 3143/7000 [04:38<02:46, 23.23it/s]
loss=0.065| sh degree=3| :  45%|████▍     | 3143/7000 [04:38<02:46, 23.23it/s]
loss=0.065| sh degree=3| :  45%|████▍     | 3146/7000 [04:38<02:45, 23.33it/s]
loss=0.055| sh degree=3| :  45%|████▍     | 3146/7000 [04:38<02:45, 23.33it/s]
loss=0.048| sh degree=3| :  45%|████▍     | 3146/7000 [04:38<02:45, 23.33it/s]
loss=0.052| sh degree=3| :  45%|████▍     | 3146/7000 [04:38<02:45, 23.33it/s]
loss=0.052| sh degree=3| :  45%|████▍     | 3149/7000 [04:38<02:37, 24.47it/s]
loss=0.051| sh degree=3| :  45%|████▍     | 3149/7000 [04:38<02:37, 24.47it/s]
loss=0.049| sh degree=3| :  45%|████▍     | 3149/7000 [04:38<02:37, 24.47it/s]
loss=0.044| sh degree=3| :  45%|████▍     | 3149/7000 [04:38<02:37, 24.47it/s]
loss=0.044| sh degree=3| :  45%|████▌     | 3152/7000 [04:38<02:47, 23.04it/s]
loss=0.044| sh degree=3| :  45%|████▌     | 3152/7000 [04:38<02:47, 23.04it/s]
loss=0.076| sh degree=3| :  45%|████▌     | 3152/7000 [04:38<02:47, 23.04it/s]
loss=0.056| sh degree=3| :  45%|████▌     | 3152/7000 [04:38<02:47, 23.04it/s]
loss=0.056| sh degree=3| :  45%|████▌     | 3155/7000 [04:38<02:38, 24.29it/s]
loss=0.055| sh degree=3| :  45%|████▌     | 3155/7000 [04:38<02:38, 24.29it/s]
loss=0.065| sh degree=3| :  45%|████▌     | 3155/7000 [04:38<02:38, 24.29it/s]
loss=0.060| sh degree=3| :  45%|████▌     | 3155/7000 [04:39<02:38, 24.29it/s]
loss=0.060| sh degree=3| :  45%|████▌     | 3158/7000 [04:39<02:39, 24.12it/s]
loss=0.065| sh degree=3| :  45%|████▌     | 3158/7000 [04:39<02:39, 24.12it/s]
loss=0.095| sh degree=3| :  45%|████▌     | 3158/7000 [04:39<02:39, 24.12it/s]
loss=0.051| sh degree=3| :  45%|████▌     | 3158/7000 [04:39<02:39, 24.12it/s]
loss=0.051| sh degree=3| :  45%|████▌     | 3161/7000 [04:39<02:45, 23.16it/s]
loss=0.046| sh degree=3| :  45%|████▌     | 3161/7000 [04:39<02:45, 23.16it/s]
loss=0.060| sh degree=3| :  45%|████▌     | 3161/7000 [04:39<02:45, 23.16it/s]
loss=0.051| sh degree=3| :  45%|████▌     | 3161/7000 [04:39<02:45, 23.16it/s]
loss=0.051| sh degree=3| :  45%|████▌     | 3164/7000 [04:39<02:40, 23.85it/s]
loss=0.060| sh degree=3| :  45%|████▌     | 3164/7000 [04:39<02:40, 23.85it/s]
loss=0.052| sh degree=3| :  45%|████▌     | 3164/7000 [04:39<02:40, 23.85it/s]
loss=0.043| sh degree=3| :  45%|████▌     | 3164/7000 [04:39<02:40, 23.85it/s]
loss=0.043| sh degree=3| :  45%|████▌     | 3167/7000 [04:39<02:52, 22.26it/s]
loss=0.070| sh degree=3| :  45%|████▌     | 3167/7000 [04:39<02:52, 22.26it/s]
loss=0.045| sh degree=3| :  45%|████▌     | 3167/7000 [04:39<02:52, 22.26it/s]
loss=0.042| sh degree=3| :  45%|████▌     | 3167/7000 [04:39<02:52, 22.26it/s]
loss=0.042| sh degree=3| :  45%|████▌     | 3170/7000 [04:39<02:49, 22.62it/s]
loss=0.047| sh degree=3| :  45%|████▌     | 3170/7000 [04:39<02:49, 22.62it/s]
loss=0.057| sh degree=3| :  45%|████▌     | 3170/7000 [04:39<02:49, 22.62it/s]
loss=0.045| sh degree=3| :  45%|████▌     | 3170/7000 [04:39<02:49, 22.62it/s]
loss=0.045| sh degree=3| :  45%|████▌     | 3173/7000 [04:39<02:52, 22.18it/s]
loss=0.087| sh degree=3| :  45%|████▌     | 3173/7000 [04:39<02:52, 22.18it/s]
loss=0.051| sh degree=3| :  45%|████▌     | 3173/7000 [04:39<02:52, 22.18it/s]
loss=0.063| sh degree=3| :  45%|████▌     | 3173/7000 [04:39<02:52, 22.18it/s]
loss=0.063| sh degree=3| :  45%|████▌     | 3176/7000 [04:39<02:52, 22.11it/s]
loss=0.057| sh degree=3| :  45%|████▌     | 3176/7000 [04:39<02:52, 22.11it/s]
loss=0.049| sh degree=3| :  45%|████▌     | 3176/7000 [04:39<02:52, 22.11it/s]
loss=0.048| sh degree=3| :  45%|████▌     | 3176/7000 [04:39<02:52, 22.11it/s]
loss=0.048| sh degree=3| :  45%|████▌     | 3179/7000 [04:39<02:42, 23.56it/s]
loss=0.044| sh degree=3| :  45%|████▌     | 3179/7000 [04:40<02:42, 23.56it/s]
loss=0.052| sh degree=3| :  45%|████▌     | 3179/7000 [04:40<02:42, 23.56it/s]
loss=0.059| sh degree=3| :  45%|████▌     | 3179/7000 [04:40<02:42, 23.56it/s]
loss=0.059| sh degree=3| :  45%|████▌     | 3182/7000 [04:40<02:58, 21.40it/s]
loss=0.044| sh degree=3| :  45%|████▌     | 3182/7000 [04:40<02:58, 21.40it/s]
loss=0.071| sh degree=3| :  45%|████▌     | 3182/7000 [04:40<02:58, 21.40it/s]
loss=0.043| sh degree=3| :  45%|████▌     | 3182/7000 [04:40<02:58, 21.40it/s]
loss=0.043| sh degree=3| :  46%|████▌     | 3185/7000 [04:40<03:09, 20.17it/s]
loss=0.050| sh degree=3| :  46%|████▌     | 3185/7000 [04:40<03:09, 20.17it/s]
loss=0.045| sh degree=3| :  46%|████▌     | 3185/7000 [04:40<03:09, 20.17it/s]
loss=0.064| sh degree=3| :  46%|████▌     | 3185/7000 [04:40<03:09, 20.17it/s]
loss=0.064| sh degree=3| :  46%|████▌     | 3188/7000 [04:40<03:03, 20.73it/s]
loss=0.044| sh degree=3| :  46%|████▌     | 3188/7000 [04:40<03:03, 20.73it/s]
loss=0.051| sh degree=3| :  46%|████▌     | 3188/7000 [04:40<03:03, 20.73it/s]
loss=0.040| sh degree=3| :  46%|████▌     | 3188/7000 [04:40<03:03, 20.73it/s]
loss=0.040| sh degree=3| :  46%|████▌     | 3191/7000 [04:40<02:58, 21.32it/s]
loss=0.062| sh degree=3| :  46%|████▌     | 3191/7000 [04:40<02:58, 21.32it/s]
loss=0.055| sh degree=3| :  46%|████▌     | 3191/7000 [04:40<02:58, 21.32it/s]
loss=0.061| sh degree=3| :  46%|████▌     | 3191/7000 [04:40<02:58, 21.32it/s]
loss=0.061| sh degree=3| :  46%|████▌     | 3194/7000 [04:40<02:50, 22.37it/s]
loss=0.039| sh degree=3| :  46%|████▌     | 3194/7000 [04:40<02:50, 22.37it/s]
loss=0.043| sh degree=3| :  46%|████▌     | 3194/7000 [04:40<02:50, 22.37it/s]
loss=0.057| sh degree=3| :  46%|████▌     | 3194/7000 [04:40<02:50, 22.37it/s]
loss=0.057| sh degree=3| :  46%|████▌     | 3197/7000 [04:40<02:43, 23.27it/s]
loss=0.054| sh degree=3| :  46%|████▌     | 3197/7000 [04:40<02:43, 23.27it/s]
loss=0.041| sh degree=3| :  46%|████▌     | 3197/7000 [04:40<02:43, 23.27it/s]
loss=0.043| sh degree=3| :  46%|████▌     | 3197/7000 [04:40<02:43, 23.27it/s]
loss=0.043| sh degree=3| :  46%|████▌     | 3200/7000 [04:40<02:35, 24.51it/s]
loss=0.043| sh degree=3| :  46%|████▌     | 3200/7000 [04:40<02:35, 24.51it/s]
loss=0.083| sh degree=3| :  46%|████▌     | 3200/7000 [04:41<02:35, 24.51it/s]
loss=0.096| sh degree=3| :  46%|████▌     | 3200/7000 [04:41<02:35, 24.51it/s]
loss=0.096| sh degree=3| :  46%|████▌     | 3203/7000 [04:41<02:36, 24.23it/s]
loss=0.091| sh degree=3| :  46%|████▌     | 3203/7000 [04:41<02:36, 24.23it/s]
loss=0.072| sh degree=3| :  46%|████▌     | 3203/7000 [04:41<02:36, 24.23it/s]
loss=0.092| sh degree=3| :  46%|████▌     | 3203/7000 [04:41<02:36, 24.23it/s]
loss=0.087| sh degree=3| :  46%|████▌     | 3203/7000 [04:41<02:36, 24.23it/s]
loss=0.087| sh degree=3| :  46%|████▌     | 3207/7000 [04:41<02:28, 25.51it/s]
loss=0.117| sh degree=3| :  46%|████▌     | 3207/7000 [04:41<02:28, 25.51it/s]
loss=0.075| sh degree=3| :  46%|████▌     | 3207/7000 [04:41<02:28, 25.51it/s]
loss=0.082| sh degree=3| :  46%|████▌     | 3207/7000 [04:41<02:28, 25.51it/s]
loss=0.082| sh degree=3| :  46%|████▌     | 3210/7000 [04:41<02:25, 26.14it/s]
loss=0.103| sh degree=3| :  46%|████▌     | 3210/7000 [04:41<02:25, 26.14it/s]
loss=0.061| sh degree=3| :  46%|████▌     | 3210/7000 [04:41<02:25, 26.14it/s]
loss=0.078| sh degree=3| :  46%|████▌     | 3210/7000 [04:41<02:25, 26.14it/s]
loss=0.078| sh degree=3| :  46%|████▌     | 3213/7000 [04:41<02:23, 26.37it/s]
loss=0.077| sh degree=3| :  46%|████▌     | 3213/7000 [04:41<02:23, 26.37it/s]
loss=0.074| sh degree=3| :  46%|████▌     | 3213/7000 [04:41<02:23, 26.37it/s]
loss=0.063| sh degree=3| :  46%|████▌     | 3213/7000 [04:41<02:23, 26.37it/s]
loss=0.063| sh degree=3| :  46%|████▌     | 3216/7000 [04:41<02:23, 26.42it/s]
loss=0.065| sh degree=3| :  46%|████▌     | 3216/7000 [04:41<02:23, 26.42it/s]
loss=0.121| sh degree=3| :  46%|████▌     | 3216/7000 [04:41<02:23, 26.42it/s]
loss=0.093| sh degree=3| :  46%|████▌     | 3216/7000 [04:41<02:23, 26.42it/s]
loss=0.093| sh degree=3| :  46%|████▌     | 3219/7000 [04:41<02:22, 26.58it/s]
loss=0.066| sh degree=3| :  46%|████▌     | 3219/7000 [04:41<02:22, 26.58it/s]
loss=0.055| sh degree=3| :  46%|████▌     | 3219/7000 [04:41<02:22, 26.58it/s]
loss=0.063| sh degree=3| :  46%|████▌     | 3219/7000 [04:41<02:22, 26.58it/s]
loss=0.063| sh degree=3| :  46%|████▌     | 3222/7000 [04:41<02:23, 26.32it/s]
loss=0.057| sh degree=3| :  46%|████▌     | 3222/7000 [04:41<02:23, 26.32it/s]
loss=0.062| sh degree=3| :  46%|████▌     | 3222/7000 [04:41<02:23, 26.32it/s]
loss=0.053| sh degree=3| :  46%|████▌     | 3222/7000 [04:41<02:23, 26.32it/s]
loss=0.053| sh degree=3| :  46%|████▌     | 3225/7000 [04:41<02:21, 26.77it/s]
loss=0.049| sh degree=3| :  46%|████▌     | 3225/7000 [04:41<02:21, 26.77it/s]
loss=0.049| sh degree=3| :  46%|████▌     | 3225/7000 [04:41<02:21, 26.77it/s]
loss=0.051| sh degree=3| :  46%|████▌     | 3225/7000 [04:41<02:21, 26.77it/s]
loss=0.051| sh degree=3| :  46%|████▌     | 3228/7000 [04:41<02:17, 27.52it/s]
loss=0.062| sh degree=3| :  46%|████▌     | 3228/7000 [04:41<02:17, 27.52it/s]
loss=0.046| sh degree=3| :  46%|████▌     | 3228/7000 [04:42<02:17, 27.52it/s]
loss=0.062| sh degree=3| :  46%|████▌     | 3228/7000 [04:42<02:17, 27.52it/s]
loss=0.062| sh degree=3| :  46%|████▌     | 3231/7000 [04:42<02:21, 26.64it/s]
loss=0.046| sh degree=3| :  46%|████▌     | 3231/7000 [04:42<02:21, 26.64it/s]
loss=0.056| sh degree=3| :  46%|████▌     | 3231/7000 [04:42<02:21, 26.64it/s]
loss=0.073| sh degree=3| :  46%|████▌     | 3231/7000 [04:42<02:21, 26.64it/s]
loss=0.073| sh degree=3| :  46%|████▌     | 3234/7000 [04:42<02:28, 25.37it/s]
loss=0.059| sh degree=3| :  46%|████▌     | 3234/7000 [04:42<02:28, 25.37it/s]
loss=0.056| sh degree=3| :  46%|████▌     | 3234/7000 [04:42<02:28, 25.37it/s]
loss=0.077| sh degree=3| :  46%|████▌     | 3234/7000 [04:42<02:28, 25.37it/s]
loss=0.077| sh degree=3| :  46%|████▌     | 3237/7000 [04:42<02:43, 23.00it/s]
loss=0.067| sh degree=3| :  46%|████▌     | 3237/7000 [04:42<02:43, 23.00it/s]
loss=0.093| sh degree=3| :  46%|████▌     | 3237/7000 [04:42<02:43, 23.00it/s]
loss=0.057| sh degree=3| :  46%|████▌     | 3237/7000 [04:42<02:43, 23.00it/s]
loss=0.057| sh degree=3| :  46%|████▋     | 3240/7000 [04:42<02:40, 23.45it/s]
loss=0.044| sh degree=3| :  46%|████▋     | 3240/7000 [04:42<02:40, 23.45it/s]
loss=0.057| sh degree=3| :  46%|████▋     | 3240/7000 [04:42<02:40, 23.45it/s]
loss=0.065| sh degree=3| :  46%|████▋     | 3240/7000 [04:42<02:40, 23.45it/s]
loss=0.065| sh degree=3| :  46%|████▋     | 3243/7000 [04:42<02:30, 24.99it/s]
loss=0.041| sh degree=3| :  46%|████▋     | 3243/7000 [04:42<02:30, 24.99it/s]
loss=0.063| sh degree=3| :  46%|████▋     | 3243/7000 [04:42<02:30, 24.99it/s]
loss=0.041| sh degree=3| :  46%|████▋     | 3243/7000 [04:42<02:30, 24.99it/s]
loss=0.041| sh degree=3| :  46%|████▋     | 3246/7000 [04:42<02:23, 26.11it/s]
loss=0.056| sh degree=3| :  46%|████▋     | 3246/7000 [04:42<02:23, 26.11it/s]
loss=0.048| sh degree=3| :  46%|████▋     | 3246/7000 [04:42<02:23, 26.11it/s]
loss=0.046| sh degree=3| :  46%|████▋     | 3246/7000 [04:42<02:23, 26.11it/s]
loss=0.046| sh degree=3| :  46%|████▋     | 3249/7000 [04:42<02:30, 24.93it/s]
loss=0.045| sh degree=3| :  46%|████▋     | 3249/7000 [04:42<02:30, 24.93it/s]
loss=0.038| sh degree=3| :  46%|████▋     | 3249/7000 [04:42<02:30, 24.93it/s]
loss=0.042| sh degree=3| :  46%|████▋     | 3249/7000 [04:42<02:30, 24.93it/s]
loss=0.042| sh degree=3| :  46%|████▋     | 3252/7000 [04:43<02:52, 21.70it/s]
loss=0.056| sh degree=3| :  46%|████▋     | 3252/7000 [04:43<02:52, 21.70it/s]
loss=0.065| sh degree=3| :  46%|████▋     | 3252/7000 [04:43<02:52, 21.70it/s]
loss=0.038| sh degree=3| :  46%|████▋     | 3252/7000 [04:43<02:52, 21.70it/s]
loss=0.038| sh degree=3| :  46%|████▋     | 3255/7000 [04:43<02:51, 21.88it/s]
loss=0.064| sh degree=3| :  46%|████▋     | 3255/7000 [04:43<02:51, 21.88it/s]
loss=0.062| sh degree=3| :  46%|████▋     | 3255/7000 [04:43<02:51, 21.88it/s]
loss=0.037| sh degree=3| :  46%|████▋     | 3255/7000 [04:43<02:51, 21.88it/s]
loss=0.037| sh degree=3| :  47%|████▋     | 3258/7000 [04:43<02:45, 22.66it/s]
loss=0.052| sh degree=3| :  47%|████▋     | 3258/7000 [04:43<02:45, 22.66it/s]
loss=0.057| sh degree=3| :  47%|████▋     | 3258/7000 [04:43<02:45, 22.66it/s]
loss=0.051| sh degree=3| :  47%|████▋     | 3258/7000 [04:43<02:45, 22.66it/s]
loss=0.051| sh degree=3| :  47%|████▋     | 3261/7000 [04:43<02:54, 21.42it/s]
loss=0.051| sh degree=3| :  47%|████▋     | 3261/7000 [04:43<02:54, 21.42it/s]
loss=0.036| sh degree=3| :  47%|████▋     | 3261/7000 [04:43<02:54, 21.42it/s]
loss=0.052| sh degree=3| :  47%|████▋     | 3261/7000 [04:43<02:54, 21.42it/s]
loss=0.052| sh degree=3| :  47%|████▋     | 3264/7000 [04:43<02:52, 21.69it/s]
loss=0.046| sh degree=3| :  47%|████▋     | 3264/7000 [04:43<02:52, 21.69it/s]
loss=0.052| sh degree=3| :  47%|████▋     | 3264/7000 [04:43<02:52, 21.69it/s]
loss=0.037| sh degree=3| :  47%|████▋     | 3264/7000 [04:43<02:52, 21.69it/s]
loss=0.037| sh degree=3| :  47%|████▋     | 3267/7000 [04:43<02:41, 23.18it/s]
loss=0.044| sh degree=3| :  47%|████▋     | 3267/7000 [04:43<02:41, 23.18it/s]
loss=0.053| sh degree=3| :  47%|████▋     | 3267/7000 [04:43<02:41, 23.18it/s]
loss=0.047| sh degree=3| :  47%|████▋     | 3267/7000 [04:43<02:41, 23.18it/s]
loss=0.047| sh degree=3| :  47%|████▋     | 3270/7000 [04:43<02:35, 23.98it/s]
loss=0.062| sh degree=3| :  47%|████▋     | 3270/7000 [04:43<02:35, 23.98it/s]
loss=0.055| sh degree=3| :  47%|████▋     | 3270/7000 [04:43<02:35, 23.98it/s]
loss=0.056| sh degree=3| :  47%|████▋     | 3270/7000 [04:43<02:35, 23.98it/s]
loss=0.056| sh degree=3| :  47%|████▋     | 3273/7000 [04:43<02:30, 24.71it/s]
loss=0.060| sh degree=3| :  47%|████▋     | 3273/7000 [04:43<02:30, 24.71it/s]
loss=0.057| sh degree=3| :  47%|████▋     | 3273/7000 [04:43<02:30, 24.71it/s]
loss=0.052| sh degree=3| :  47%|████▋     | 3273/7000 [04:43<02:30, 24.71it/s]
loss=0.052| sh degree=3| :  47%|████▋     | 3276/7000 [04:43<02:27, 25.30it/s]
loss=0.061| sh degree=3| :  47%|████▋     | 3276/7000 [04:44<02:27, 25.30it/s]
loss=0.051| sh degree=3| :  47%|████▋     | 3276/7000 [04:44<02:27, 25.30it/s]
loss=0.055| sh degree=3| :  47%|████▋     | 3276/7000 [04:44<02:27, 25.30it/s]
loss=0.055| sh degree=3| :  47%|████▋     | 3279/7000 [04:44<02:44, 22.67it/s]
loss=0.044| sh degree=3| :  47%|████▋     | 3279/7000 [04:44<02:44, 22.67it/s]
loss=0.066| sh degree=3| :  47%|████▋     | 3279/7000 [04:44<02:44, 22.67it/s]
loss=0.073| sh degree=3| :  47%|████▋     | 3279/7000 [04:44<02:44, 22.67it/s]
loss=0.073| sh degree=3| :  47%|████▋     | 3282/7000 [04:44<02:45, 22.46it/s]
loss=0.051| sh degree=3| :  47%|████▋     | 3282/7000 [04:44<02:45, 22.46it/s]
loss=0.051| sh degree=3| :  47%|████▋     | 3282/7000 [04:44<02:45, 22.46it/s]
loss=0.038| sh degree=3| :  47%|████▋     | 3282/7000 [04:44<02:45, 22.46it/s]
loss=0.038| sh degree=3| :  47%|████▋     | 3285/7000 [04:44<02:54, 21.30it/s]
loss=0.048| sh degree=3| :  47%|████▋     | 3285/7000 [04:44<02:54, 21.30it/s]
loss=0.061| sh degree=3| :  47%|████▋     | 3285/7000 [04:44<02:54, 21.30it/s]
loss=0.053| sh degree=3| :  47%|████▋     | 3285/7000 [04:44<02:54, 21.30it/s]
loss=0.053| sh degree=3| :  47%|████▋     | 3288/7000 [04:44<02:47, 22.16it/s]
loss=0.039| sh degree=3| :  47%|████▋     | 3288/7000 [04:44<02:47, 22.16it/s]
loss=0.050| sh degree=3| :  47%|████▋     | 3288/7000 [04:44<02:47, 22.16it/s]
loss=0.051| sh degree=3| :  47%|████▋     | 3288/7000 [04:44<02:47, 22.16it/s]
loss=0.051| sh degree=3| :  47%|████▋     | 3291/7000 [04:44<02:38, 23.47it/s]
loss=0.047| sh degree=3| :  47%|████▋     | 3291/7000 [04:44<02:38, 23.47it/s]
loss=0.055| sh degree=3| :  47%|████▋     | 3291/7000 [04:44<02:38, 23.47it/s]
loss=0.048| sh degree=3| :  47%|████▋     | 3291/7000 [04:44<02:38, 23.47it/s]
loss=0.048| sh degree=3| :  47%|████▋     | 3294/7000 [04:44<02:50, 21.76it/s]
loss=0.037| sh degree=3| :  47%|████▋     | 3294/7000 [04:44<02:50, 21.76it/s]
loss=0.046| sh degree=3| :  47%|████▋     | 3294/7000 [04:44<02:50, 21.76it/s]
loss=0.046| sh degree=3| :  47%|████▋     | 3294/7000 [04:44<02:50, 21.76it/s]
loss=0.046| sh degree=3| :  47%|████▋     | 3297/7000 [04:44<02:43, 22.70it/s]
loss=0.055| sh degree=3| :  47%|████▋     | 3297/7000 [04:45<02:43, 22.70it/s]
loss=0.042| sh degree=3| :  47%|████▋     | 3297/7000 [04:45<02:43, 22.70it/s]
loss=0.054| sh degree=3| :  47%|████▋     | 3297/7000 [04:45<02:43, 22.70it/s]
loss=0.054| sh degree=3| :  47%|████▋     | 3300/7000 [04:45<02:41, 22.97it/s]
loss=0.051| sh degree=3| :  47%|████▋     | 3300/7000 [04:45<02:41, 22.97it/s]
loss=0.070| sh degree=3| :  47%|████▋     | 3300/7000 [04:45<02:41, 22.97it/s]
loss=0.081| sh degree=3| :  47%|████▋     | 3300/7000 [04:45<02:41, 22.97it/s]
loss=0.081| sh degree=3| :  47%|████▋     | 3303/7000 [04:45<02:59, 20.63it/s]
loss=0.073| sh degree=3| :  47%|████▋     | 3303/7000 [04:45<02:59, 20.63it/s]
loss=0.062| sh degree=3| :  47%|████▋     | 3303/7000 [04:45<02:59, 20.63it/s]
loss=0.064| sh degree=3| :  47%|████▋     | 3303/7000 [04:45<02:59, 20.63it/s]
loss=0.064| sh degree=3| :  47%|████▋     | 3306/7000 [04:45<03:03, 20.08it/s]
loss=0.093| sh degree=3| :  47%|████▋     | 3306/7000 [04:45<03:03, 20.08it/s]
loss=0.059| sh degree=3| :  47%|████▋     | 3306/7000 [04:45<03:03, 20.08it/s]
loss=0.056| sh degree=3| :  47%|████▋     | 3306/7000 [04:45<03:03, 20.08it/s]
loss=0.056| sh degree=3| :  47%|████▋     | 3309/7000 [04:45<02:52, 21.44it/s]
loss=0.060| sh degree=3| :  47%|████▋     | 3309/7000 [04:45<02:52, 21.44it/s]
loss=0.057| sh degree=3| :  47%|████▋     | 3309/7000 [04:45<02:52, 21.44it/s]
loss=0.061| sh degree=3| :  47%|████▋     | 3309/7000 [04:45<02:52, 21.44it/s]
loss=0.069| sh degree=3| :  47%|████▋     | 3309/7000 [04:45<02:52, 21.44it/s]
loss=0.069| sh degree=3| :  47%|████▋     | 3313/7000 [04:45<02:31, 24.32it/s]
loss=0.057| sh degree=3| :  47%|████▋     | 3313/7000 [04:45<02:31, 24.32it/s]
loss=0.062| sh degree=3| :  47%|████▋     | 3313/7000 [04:45<02:31, 24.32it/s]
loss=0.057| sh degree=3| :  47%|████▋     | 3313/7000 [04:45<02:31, 24.32it/s]
loss=0.057| sh degree=3| :  47%|████▋     | 3316/7000 [04:45<03:20, 18.33it/s]
loss=0.065| sh degree=3| :  47%|████▋     | 3316/7000 [04:45<03:20, 18.33it/s]
loss=0.048| sh degree=3| :  47%|████▋     | 3316/7000 [04:46<03:20, 18.33it/s]
loss=0.046| sh degree=3| :  47%|████▋     | 3316/7000 [04:46<03:20, 18.33it/s]
loss=0.046| sh degree=3| :  47%|████▋     | 3319/7000 [04:46<03:11, 19.26it/s]
loss=0.069| sh degree=3| :  47%|████▋     | 3319/7000 [04:46<03:11, 19.26it/s]
loss=0.063| sh degree=3| :  47%|████▋     | 3319/7000 [04:46<03:11, 19.26it/s]
loss=0.061| sh degree=3| :  47%|████▋     | 3319/7000 [04:46<03:11, 19.26it/s]
loss=0.061| sh degree=3| :  47%|████▋     | 3322/7000 [04:46<03:06, 19.69it/s]
loss=0.074| sh degree=3| :  47%|████▋     | 3322/7000 [04:46<03:06, 19.69it/s]
loss=0.062| sh degree=3| :  47%|████▋     | 3322/7000 [04:46<03:06, 19.69it/s]
loss=0.043| sh degree=3| :  47%|████▋     | 3322/7000 [04:46<03:06, 19.69it/s]
loss=0.043| sh degree=3| :  48%|████▊     | 3325/7000 [04:46<02:53, 21.12it/s]
loss=0.068| sh degree=3| :  48%|████▊     | 3325/7000 [04:46<02:53, 21.12it/s]
loss=0.055| sh degree=3| :  48%|████▊     | 3325/7000 [04:46<02:53, 21.12it/s]
loss=0.054| sh degree=3| :  48%|████▊     | 3325/7000 [04:46<02:53, 21.12it/s]
loss=0.054| sh degree=3| :  48%|████▊     | 3328/7000 [04:46<02:45, 22.23it/s]
loss=0.051| sh degree=3| :  48%|████▊     | 3328/7000 [04:46<02:45, 22.23it/s]
loss=0.047| sh degree=3| :  48%|████▊     | 3328/7000 [04:46<02:45, 22.23it/s]
loss=0.056| sh degree=3| :  48%|████▊     | 3328/7000 [04:46<02:45, 22.23it/s]
loss=0.056| sh degree=3| :  48%|████▊     | 3331/7000 [04:46<02:36, 23.49it/s]
loss=0.053| sh degree=3| :  48%|████▊     | 3331/7000 [04:46<02:36, 23.49it/s]
loss=0.045| sh degree=3| :  48%|████▊     | 3331/7000 [04:46<02:36, 23.49it/s]
loss=0.068| sh degree=3| :  48%|████▊     | 3331/7000 [04:46<02:36, 23.49it/s]
loss=0.068| sh degree=3| :  48%|████▊     | 3334/7000 [04:46<02:29, 24.48it/s]
loss=0.040| sh degree=3| :  48%|████▊     | 3334/7000 [04:46<02:29, 24.48it/s]
loss=0.065| sh degree=3| :  48%|████▊     | 3334/7000 [04:46<02:29, 24.48it/s]
loss=0.044| sh degree=3| :  48%|████▊     | 3334/7000 [04:46<02:29, 24.48it/s]
loss=0.044| sh degree=3| :  48%|████▊     | 3337/7000 [04:46<02:28, 24.65it/s]
loss=0.053| sh degree=3| :  48%|████▊     | 3337/7000 [04:46<02:28, 24.65it/s]
loss=0.046| sh degree=3| :  48%|████▊     | 3337/7000 [04:46<02:28, 24.65it/s]
loss=0.082| sh degree=3| :  48%|████▊     | 3337/7000 [04:46<02:28, 24.65it/s]
loss=0.082| sh degree=3| :  48%|████▊     | 3340/7000 [04:46<02:27, 24.83it/s]
loss=0.046| sh degree=3| :  48%|████▊     | 3340/7000 [04:46<02:27, 24.83it/s]
loss=0.060| sh degree=3| :  48%|████▊     | 3340/7000 [04:47<02:27, 24.83it/s]
loss=0.049| sh degree=3| :  48%|████▊     | 3340/7000 [04:47<02:27, 24.83it/s]
loss=0.049| sh degree=3| :  48%|████▊     | 3343/7000 [04:47<02:38, 23.01it/s]
loss=0.065| sh degree=3| :  48%|████▊     | 3343/7000 [04:47<02:38, 23.01it/s]
loss=0.044| sh degree=3| :  48%|████▊     | 3343/7000 [04:47<02:38, 23.01it/s]
loss=0.040| sh degree=3| :  48%|████▊     | 3343/7000 [04:47<02:38, 23.01it/s]
loss=0.040| sh degree=3| :  48%|████▊     | 3346/7000 [04:47<02:33, 23.88it/s]
loss=0.078| sh degree=3| :  48%|████▊     | 3346/7000 [04:47<02:33, 23.88it/s]
loss=0.041| sh degree=3| :  48%|████▊     | 3346/7000 [04:47<02:33, 23.88it/s]
loss=0.047| sh degree=3| :  48%|████▊     | 3346/7000 [04:47<02:33, 23.88it/s]
loss=0.047| sh degree=3| :  48%|████▊     | 3349/7000 [04:47<02:32, 23.97it/s]
loss=0.047| sh degree=3| :  48%|████▊     | 3349/7000 [04:47<02:32, 23.97it/s]
loss=0.044| sh degree=3| :  48%|████▊     | 3349/7000 [04:47<02:32, 23.97it/s]
loss=0.054| sh degree=3| :  48%|████▊     | 3349/7000 [04:47<02:32, 23.97it/s]
loss=0.054| sh degree=3| :  48%|████▊     | 3352/7000 [04:47<02:39, 22.82it/s]
loss=0.059| sh degree=3| :  48%|████▊     | 3352/7000 [04:47<02:39, 22.82it/s]
loss=0.060| sh degree=3| :  48%|████▊     | 3352/7000 [04:47<02:39, 22.82it/s]
loss=0.036| sh degree=3| :  48%|████▊     | 3352/7000 [04:47<02:39, 22.82it/s]
loss=0.062| sh degree=3| :  48%|████▊     | 3352/7000 [04:47<02:39, 22.82it/s]
loss=0.062| sh degree=3| :  48%|████▊     | 3356/7000 [04:47<02:30, 24.25it/s]
loss=0.036| sh degree=3| :  48%|████▊     | 3356/7000 [04:47<02:30, 24.25it/s]
loss=0.041| sh degree=3| :  48%|████▊     | 3356/7000 [04:47<02:30, 24.25it/s]
loss=0.050| sh degree=3| :  48%|████▊     | 3356/7000 [04:47<02:30, 24.25it/s]
loss=0.050| sh degree=3| :  48%|████▊     | 3359/7000 [04:47<02:39, 22.90it/s]
loss=0.057| sh degree=3| :  48%|████▊     | 3359/7000 [04:47<02:39, 22.90it/s]
loss=0.039| sh degree=3| :  48%|████▊     | 3359/7000 [04:47<02:39, 22.90it/s]
loss=0.045| sh degree=3| :  48%|████▊     | 3359/7000 [04:47<02:39, 22.90it/s]
loss=0.045| sh degree=3| :  48%|████▊     | 3362/7000 [04:47<02:32, 23.80it/s]
loss=0.061| sh degree=3| :  48%|████▊     | 3362/7000 [04:47<02:32, 23.80it/s]
loss=0.043| sh degree=3| :  48%|████▊     | 3362/7000 [04:47<02:32, 23.80it/s]
loss=0.043| sh degree=3| :  48%|████▊     | 3362/7000 [04:48<02:32, 23.80it/s]
loss=0.043| sh degree=3| :  48%|████▊     | 3365/7000 [04:48<02:41, 22.51it/s]
loss=0.051| sh degree=3| :  48%|████▊     | 3365/7000 [04:48<02:41, 22.51it/s]
loss=0.054| sh degree=3| :  48%|████▊     | 3365/7000 [04:48<02:41, 22.51it/s]
loss=0.043| sh degree=3| :  48%|████▊     | 3365/7000 [04:48<02:41, 22.51it/s]
loss=0.043| sh degree=3| :  48%|████▊     | 3368/7000 [04:48<02:40, 22.66it/s]
loss=0.041| sh degree=3| :  48%|████▊     | 3368/7000 [04:48<02:40, 22.66it/s]
loss=0.046| sh degree=3| :  48%|████▊     | 3368/7000 [04:48<02:40, 22.66it/s]
loss=0.051| sh degree=3| :  48%|████▊     | 3368/7000 [04:48<02:40, 22.66it/s]
loss=0.051| sh degree=3| :  48%|████▊     | 3371/7000 [04:48<02:43, 22.26it/s]
loss=0.045| sh degree=3| :  48%|████▊     | 3371/7000 [04:48<02:43, 22.26it/s]
loss=0.047| sh degree=3| :  48%|████▊     | 3371/7000 [04:48<02:43, 22.26it/s]
loss=0.044| sh degree=3| :  48%|████▊     | 3371/7000 [04:48<02:43, 22.26it/s]
loss=0.044| sh degree=3| :  48%|████▊     | 3374/7000 [04:48<02:41, 22.47it/s]
loss=0.045| sh degree=3| :  48%|████▊     | 3374/7000 [04:48<02:41, 22.47it/s]
loss=0.041| sh degree=3| :  48%|████▊     | 3374/7000 [04:48<02:41, 22.47it/s]
loss=0.040| sh degree=3| :  48%|████▊     | 3374/7000 [04:48<02:41, 22.47it/s]
loss=0.040| sh degree=3| :  48%|████▊     | 3377/7000 [04:48<02:29, 24.19it/s]
loss=0.039| sh degree=3| :  48%|████▊     | 3377/7000 [04:48<02:29, 24.19it/s]
loss=0.039| sh degree=3| :  48%|████▊     | 3377/7000 [04:48<02:29, 24.19it/s]
loss=0.064| sh degree=3| :  48%|████▊     | 3377/7000 [04:48<02:29, 24.19it/s]
loss=0.064| sh degree=3| :  48%|████▊     | 3380/7000 [04:48<02:48, 21.53it/s]
loss=0.052| sh degree=3| :  48%|████▊     | 3380/7000 [04:48<02:48, 21.53it/s]
loss=0.087| sh degree=3| :  48%|████▊     | 3380/7000 [04:48<02:48, 21.53it/s]
loss=0.069| sh degree=3| :  48%|████▊     | 3380/7000 [04:48<02:48, 21.53it/s]
loss=0.069| sh degree=3| :  48%|████▊     | 3383/7000 [04:48<02:42, 22.30it/s]
loss=0.038| sh degree=3| :  48%|████▊     | 3383/7000 [04:48<02:42, 22.30it/s]
loss=0.058| sh degree=3| :  48%|████▊     | 3383/7000 [04:48<02:42, 22.30it/s]
loss=0.038| sh degree=3| :  48%|████▊     | 3383/7000 [04:48<02:42, 22.30it/s]
loss=0.038| sh degree=3| :  48%|████▊     | 3386/7000 [04:48<02:39, 22.65it/s]
loss=0.055| sh degree=3| :  48%|████▊     | 3386/7000 [04:48<02:39, 22.65it/s]
loss=0.045| sh degree=3| :  48%|████▊     | 3386/7000 [04:49<02:39, 22.65it/s]
loss=0.049| sh degree=3| :  48%|████▊     | 3386/7000 [04:49<02:39, 22.65it/s]
loss=0.049| sh degree=3| :  48%|████▊     | 3389/7000 [04:49<02:41, 22.31it/s]
loss=0.048| sh degree=3| :  48%|████▊     | 3389/7000 [04:49<02:41, 22.31it/s]
loss=0.044| sh degree=3| :  48%|████▊     | 3389/7000 [04:49<02:41, 22.31it/s]
loss=0.041| sh degree=3| :  48%|████▊     | 3389/7000 [04:49<02:41, 22.31it/s]
loss=0.041| sh degree=3| :  48%|████▊     | 3392/7000 [04:49<02:38, 22.71it/s]
loss=0.050| sh degree=3| :  48%|████▊     | 3392/7000 [04:49<02:38, 22.71it/s]
loss=0.038| sh degree=3| :  48%|████▊     | 3392/7000 [04:49<02:38, 22.71it/s]
loss=0.038| sh degree=3| :  48%|████▊     | 3392/7000 [04:49<02:38, 22.71it/s]
loss=0.038| sh degree=3| :  48%|████▊     | 3395/7000 [04:49<02:42, 22.15it/s]
loss=0.036| sh degree=3| :  48%|████▊     | 3395/7000 [04:49<02:42, 22.15it/s]
loss=0.046| sh degree=3| :  48%|████▊     | 3395/7000 [04:49<02:42, 22.15it/s]
loss=0.049| sh degree=3| :  48%|████▊     | 3395/7000 [04:49<02:42, 22.15it/s]
loss=0.049| sh degree=3| :  49%|████▊     | 3398/7000 [04:49<02:43, 22.09it/s]
loss=0.047| sh degree=3| :  49%|████▊     | 3398/7000 [04:49<02:43, 22.09it/s]
loss=0.048| sh degree=3| :  49%|████▊     | 3398/7000 [04:49<02:43, 22.09it/s]
loss=0.053| sh degree=3| :  49%|████▊     | 3398/7000 [04:49<02:43, 22.09it/s]
loss=0.053| sh degree=3| :  49%|████▊     | 3401/7000 [04:49<03:07, 19.20it/s]
loss=0.062| sh degree=3| :  49%|████▊     | 3401/7000 [04:49<03:07, 19.20it/s]
loss=0.060| sh degree=3| :  49%|████▊     | 3401/7000 [04:49<03:07, 19.20it/s]
loss=0.055| sh degree=3| :  49%|████▊     | 3401/7000 [04:49<03:07, 19.20it/s]
loss=0.055| sh degree=3| :  49%|████▊     | 3404/7000 [04:49<02:54, 20.57it/s]
loss=0.064| sh degree=3| :  49%|████▊     | 3404/7000 [04:49<02:54, 20.57it/s]
loss=0.055| sh degree=3| :  49%|████▊     | 3404/7000 [04:49<02:54, 20.57it/s]
loss=0.046| sh degree=3| :  49%|████▊     | 3404/7000 [04:49<02:54, 20.57it/s]
loss=0.046| sh degree=3| :  49%|████▊     | 3407/7000 [04:49<02:53, 20.68it/s]
loss=0.062| sh degree=3| :  49%|████▊     | 3407/7000 [04:49<02:53, 20.68it/s]
loss=0.065| sh degree=3| :  49%|████▊     | 3407/7000 [04:50<02:53, 20.68it/s]
loss=0.058| sh degree=3| :  49%|████▊     | 3407/7000 [04:50<02:53, 20.68it/s]
loss=0.058| sh degree=3| :  49%|████▊     | 3410/7000 [04:50<02:51, 20.95it/s]
loss=0.057| sh degree=3| :  49%|████▊     | 3410/7000 [04:50<02:51, 20.95it/s]
loss=0.063| sh degree=3| :  49%|████▊     | 3410/7000 [04:50<02:51, 20.95it/s]
loss=0.053| sh degree=3| :  49%|████▊     | 3410/7000 [04:50<02:51, 20.95it/s]
loss=0.053| sh degree=3| :  49%|████▉     | 3413/7000 [04:50<03:17, 18.18it/s]
loss=0.059| sh degree=3| :  49%|████▉     | 3413/7000 [04:50<03:17, 18.18it/s]
loss=0.074| sh degree=3| :  49%|████▉     | 3413/7000 [04:50<03:17, 18.18it/s]
loss=0.074| sh degree=3| :  49%|████▉     | 3415/7000 [04:50<03:17, 18.14it/s]
loss=0.046| sh degree=3| :  49%|████▉     | 3415/7000 [04:50<03:17, 18.14it/s]
loss=0.041| sh degree=3| :  49%|████▉     | 3415/7000 [04:50<03:17, 18.14it/s]
loss=0.057| sh degree=3| :  49%|████▉     | 3415/7000 [04:50<03:17, 18.14it/s]
loss=0.057| sh degree=3| :  49%|████▉     | 3418/7000 [04:50<03:07, 19.09it/s]
loss=0.074| sh degree=3| :  49%|████▉     | 3418/7000 [04:50<03:07, 19.09it/s]
loss=0.052| sh degree=3| :  49%|████▉     | 3418/7000 [04:50<03:07, 19.09it/s]
loss=0.052| sh degree=3| :  49%|████▉     | 3420/7000 [04:50<03:12, 18.62it/s]
loss=0.071| sh degree=3| :  49%|████▉     | 3420/7000 [04:50<03:12, 18.62it/s]
loss=0.068| sh degree=3| :  49%|████▉     | 3420/7000 [04:50<03:12, 18.62it/s]
loss=0.066| sh degree=3| :  49%|████▉     | 3420/7000 [04:50<03:12, 18.62it/s]
loss=0.066| sh degree=3| :  49%|████▉     | 3423/7000 [04:50<03:02, 19.58it/s]
loss=0.050| sh degree=3| :  49%|████▉     | 3423/7000 [04:50<03:02, 19.58it/s]
loss=0.055| sh degree=3| :  49%|████▉     | 3423/7000 [04:50<03:02, 19.58it/s]
loss=0.058| sh degree=3| :  49%|████▉     | 3423/7000 [04:50<03:02, 19.58it/s]
loss=0.058| sh degree=3| :  49%|████▉     | 3426/7000 [04:50<02:50, 20.96it/s]
loss=0.067| sh degree=3| :  49%|████▉     | 3426/7000 [04:51<02:50, 20.96it/s]
loss=0.065| sh degree=3| :  49%|████▉     | 3426/7000 [04:51<02:50, 20.96it/s]
loss=0.054| sh degree=3| :  49%|████▉     | 3426/7000 [04:51<02:50, 20.96it/s]
loss=0.054| sh degree=3| :  49%|████▉     | 3429/7000 [04:51<02:57, 20.14it/s]
loss=0.056| sh degree=3| :  49%|████▉     | 3429/7000 [04:51<02:57, 20.14it/s]
loss=0.045| sh degree=3| :  49%|████▉     | 3429/7000 [04:51<02:57, 20.14it/s]
loss=0.046| sh degree=3| :  49%|████▉     | 3429/7000 [04:51<02:57, 20.14it/s]
loss=0.046| sh degree=3| :  49%|████▉     | 3432/7000 [04:51<02:57, 20.16it/s]
loss=0.056| sh degree=3| :  49%|████▉     | 3432/7000 [04:51<02:57, 20.16it/s]
loss=0.054| sh degree=3| :  49%|████▉     | 3432/7000 [04:51<02:57, 20.16it/s]
loss=0.053| sh degree=3| :  49%|████▉     | 3432/7000 [04:51<02:57, 20.16it/s]
loss=0.053| sh degree=3| :  49%|████▉     | 3435/7000 [04:51<02:42, 21.94it/s]
loss=0.052| sh degree=3| :  49%|████▉     | 3435/7000 [04:51<02:42, 21.94it/s]
loss=0.064| sh degree=3| :  49%|████▉     | 3435/7000 [04:51<02:42, 21.94it/s]
loss=0.063| sh degree=3| :  49%|████▉     | 3435/7000 [04:51<02:42, 21.94it/s]
loss=0.063| sh degree=3| :  49%|████▉     | 3438/7000 [04:51<02:40, 22.23it/s]
loss=0.061| sh degree=3| :  49%|████▉     | 3438/7000 [04:51<02:40, 22.23it/s]
loss=0.041| sh degree=3| :  49%|████▉     | 3438/7000 [04:51<02:40, 22.23it/s]
loss=0.042| sh degree=3| :  49%|████▉     | 3438/7000 [04:51<02:40, 22.23it/s]
loss=0.042| sh degree=3| :  49%|████▉     | 3441/7000 [04:51<02:29, 23.85it/s]
loss=0.038| sh degree=3| :  49%|████▉     | 3441/7000 [04:51<02:29, 23.85it/s]
loss=0.086| sh degree=3| :  49%|████▉     | 3441/7000 [04:51<02:29, 23.85it/s]
loss=0.039| sh degree=3| :  49%|████▉     | 3441/7000 [04:51<02:29, 23.85it/s]
loss=0.037| sh degree=3| :  49%|████▉     | 3441/7000 [04:51<02:29, 23.85it/s]
loss=0.037| sh degree=3| :  49%|████▉     | 3445/7000 [04:51<02:20, 25.25it/s]
loss=0.042| sh degree=3| :  49%|████▉     | 3445/7000 [04:51<02:20, 25.25it/s]
loss=0.050| sh degree=3| :  49%|████▉     | 3445/7000 [04:51<02:20, 25.25it/s]
loss=0.049| sh degree=3| :  49%|████▉     | 3445/7000 [04:51<02:20, 25.25it/s]
loss=0.049| sh degree=3| :  49%|████▉     | 3448/7000 [04:51<02:33, 23.21it/s]
loss=0.038| sh degree=3| :  49%|████▉     | 3448/7000 [04:51<02:33, 23.21it/s]
loss=0.053| sh degree=3| :  49%|████▉     | 3448/7000 [04:52<02:33, 23.21it/s]
loss=0.049| sh degree=3| :  49%|████▉     | 3448/7000 [04:52<02:33, 23.21it/s]
loss=0.049| sh degree=3| :  49%|████▉     | 3451/7000 [04:52<02:46, 21.35it/s]
loss=0.053| sh degree=3| :  49%|████▉     | 3451/7000 [04:52<02:46, 21.35it/s]
loss=0.059| sh degree=3| :  49%|████▉     | 3451/7000 [04:52<02:46, 21.35it/s]
loss=0.036| sh degree=3| :  49%|████▉     | 3451/7000 [04:52<02:46, 21.35it/s]
loss=0.036| sh degree=3| :  49%|████▉     | 3454/7000 [04:52<03:16, 18.01it/s]
loss=0.038| sh degree=3| :  49%|████▉     | 3454/7000 [04:52<03:16, 18.01it/s]
loss=0.063| sh degree=3| :  49%|████▉     | 3454/7000 [04:52<03:16, 18.01it/s]
loss=0.034| sh degree=3| :  49%|████▉     | 3454/7000 [04:52<03:16, 18.01it/s]
loss=0.054| sh degree=3| :  49%|████▉     | 3454/7000 [04:52<03:16, 18.01it/s]
loss=0.054| sh degree=3| :  49%|████▉     | 3458/7000 [04:52<02:46, 21.26it/s]
loss=0.052| sh degree=3| :  49%|████▉     | 3458/7000 [04:52<02:46, 21.26it/s]
loss=0.037| sh degree=3| :  49%|████▉     | 3458/7000 [04:52<02:46, 21.26it/s]
loss=0.067| sh degree=3| :  49%|████▉     | 3458/7000 [04:52<02:46, 21.26it/s]
loss=0.067| sh degree=3| :  49%|████▉     | 3461/7000 [04:52<02:41, 21.94it/s]
loss=0.047| sh degree=3| :  49%|████▉     | 3461/7000 [04:52<02:41, 21.94it/s]
loss=0.040| sh degree=3| :  49%|████▉     | 3461/7000 [04:52<02:41, 21.94it/s]
loss=0.052| sh degree=3| :  49%|████▉     | 3461/7000 [04:52<02:41, 21.94it/s]
loss=0.052| sh degree=3| :  49%|████▉     | 3464/7000 [04:52<02:33, 23.06it/s]
loss=0.055| sh degree=3| :  49%|████▉     | 3464/7000 [04:52<02:33, 23.06it/s]
loss=0.049| sh degree=3| :  49%|████▉     | 3464/7000 [04:52<02:33, 23.06it/s]
loss=0.043| sh degree=3| :  49%|████▉     | 3464/7000 [04:52<02:33, 23.06it/s]
loss=0.043| sh degree=3| :  50%|████▉     | 3467/7000 [04:52<02:38, 22.29it/s]
loss=0.048| sh degree=3| :  50%|████▉     | 3467/7000 [04:52<02:38, 22.29it/s]
loss=0.033| sh degree=3| :  50%|████▉     | 3467/7000 [04:52<02:38, 22.29it/s]
loss=0.047| sh degree=3| :  50%|████▉     | 3467/7000 [04:52<02:38, 22.29it/s]
loss=0.047| sh degree=3| :  50%|████▉     | 3470/7000 [04:52<02:41, 21.81it/s]
loss=0.045| sh degree=3| :  50%|████▉     | 3470/7000 [04:52<02:41, 21.81it/s]
loss=0.053| sh degree=3| :  50%|████▉     | 3470/7000 [04:53<02:41, 21.81it/s]
loss=0.053| sh degree=3| :  50%|████▉     | 3470/7000 [04:53<02:41, 21.81it/s]
loss=0.053| sh degree=3| :  50%|████▉     | 3473/7000 [04:53<02:29, 23.59it/s]
loss=0.042| sh degree=3| :  50%|████▉     | 3473/7000 [04:53<02:29, 23.59it/s]
loss=0.039| sh degree=3| :  50%|████▉     | 3473/7000 [04:53<02:29, 23.59it/s]
loss=0.051| sh degree=3| :  50%|████▉     | 3473/7000 [04:53<02:29, 23.59it/s]
loss=0.042| sh degree=3| :  50%|████▉     | 3473/7000 [04:53<02:29, 23.59it/s]
loss=0.042| sh degree=3| :  50%|████▉     | 3477/7000 [04:53<02:20, 25.07it/s]
loss=0.049| sh degree=3| :  50%|████▉     | 3477/7000 [04:53<02:20, 25.07it/s]
loss=0.048| sh degree=3| :  50%|████▉     | 3477/7000 [04:53<02:20, 25.07it/s]
loss=0.055| sh degree=3| :  50%|████▉     | 3477/7000 [04:53<02:20, 25.07it/s]
loss=0.055| sh degree=3| :  50%|████▉     | 3480/7000 [04:53<02:23, 24.59it/s]
loss=0.034| sh degree=3| :  50%|████▉     | 3480/7000 [04:53<02:23, 24.59it/s]
loss=0.062| sh degree=3| :  50%|████▉     | 3480/7000 [04:53<02:23, 24.59it/s]
loss=0.075| sh degree=3| :  50%|████▉     | 3480/7000 [04:53<02:23, 24.59it/s]
loss=0.075| sh degree=3| :  50%|████▉     | 3483/7000 [04:53<02:30, 23.30it/s]
loss=0.047| sh degree=3| :  50%|████▉     | 3483/7000 [04:53<02:30, 23.30it/s]
loss=0.038| sh degree=3| :  50%|████▉     | 3483/7000 [04:53<02:30, 23.30it/s]
loss=0.033| sh degree=3| :  50%|████▉     | 3483/7000 [04:53<02:30, 23.30it/s]
loss=0.033| sh degree=3| :  50%|████▉     | 3486/7000 [04:53<02:40, 21.94it/s]
loss=0.051| sh degree=3| :  50%|████▉     | 3486/7000 [04:53<02:40, 21.94it/s]
loss=0.041| sh degree=3| :  50%|████▉     | 3486/7000 [04:53<02:40, 21.94it/s]
loss=0.050| sh degree=3| :  50%|████▉     | 3486/7000 [04:53<02:40, 21.94it/s]
loss=0.050| sh degree=3| :  50%|████▉     | 3489/7000 [04:53<02:42, 21.62it/s]
loss=0.066| sh degree=3| :  50%|████▉     | 3489/7000 [04:53<02:42, 21.62it/s]
loss=0.051| sh degree=3| :  50%|████▉     | 3489/7000 [04:53<02:42, 21.62it/s]
loss=0.044| sh degree=3| :  50%|████▉     | 3489/7000 [04:53<02:42, 21.62it/s]
loss=0.044| sh degree=3| :  50%|████▉     | 3492/7000 [04:53<02:34, 22.78it/s]
loss=0.047| sh degree=3| :  50%|████▉     | 3492/7000 [04:53<02:34, 22.78it/s]
loss=0.047| sh degree=3| :  50%|████▉     | 3492/7000 [04:53<02:34, 22.78it/s]
loss=0.058| sh degree=3| :  50%|████▉     | 3492/7000 [04:53<02:34, 22.78it/s]
loss=0.058| sh degree=3| :  50%|████▉     | 3495/7000 [04:54<02:30, 23.36it/s]
loss=0.055| sh degree=3| :  50%|████▉     | 3495/7000 [04:54<02:30, 23.36it/s]
loss=0.052| sh degree=3| :  50%|████▉     | 3495/7000 [04:54<02:30, 23.36it/s]
loss=0.037| sh degree=3| :  50%|████▉     | 3495/7000 [04:54<02:30, 23.36it/s]
loss=0.037| sh degree=3| :  50%|████▉     | 3498/7000 [04:54<02:34, 22.72it/s]
loss=0.047| sh degree=3| :  50%|████▉     | 3498/7000 [04:54<02:34, 22.72it/s]
loss=0.061| sh degree=3| :  50%|████▉     | 3498/7000 [04:54<02:34, 22.72it/s]
loss=0.058| sh degree=3| :  50%|████▉     | 3498/7000 [04:54<02:34, 22.72it/s]
loss=0.058| sh degree=3| :  50%|█████     | 3501/7000 [04:54<02:47, 20.91it/s]
loss=0.060| sh degree=3| :  50%|█████     | 3501/7000 [04:54<02:47, 20.91it/s]
loss=0.066| sh degree=3| :  50%|█████     | 3501/7000 [04:54<02:47, 20.91it/s]
loss=0.050| sh degree=3| :  50%|█████     | 3501/7000 [04:54<02:47, 20.91it/s]
loss=0.055| sh degree=3| :  50%|█████     | 3501/7000 [04:54<02:47, 20.91it/s]
loss=0.055| sh degree=3| :  50%|█████     | 3505/7000 [04:54<02:31, 23.09it/s]
loss=0.061| sh degree=3| :  50%|█████     | 3505/7000 [04:54<02:31, 23.09it/s]
loss=0.053| sh degree=3| :  50%|█████     | 3505/7000 [04:54<02:31, 23.09it/s]
loss=0.052| sh degree=3| :  50%|█████     | 3505/7000 [04:54<02:31, 23.09it/s]
loss=0.052| sh degree=3| :  50%|█████     | 3508/7000 [04:54<02:34, 22.61it/s]
loss=0.048| sh degree=3| :  50%|█████     | 3508/7000 [04:54<02:34, 22.61it/s]
loss=0.059| sh degree=3| :  50%|█████     | 3508/7000 [04:54<02:34, 22.61it/s]
loss=0.048| sh degree=3| :  50%|█████     | 3508/7000 [04:54<02:34, 22.61it/s]
loss=0.048| sh degree=3| :  50%|█████     | 3511/7000 [04:54<02:27, 23.73it/s]
loss=0.047| sh degree=3| :  50%|█████     | 3511/7000 [04:54<02:27, 23.73it/s]
loss=0.042| sh degree=3| :  50%|█████     | 3511/7000 [04:54<02:27, 23.73it/s]
loss=0.054| sh degree=3| :  50%|█████     | 3511/7000 [04:54<02:27, 23.73it/s]
loss=0.054| sh degree=3| :  50%|█████     | 3514/7000 [04:54<02:25, 23.97it/s]
loss=0.064| sh degree=3| :  50%|█████     | 3514/7000 [04:54<02:25, 23.97it/s]
loss=0.068| sh degree=3| :  50%|█████     | 3514/7000 [04:54<02:25, 23.97it/s]
loss=0.038| sh degree=3| :  50%|█████     | 3514/7000 [04:54<02:25, 23.97it/s]
loss=0.038| sh degree=3| :  50%|█████     | 3517/7000 [04:54<02:20, 24.72it/s]
loss=0.042| sh degree=3| :  50%|█████     | 3517/7000 [04:54<02:20, 24.72it/s]
loss=0.052| sh degree=3| :  50%|█████     | 3517/7000 [04:55<02:20, 24.72it/s]
loss=0.049| sh degree=3| :  50%|█████     | 3517/7000 [04:55<02:20, 24.72it/s]
loss=0.049| sh degree=3| :  50%|█████     | 3520/7000 [04:55<02:22, 24.46it/s]
loss=0.058| sh degree=3| :  50%|█████     | 3520/7000 [04:55<02:22, 24.46it/s]
loss=0.075| sh degree=3| :  50%|█████     | 3520/7000 [04:55<02:22, 24.46it/s]
loss=0.049| sh degree=3| :  50%|█████     | 3520/7000 [04:55<02:22, 24.46it/s]
loss=0.049| sh degree=3| :  50%|█████     | 3523/7000 [04:55<02:38, 21.94it/s]
loss=0.041| sh degree=3| :  50%|█████     | 3523/7000 [04:55<02:38, 21.94it/s]
loss=0.041| sh degree=3| :  50%|█████     | 3523/7000 [04:55<02:38, 21.94it/s]
loss=0.048| sh degree=3| :  50%|█████     | 3523/7000 [04:55<02:38, 21.94it/s]
loss=0.048| sh degree=3| :  50%|█████     | 3526/7000 [04:55<02:37, 22.07it/s]
loss=0.047| sh degree=3| :  50%|█████     | 3526/7000 [04:55<02:37, 22.07it/s]
loss=0.071| sh degree=3| :  50%|█████     | 3526/7000 [04:55<02:37, 22.07it/s]
loss=0.044| sh degree=3| :  50%|█████     | 3526/7000 [04:55<02:37, 22.07it/s]
loss=0.044| sh degree=3| :  50%|█████     | 3529/7000 [04:55<02:28, 23.38it/s]
loss=0.049| sh degree=3| :  50%|█████     | 3529/7000 [04:55<02:28, 23.38it/s]
loss=0.055| sh degree=3| :  50%|█████     | 3529/7000 [04:55<02:28, 23.38it/s]
loss=0.070| sh degree=3| :  50%|█████     | 3529/7000 [04:55<02:28, 23.38it/s]
loss=0.070| sh degree=3| :  50%|█████     | 3532/7000 [04:55<02:21, 24.48it/s]
loss=0.036| sh degree=3| :  50%|█████     | 3532/7000 [04:55<02:21, 24.48it/s]
loss=0.059| sh degree=3| :  50%|█████     | 3532/7000 [04:55<02:21, 24.48it/s]
loss=0.055| sh degree=3| :  50%|█████     | 3532/7000 [04:55<02:21, 24.48it/s]
loss=0.055| sh degree=3| :  50%|█████     | 3535/7000 [04:55<02:15, 25.50it/s]
loss=0.056| sh degree=3| :  50%|█████     | 3535/7000 [04:55<02:15, 25.50it/s]
loss=0.041| sh degree=3| :  50%|█████     | 3535/7000 [04:55<02:15, 25.50it/s]
loss=0.054| sh degree=3| :  50%|█████     | 3535/7000 [04:55<02:15, 25.50it/s]
loss=0.054| sh degree=3| :  51%|█████     | 3538/7000 [04:55<02:11, 26.42it/s]
loss=0.043| sh degree=3| :  51%|█████     | 3538/7000 [04:55<02:11, 26.42it/s]
loss=0.050| sh degree=3| :  51%|█████     | 3538/7000 [04:55<02:11, 26.42it/s]
loss=0.041| sh degree=3| :  51%|█████     | 3538/7000 [04:55<02:11, 26.42it/s]
loss=0.035| sh degree=3| :  51%|█████     | 3538/7000 [04:55<02:11, 26.42it/s]
loss=0.035| sh degree=3| :  51%|█████     | 3542/7000 [04:55<02:09, 26.80it/s]
loss=0.054| sh degree=3| :  51%|█████     | 3542/7000 [04:55<02:09, 26.80it/s]
loss=0.045| sh degree=3| :  51%|█████     | 3542/7000 [04:56<02:09, 26.80it/s]
loss=0.044| sh degree=3| :  51%|█████     | 3542/7000 [04:56<02:09, 26.80it/s]
loss=0.044| sh degree=3| :  51%|█████     | 3545/7000 [04:56<02:15, 25.59it/s]
loss=0.135| sh degree=3| :  51%|█████     | 3545/7000 [04:56<02:15, 25.59it/s]
loss=0.050| sh degree=3| :  51%|█████     | 3545/7000 [04:56<02:15, 25.59it/s]
loss=0.079| sh degree=3| :  51%|█████     | 3545/7000 [04:56<02:15, 25.59it/s]
loss=0.079| sh degree=3| :  51%|█████     | 3548/7000 [04:56<02:11, 26.27it/s]
loss=0.042| sh degree=3| :  51%|█████     | 3548/7000 [04:56<02:11, 26.27it/s]
loss=0.062| sh degree=3| :  51%|█████     | 3548/7000 [04:56<02:11, 26.27it/s]
loss=0.038| sh degree=3| :  51%|█████     | 3548/7000 [04:56<02:11, 26.27it/s]
loss=0.038| sh degree=3| :  51%|█████     | 3551/7000 [04:56<02:18, 24.91it/s]
loss=0.050| sh degree=3| :  51%|█████     | 3551/7000 [04:56<02:18, 24.91it/s]
loss=0.048| sh degree=3| :  51%|█████     | 3551/7000 [04:56<02:18, 24.91it/s]
loss=0.081| sh degree=3| :  51%|█████     | 3551/7000 [04:56<02:18, 24.91it/s]
loss=0.081| sh degree=3| :  51%|█████     | 3554/7000 [04:56<02:19, 24.64it/s]
loss=0.041| sh degree=3| :  51%|█████     | 3554/7000 [04:56<02:19, 24.64it/s]
loss=0.045| sh degree=3| :  51%|█████     | 3554/7000 [04:56<02:19, 24.64it/s]
loss=0.057| sh degree=3| :  51%|█████     | 3554/7000 [04:56<02:19, 24.64it/s]
loss=0.057| sh degree=3| :  51%|█████     | 3557/7000 [04:56<02:21, 24.29it/s]
loss=0.074| sh degree=3| :  51%|█████     | 3557/7000 [04:56<02:21, 24.29it/s]
loss=0.063| sh degree=3| :  51%|█████     | 3557/7000 [04:56<02:21, 24.29it/s]
loss=0.042| sh degree=3| :  51%|█████     | 3557/7000 [04:56<02:21, 24.29it/s]
loss=0.042| sh degree=3| :  51%|█████     | 3560/7000 [04:56<02:24, 23.85it/s]
loss=0.042| sh degree=3| :  51%|█████     | 3560/7000 [04:56<02:24, 23.85it/s]
loss=0.054| sh degree=3| :  51%|█████     | 3560/7000 [04:56<02:24, 23.85it/s]
loss=0.052| sh degree=3| :  51%|█████     | 3560/7000 [04:56<02:24, 23.85it/s]
loss=0.052| sh degree=3| :  51%|█████     | 3563/7000 [04:56<02:25, 23.62it/s]
loss=0.034| sh degree=3| :  51%|█████     | 3563/7000 [04:56<02:25, 23.62it/s]
loss=0.057| sh degree=3| :  51%|█████     | 3563/7000 [04:56<02:25, 23.62it/s]
loss=0.039| sh degree=3| :  51%|█████     | 3563/7000 [04:56<02:25, 23.62it/s]
loss=0.039| sh degree=3| :  51%|█████     | 3566/7000 [04:56<02:18, 24.74it/s]
loss=0.044| sh degree=3| :  51%|█████     | 3566/7000 [04:56<02:18, 24.74it/s]
loss=0.048| sh degree=3| :  51%|█████     | 3566/7000 [04:57<02:18, 24.74it/s]
loss=0.050| sh degree=3| :  51%|█████     | 3566/7000 [04:57<02:18, 24.74it/s]
loss=0.043| sh degree=3| :  51%|█████     | 3566/7000 [04:57<02:18, 24.74it/s]
loss=0.043| sh degree=3| :  51%|█████     | 3570/7000 [04:57<02:10, 26.35it/s]
loss=0.040| sh degree=3| :  51%|█████     | 3570/7000 [04:57<02:10, 26.35it/s]
loss=0.039| sh degree=3| :  51%|█████     | 3570/7000 [04:57<02:10, 26.35it/s]
loss=0.048| sh degree=3| :  51%|█████     | 3570/7000 [04:57<02:10, 26.35it/s]
loss=0.048| sh degree=3| :  51%|█████     | 3573/7000 [04:57<03:32, 16.16it/s]
loss=0.039| sh degree=3| :  51%|█████     | 3573/7000 [04:57<03:32, 16.16it/s]
loss=0.054| sh degree=3| :  51%|█████     | 3573/7000 [04:57<03:32, 16.16it/s]
loss=0.045| sh degree=3| :  51%|█████     | 3573/7000 [04:57<03:32, 16.16it/s]
loss=0.045| sh degree=3| :  51%|█████     | 3576/7000 [04:57<03:09, 18.10it/s]
loss=0.046| sh degree=3| :  51%|█████     | 3576/7000 [04:57<03:09, 18.10it/s]
loss=0.046| sh degree=3| :  51%|█████     | 3576/7000 [04:57<03:09, 18.10it/s]
loss=0.050| sh degree=3| :  51%|█████     | 3576/7000 [04:57<03:09, 18.10it/s]
loss=0.050| sh degree=3| :  51%|█████     | 3579/7000 [04:57<02:49, 20.20it/s]
loss=0.047| sh degree=3| :  51%|█████     | 3579/7000 [04:57<02:49, 20.20it/s]
loss=0.042| sh degree=3| :  51%|█████     | 3579/7000 [04:57<02:49, 20.20it/s]
loss=0.041| sh degree=3| :  51%|█████     | 3579/7000 [04:57<02:49, 20.20it/s]
loss=0.038| sh degree=3| :  51%|█████     | 3579/7000 [04:57<02:49, 20.20it/s]
loss=0.038| sh degree=3| :  51%|█████     | 3583/7000 [04:57<02:25, 23.42it/s]
loss=0.044| sh degree=3| :  51%|█████     | 3583/7000 [04:57<02:25, 23.42it/s]
loss=0.039| sh degree=3| :  51%|█████     | 3583/7000 [04:57<02:25, 23.42it/s]
loss=0.040| sh degree=3| :  51%|█████     | 3583/7000 [04:57<02:25, 23.42it/s]
loss=0.066| sh degree=3| :  51%|█████     | 3583/7000 [04:57<02:25, 23.42it/s]
loss=0.066| sh degree=3| :  51%|█████     | 3587/7000 [04:57<02:15, 25.22it/s]
loss=0.052| sh degree=3| :  51%|█████     | 3587/7000 [04:57<02:15, 25.22it/s]
loss=0.049| sh degree=3| :  51%|█████     | 3587/7000 [04:58<02:15, 25.22it/s]
loss=0.045| sh degree=3| :  51%|█████     | 3587/7000 [04:58<02:15, 25.22it/s]
loss=0.045| sh degree=3| :  51%|█████▏    | 3590/7000 [04:58<02:25, 23.48it/s]
loss=0.051| sh degree=3| :  51%|█████▏    | 3590/7000 [04:58<02:25, 23.48it/s]
loss=0.037| sh degree=3| :  51%|█████▏    | 3590/7000 [04:58<02:25, 23.48it/s]
loss=0.039| sh degree=3| :  51%|█████▏    | 3590/7000 [04:58<02:25, 23.48it/s]
loss=0.067| sh degree=3| :  51%|█████▏    | 3590/7000 [04:58<02:25, 23.48it/s]
loss=0.067| sh degree=3| :  51%|█████▏    | 3594/7000 [04:58<02:19, 24.35it/s]
loss=0.041| sh degree=3| :  51%|█████▏    | 3594/7000 [04:58<02:19, 24.35it/s]
loss=0.054| sh degree=3| :  51%|█████▏    | 3594/7000 [04:58<02:19, 24.35it/s]
loss=0.042| sh degree=3| :  51%|█████▏    | 3594/7000 [04:58<02:19, 24.35it/s]
loss=0.042| sh degree=3| :  51%|█████▏    | 3597/7000 [04:58<02:13, 25.56it/s]
loss=0.066| sh degree=3| :  51%|█████▏    | 3597/7000 [04:58<02:13, 25.56it/s]
loss=0.035| sh degree=3| :  51%|█████▏    | 3597/7000 [04:58<02:13, 25.56it/s]
loss=0.046| sh degree=3| :  51%|█████▏    | 3597/7000 [04:58<02:13, 25.56it/s]
loss=0.046| sh degree=3| :  51%|█████▏    | 3600/7000 [04:58<02:36, 21.69it/s]
loss=0.051| sh degree=3| :  51%|█████▏    | 3600/7000 [04:58<02:36, 21.69it/s]
loss=0.053| sh degree=3| :  51%|█████▏    | 3600/7000 [04:58<02:36, 21.69it/s]
loss=0.066| sh degree=3| :  51%|█████▏    | 3600/7000 [04:58<02:36, 21.69it/s]
loss=0.066| sh degree=3| :  51%|█████▏    | 3603/7000 [04:58<02:38, 21.40it/s]
loss=0.064| sh degree=3| :  51%|█████▏    | 3603/7000 [04:58<02:38, 21.40it/s]
loss=0.046| sh degree=3| :  51%|█████▏    | 3603/7000 [04:58<02:38, 21.40it/s]
loss=0.061| sh degree=3| :  51%|█████▏    | 3603/7000 [04:58<02:38, 21.40it/s]
loss=0.061| sh degree=3| :  52%|█████▏    | 3606/7000 [04:58<02:41, 21.01it/s]
loss=0.045| sh degree=3| :  52%|█████▏    | 3606/7000 [04:58<02:41, 21.01it/s]
loss=0.045| sh degree=3| :  52%|█████▏    | 3606/7000 [04:58<02:41, 21.01it/s]
loss=0.047| sh degree=3| :  52%|█████▏    | 3606/7000 [04:58<02:41, 21.01it/s]
loss=0.047| sh degree=3| :  52%|█████▏    | 3609/7000 [04:58<02:31, 22.41it/s]
loss=0.049| sh degree=3| :  52%|█████▏    | 3609/7000 [04:58<02:31, 22.41it/s]
loss=0.039| sh degree=3| :  52%|█████▏    | 3609/7000 [04:59<02:31, 22.41it/s]
loss=0.058| sh degree=3| :  52%|█████▏    | 3609/7000 [04:59<02:31, 22.41it/s]
loss=0.058| sh degree=3| :  52%|█████▏    | 3612/7000 [04:59<02:30, 22.45it/s]
loss=0.054| sh degree=3| :  52%|█████▏    | 3612/7000 [04:59<02:30, 22.45it/s]
loss=0.050| sh degree=3| :  52%|█████▏    | 3612/7000 [04:59<02:30, 22.45it/s]
loss=0.058| sh degree=3| :  52%|█████▏    | 3612/7000 [04:59<02:30, 22.45it/s]
loss=0.058| sh degree=3| :  52%|█████▏    | 3615/7000 [04:59<02:28, 22.74it/s]
loss=0.055| sh degree=3| :  52%|█████▏    | 3615/7000 [04:59<02:28, 22.74it/s]
loss=0.048| sh degree=3| :  52%|█████▏    | 3615/7000 [04:59<02:28, 22.74it/s]
loss=0.036| sh degree=3| :  52%|█████▏    | 3615/7000 [04:59<02:28, 22.74it/s]
loss=0.036| sh degree=3| :  52%|█████▏    | 3618/7000 [04:59<02:18, 24.36it/s]
loss=0.075| sh degree=3| :  52%|█████▏    | 3618/7000 [04:59<02:18, 24.36it/s]
loss=0.063| sh degree=3| :  52%|█████▏    | 3618/7000 [04:59<02:18, 24.36it/s]
loss=0.064| sh degree=3| :  52%|█████▏    | 3618/7000 [04:59<02:18, 24.36it/s]
loss=0.064| sh degree=3| :  52%|█████▏    | 3621/7000 [04:59<02:11, 25.76it/s]
loss=0.054| sh degree=3| :  52%|█████▏    | 3621/7000 [04:59<02:11, 25.76it/s]
loss=0.043| sh degree=3| :  52%|█████▏    | 3621/7000 [04:59<02:11, 25.76it/s]
loss=0.078| sh degree=3| :  52%|█████▏    | 3621/7000 [04:59<02:11, 25.76it/s]
loss=0.041| sh degree=3| :  52%|█████▏    | 3621/7000 [04:59<02:11, 25.76it/s]
loss=0.041| sh degree=3| :  52%|█████▏    | 3625/7000 [04:59<02:03, 27.26it/s]
loss=0.056| sh degree=3| :  52%|█████▏    | 3625/7000 [04:59<02:03, 27.26it/s]
loss=0.049| sh degree=3| :  52%|█████▏    | 3625/7000 [04:59<02:03, 27.26it/s]
loss=0.040| sh degree=3| :  52%|█████▏    | 3625/7000 [04:59<02:03, 27.26it/s]
loss=0.040| sh degree=3| :  52%|█████▏    | 3628/7000 [04:59<02:10, 25.78it/s]
loss=0.047| sh degree=3| :  52%|█████▏    | 3628/7000 [04:59<02:10, 25.78it/s]
loss=0.041| sh degree=3| :  52%|█████▏    | 3628/7000 [04:59<02:10, 25.78it/s]
loss=0.050| sh degree=3| :  52%|█████▏    | 3628/7000 [04:59<02:10, 25.78it/s]
loss=0.050| sh degree=3| :  52%|█████▏    | 3631/7000 [04:59<02:26, 23.05it/s]
loss=0.041| sh degree=3| :  52%|█████▏    | 3631/7000 [04:59<02:26, 23.05it/s]
loss=0.071| sh degree=3| :  52%|█████▏    | 3631/7000 [04:59<02:26, 23.05it/s]
loss=0.036| sh degree=3| :  52%|█████▏    | 3631/7000 [04:59<02:26, 23.05it/s]
loss=0.036| sh degree=3| :  52%|█████▏    | 3634/7000 [04:59<02:33, 21.89it/s]
loss=0.055| sh degree=3| :  52%|█████▏    | 3634/7000 [05:00<02:33, 21.89it/s]
loss=0.066| sh degree=3| :  52%|█████▏    | 3634/7000 [05:00<02:33, 21.89it/s]
loss=0.040| sh degree=3| :  52%|█████▏    | 3634/7000 [05:00<02:33, 21.89it/s]
loss=0.040| sh degree=3| :  52%|█████▏    | 3637/7000 [05:00<02:42, 20.74it/s]
loss=0.048| sh degree=3| :  52%|█████▏    | 3637/7000 [05:00<02:42, 20.74it/s]
loss=0.037| sh degree=3| :  52%|█████▏    | 3637/7000 [05:00<02:42, 20.74it/s]
loss=0.047| sh degree=3| :  52%|█████▏    | 3637/7000 [05:00<02:42, 20.74it/s]
loss=0.047| sh degree=3| :  52%|█████▏    | 3640/7000 [05:00<02:36, 21.44it/s]
loss=0.047| sh degree=3| :  52%|█████▏    | 3640/7000 [05:00<02:36, 21.44it/s]
loss=0.056| sh degree=3| :  52%|█████▏    | 3640/7000 [05:00<02:36, 21.44it/s]
loss=0.042| sh degree=3| :  52%|█████▏    | 3640/7000 [05:00<02:36, 21.44it/s]
loss=0.042| sh degree=3| :  52%|█████▏    | 3643/7000 [05:00<02:30, 22.29it/s]
loss=0.050| sh degree=3| :  52%|█████▏    | 3643/7000 [05:00<02:30, 22.29it/s]
loss=0.033| sh degree=3| :  52%|█████▏    | 3643/7000 [05:00<02:30, 22.29it/s]
loss=0.051| sh degree=3| :  52%|█████▏    | 3643/7000 [05:00<02:30, 22.29it/s]
loss=0.051| sh degree=3| :  52%|█████▏    | 3646/7000 [05:00<02:20, 23.90it/s]
loss=0.047| sh degree=3| :  52%|█████▏    | 3646/7000 [05:00<02:20, 23.90it/s]
loss=0.041| sh degree=3| :  52%|█████▏    | 3646/7000 [05:00<02:20, 23.90it/s]
loss=0.034| sh degree=3| :  52%|█████▏    | 3646/7000 [05:00<02:20, 23.90it/s]
loss=0.034| sh degree=3| :  52%|█████▏    | 3649/7000 [05:00<02:16, 24.49it/s]
loss=0.064| sh degree=3| :  52%|█████▏    | 3649/7000 [05:00<02:16, 24.49it/s]
loss=0.053| sh degree=3| :  52%|█████▏    | 3649/7000 [05:00<02:16, 24.49it/s]
loss=0.064| sh degree=3| :  52%|█████▏    | 3649/7000 [05:00<02:16, 24.49it/s]
loss=0.044| sh degree=3| :  52%|█████▏    | 3649/7000 [05:00<02:16, 24.49it/s]
loss=0.044| sh degree=3| :  52%|█████▏    | 3653/7000 [05:00<02:06, 26.55it/s]
loss=0.054| sh degree=3| :  52%|█████▏    | 3653/7000 [05:00<02:06, 26.55it/s]
loss=0.038| sh degree=3| :  52%|█████▏    | 3653/7000 [05:00<02:06, 26.55it/s]
loss=0.037| sh degree=3| :  52%|█████▏    | 3653/7000 [05:00<02:06, 26.55it/s]
loss=0.037| sh degree=3| :  52%|█████▏    | 3656/7000 [05:00<02:06, 26.43it/s]
loss=0.049| sh degree=3| :  52%|█████▏    | 3656/7000 [05:00<02:06, 26.43it/s]
loss=0.049| sh degree=3| :  52%|█████▏    | 3656/7000 [05:00<02:06, 26.43it/s]
loss=0.037| sh degree=3| :  52%|█████▏    | 3656/7000 [05:00<02:06, 26.43it/s]
loss=0.037| sh degree=3| :  52%|█████▏    | 3659/7000 [05:00<02:12, 25.23it/s]
loss=0.055| sh degree=3| :  52%|█████▏    | 3659/7000 [05:01<02:12, 25.23it/s]
loss=0.042| sh degree=3| :  52%|█████▏    | 3659/7000 [05:01<02:12, 25.23it/s]
loss=0.056| sh degree=3| :  52%|█████▏    | 3659/7000 [05:01<02:12, 25.23it/s]
loss=0.056| sh degree=3| :  52%|█████▏    | 3662/7000 [05:01<02:09, 25.85it/s]
loss=0.053| sh degree=3| :  52%|█████▏    | 3662/7000 [05:01<02:09, 25.85it/s]
loss=0.034| sh degree=3| :  52%|█████▏    | 3662/7000 [05:01<02:09, 25.85it/s]
loss=0.047| sh degree=3| :  52%|█████▏    | 3662/7000 [05:01<02:09, 25.85it/s]
loss=0.044| sh degree=3| :  52%|█████▏    | 3662/7000 [05:01<02:09, 25.85it/s]
loss=0.044| sh degree=3| :  52%|█████▏    | 3666/7000 [05:01<02:02, 27.14it/s]
loss=0.039| sh degree=3| :  52%|█████▏    | 3666/7000 [05:01<02:02, 27.14it/s]
loss=0.038| sh degree=3| :  52%|█████▏    | 3666/7000 [05:01<02:02, 27.14it/s]
loss=0.049| sh degree=3| :  52%|█████▏    | 3666/7000 [05:01<02:02, 27.14it/s]
loss=0.049| sh degree=3| :  52%|█████▏    | 3669/7000 [05:01<02:01, 27.33it/s]
loss=0.034| sh degree=3| :  52%|█████▏    | 3669/7000 [05:01<02:01, 27.33it/s]
loss=0.042| sh degree=3| :  52%|█████▏    | 3669/7000 [05:01<02:01, 27.33it/s]
loss=0.068| sh degree=3| :  52%|█████▏    | 3669/7000 [05:01<02:01, 27.33it/s]
loss=0.068| sh degree=3| :  52%|█████▏    | 3672/7000 [05:01<02:01, 27.35it/s]
loss=0.032| sh degree=3| :  52%|█████▏    | 3672/7000 [05:01<02:01, 27.35it/s]
loss=0.043| sh degree=3| :  52%|█████▏    | 3672/7000 [05:01<02:01, 27.35it/s]
loss=0.035| sh degree=3| :  52%|█████▏    | 3672/7000 [05:01<02:01, 27.35it/s]
loss=0.035| sh degree=3| :  52%|█████▎    | 3675/7000 [05:01<02:06, 26.28it/s]
loss=0.052| sh degree=3| :  52%|█████▎    | 3675/7000 [05:01<02:06, 26.28it/s]
loss=0.044| sh degree=3| :  52%|█████▎    | 3675/7000 [05:01<02:06, 26.28it/s]
loss=0.042| sh degree=3| :  52%|█████▎    | 3675/7000 [05:01<02:06, 26.28it/s]
loss=0.042| sh degree=3| :  53%|█████▎    | 3678/7000 [05:01<02:09, 25.66it/s]
loss=0.050| sh degree=3| :  53%|█████▎    | 3678/7000 [05:01<02:09, 25.66it/s]
loss=0.041| sh degree=3| :  53%|█████▎    | 3678/7000 [05:01<02:09, 25.66it/s]
loss=0.054| sh degree=3| :  53%|█████▎    | 3678/7000 [05:01<02:09, 25.66it/s]
loss=0.054| sh degree=3| :  53%|█████▎    | 3681/7000 [05:01<02:12, 25.02it/s]
loss=0.055| sh degree=3| :  53%|█████▎    | 3681/7000 [05:01<02:12, 25.02it/s]
loss=0.051| sh degree=3| :  53%|█████▎    | 3681/7000 [05:01<02:12, 25.02it/s]
loss=0.042| sh degree=3| :  53%|█████▎    | 3681/7000 [05:01<02:12, 25.02it/s]
loss=0.042| sh degree=3| :  53%|█████▎    | 3684/7000 [05:01<02:15, 24.51it/s]
loss=0.050| sh degree=3| :  53%|█████▎    | 3684/7000 [05:01<02:15, 24.51it/s]
loss=0.080| sh degree=3| :  53%|█████▎    | 3684/7000 [05:02<02:15, 24.51it/s]
loss=0.053| sh degree=3| :  53%|█████▎    | 3684/7000 [05:02<02:15, 24.51it/s]
loss=0.053| sh degree=3| :  53%|█████▎    | 3687/7000 [05:02<02:10, 25.43it/s]
loss=0.057| sh degree=3| :  53%|█████▎    | 3687/7000 [05:02<02:10, 25.43it/s]
loss=0.044| sh degree=3| :  53%|█████▎    | 3687/7000 [05:02<02:10, 25.43it/s]
loss=0.039| sh degree=3| :  53%|█████▎    | 3687/7000 [05:02<02:10, 25.43it/s]
loss=0.039| sh degree=3| :  53%|█████▎    | 3690/7000 [05:02<02:10, 25.39it/s]
loss=0.059| sh degree=3| :  53%|█████▎    | 3690/7000 [05:02<02:10, 25.39it/s]
loss=0.070| sh degree=3| :  53%|█████▎    | 3690/7000 [05:02<02:10, 25.39it/s]
loss=0.048| sh degree=3| :  53%|█████▎    | 3690/7000 [05:02<02:10, 25.39it/s]
loss=0.048| sh degree=3| :  53%|█████▎    | 3693/7000 [05:02<02:11, 25.06it/s]
loss=0.052| sh degree=3| :  53%|█████▎    | 3693/7000 [05:02<02:11, 25.06it/s]
loss=0.037| sh degree=3| :  53%|█████▎    | 3693/7000 [05:02<02:11, 25.06it/s]
loss=0.050| sh degree=3| :  53%|█████▎    | 3693/7000 [05:02<02:11, 25.06it/s]
loss=0.050| sh degree=3| :  53%|█████▎    | 3696/7000 [05:02<02:26, 22.58it/s]
loss=0.052| sh degree=3| :  53%|█████▎    | 3696/7000 [05:02<02:26, 22.58it/s]
loss=0.044| sh degree=3| :  53%|█████▎    | 3696/7000 [05:02<02:26, 22.58it/s]
loss=0.048| sh degree=3| :  53%|█████▎    | 3696/7000 [05:02<02:26, 22.58it/s]
loss=0.048| sh degree=3| :  53%|█████▎    | 3699/7000 [05:02<02:23, 22.98it/s]
loss=0.039| sh degree=3| :  53%|█████▎    | 3699/7000 [05:02<02:23, 22.98it/s]
loss=0.052| sh degree=3| :  53%|█████▎    | 3699/7000 [05:02<02:23, 22.98it/s]
loss=0.053| sh degree=3| :  53%|█████▎    | 3699/7000 [05:02<02:23, 22.98it/s]
loss=0.053| sh degree=3| :  53%|█████▎    | 3702/7000 [05:02<02:30, 21.88it/s]
loss=0.053| sh degree=3| :  53%|█████▎    | 3702/7000 [05:02<02:30, 21.88it/s]
loss=0.059| sh degree=3| :  53%|█████▎    | 3702/7000 [05:02<02:30, 21.88it/s]
loss=0.047| sh degree=3| :  53%|█████▎    | 3702/7000 [05:02<02:30, 21.88it/s]
loss=0.047| sh degree=3| :  53%|█████▎    | 3705/7000 [05:02<02:27, 22.41it/s]
loss=0.055| sh degree=3| :  53%|█████▎    | 3705/7000 [05:02<02:27, 22.41it/s]
loss=0.048| sh degree=3| :  53%|█████▎    | 3705/7000 [05:02<02:27, 22.41it/s]
loss=0.047| sh degree=3| :  53%|█████▎    | 3705/7000 [05:03<02:27, 22.41it/s]
loss=0.047| sh degree=3| :  53%|█████▎    | 3708/7000 [05:03<02:29, 22.09it/s]
loss=0.058| sh degree=3| :  53%|█████▎    | 3708/7000 [05:03<02:29, 22.09it/s]
loss=0.049| sh degree=3| :  53%|█████▎    | 3708/7000 [05:03<02:29, 22.09it/s]
loss=0.046| sh degree=3| :  53%|█████▎    | 3708/7000 [05:03<02:29, 22.09it/s]
loss=0.046| sh degree=3| :  53%|█████▎    | 3711/7000 [05:03<02:33, 21.50it/s]
loss=0.040| sh degree=3| :  53%|█████▎    | 3711/7000 [05:03<02:33, 21.50it/s]
loss=0.058| sh degree=3| :  53%|█████▎    | 3711/7000 [05:03<02:33, 21.50it/s]
loss=0.047| sh degree=3| :  53%|█████▎    | 3711/7000 [05:03<02:33, 21.50it/s]
loss=0.048| sh degree=3| :  53%|█████▎    | 3711/7000 [05:03<02:33, 21.50it/s]
loss=0.048| sh degree=3| :  53%|█████▎    | 3715/7000 [05:03<02:18, 23.66it/s]
loss=0.047| sh degree=3| :  53%|█████▎    | 3715/7000 [05:03<02:18, 23.66it/s]
loss=0.040| sh degree=3| :  53%|█████▎    | 3715/7000 [05:03<02:18, 23.66it/s]
loss=0.044| sh degree=3| :  53%|█████▎    | 3715/7000 [05:03<02:18, 23.66it/s]
loss=0.044| sh degree=3| :  53%|█████▎    | 3718/7000 [05:03<02:11, 24.97it/s]
loss=0.044| sh degree=3| :  53%|█████▎    | 3718/7000 [05:03<02:11, 24.97it/s]
loss=0.064| sh degree=3| :  53%|█████▎    | 3718/7000 [05:03<02:11, 24.97it/s]
loss=0.040| sh degree=3| :  53%|█████▎    | 3718/7000 [05:03<02:11, 24.97it/s]
loss=0.040| sh degree=3| :  53%|█████▎    | 3721/7000 [05:03<02:20, 23.35it/s]
loss=0.047| sh degree=3| :  53%|█████▎    | 3721/7000 [05:03<02:20, 23.35it/s]
loss=0.037| sh degree=3| :  53%|█████▎    | 3721/7000 [05:03<02:20, 23.35it/s]
loss=0.042| sh degree=3| :  53%|█████▎    | 3721/7000 [05:03<02:20, 23.35it/s]
loss=0.042| sh degree=3| :  53%|█████▎    | 3724/7000 [05:03<02:20, 23.25it/s]
loss=0.048| sh degree=3| :  53%|█████▎    | 3724/7000 [05:03<02:20, 23.25it/s]
loss=0.040| sh degree=3| :  53%|█████▎    | 3724/7000 [05:03<02:20, 23.25it/s]
loss=0.052| sh degree=3| :  53%|█████▎    | 3724/7000 [05:03<02:20, 23.25it/s]
loss=0.052| sh degree=3| :  53%|█████▎    | 3727/7000 [05:03<02:26, 22.32it/s]
loss=0.038| sh degree=3| :  53%|█████▎    | 3727/7000 [05:03<02:26, 22.32it/s]
loss=0.036| sh degree=3| :  53%|█████▎    | 3727/7000 [05:03<02:26, 22.32it/s]
loss=0.043| sh degree=3| :  53%|█████▎    | 3727/7000 [05:03<02:26, 22.32it/s]
loss=0.043| sh degree=3| :  53%|█████▎    | 3730/7000 [05:03<02:32, 21.50it/s]
loss=0.047| sh degree=3| :  53%|█████▎    | 3730/7000 [05:04<02:32, 21.50it/s]
loss=0.045| sh degree=3| :  53%|█████▎    | 3730/7000 [05:04<02:32, 21.50it/s]
loss=0.055| sh degree=3| :  53%|█████▎    | 3730/7000 [05:04<02:32, 21.50it/s]
loss=0.055| sh degree=3| :  53%|█████▎    | 3733/7000 [05:04<02:30, 21.71it/s]
loss=0.035| sh degree=3| :  53%|█████▎    | 3733/7000 [05:04<02:30, 21.71it/s]
loss=0.033| sh degree=3| :  53%|█████▎    | 3733/7000 [05:04<02:30, 21.71it/s]
loss=0.052| sh degree=3| :  53%|█████▎    | 3733/7000 [05:04<02:30, 21.71it/s]
loss=0.052| sh degree=3| :  53%|█████▎    | 3736/7000 [05:04<02:21, 23.02it/s]
loss=0.047| sh degree=3| :  53%|█████▎    | 3736/7000 [05:04<02:21, 23.02it/s]
loss=0.059| sh degree=3| :  53%|█████▎    | 3736/7000 [05:04<02:21, 23.02it/s]
loss=0.049| sh degree=3| :  53%|█████▎    | 3736/7000 [05:04<02:21, 23.02it/s]
loss=0.049| sh degree=3| :  53%|█████▎    | 3739/7000 [05:04<02:27, 22.09it/s]
loss=0.048| sh degree=3| :  53%|█████▎    | 3739/7000 [05:04<02:27, 22.09it/s]
loss=0.053| sh degree=3| :  53%|█████▎    | 3739/7000 [05:04<02:27, 22.09it/s]
loss=0.051| sh degree=3| :  53%|█████▎    | 3739/7000 [05:04<02:27, 22.09it/s]
loss=0.051| sh degree=3| :  53%|█████▎    | 3742/7000 [05:04<02:31, 21.54it/s]
loss=0.059| sh degree=3| :  53%|█████▎    | 3742/7000 [05:04<02:31, 21.54it/s]
loss=0.052| sh degree=3| :  53%|█████▎    | 3742/7000 [05:04<02:31, 21.54it/s]
loss=0.041| sh degree=3| :  53%|█████▎    | 3742/7000 [05:04<02:31, 21.54it/s]
loss=0.035| sh degree=3| :  53%|█████▎    | 3742/7000 [05:04<02:31, 21.54it/s]
loss=0.035| sh degree=3| :  54%|█████▎    | 3746/7000 [05:04<02:11, 24.74it/s]
loss=0.049| sh degree=3| :  54%|█████▎    | 3746/7000 [05:04<02:11, 24.74it/s]
loss=0.036| sh degree=3| :  54%|█████▎    | 3746/7000 [05:04<02:11, 24.74it/s]
loss=0.037| sh degree=3| :  54%|█████▎    | 3746/7000 [05:04<02:11, 24.74it/s]
loss=0.037| sh degree=3| :  54%|█████▎    | 3749/7000 [05:04<02:06, 25.60it/s]
loss=0.034| sh degree=3| :  54%|█████▎    | 3749/7000 [05:04<02:06, 25.60it/s]
loss=0.046| sh degree=3| :  54%|█████▎    | 3749/7000 [05:04<02:06, 25.60it/s]
loss=0.047| sh degree=3| :  54%|█████▎    | 3749/7000 [05:04<02:06, 25.60it/s]
loss=0.047| sh degree=3| :  54%|█████▎    | 3752/7000 [05:04<02:12, 24.50it/s]
loss=0.050| sh degree=3| :  54%|█████▎    | 3752/7000 [05:04<02:12, 24.50it/s]
loss=0.052| sh degree=3| :  54%|█████▎    | 3752/7000 [05:04<02:12, 24.50it/s]
loss=0.054| sh degree=3| :  54%|█████▎    | 3752/7000 [05:05<02:12, 24.50it/s]
loss=0.054| sh degree=3| :  54%|█████▎    | 3755/7000 [05:05<02:14, 24.07it/s]
loss=0.036| sh degree=3| :  54%|█████▎    | 3755/7000 [05:05<02:14, 24.07it/s]
loss=0.046| sh degree=3| :  54%|█████▎    | 3755/7000 [05:05<02:14, 24.07it/s]
loss=0.034| sh degree=3| :  54%|█████▎    | 3755/7000 [05:05<02:14, 24.07it/s]
loss=0.034| sh degree=3| :  54%|█████▎    | 3758/7000 [05:05<02:10, 24.94it/s]
loss=0.044| sh degree=3| :  54%|█████▎    | 3758/7000 [05:05<02:10, 24.94it/s]
loss=0.081| sh degree=3| :  54%|█████▎    | 3758/7000 [05:05<02:10, 24.94it/s]
loss=0.043| sh degree=3| :  54%|█████▎    | 3758/7000 [05:05<02:10, 24.94it/s]
loss=0.031| sh degree=3| :  54%|█████▎    | 3758/7000 [05:05<02:10, 24.94it/s]
loss=0.031| sh degree=3| :  54%|█████▎    | 3762/7000 [05:05<01:55, 27.99it/s]
loss=0.048| sh degree=3| :  54%|█████▎    | 3762/7000 [05:05<01:55, 27.99it/s]
loss=0.043| sh degree=3| :  54%|█████▎    | 3762/7000 [05:05<01:55, 27.99it/s]
loss=0.051| sh degree=3| :  54%|█████▎    | 3762/7000 [05:05<01:55, 27.99it/s]
loss=0.047| sh degree=3| :  54%|█████▎    | 3762/7000 [05:05<01:55, 27.99it/s]
loss=0.047| sh degree=3| :  54%|█████▍    | 3766/7000 [05:05<01:51, 29.03it/s]
loss=0.042| sh degree=3| :  54%|█████▍    | 3766/7000 [05:05<01:51, 29.03it/s]
loss=0.061| sh degree=3| :  54%|█████▍    | 3766/7000 [05:05<01:51, 29.03it/s]
loss=0.037| sh degree=3| :  54%|█████▍    | 3766/7000 [05:05<01:51, 29.03it/s]
loss=0.037| sh degree=3| :  54%|█████▍    | 3769/7000 [05:05<01:55, 27.93it/s]
loss=0.047| sh degree=3| :  54%|█████▍    | 3769/7000 [05:05<01:55, 27.93it/s]
loss=0.034| sh degree=3| :  54%|█████▍    | 3769/7000 [05:05<01:55, 27.93it/s]
loss=0.050| sh degree=3| :  54%|█████▍    | 3769/7000 [05:05<01:55, 27.93it/s]
loss=0.050| sh degree=3| :  54%|█████▍    | 3772/7000 [05:05<02:00, 26.86it/s]
loss=0.060| sh degree=3| :  54%|█████▍    | 3772/7000 [05:05<02:00, 26.86it/s]
loss=0.047| sh degree=3| :  54%|█████▍    | 3772/7000 [05:05<02:00, 26.86it/s]
loss=0.031| sh degree=3| :  54%|█████▍    | 3772/7000 [05:05<02:00, 26.86it/s]
loss=0.031| sh degree=3| :  54%|█████▍    | 3775/7000 [05:05<02:00, 26.73it/s]
loss=0.047| sh degree=3| :  54%|█████▍    | 3775/7000 [05:05<02:00, 26.73it/s]
loss=0.042| sh degree=3| :  54%|█████▍    | 3775/7000 [05:05<02:00, 26.73it/s]
loss=0.058| sh degree=3| :  54%|█████▍    | 3775/7000 [05:05<02:00, 26.73it/s]
loss=0.058| sh degree=3| :  54%|█████▍    | 3778/7000 [05:05<02:04, 25.98it/s]
loss=0.032| sh degree=3| :  54%|█████▍    | 3778/7000 [05:05<02:04, 25.98it/s]
loss=0.063| sh degree=3| :  54%|█████▍    | 3778/7000 [05:05<02:04, 25.98it/s]
loss=0.038| sh degree=3| :  54%|█████▍    | 3778/7000 [05:05<02:04, 25.98it/s]
loss=0.071| sh degree=3| :  54%|█████▍    | 3778/7000 [05:05<02:04, 25.98it/s]
loss=0.071| sh degree=3| :  54%|█████▍    | 3782/7000 [05:05<01:58, 27.07it/s]
loss=0.038| sh degree=3| :  54%|█████▍    | 3782/7000 [05:06<01:58, 27.07it/s]
loss=0.048| sh degree=3| :  54%|█████▍    | 3782/7000 [05:06<01:58, 27.07it/s]
loss=0.042| sh degree=3| :  54%|█████▍    | 3782/7000 [05:06<01:58, 27.07it/s]
loss=0.042| sh degree=3| :  54%|█████▍    | 3785/7000 [05:06<02:03, 26.07it/s]
loss=0.048| sh degree=3| :  54%|█████▍    | 3785/7000 [05:06<02:03, 26.07it/s]
loss=0.061| sh degree=3| :  54%|█████▍    | 3785/7000 [05:06<02:03, 26.07it/s]
loss=0.053| sh degree=3| :  54%|█████▍    | 3785/7000 [05:06<02:03, 26.07it/s]
loss=0.060| sh degree=3| :  54%|█████▍    | 3785/7000 [05:06<02:03, 26.07it/s]
loss=0.060| sh degree=3| :  54%|█████▍    | 3789/7000 [05:06<01:58, 27.09it/s]
loss=0.048| sh degree=3| :  54%|█████▍    | 3789/7000 [05:06<01:58, 27.09it/s]
loss=0.039| sh degree=3| :  54%|█████▍    | 3789/7000 [05:06<01:58, 27.09it/s]
loss=0.039| sh degree=3| :  54%|█████▍    | 3789/7000 [05:06<01:58, 27.09it/s]
loss=0.039| sh degree=3| :  54%|█████▍    | 3792/7000 [05:06<02:01, 26.40it/s]
loss=0.049| sh degree=3| :  54%|█████▍    | 3792/7000 [05:06<02:01, 26.40it/s]
loss=0.046| sh degree=3| :  54%|█████▍    | 3792/7000 [05:06<02:01, 26.40it/s]
loss=0.049| sh degree=3| :  54%|█████▍    | 3792/7000 [05:06<02:01, 26.40it/s]
loss=0.049| sh degree=3| :  54%|█████▍    | 3795/7000 [05:06<02:01, 26.34it/s]
loss=0.047| sh degree=3| :  54%|█████▍    | 3795/7000 [05:06<02:01, 26.34it/s]
loss=0.032| sh degree=3| :  54%|█████▍    | 3795/7000 [05:06<02:01, 26.34it/s]
loss=0.048| sh degree=3| :  54%|█████▍    | 3795/7000 [05:06<02:01, 26.34it/s]
loss=0.035| sh degree=3| :  54%|█████▍    | 3795/7000 [05:06<02:01, 26.34it/s]
loss=0.035| sh degree=3| :  54%|█████▍    | 3799/7000 [05:06<01:54, 27.99it/s]
loss=0.051| sh degree=3| :  54%|█████▍    | 3799/7000 [05:06<01:54, 27.99it/s]
loss=0.045| sh degree=3| :  54%|█████▍    | 3799/7000 [05:06<01:54, 27.99it/s]
loss=0.038| sh degree=3| :  54%|█████▍    | 3799/7000 [05:06<01:54, 27.99it/s]
loss=0.038| sh degree=3| :  54%|█████▍    | 3802/7000 [05:06<02:02, 26.14it/s]
loss=0.052| sh degree=3| :  54%|█████▍    | 3802/7000 [05:06<02:02, 26.14it/s]
loss=0.057| sh degree=3| :  54%|█████▍    | 3802/7000 [05:06<02:02, 26.14it/s]
loss=0.049| sh degree=3| :  54%|█████▍    | 3802/7000 [05:06<02:02, 26.14it/s]
loss=0.049| sh degree=3| :  54%|█████▍    | 3805/7000 [05:06<02:03, 25.92it/s]
loss=0.051| sh degree=3| :  54%|█████▍    | 3805/7000 [05:06<02:03, 25.92it/s]
loss=0.042| sh degree=3| :  54%|█████▍    | 3805/7000 [05:06<02:03, 25.92it/s]
loss=0.045| sh degree=3| :  54%|█████▍    | 3805/7000 [05:06<02:03, 25.92it/s]
loss=0.045| sh degree=3| :  54%|█████▍    | 3808/7000 [05:07<02:14, 23.82it/s]
loss=0.034| sh degree=3| :  54%|█████▍    | 3808/7000 [05:07<02:14, 23.82it/s]
loss=0.043| sh degree=3| :  54%|█████▍    | 3808/7000 [05:07<02:14, 23.82it/s]
loss=0.053| sh degree=3| :  54%|█████▍    | 3808/7000 [05:07<02:14, 23.82it/s]
loss=0.053| sh degree=3| :  54%|█████▍    | 3811/7000 [05:07<02:21, 22.60it/s]
loss=0.052| sh degree=3| :  54%|█████▍    | 3811/7000 [05:07<02:21, 22.60it/s]
loss=0.047| sh degree=3| :  54%|█████▍    | 3811/7000 [05:07<02:21, 22.60it/s]
loss=0.035| sh degree=3| :  54%|█████▍    | 3811/7000 [05:07<02:21, 22.60it/s]
loss=0.035| sh degree=3| :  54%|█████▍    | 3814/7000 [05:07<02:24, 22.00it/s]
loss=0.050| sh degree=3| :  54%|█████▍    | 3814/7000 [05:07<02:24, 22.00it/s]
loss=0.048| sh degree=3| :  54%|█████▍    | 3814/7000 [05:07<02:24, 22.00it/s]
loss=0.059| sh degree=3| :  54%|█████▍    | 3814/7000 [05:07<02:24, 22.00it/s]
loss=0.059| sh degree=3| :  55%|█████▍    | 3817/7000 [05:07<02:29, 21.31it/s]
loss=0.059| sh degree=3| :  55%|█████▍    | 3817/7000 [05:07<02:29, 21.31it/s]
loss=0.040| sh degree=3| :  55%|█████▍    | 3817/7000 [05:07<02:29, 21.31it/s]
loss=0.050| sh degree=3| :  55%|█████▍    | 3817/7000 [05:07<02:29, 21.31it/s]
loss=0.036| sh degree=3| :  55%|█████▍    | 3817/7000 [05:07<02:29, 21.31it/s]
loss=0.036| sh degree=3| :  55%|█████▍    | 3821/7000 [05:07<02:11, 24.23it/s]
loss=0.059| sh degree=3| :  55%|█████▍    | 3821/7000 [05:07<02:11, 24.23it/s]
loss=0.063| sh degree=3| :  55%|█████▍    | 3821/7000 [05:07<02:11, 24.23it/s]
loss=0.040| sh degree=3| :  55%|█████▍    | 3821/7000 [05:07<02:11, 24.23it/s]
loss=0.040| sh degree=3| :  55%|█████▍    | 3824/7000 [05:07<02:07, 24.96it/s]
loss=0.051| sh degree=3| :  55%|█████▍    | 3824/7000 [05:07<02:07, 24.96it/s]
loss=0.069| sh degree=3| :  55%|█████▍    | 3824/7000 [05:07<02:07, 24.96it/s]
loss=0.039| sh degree=3| :  55%|█████▍    | 3824/7000 [05:07<02:07, 24.96it/s]
loss=0.039| sh degree=3| :  55%|█████▍    | 3827/7000 [05:07<02:59, 17.67it/s]
loss=0.049| sh degree=3| :  55%|█████▍    | 3827/7000 [05:08<02:59, 17.67it/s]
loss=0.053| sh degree=3| :  55%|█████▍    | 3827/7000 [05:08<02:59, 17.67it/s]
loss=0.047| sh degree=3| :  55%|█████▍    | 3827/7000 [05:08<02:59, 17.67it/s]
loss=0.047| sh degree=3| :  55%|█████▍    | 3830/7000 [05:08<02:46, 18.99it/s]
loss=0.049| sh degree=3| :  55%|█████▍    | 3830/7000 [05:08<02:46, 18.99it/s]
loss=0.077| sh degree=3| :  55%|█████▍    | 3830/7000 [05:08<02:46, 18.99it/s]
loss=0.057| sh degree=3| :  55%|█████▍    | 3830/7000 [05:08<02:46, 18.99it/s]
loss=0.050| sh degree=3| :  55%|█████▍    | 3830/7000 [05:08<02:46, 18.99it/s]
loss=0.050| sh degree=3| :  55%|█████▍    | 3834/7000 [05:08<02:23, 22.09it/s]
loss=0.046| sh degree=3| :  55%|█████▍    | 3834/7000 [05:08<02:23, 22.09it/s]
loss=0.041| sh degree=3| :  55%|█████▍    | 3834/7000 [05:08<02:23, 22.09it/s]
loss=0.048| sh degree=3| :  55%|█████▍    | 3834/7000 [05:08<02:23, 22.09it/s]
loss=0.033| sh degree=3| :  55%|█████▍    | 3834/7000 [05:08<02:23, 22.09it/s]
loss=0.033| sh degree=3| :  55%|█████▍    | 3838/7000 [05:08<02:08, 24.53it/s]
loss=0.046| sh degree=3| :  55%|█████▍    | 3838/7000 [05:08<02:08, 24.53it/s]
loss=0.045| sh degree=3| :  55%|█████▍    | 3838/7000 [05:08<02:08, 24.53it/s]
loss=0.041| sh degree=3| :  55%|█████▍    | 3838/7000 [05:08<02:08, 24.53it/s]
loss=0.041| sh degree=3| :  55%|█████▍    | 3841/7000 [05:08<02:05, 25.23it/s]
loss=0.033| sh degree=3| :  55%|█████▍    | 3841/7000 [05:08<02:05, 25.23it/s]
loss=0.042| sh degree=3| :  55%|█████▍    | 3841/7000 [05:08<02:05, 25.23it/s]
loss=0.046| sh degree=3| :  55%|█████▍    | 3841/7000 [05:08<02:05, 25.23it/s]
loss=0.046| sh degree=3| :  55%|█████▍    | 3844/7000 [05:08<02:07, 24.71it/s]
loss=0.047| sh degree=3| :  55%|█████▍    | 3844/7000 [05:08<02:07, 24.71it/s]
loss=0.034| sh degree=3| :  55%|█████▍    | 3844/7000 [05:08<02:07, 24.71it/s]
loss=0.054| sh degree=3| :  55%|█████▍    | 3844/7000 [05:08<02:07, 24.71it/s]
loss=0.041| sh degree=3| :  55%|█████▍    | 3844/7000 [05:08<02:07, 24.71it/s]
loss=0.041| sh degree=3| :  55%|█████▍    | 3848/7000 [05:08<01:54, 27.50it/s]
loss=0.044| sh degree=3| :  55%|█████▍    | 3848/7000 [05:08<01:54, 27.50it/s]
loss=0.044| sh degree=3| :  55%|█████▍    | 3848/7000 [05:08<01:54, 27.50it/s]
loss=0.044| sh degree=3| :  55%|█████▍    | 3848/7000 [05:08<01:54, 27.50it/s]
loss=0.044| sh degree=3| :  55%|█████▌    | 3851/7000 [05:08<01:56, 27.11it/s]
loss=0.039| sh degree=3| :  55%|█████▌    | 3851/7000 [05:08<01:56, 27.11it/s]
loss=0.044| sh degree=3| :  55%|█████▌    | 3851/7000 [05:08<01:56, 27.11it/s]
loss=0.045| sh degree=3| :  55%|█████▌    | 3851/7000 [05:08<01:56, 27.11it/s]
loss=0.045| sh degree=3| :  55%|█████▌    | 3854/7000 [05:08<02:03, 25.41it/s]
loss=0.035| sh degree=3| :  55%|█████▌    | 3854/7000 [05:08<02:03, 25.41it/s]
loss=0.036| sh degree=3| :  55%|█████▌    | 3854/7000 [05:09<02:03, 25.41it/s]
loss=0.047| sh degree=3| :  55%|█████▌    | 3854/7000 [05:09<02:03, 25.41it/s]
loss=0.047| sh degree=3| :  55%|█████▌    | 3857/7000 [05:09<02:09, 24.34it/s]
loss=0.039| sh degree=3| :  55%|█████▌    | 3857/7000 [05:09<02:09, 24.34it/s]
loss=0.035| sh degree=3| :  55%|█████▌    | 3857/7000 [05:09<02:09, 24.34it/s]
loss=0.043| sh degree=3| :  55%|█████▌    | 3857/7000 [05:09<02:09, 24.34it/s]
loss=0.043| sh degree=3| :  55%|█████▌    | 3860/7000 [05:09<02:09, 24.23it/s]
loss=0.048| sh degree=3| :  55%|█████▌    | 3860/7000 [05:09<02:09, 24.23it/s]
loss=0.041| sh degree=3| :  55%|█████▌    | 3860/7000 [05:09<02:09, 24.23it/s]
loss=0.051| sh degree=3| :  55%|█████▌    | 3860/7000 [05:09<02:09, 24.23it/s]
loss=0.051| sh degree=3| :  55%|█████▌    | 3863/7000 [05:09<02:05, 24.95it/s]
loss=0.074| sh degree=3| :  55%|█████▌    | 3863/7000 [05:09<02:05, 24.95it/s]
loss=0.048| sh degree=3| :  55%|█████▌    | 3863/7000 [05:09<02:05, 24.95it/s]
loss=0.057| sh degree=3| :  55%|█████▌    | 3863/7000 [05:09<02:05, 24.95it/s]
loss=0.057| sh degree=3| :  55%|█████▌    | 3866/7000 [05:09<02:10, 24.10it/s]
loss=0.042| sh degree=3| :  55%|█████▌    | 3866/7000 [05:09<02:10, 24.10it/s]
loss=0.051| sh degree=3| :  55%|█████▌    | 3866/7000 [05:09<02:10, 24.10it/s]
loss=0.042| sh degree=3| :  55%|█████▌    | 3866/7000 [05:09<02:10, 24.10it/s]
loss=0.042| sh degree=3| :  55%|█████▌    | 3869/7000 [05:09<02:11, 23.79it/s]
loss=0.058| sh degree=3| :  55%|█████▌    | 3869/7000 [05:09<02:11, 23.79it/s]
loss=0.033| sh degree=3| :  55%|█████▌    | 3869/7000 [05:09<02:11, 23.79it/s]
loss=0.033| sh degree=3| :  55%|█████▌    | 3869/7000 [05:09<02:11, 23.79it/s]
loss=0.033| sh degree=3| :  55%|█████▌    | 3872/7000 [05:09<02:15, 23.04it/s]
loss=0.041| sh degree=3| :  55%|█████▌    | 3872/7000 [05:09<02:15, 23.04it/s]
loss=0.038| sh degree=3| :  55%|█████▌    | 3872/7000 [05:09<02:15, 23.04it/s]
loss=0.050| sh degree=3| :  55%|█████▌    | 3872/7000 [05:09<02:15, 23.04it/s]
loss=0.050| sh degree=3| :  55%|█████▌    | 3875/7000 [05:09<02:14, 23.15it/s]
loss=0.049| sh degree=3| :  55%|█████▌    | 3875/7000 [05:09<02:14, 23.15it/s]
loss=0.031| sh degree=3| :  55%|█████▌    | 3875/7000 [05:09<02:14, 23.15it/s]
loss=0.048| sh degree=3| :  55%|█████▌    | 3875/7000 [05:10<02:14, 23.15it/s]
loss=0.048| sh degree=3| :  55%|█████▌    | 3878/7000 [05:10<02:21, 22.13it/s]
loss=0.034| sh degree=3| :  55%|█████▌    | 3878/7000 [05:10<02:21, 22.13it/s]
loss=0.047| sh degree=3| :  55%|█████▌    | 3878/7000 [05:10<02:21, 22.13it/s]
loss=0.045| sh degree=3| :  55%|█████▌    | 3878/7000 [05:10<02:21, 22.13it/s]
loss=0.045| sh degree=3| :  55%|█████▌    | 3881/7000 [05:10<02:14, 23.27it/s]
loss=0.048| sh degree=3| :  55%|█████▌    | 3881/7000 [05:10<02:14, 23.27it/s]
loss=0.040| sh degree=3| :  55%|█████▌    | 3881/7000 [05:10<02:14, 23.27it/s]
loss=0.038| sh degree=3| :  55%|█████▌    | 3881/7000 [05:10<02:14, 23.27it/s]
loss=0.038| sh degree=3| :  55%|█████▌    | 3884/7000 [05:10<02:23, 21.76it/s]
loss=0.048| sh degree=3| :  55%|█████▌    | 3884/7000 [05:10<02:23, 21.76it/s]
loss=0.032| sh degree=3| :  55%|█████▌    | 3884/7000 [05:10<02:23, 21.76it/s]
loss=0.071| sh degree=3| :  55%|█████▌    | 3884/7000 [05:10<02:23, 21.76it/s]
loss=0.071| sh degree=3| :  56%|█████▌    | 3887/7000 [05:10<02:26, 21.21it/s]
loss=0.045| sh degree=3| :  56%|█████▌    | 3887/7000 [05:10<02:26, 21.21it/s]
loss=0.035| sh degree=3| :  56%|█████▌    | 3887/7000 [05:10<02:26, 21.21it/s]
loss=0.042| sh degree=3| :  56%|█████▌    | 3887/7000 [05:10<02:26, 21.21it/s]
loss=0.042| sh degree=3| :  56%|█████▌    | 3890/7000 [05:10<02:19, 22.25it/s]
loss=0.032| sh degree=3| :  56%|█████▌    | 3890/7000 [05:10<02:19, 22.25it/s]
loss=0.038| sh degree=3| :  56%|█████▌    | 3890/7000 [05:10<02:19, 22.25it/s]
loss=0.041| sh degree=3| :  56%|█████▌    | 3890/7000 [05:10<02:19, 22.25it/s]
loss=0.041| sh degree=3| :  56%|█████▌    | 3893/7000 [05:10<02:17, 22.68it/s]
loss=0.039| sh degree=3| :  56%|█████▌    | 3893/7000 [05:10<02:17, 22.68it/s]
loss=0.034| sh degree=3| :  56%|█████▌    | 3893/7000 [05:10<02:17, 22.68it/s]
loss=0.050| sh degree=3| :  56%|█████▌    | 3893/7000 [05:10<02:17, 22.68it/s]
loss=0.050| sh degree=3| :  56%|█████▌    | 3896/7000 [05:10<02:15, 22.85it/s]
loss=0.033| sh degree=3| :  56%|█████▌    | 3896/7000 [05:10<02:15, 22.85it/s]
loss=0.039| sh degree=3| :  56%|█████▌    | 3896/7000 [05:10<02:15, 22.85it/s]
loss=0.044| sh degree=3| :  56%|█████▌    | 3896/7000 [05:10<02:15, 22.85it/s]
loss=0.044| sh degree=3| :  56%|█████▌    | 3899/7000 [05:10<02:10, 23.67it/s]
loss=0.041| sh degree=3| :  56%|█████▌    | 3899/7000 [05:10<02:10, 23.67it/s]
loss=0.048| sh degree=3| :  56%|█████▌    | 3899/7000 [05:11<02:10, 23.67it/s]
loss=0.045| sh degree=3| :  56%|█████▌    | 3899/7000 [05:11<02:10, 23.67it/s]
loss=0.045| sh degree=3| :  56%|█████▌    | 3902/7000 [05:11<02:26, 21.10it/s]
loss=0.056| sh degree=3| :  56%|█████▌    | 3902/7000 [05:11<02:26, 21.10it/s]
loss=0.053| sh degree=3| :  56%|█████▌    | 3902/7000 [05:11<02:26, 21.10it/s]
loss=0.035| sh degree=3| :  56%|█████▌    | 3902/7000 [05:11<02:26, 21.10it/s]
loss=0.038| sh degree=3| :  56%|█████▌    | 3902/7000 [05:11<02:26, 21.10it/s]
loss=0.038| sh degree=3| :  56%|█████▌    | 3906/7000 [05:11<02:10, 23.76it/s]
loss=0.060| sh degree=3| :  56%|█████▌    | 3906/7000 [05:11<02:10, 23.76it/s]
loss=0.053| sh degree=3| :  56%|█████▌    | 3906/7000 [05:11<02:10, 23.76it/s]
loss=0.052| sh degree=3| :  56%|█████▌    | 3906/7000 [05:11<02:10, 23.76it/s]
loss=0.052| sh degree=3| :  56%|█████▌    | 3909/7000 [05:11<02:04, 24.84it/s]
loss=0.038| sh degree=3| :  56%|█████▌    | 3909/7000 [05:11<02:04, 24.84it/s]
loss=0.053| sh degree=3| :  56%|█████▌    | 3909/7000 [05:11<02:04, 24.84it/s]
loss=0.047| sh degree=3| :  56%|█████▌    | 3909/7000 [05:11<02:04, 24.84it/s]
loss=0.047| sh degree=3| :  56%|█████▌    | 3912/7000 [05:11<02:06, 24.36it/s]
loss=0.049| sh degree=3| :  56%|█████▌    | 3912/7000 [05:11<02:06, 24.36it/s]
loss=0.069| sh degree=3| :  56%|█████▌    | 3912/7000 [05:11<02:06, 24.36it/s]
loss=0.047| sh degree=3| :  56%|█████▌    | 3912/7000 [05:11<02:06, 24.36it/s]
loss=0.047| sh degree=3| :  56%|█████▌    | 3915/7000 [05:11<02:09, 23.84it/s]
loss=0.045| sh degree=3| :  56%|█████▌    | 3915/7000 [05:11<02:09, 23.84it/s]
loss=0.053| sh degree=3| :  56%|█████▌    | 3915/7000 [05:11<02:09, 23.84it/s]
loss=0.043| sh degree=3| :  56%|█████▌    | 3915/7000 [05:11<02:09, 23.84it/s]
loss=0.043| sh degree=3| :  56%|█████▌    | 3918/7000 [05:11<02:09, 23.72it/s]
loss=0.051| sh degree=3| :  56%|█████▌    | 3918/7000 [05:11<02:09, 23.72it/s]
loss=0.054| sh degree=3| :  56%|█████▌    | 3918/7000 [05:11<02:09, 23.72it/s]
loss=0.035| sh degree=3| :  56%|█████▌    | 3918/7000 [05:11<02:09, 23.72it/s]
loss=0.035| sh degree=3| :  56%|█████▌    | 3921/7000 [05:11<02:14, 22.93it/s]
loss=0.058| sh degree=3| :  56%|█████▌    | 3921/7000 [05:11<02:14, 22.93it/s]
loss=0.056| sh degree=3| :  56%|█████▌    | 3921/7000 [05:11<02:14, 22.93it/s]
loss=0.048| sh degree=3| :  56%|█████▌    | 3921/7000 [05:12<02:14, 22.93it/s]
loss=0.048| sh degree=3| :  56%|█████▌    | 3924/7000 [05:12<02:14, 22.82it/s]
loss=0.057| sh degree=3| :  56%|█████▌    | 3924/7000 [05:12<02:14, 22.82it/s]
loss=0.033| sh degree=3| :  56%|█████▌    | 3924/7000 [05:12<02:14, 22.82it/s]
loss=0.043| sh degree=3| :  56%|█████▌    | 3924/7000 [05:12<02:14, 22.82it/s]
loss=0.043| sh degree=3| :  56%|█████▌    | 3927/7000 [05:12<02:23, 21.44it/s]
loss=0.047| sh degree=3| :  56%|█████▌    | 3927/7000 [05:12<02:23, 21.44it/s]
loss=0.040| sh degree=3| :  56%|█████▌    | 3927/7000 [05:12<02:23, 21.44it/s]
loss=0.045| sh degree=3| :  56%|█████▌    | 3927/7000 [05:12<02:23, 21.44it/s]
loss=0.045| sh degree=3| :  56%|█████▌    | 3930/7000 [05:12<02:28, 20.70it/s]
loss=0.043| sh degree=3| :  56%|█████▌    | 3930/7000 [05:12<02:28, 20.70it/s]
loss=0.056| sh degree=3| :  56%|█████▌    | 3930/7000 [05:12<02:28, 20.70it/s]
loss=0.057| sh degree=3| :  56%|█████▌    | 3930/7000 [05:12<02:28, 20.70it/s]
loss=0.036| sh degree=3| :  56%|█████▌    | 3930/7000 [05:12<02:28, 20.70it/s]
loss=0.036| sh degree=3| :  56%|█████▌    | 3934/7000 [05:12<02:08, 23.79it/s]
loss=0.044| sh degree=3| :  56%|█████▌    | 3934/7000 [05:12<02:08, 23.79it/s]
loss=0.041| sh degree=3| :  56%|█████▌    | 3934/7000 [05:12<02:08, 23.79it/s]
loss=0.042| sh degree=3| :  56%|█████▌    | 3934/7000 [05:12<02:08, 23.79it/s]
loss=0.042| sh degree=3| :  56%|█████▌    | 3937/7000 [05:12<02:15, 22.66it/s]
loss=0.047| sh degree=3| :  56%|█████▌    | 3937/7000 [05:12<02:15, 22.66it/s]
loss=0.049| sh degree=3| :  56%|█████▌    | 3937/7000 [05:12<02:15, 22.66it/s]
loss=0.057| sh degree=3| :  56%|█████▌    | 3937/7000 [05:12<02:15, 22.66it/s]
loss=0.057| sh degree=3| :  56%|█████▋    | 3940/7000 [05:12<02:15, 22.58it/s]
loss=0.065| sh degree=3| :  56%|█████▋    | 3940/7000 [05:12<02:15, 22.58it/s]
loss=0.047| sh degree=3| :  56%|█████▋    | 3940/7000 [05:12<02:15, 22.58it/s]
loss=0.050| sh degree=3| :  56%|█████▋    | 3940/7000 [05:12<02:15, 22.58it/s]
loss=0.050| sh degree=3| :  56%|█████▋    | 3943/7000 [05:12<02:19, 21.85it/s]
loss=0.043| sh degree=3| :  56%|█████▋    | 3943/7000 [05:12<02:19, 21.85it/s]
loss=0.049| sh degree=3| :  56%|█████▋    | 3943/7000 [05:12<02:19, 21.85it/s]
loss=0.044| sh degree=3| :  56%|█████▋    | 3943/7000 [05:13<02:19, 21.85it/s]
loss=0.044| sh degree=3| :  56%|█████▋    | 3946/7000 [05:13<02:16, 22.42it/s]
loss=0.041| sh degree=3| :  56%|█████▋    | 3946/7000 [05:13<02:16, 22.42it/s]
loss=0.045| sh degree=3| :  56%|█████▋    | 3946/7000 [05:13<02:16, 22.42it/s]
loss=0.033| sh degree=3| :  56%|█████▋    | 3946/7000 [05:13<02:16, 22.42it/s]
loss=0.033| sh degree=3| :  56%|█████▋    | 3949/7000 [05:13<02:14, 22.70it/s]
loss=0.049| sh degree=3| :  56%|█████▋    | 3949/7000 [05:13<02:14, 22.70it/s]
loss=0.041| sh degree=3| :  56%|█████▋    | 3949/7000 [05:13<02:14, 22.70it/s]
loss=0.055| sh degree=3| :  56%|█████▋    | 3949/7000 [05:13<02:14, 22.70it/s]
loss=0.055| sh degree=3| :  56%|█████▋    | 3952/7000 [05:13<02:11, 23.12it/s]
loss=0.034| sh degree=3| :  56%|█████▋    | 3952/7000 [05:13<02:11, 23.12it/s]
loss=0.038| sh degree=3| :  56%|█████▋    | 3952/7000 [05:13<02:11, 23.12it/s]
loss=0.041| sh degree=3| :  56%|█████▋    | 3952/7000 [05:13<02:11, 23.12it/s]
loss=0.041| sh degree=3| :  56%|█████▋    | 3955/7000 [05:13<02:08, 23.67it/s]
loss=0.057| sh degree=3| :  56%|█████▋    | 3955/7000 [05:13<02:08, 23.67it/s]
loss=0.043| sh degree=3| :  56%|█████▋    | 3955/7000 [05:13<02:08, 23.67it/s]
loss=0.032| sh degree=3| :  56%|█████▋    | 3955/7000 [05:13<02:08, 23.67it/s]
loss=0.032| sh degree=3| :  57%|█████▋    | 3958/7000 [05:13<02:02, 24.88it/s]
loss=0.049| sh degree=3| :  57%|█████▋    | 3958/7000 [05:13<02:02, 24.88it/s]
loss=0.037| sh degree=3| :  57%|█████▋    | 3958/7000 [05:13<02:02, 24.88it/s]
loss=0.047| sh degree=3| :  57%|█████▋    | 3958/7000 [05:13<02:02, 24.88it/s]
loss=0.047| sh degree=3| :  57%|█████▋    | 3961/7000 [05:13<02:02, 24.89it/s]
loss=0.078| sh degree=3| :  57%|█████▋    | 3961/7000 [05:13<02:02, 24.89it/s]
loss=0.059| sh degree=3| :  57%|█████▋    | 3961/7000 [05:13<02:02, 24.89it/s]
loss=0.069| sh degree=3| :  57%|█████▋    | 3961/7000 [05:13<02:02, 24.89it/s]
loss=0.069| sh degree=3| :  57%|█████▋    | 3964/7000 [05:13<02:04, 24.40it/s]
loss=0.047| sh degree=3| :  57%|█████▋    | 3964/7000 [05:13<02:04, 24.40it/s]
loss=0.038| sh degree=3| :  57%|█████▋    | 3964/7000 [05:13<02:04, 24.40it/s]
loss=0.052| sh degree=3| :  57%|█████▋    | 3964/7000 [05:13<02:04, 24.40it/s]
loss=0.052| sh degree=3| :  57%|█████▋    | 3967/7000 [05:13<01:59, 25.32it/s]
loss=0.038| sh degree=3| :  57%|█████▋    | 3967/7000 [05:13<01:59, 25.32it/s]
loss=0.066| sh degree=3| :  57%|█████▋    | 3967/7000 [05:13<01:59, 25.32it/s]
loss=0.038| sh degree=3| :  57%|█████▋    | 3967/7000 [05:13<01:59, 25.32it/s]
loss=0.038| sh degree=3| :  57%|█████▋    | 3970/7000 [05:13<01:57, 25.84it/s]
loss=0.042| sh degree=3| :  57%|█████▋    | 3970/7000 [05:13<01:57, 25.84it/s]
loss=0.035| sh degree=3| :  57%|█████▋    | 3970/7000 [05:14<01:57, 25.84it/s]
loss=0.063| sh degree=3| :  57%|█████▋    | 3970/7000 [05:14<01:57, 25.84it/s]
loss=0.063| sh degree=3| :  57%|█████▋    | 3973/7000 [05:14<01:57, 25.72it/s]
loss=0.036| sh degree=3| :  57%|█████▋    | 3973/7000 [05:14<01:57, 25.72it/s]
loss=0.044| sh degree=3| :  57%|█████▋    | 3973/7000 [05:14<01:57, 25.72it/s]
loss=0.047| sh degree=3| :  57%|█████▋    | 3973/7000 [05:14<01:57, 25.72it/s]
loss=0.047| sh degree=3| :  57%|█████▋    | 3976/7000 [05:14<02:00, 25.16it/s]
loss=0.055| sh degree=3| :  57%|█████▋    | 3976/7000 [05:14<02:00, 25.16it/s]
loss=0.031| sh degree=3| :  57%|█████▋    | 3976/7000 [05:14<02:00, 25.16it/s]
loss=0.046| sh degree=3| :  57%|█████▋    | 3976/7000 [05:14<02:00, 25.16it/s]
loss=0.046| sh degree=3| :  57%|█████▋    | 3979/7000 [05:14<02:10, 23.17it/s]
loss=0.038| sh degree=3| :  57%|█████▋    | 3979/7000 [05:14<02:10, 23.17it/s]
loss=0.045| sh degree=3| :  57%|█████▋    | 3979/7000 [05:14<02:10, 23.17it/s]
loss=0.037| sh degree=3| :  57%|█████▋    | 3979/7000 [05:14<02:10, 23.17it/s]
loss=0.037| sh degree=3| :  57%|█████▋    | 3982/7000 [05:14<02:10, 23.10it/s]
loss=0.047| sh degree=3| :  57%|█████▋    | 3982/7000 [05:14<02:10, 23.10it/s]
loss=0.040| sh degree=3| :  57%|█████▋    | 3982/7000 [05:14<02:10, 23.10it/s]
loss=0.044| sh degree=3| :  57%|█████▋    | 3982/7000 [05:14<02:10, 23.10it/s]
loss=0.044| sh degree=3| :  57%|█████▋    | 3985/7000 [05:14<02:11, 22.98it/s]
loss=0.036| sh degree=3| :  57%|█████▋    | 3985/7000 [05:14<02:11, 22.98it/s]
loss=0.048| sh degree=3| :  57%|█████▋    | 3985/7000 [05:14<02:11, 22.98it/s]
loss=0.047| sh degree=3| :  57%|█████▋    | 3985/7000 [05:14<02:11, 22.98it/s]
loss=0.047| sh degree=3| :  57%|█████▋    | 3988/7000 [05:14<02:22, 21.15it/s]
loss=0.032| sh degree=3| :  57%|█████▋    | 3988/7000 [05:14<02:22, 21.15it/s]
loss=0.051| sh degree=3| :  57%|█████▋    | 3988/7000 [05:14<02:22, 21.15it/s]
loss=0.046| sh degree=3| :  57%|█████▋    | 3988/7000 [05:14<02:22, 21.15it/s]
loss=0.046| sh degree=3| :  57%|█████▋    | 3991/7000 [05:14<02:14, 22.40it/s]
loss=0.049| sh degree=3| :  57%|█████▋    | 3991/7000 [05:14<02:14, 22.40it/s]
loss=0.047| sh degree=3| :  57%|█████▋    | 3991/7000 [05:15<02:14, 22.40it/s]
loss=0.036| sh degree=3| :  57%|█████▋    | 3991/7000 [05:15<02:14, 22.40it/s]
loss=0.036| sh degree=3| :  57%|█████▋    | 3994/7000 [05:15<02:23, 20.96it/s]
loss=0.046| sh degree=3| :  57%|█████▋    | 3994/7000 [05:15<02:23, 20.96it/s]
loss=0.045| sh degree=3| :  57%|█████▋    | 3994/7000 [05:15<02:23, 20.96it/s]
loss=0.071| sh degree=3| :  57%|█████▋    | 3994/7000 [05:15<02:23, 20.96it/s]
loss=0.071| sh degree=3| :  57%|█████▋    | 3997/7000 [05:15<02:27, 20.41it/s]
loss=0.041| sh degree=3| :  57%|█████▋    | 3997/7000 [05:15<02:27, 20.41it/s]
loss=0.038| sh degree=3| :  57%|█████▋    | 3997/7000 [05:15<02:27, 20.41it/s]
loss=0.043| sh degree=3| :  57%|█████▋    | 3997/7000 [05:15<02:27, 20.41it/s]
loss=0.043| sh degree=3| :  57%|█████▋    | 4000/7000 [05:15<02:18, 21.67it/s]
loss=0.042| sh degree=3| :  57%|█████▋    | 4000/7000 [05:15<02:18, 21.67it/s]
loss=0.054| sh degree=3| :  57%|█████▋    | 4000/7000 [05:15<02:18, 21.67it/s]
loss=0.052| sh degree=3| :  57%|█████▋    | 4000/7000 [05:15<02:18, 21.67it/s]
loss=0.052| sh degree=3| :  57%|█████▋    | 4003/7000 [05:15<02:23, 20.88it/s]
loss=0.045| sh degree=3| :  57%|█████▋    | 4003/7000 [05:15<02:23, 20.88it/s]
loss=0.050| sh degree=3| :  57%|█████▋    | 4003/7000 [05:15<02:23, 20.88it/s]
loss=0.048| sh degree=3| :  57%|█████▋    | 4003/7000 [05:15<02:23, 20.88it/s]
loss=0.048| sh degree=3| :  57%|█████▋    | 4006/7000 [05:15<02:12, 22.55it/s]
loss=0.050| sh degree=3| :  57%|█████▋    | 4006/7000 [05:15<02:12, 22.55it/s]
loss=0.058| sh degree=3| :  57%|█████▋    | 4006/7000 [05:15<02:12, 22.55it/s]
loss=0.091| sh degree=3| :  57%|█████▋    | 4006/7000 [05:15<02:12, 22.55it/s]
loss=0.091| sh degree=3| :  57%|█████▋    | 4009/7000 [05:15<02:08, 23.21it/s]
loss=0.041| sh degree=3| :  57%|█████▋    | 4009/7000 [05:15<02:08, 23.21it/s]
loss=0.038| sh degree=3| :  57%|█████▋    | 4009/7000 [05:15<02:08, 23.21it/s]
loss=0.039| sh degree=3| :  57%|█████▋    | 4009/7000 [05:15<02:08, 23.21it/s]
loss=0.039| sh degree=3| :  57%|█████▋    | 4012/7000 [05:15<02:03, 24.20it/s]
loss=0.040| sh degree=3| :  57%|█████▋    | 4012/7000 [05:15<02:03, 24.20it/s]
loss=0.038| sh degree=3| :  57%|█████▋    | 4012/7000 [05:15<02:03, 24.20it/s]
loss=0.035| sh degree=3| :  57%|█████▋    | 4012/7000 [05:15<02:03, 24.20it/s]
loss=0.035| sh degree=3| :  57%|█████▋    | 4015/7000 [05:15<02:00, 24.83it/s]
loss=0.046| sh degree=3| :  57%|█████▋    | 4015/7000 [05:15<02:00, 24.83it/s]
loss=0.047| sh degree=3| :  57%|█████▋    | 4015/7000 [05:16<02:00, 24.83it/s]
loss=0.037| sh degree=3| :  57%|█████▋    | 4015/7000 [05:16<02:00, 24.83it/s]
loss=0.037| sh degree=3| :  57%|█████▋    | 4018/7000 [05:16<02:02, 24.29it/s]
loss=0.055| sh degree=3| :  57%|█████▋    | 4018/7000 [05:16<02:02, 24.29it/s]
loss=0.038| sh degree=3| :  57%|█████▋    | 4018/7000 [05:16<02:02, 24.29it/s]
loss=0.046| sh degree=3| :  57%|█████▋    | 4018/7000 [05:16<02:02, 24.29it/s]
loss=0.046| sh degree=3| :  57%|█████▋    | 4021/7000 [05:16<02:04, 23.86it/s]
loss=0.033| sh degree=3| :  57%|█████▋    | 4021/7000 [05:16<02:04, 23.86it/s]
loss=0.033| sh degree=3| :  57%|█████▋    | 4021/7000 [05:16<02:04, 23.86it/s]
loss=0.033| sh degree=3| :  57%|█████▋    | 4021/7000 [05:16<02:04, 23.86it/s]
loss=0.033| sh degree=3| :  57%|█████▋    | 4024/7000 [05:16<02:03, 24.06it/s]
loss=0.043| sh degree=3| :  57%|█████▋    | 4024/7000 [05:16<02:03, 24.06it/s]
loss=0.045| sh degree=3| :  57%|█████▋    | 4024/7000 [05:16<02:03, 24.06it/s]
loss=0.030| sh degree=3| :  57%|█████▋    | 4024/7000 [05:16<02:03, 24.06it/s]
loss=0.030| sh degree=3| :  58%|█████▊    | 4027/7000 [05:16<01:58, 25.12it/s]
loss=0.030| sh degree=3| :  58%|█████▊    | 4027/7000 [05:16<01:58, 25.12it/s]
loss=0.054| sh degree=3| :  58%|█████▊    | 4027/7000 [05:16<01:58, 25.12it/s]
loss=0.040| sh degree=3| :  58%|█████▊    | 4027/7000 [05:16<01:58, 25.12it/s]
loss=0.040| sh degree=3| :  58%|█████▊    | 4030/7000 [05:16<02:04, 23.86it/s]
loss=0.042| sh degree=3| :  58%|█████▊    | 4030/7000 [05:16<02:04, 23.86it/s]
loss=0.052| sh degree=3| :  58%|█████▊    | 4030/7000 [05:16<02:04, 23.86it/s]
loss=0.043| sh degree=3| :  58%|█████▊    | 4030/7000 [05:16<02:04, 23.86it/s]
loss=0.043| sh degree=3| :  58%|█████▊    | 4033/7000 [05:16<02:11, 22.60it/s]
loss=0.046| sh degree=3| :  58%|█████▊    | 4033/7000 [05:16<02:11, 22.60it/s]
loss=0.049| sh degree=3| :  58%|█████▊    | 4033/7000 [05:16<02:11, 22.60it/s]
loss=0.061| sh degree=3| :  58%|█████▊    | 4033/7000 [05:16<02:11, 22.60it/s]
loss=0.061| sh degree=3| :  58%|█████▊    | 4036/7000 [05:16<02:02, 24.24it/s]
loss=0.039| sh degree=3| :  58%|█████▊    | 4036/7000 [05:16<02:02, 24.24it/s]
loss=0.044| sh degree=3| :  58%|█████▊    | 4036/7000 [05:16<02:02, 24.24it/s]
loss=0.051| sh degree=3| :  58%|█████▊    | 4036/7000 [05:16<02:02, 24.24it/s]
loss=0.051| sh degree=3| :  58%|█████▊    | 4039/7000 [05:16<01:58, 25.05it/s]
loss=0.052| sh degree=3| :  58%|█████▊    | 4039/7000 [05:16<01:58, 25.05it/s]
loss=0.036| sh degree=3| :  58%|█████▊    | 4039/7000 [05:17<01:58, 25.05it/s]
loss=0.037| sh degree=3| :  58%|█████▊    | 4039/7000 [05:17<01:58, 25.05it/s]
loss=0.037| sh degree=3| :  58%|█████▊    | 4042/7000 [05:17<01:55, 25.56it/s]
loss=0.058| sh degree=3| :  58%|█████▊    | 4042/7000 [05:17<01:55, 25.56it/s]
loss=0.048| sh degree=3| :  58%|█████▊    | 4042/7000 [05:17<01:55, 25.56it/s]
loss=0.046| sh degree=3| :  58%|█████▊    | 4042/7000 [05:17<01:55, 25.56it/s]
loss=0.046| sh degree=3| :  58%|█████▊    | 4045/7000 [05:17<01:54, 25.84it/s]
loss=0.039| sh degree=3| :  58%|█████▊    | 4045/7000 [05:17<01:54, 25.84it/s]
loss=0.052| sh degree=3| :  58%|█████▊    | 4045/7000 [05:17<01:54, 25.84it/s]
loss=0.056| sh degree=3| :  58%|█████▊    | 4045/7000 [05:17<01:54, 25.84it/s]
loss=0.038| sh degree=3| :  58%|█████▊    | 4045/7000 [05:17<01:54, 25.84it/s]
loss=0.038| sh degree=3| :  58%|█████▊    | 4049/7000 [05:17<01:48, 27.28it/s]
loss=0.037| sh degree=3| :  58%|█████▊    | 4049/7000 [05:17<01:48, 27.28it/s]
loss=0.036| sh degree=3| :  58%|█████▊    | 4049/7000 [05:17<01:48, 27.28it/s]
loss=0.031| sh degree=3| :  58%|█████▊    | 4049/7000 [05:17<01:48, 27.28it/s]
loss=0.046| sh degree=3| :  58%|█████▊    | 4049/7000 [05:17<01:48, 27.28it/s]
loss=0.046| sh degree=3| :  58%|█████▊    | 4053/7000 [05:17<01:48, 27.28it/s]
loss=0.066| sh degree=3| :  58%|█████▊    | 4053/7000 [05:17<01:48, 27.28it/s]
loss=0.049| sh degree=3| :  58%|█████▊    | 4053/7000 [05:17<01:48, 27.28it/s]
loss=0.044| sh degree=3| :  58%|█████▊    | 4053/7000 [05:17<01:48, 27.28it/s]
loss=0.044| sh degree=3| :  58%|█████▊    | 4056/7000 [05:17<01:55, 25.53it/s]
loss=0.040| sh degree=3| :  58%|█████▊    | 4056/7000 [05:17<01:55, 25.53it/s]
loss=0.047| sh degree=3| :  58%|█████▊    | 4056/7000 [05:17<01:55, 25.53it/s]
loss=0.042| sh degree=3| :  58%|█████▊    | 4056/7000 [05:17<01:55, 25.53it/s]
loss=0.042| sh degree=3| :  58%|█████▊    | 4059/7000 [05:17<02:01, 24.24it/s]
loss=0.035| sh degree=3| :  58%|█████▊    | 4059/7000 [05:17<02:01, 24.24it/s]
loss=0.032| sh degree=3| :  58%|█████▊    | 4059/7000 [05:17<02:01, 24.24it/s]
loss=0.035| sh degree=3| :  58%|█████▊    | 4059/7000 [05:17<02:01, 24.24it/s]
loss=0.035| sh degree=3| :  58%|█████▊    | 4062/7000 [05:17<02:03, 23.82it/s]
loss=0.039| sh degree=3| :  58%|█████▊    | 4062/7000 [05:17<02:03, 23.82it/s]
loss=0.051| sh degree=3| :  58%|█████▊    | 4062/7000 [05:17<02:03, 23.82it/s]
loss=0.043| sh degree=3| :  58%|█████▊    | 4062/7000 [05:17<02:03, 23.82it/s]
loss=0.043| sh degree=3| :  58%|█████▊    | 4065/7000 [05:17<02:01, 24.18it/s]
loss=0.032| sh degree=3| :  58%|█████▊    | 4065/7000 [05:18<02:01, 24.18it/s]
loss=0.043| sh degree=3| :  58%|█████▊    | 4065/7000 [05:18<02:01, 24.18it/s]
loss=0.029| sh degree=3| :  58%|█████▊    | 4065/7000 [05:18<02:01, 24.18it/s]
loss=0.029| sh degree=3| :  58%|█████▊    | 4068/7000 [05:18<02:19, 21.01it/s]
loss=0.049| sh degree=3| :  58%|█████▊    | 4068/7000 [05:18<02:19, 21.01it/s]
loss=0.037| sh degree=3| :  58%|█████▊    | 4068/7000 [05:18<02:19, 21.01it/s]
loss=0.052| sh degree=3| :  58%|█████▊    | 4068/7000 [05:18<02:19, 21.01it/s]
loss=0.052| sh degree=3| :  58%|█████▊    | 4071/7000 [05:18<02:23, 20.40it/s]
loss=0.059| sh degree=3| :  58%|█████▊    | 4071/7000 [05:18<02:23, 20.40it/s]
loss=0.042| sh degree=3| :  58%|█████▊    | 4071/7000 [05:18<02:23, 20.40it/s]
loss=0.036| sh degree=3| :  58%|█████▊    | 4071/7000 [05:18<02:23, 20.40it/s]
loss=0.036| sh degree=3| :  58%|█████▊    | 4074/7000 [05:18<02:12, 22.09it/s]
loss=0.055| sh degree=3| :  58%|█████▊    | 4074/7000 [05:18<02:12, 22.09it/s]
loss=0.040| sh degree=3| :  58%|█████▊    | 4074/7000 [05:18<02:12, 22.09it/s]
loss=0.050| sh degree=3| :  58%|█████▊    | 4074/7000 [05:18<02:12, 22.09it/s]
loss=0.051| sh degree=3| :  58%|█████▊    | 4074/7000 [05:18<02:12, 22.09it/s]
loss=0.051| sh degree=3| :  58%|█████▊    | 4078/7000 [05:18<01:56, 25.00it/s]
loss=0.037| sh degree=3| :  58%|█████▊    | 4078/7000 [05:18<01:56, 25.00it/s]
loss=0.034| sh degree=3| :  58%|█████▊    | 4078/7000 [05:18<01:56, 25.00it/s]
loss=0.041| sh degree=3| :  58%|█████▊    | 4078/7000 [05:18<01:56, 25.00it/s]
loss=0.041| sh degree=3| :  58%|█████▊    | 4081/7000 [05:18<02:29, 19.55it/s]
loss=0.035| sh degree=3| :  58%|█████▊    | 4081/7000 [05:18<02:29, 19.55it/s]
loss=0.036| sh degree=3| :  58%|█████▊    | 4081/7000 [05:18<02:29, 19.55it/s]
loss=0.047| sh degree=3| :  58%|█████▊    | 4081/7000 [05:18<02:29, 19.55it/s]
loss=0.047| sh degree=3| :  58%|█████▊    | 4084/7000 [05:18<02:38, 18.42it/s]
loss=0.042| sh degree=3| :  58%|█████▊    | 4084/7000 [05:19<02:38, 18.42it/s]
loss=0.050| sh degree=3| :  58%|█████▊    | 4084/7000 [05:19<02:38, 18.42it/s]
loss=0.037| sh degree=3| :  58%|█████▊    | 4084/7000 [05:19<02:38, 18.42it/s]
loss=0.037| sh degree=3| :  58%|█████▊    | 4087/7000 [05:19<02:31, 19.18it/s]
loss=0.045| sh degree=3| :  58%|█████▊    | 4087/7000 [05:19<02:31, 19.18it/s]
loss=0.048| sh degree=3| :  58%|█████▊    | 4087/7000 [05:19<02:31, 19.18it/s]
loss=0.047| sh degree=3| :  58%|█████▊    | 4087/7000 [05:19<02:31, 19.18it/s]
loss=0.047| sh degree=3| :  58%|█████▊    | 4090/7000 [05:19<02:20, 20.78it/s]
loss=0.048| sh degree=3| :  58%|█████▊    | 4090/7000 [05:19<02:20, 20.78it/s]
loss=0.049| sh degree=3| :  58%|█████▊    | 4090/7000 [05:19<02:20, 20.78it/s]
loss=0.036| sh degree=3| :  58%|█████▊    | 4090/7000 [05:19<02:20, 20.78it/s]
loss=0.036| sh degree=3| :  58%|█████▊    | 4093/7000 [05:19<02:22, 20.43it/s]
loss=0.045| sh degree=3| :  58%|█████▊    | 4093/7000 [05:19<02:22, 20.43it/s]
loss=0.041| sh degree=3| :  58%|█████▊    | 4093/7000 [05:19<02:22, 20.43it/s]
loss=0.042| sh degree=3| :  58%|█████▊    | 4093/7000 [05:19<02:22, 20.43it/s]
loss=0.042| sh degree=3| :  59%|█████▊    | 4096/7000 [05:19<02:11, 22.06it/s]
loss=0.038| sh degree=3| :  59%|█████▊    | 4096/7000 [05:19<02:11, 22.06it/s]
loss=0.045| sh degree=3| :  59%|█████▊    | 4096/7000 [05:19<02:11, 22.06it/s]
loss=0.040| sh degree=3| :  59%|█████▊    | 4096/7000 [05:19<02:11, 22.06it/s]
loss=0.040| sh degree=3| :  59%|█████▊    | 4099/7000 [05:19<02:03, 23.45it/s]
loss=0.034| sh degree=3| :  59%|█████▊    | 4099/7000 [05:19<02:03, 23.45it/s]
loss=0.035| sh degree=3| :  59%|█████▊    | 4099/7000 [05:19<02:03, 23.45it/s]
loss=0.041| sh degree=3| :  59%|█████▊    | 4099/7000 [05:19<02:03, 23.45it/s]
loss=0.041| sh degree=3| :  59%|█████▊    | 4102/7000 [05:19<02:09, 22.43it/s]
loss=0.057| sh degree=3| :  59%|█████▊    | 4102/7000 [05:19<02:09, 22.43it/s]
loss=0.038| sh degree=3| :  59%|█████▊    | 4102/7000 [05:19<02:09, 22.43it/s]
loss=0.060| sh degree=3| :  59%|█████▊    | 4102/7000 [05:19<02:09, 22.43it/s]
loss=0.060| sh degree=3| :  59%|█████▊    | 4105/7000 [05:19<02:00, 24.11it/s]
loss=0.049| sh degree=3| :  59%|█████▊    | 4105/7000 [05:19<02:00, 24.11it/s]
loss=0.037| sh degree=3| :  59%|█████▊    | 4105/7000 [05:19<02:00, 24.11it/s]
loss=0.048| sh degree=3| :  59%|█████▊    | 4105/7000 [05:19<02:00, 24.11it/s]
loss=0.048| sh degree=3| :  59%|█████▊    | 4108/7000 [05:19<01:57, 24.70it/s]
loss=0.045| sh degree=3| :  59%|█████▊    | 4108/7000 [05:20<01:57, 24.70it/s]
loss=0.045| sh degree=3| :  59%|█████▊    | 4108/7000 [05:20<01:57, 24.70it/s]
loss=0.034| sh degree=3| :  59%|█████▊    | 4108/7000 [05:20<01:57, 24.70it/s]
loss=0.034| sh degree=3| :  59%|█████▊    | 4111/7000 [05:20<01:57, 24.64it/s]
loss=0.053| sh degree=3| :  59%|█████▊    | 4111/7000 [05:20<01:57, 24.64it/s]
loss=0.047| sh degree=3| :  59%|█████▊    | 4111/7000 [05:20<01:57, 24.64it/s]
loss=0.040| sh degree=3| :  59%|█████▊    | 4111/7000 [05:20<01:57, 24.64it/s]
loss=0.040| sh degree=3| :  59%|█████▉    | 4114/7000 [05:20<01:59, 24.11it/s]
loss=0.052| sh degree=3| :  59%|█████▉    | 4114/7000 [05:20<01:59, 24.11it/s]
loss=0.046| sh degree=3| :  59%|█████▉    | 4114/7000 [05:20<01:59, 24.11it/s]
loss=0.043| sh degree=3| :  59%|█████▉    | 4114/7000 [05:20<01:59, 24.11it/s]
loss=0.043| sh degree=3| :  59%|█████▉    | 4117/7000 [05:20<02:07, 22.54it/s]
loss=0.035| sh degree=3| :  59%|█████▉    | 4117/7000 [05:20<02:07, 22.54it/s]
loss=0.032| sh degree=3| :  59%|█████▉    | 4117/7000 [05:20<02:07, 22.54it/s]
loss=0.059| sh degree=3| :  59%|█████▉    | 4117/7000 [05:20<02:07, 22.54it/s]
loss=0.059| sh degree=3| :  59%|█████▉    | 4120/7000 [05:20<02:08, 22.46it/s]
loss=0.032| sh degree=3| :  59%|█████▉    | 4120/7000 [05:20<02:08, 22.46it/s]
loss=0.040| sh degree=3| :  59%|█████▉    | 4120/7000 [05:20<02:08, 22.46it/s]
loss=0.083| sh degree=3| :  59%|█████▉    | 4120/7000 [05:20<02:08, 22.46it/s]
loss=0.083| sh degree=3| :  59%|█████▉    | 4123/7000 [05:20<02:03, 23.26it/s]
loss=0.050| sh degree=3| :  59%|█████▉    | 4123/7000 [05:20<02:03, 23.26it/s]
loss=0.037| sh degree=3| :  59%|█████▉    | 4123/7000 [05:20<02:03, 23.26it/s]
loss=0.052| sh degree=3| :  59%|█████▉    | 4123/7000 [05:20<02:03, 23.26it/s]
loss=0.052| sh degree=3| :  59%|█████▉    | 4126/7000 [05:20<01:56, 24.66it/s]
loss=0.039| sh degree=3| :  59%|█████▉    | 4126/7000 [05:20<01:56, 24.66it/s]
loss=0.064| sh degree=3| :  59%|█████▉    | 4126/7000 [05:20<01:56, 24.66it/s]
loss=0.061| sh degree=3| :  59%|█████▉    | 4126/7000 [05:20<01:56, 24.66it/s]
loss=0.061| sh degree=3| :  59%|█████▉    | 4129/7000 [05:20<01:56, 24.73it/s]
loss=0.031| sh degree=3| :  59%|█████▉    | 4129/7000 [05:20<01:56, 24.73it/s]
loss=0.043| sh degree=3| :  59%|█████▉    | 4129/7000 [05:20<01:56, 24.73it/s]
loss=0.031| sh degree=3| :  59%|█████▉    | 4129/7000 [05:20<01:56, 24.73it/s]
loss=0.031| sh degree=3| :  59%|█████▉    | 4132/7000 [05:20<02:00, 23.82it/s]
loss=0.032| sh degree=3| :  59%|█████▉    | 4132/7000 [05:21<02:00, 23.82it/s]
loss=0.048| sh degree=3| :  59%|█████▉    | 4132/7000 [05:21<02:00, 23.82it/s]
loss=0.030| sh degree=3| :  59%|█████▉    | 4132/7000 [05:21<02:00, 23.82it/s]
loss=0.055| sh degree=3| :  59%|█████▉    | 4132/7000 [05:21<02:00, 23.82it/s]
loss=0.055| sh degree=3| :  59%|█████▉    | 4136/7000 [05:21<01:46, 26.90it/s]
loss=0.044| sh degree=3| :  59%|█████▉    | 4136/7000 [05:21<01:46, 26.90it/s]
loss=0.030| sh degree=3| :  59%|█████▉    | 4136/7000 [05:21<01:46, 26.90it/s]
loss=0.048| sh degree=3| :  59%|█████▉    | 4136/7000 [05:21<01:46, 26.90it/s]
loss=0.048| sh degree=3| :  59%|█████▉    | 4139/7000 [05:21<01:50, 25.93it/s]
loss=0.045| sh degree=3| :  59%|█████▉    | 4139/7000 [05:21<01:50, 25.93it/s]
loss=0.035| sh degree=3| :  59%|█████▉    | 4139/7000 [05:21<01:50, 25.93it/s]
loss=0.045| sh degree=3| :  59%|█████▉    | 4139/7000 [05:21<01:50, 25.93it/s]
loss=0.045| sh degree=3| :  59%|█████▉    | 4142/7000 [05:21<01:52, 25.47it/s]
loss=0.033| sh degree=3| :  59%|█████▉    | 4142/7000 [05:21<01:52, 25.47it/s]
loss=0.046| sh degree=3| :  59%|█████▉    | 4142/7000 [05:21<01:52, 25.47it/s]
loss=0.048| sh degree=3| :  59%|█████▉    | 4142/7000 [05:21<01:52, 25.47it/s]
loss=0.048| sh degree=3| :  59%|█████▉    | 4145/7000 [05:21<01:58, 24.07it/s]
loss=0.032| sh degree=3| :  59%|█████▉    | 4145/7000 [05:21<01:58, 24.07it/s]
loss=0.056| sh degree=3| :  59%|█████▉    | 4145/7000 [05:21<01:58, 24.07it/s]
loss=0.047| sh degree=3| :  59%|█████▉    | 4145/7000 [05:21<01:58, 24.07it/s]
loss=0.047| sh degree=3| :  59%|█████▉    | 4148/7000 [05:21<01:53, 25.12it/s]
loss=0.047| sh degree=3| :  59%|█████▉    | 4148/7000 [05:21<01:53, 25.12it/s]
loss=0.038| sh degree=3| :  59%|█████▉    | 4148/7000 [05:21<01:53, 25.12it/s]
loss=0.080| sh degree=3| :  59%|█████▉    | 4148/7000 [05:21<01:53, 25.12it/s]
loss=0.080| sh degree=3| :  59%|█████▉    | 4151/7000 [05:21<02:10, 21.83it/s]
loss=0.051| sh degree=3| :  59%|█████▉    | 4151/7000 [05:21<02:10, 21.83it/s]
loss=0.057| sh degree=3| :  59%|█████▉    | 4151/7000 [05:21<02:10, 21.83it/s]
loss=0.031| sh degree=3| :  59%|█████▉    | 4151/7000 [05:21<02:10, 21.83it/s]
loss=0.031| sh degree=3| :  59%|█████▉    | 4154/7000 [05:21<02:00, 23.62it/s]
loss=0.030| sh degree=3| :  59%|█████▉    | 4154/7000 [05:21<02:00, 23.62it/s]
loss=0.032| sh degree=3| :  59%|█████▉    | 4154/7000 [05:21<02:00, 23.62it/s]
loss=0.042| sh degree=3| :  59%|█████▉    | 4154/7000 [05:22<02:00, 23.62it/s]
loss=0.042| sh degree=3| :  59%|█████▉    | 4157/7000 [05:22<02:06, 22.40it/s]
loss=0.043| sh degree=3| :  59%|█████▉    | 4157/7000 [05:22<02:06, 22.40it/s]
loss=0.047| sh degree=3| :  59%|█████▉    | 4157/7000 [05:22<02:06, 22.40it/s]
loss=0.040| sh degree=3| :  59%|█████▉    | 4157/7000 [05:22<02:06, 22.40it/s]
loss=0.040| sh degree=3| :  59%|█████▉    | 4160/7000 [05:22<02:12, 21.50it/s]
loss=0.037| sh degree=3| :  59%|█████▉    | 4160/7000 [05:22<02:12, 21.50it/s]
loss=0.030| sh degree=3| :  59%|█████▉    | 4160/7000 [05:22<02:12, 21.50it/s]
loss=0.029| sh degree=3| :  59%|█████▉    | 4160/7000 [05:22<02:12, 21.50it/s]
loss=0.029| sh degree=3| :  59%|█████▉    | 4163/7000 [05:22<02:13, 21.32it/s]
loss=0.029| sh degree=3| :  59%|█████▉    | 4163/7000 [05:22<02:13, 21.32it/s]
loss=0.045| sh degree=3| :  59%|█████▉    | 4163/7000 [05:22<02:13, 21.32it/s]
loss=0.034| sh degree=3| :  59%|█████▉    | 4163/7000 [05:22<02:13, 21.32it/s]
loss=0.034| sh degree=3| :  60%|█████▉    | 4166/7000 [05:22<02:12, 21.45it/s]
loss=0.081| sh degree=3| :  60%|█████▉    | 4166/7000 [05:22<02:12, 21.45it/s]
loss=0.048| sh degree=3| :  60%|█████▉    | 4166/7000 [05:22<02:12, 21.45it/s]
loss=0.042| sh degree=3| :  60%|█████▉    | 4166/7000 [05:22<02:12, 21.45it/s]
loss=0.042| sh degree=3| :  60%|█████▉    | 4169/7000 [05:22<02:00, 23.41it/s]
loss=0.043| sh degree=3| :  60%|█████▉    | 4169/7000 [05:22<02:00, 23.41it/s]
loss=0.043| sh degree=3| :  60%|█████▉    | 4169/7000 [05:22<02:00, 23.41it/s]
loss=0.048| sh degree=3| :  60%|█████▉    | 4169/7000 [05:22<02:00, 23.41it/s]
loss=0.048| sh degree=3| :  60%|█████▉    | 4172/7000 [05:22<02:00, 23.47it/s]
loss=0.050| sh degree=3| :  60%|█████▉    | 4172/7000 [05:22<02:00, 23.47it/s]
loss=0.041| sh degree=3| :  60%|█████▉    | 4172/7000 [05:22<02:00, 23.47it/s]
loss=0.044| sh degree=3| :  60%|█████▉    | 4172/7000 [05:22<02:00, 23.47it/s]
loss=0.044| sh degree=3| :  60%|█████▉    | 4175/7000 [05:22<01:55, 24.54it/s]
loss=0.038| sh degree=3| :  60%|█████▉    | 4175/7000 [05:22<01:55, 24.54it/s]
loss=0.046| sh degree=3| :  60%|█████▉    | 4175/7000 [05:22<01:55, 24.54it/s]
loss=0.040| sh degree=3| :  60%|█████▉    | 4175/7000 [05:22<01:55, 24.54it/s]
loss=0.044| sh degree=3| :  60%|█████▉    | 4175/7000 [05:22<01:55, 24.54it/s]
loss=0.044| sh degree=3| :  60%|█████▉    | 4179/7000 [05:22<01:45, 26.67it/s]
loss=0.038| sh degree=3| :  60%|█████▉    | 4179/7000 [05:22<01:45, 26.67it/s]
loss=0.039| sh degree=3| :  60%|█████▉    | 4179/7000 [05:23<01:45, 26.67it/s]
loss=0.035| sh degree=3| :  60%|█████▉    | 4179/7000 [05:23<01:45, 26.67it/s]
loss=0.035| sh degree=3| :  60%|█████▉    | 4182/7000 [05:23<01:49, 25.73it/s]
loss=0.040| sh degree=3| :  60%|█████▉    | 4182/7000 [05:23<01:49, 25.73it/s]
loss=0.054| sh degree=3| :  60%|█████▉    | 4182/7000 [05:23<01:49, 25.73it/s]
loss=0.037| sh degree=3| :  60%|█████▉    | 4182/7000 [05:23<01:49, 25.73it/s]
loss=0.037| sh degree=3| :  60%|█████▉    | 4185/7000 [05:23<01:52, 25.13it/s]
loss=0.051| sh degree=3| :  60%|█████▉    | 4185/7000 [05:23<01:52, 25.13it/s]
loss=0.044| sh degree=3| :  60%|█████▉    | 4185/7000 [05:23<01:52, 25.13it/s]
loss=0.035| sh degree=3| :  60%|█████▉    | 4185/7000 [05:23<01:52, 25.13it/s]
loss=0.035| sh degree=3| :  60%|█████▉    | 4188/7000 [05:23<01:47, 26.12it/s]
loss=0.055| sh degree=3| :  60%|█████▉    | 4188/7000 [05:23<01:47, 26.12it/s]
loss=0.038| sh degree=3| :  60%|█████▉    | 4188/7000 [05:23<01:47, 26.12it/s]
loss=0.038| sh degree=3| :  60%|█████▉    | 4188/7000 [05:23<01:47, 26.12it/s]
loss=0.037| sh degree=3| :  60%|█████▉    | 4188/7000 [05:23<01:47, 26.12it/s]
loss=0.037| sh degree=3| :  60%|█████▉    | 4192/7000 [05:23<01:37, 28.73it/s]
loss=0.065| sh degree=3| :  60%|█████▉    | 4192/7000 [05:23<01:37, 28.73it/s]
loss=0.034| sh degree=3| :  60%|█████▉    | 4192/7000 [05:23<01:37, 28.73it/s]
loss=0.036| sh degree=3| :  60%|█████▉    | 4192/7000 [05:23<01:37, 28.73it/s]
loss=0.068| sh degree=3| :  60%|█████▉    | 4192/7000 [05:23<01:37, 28.73it/s]
loss=0.068| sh degree=3| :  60%|█████▉    | 4196/7000 [05:23<01:33, 29.94it/s]
loss=0.049| sh degree=3| :  60%|█████▉    | 4196/7000 [05:23<01:33, 29.94it/s]
loss=0.042| sh degree=3| :  60%|█████▉    | 4196/7000 [05:23<01:33, 29.94it/s]
loss=0.043| sh degree=3| :  60%|█████▉    | 4196/7000 [05:23<01:33, 29.94it/s]
loss=0.035| sh degree=3| :  60%|█████▉    | 4196/7000 [05:23<01:33, 29.94it/s]
loss=0.035| sh degree=3| :  60%|██████    | 4200/7000 [05:23<01:36, 28.93it/s]
loss=0.034| sh degree=3| :  60%|██████    | 4200/7000 [05:23<01:36, 28.93it/s]
loss=0.053| sh degree=3| :  60%|██████    | 4200/7000 [05:23<01:36, 28.93it/s]
loss=0.046| sh degree=3| :  60%|██████    | 4200/7000 [05:23<01:36, 28.93it/s]
loss=0.046| sh degree=3| :  60%|██████    | 4203/7000 [05:23<01:39, 28.13it/s]
loss=0.053| sh degree=3| :  60%|██████    | 4203/7000 [05:23<01:39, 28.13it/s]
loss=0.034| sh degree=3| :  60%|██████    | 4203/7000 [05:23<01:39, 28.13it/s]
loss=0.044| sh degree=3| :  60%|██████    | 4203/7000 [05:23<01:39, 28.13it/s]
loss=0.044| sh degree=3| :  60%|██████    | 4206/7000 [05:23<01:51, 25.12it/s]
loss=0.051| sh degree=3| :  60%|██████    | 4206/7000 [05:23<01:51, 25.12it/s]
loss=0.050| sh degree=3| :  60%|██████    | 4206/7000 [05:24<01:51, 25.12it/s]
loss=0.044| sh degree=3| :  60%|██████    | 4206/7000 [05:24<01:51, 25.12it/s]
loss=0.059| sh degree=3| :  60%|██████    | 4206/7000 [05:24<01:51, 25.12it/s]
loss=0.059| sh degree=3| :  60%|██████    | 4210/7000 [05:24<01:42, 27.23it/s]
loss=0.046| sh degree=3| :  60%|██████    | 4210/7000 [05:24<01:42, 27.23it/s]
loss=0.049| sh degree=3| :  60%|██████    | 4210/7000 [05:24<01:42, 27.23it/s]
loss=0.063| sh degree=3| :  60%|██████    | 4210/7000 [05:24<01:42, 27.23it/s]
loss=0.063| sh degree=3| :  60%|██████    | 4213/7000 [05:24<01:43, 26.80it/s]
loss=0.042| sh degree=3| :  60%|██████    | 4213/7000 [05:24<01:43, 26.80it/s]
loss=0.046| sh degree=3| :  60%|██████    | 4213/7000 [05:24<01:43, 26.80it/s]
loss=0.033| sh degree=3| :  60%|██████    | 4213/7000 [05:24<01:43, 26.80it/s]
loss=0.033| sh degree=3| :  60%|██████    | 4216/7000 [05:24<01:52, 24.69it/s]
loss=0.041| sh degree=3| :  60%|██████    | 4216/7000 [05:24<01:52, 24.69it/s]
loss=0.051| sh degree=3| :  60%|██████    | 4216/7000 [05:24<01:52, 24.69it/s]
loss=0.041| sh degree=3| :  60%|██████    | 4216/7000 [05:24<01:52, 24.69it/s]
loss=0.041| sh degree=3| :  60%|██████    | 4219/7000 [05:24<01:52, 24.68it/s]
loss=0.046| sh degree=3| :  60%|██████    | 4219/7000 [05:24<01:52, 24.68it/s]
loss=0.039| sh degree=3| :  60%|██████    | 4219/7000 [05:24<01:52, 24.68it/s]
loss=0.040| sh degree=3| :  60%|██████    | 4219/7000 [05:24<01:52, 24.68it/s]
loss=0.040| sh degree=3| :  60%|██████    | 4222/7000 [05:24<01:57, 23.61it/s]
loss=0.034| sh degree=3| :  60%|██████    | 4222/7000 [05:24<01:57, 23.61it/s]
loss=0.092| sh degree=3| :  60%|██████    | 4222/7000 [05:24<01:57, 23.61it/s]
loss=0.033| sh degree=3| :  60%|██████    | 4222/7000 [05:24<01:57, 23.61it/s]
loss=0.033| sh degree=3| :  60%|██████    | 4225/7000 [05:24<01:59, 23.28it/s]
loss=0.043| sh degree=3| :  60%|██████    | 4225/7000 [05:24<01:59, 23.28it/s]
loss=0.054| sh degree=3| :  60%|██████    | 4225/7000 [05:24<01:59, 23.28it/s]
loss=0.044| sh degree=3| :  60%|██████    | 4225/7000 [05:24<01:59, 23.28it/s]
loss=0.044| sh degree=3| :  60%|██████    | 4228/7000 [05:24<01:56, 23.75it/s]
loss=0.055| sh degree=3| :  60%|██████    | 4228/7000 [05:24<01:56, 23.75it/s]
loss=0.045| sh degree=3| :  60%|██████    | 4228/7000 [05:24<01:56, 23.75it/s]
loss=0.041| sh degree=3| :  60%|██████    | 4228/7000 [05:24<01:56, 23.75it/s]
loss=0.041| sh degree=3| :  60%|██████    | 4231/7000 [05:24<01:52, 24.54it/s]
loss=0.042| sh degree=3| :  60%|██████    | 4231/7000 [05:24<01:52, 24.54it/s]
loss=0.060| sh degree=3| :  60%|██████    | 4231/7000 [05:25<01:52, 24.54it/s]
loss=0.047| sh degree=3| :  60%|██████    | 4231/7000 [05:25<01:52, 24.54it/s]
loss=0.047| sh degree=3| :  60%|██████    | 4234/7000 [05:25<01:52, 24.48it/s]
loss=0.050| sh degree=3| :  60%|██████    | 4234/7000 [05:25<01:52, 24.48it/s]
loss=0.042| sh degree=3| :  60%|██████    | 4234/7000 [05:25<01:52, 24.48it/s]
loss=0.038| sh degree=3| :  60%|██████    | 4234/7000 [05:25<01:52, 24.48it/s]
loss=0.038| sh degree=3| :  61%|██████    | 4237/7000 [05:25<01:47, 25.60it/s]
loss=0.045| sh degree=3| :  61%|██████    | 4237/7000 [05:25<01:47, 25.60it/s]
loss=0.040| sh degree=3| :  61%|██████    | 4237/7000 [05:25<01:47, 25.60it/s]
loss=0.044| sh degree=3| :  61%|██████    | 4237/7000 [05:25<01:47, 25.60it/s]
loss=0.044| sh degree=3| :  61%|██████    | 4240/7000 [05:25<02:02, 22.46it/s]
loss=0.037| sh degree=3| :  61%|██████    | 4240/7000 [05:25<02:02, 22.46it/s]
loss=0.052| sh degree=3| :  61%|██████    | 4240/7000 [05:25<02:02, 22.46it/s]
loss=0.045| sh degree=3| :  61%|██████    | 4240/7000 [05:25<02:02, 22.46it/s]
loss=0.045| sh degree=3| :  61%|██████    | 4243/7000 [05:25<01:57, 23.41it/s]
loss=0.055| sh degree=3| :  61%|██████    | 4243/7000 [05:25<01:57, 23.41it/s]
loss=0.046| sh degree=3| :  61%|██████    | 4243/7000 [05:25<01:57, 23.41it/s]
loss=0.045| sh degree=3| :  61%|██████    | 4243/7000 [05:25<01:57, 23.41it/s]
loss=0.045| sh degree=3| :  61%|██████    | 4246/7000 [05:25<01:54, 24.12it/s]
loss=0.031| sh degree=3| :  61%|██████    | 4246/7000 [05:25<01:54, 24.12it/s]
loss=0.045| sh degree=3| :  61%|██████    | 4246/7000 [05:25<01:54, 24.12it/s]
loss=0.037| sh degree=3| :  61%|██████    | 4246/7000 [05:25<01:54, 24.12it/s]
loss=0.039| sh degree=3| :  61%|██████    | 4246/7000 [05:25<01:54, 24.12it/s]
loss=0.039| sh degree=3| :  61%|██████    | 4250/7000 [05:25<01:44, 26.35it/s]
loss=0.033| sh degree=3| :  61%|██████    | 4250/7000 [05:25<01:44, 26.35it/s]
loss=0.056| sh degree=3| :  61%|██████    | 4250/7000 [05:25<01:44, 26.35it/s]
loss=0.034| sh degree=3| :  61%|██████    | 4250/7000 [05:25<01:44, 26.35it/s]
loss=0.034| sh degree=3| :  61%|██████    | 4253/7000 [05:25<01:52, 24.40it/s]
loss=0.042| sh degree=3| :  61%|██████    | 4253/7000 [05:25<01:52, 24.40it/s]
loss=0.051| sh degree=3| :  61%|██████    | 4253/7000 [05:25<01:52, 24.40it/s]
loss=0.033| sh degree=3| :  61%|██████    | 4253/7000 [05:25<01:52, 24.40it/s]
loss=0.033| sh degree=3| :  61%|██████    | 4256/7000 [05:25<01:51, 24.58it/s]
loss=0.042| sh degree=3| :  61%|██████    | 4256/7000 [05:26<01:51, 24.58it/s]
loss=0.049| sh degree=3| :  61%|██████    | 4256/7000 [05:26<01:51, 24.58it/s]
loss=0.037| sh degree=3| :  61%|██████    | 4256/7000 [05:26<01:51, 24.58it/s]
loss=0.037| sh degree=3| :  61%|██████    | 4259/7000 [05:26<01:51, 24.63it/s]
loss=0.047| sh degree=3| :  61%|██████    | 4259/7000 [05:26<01:51, 24.63it/s]
loss=0.050| sh degree=3| :  61%|██████    | 4259/7000 [05:26<01:51, 24.63it/s]
loss=0.038| sh degree=3| :  61%|██████    | 4259/7000 [05:26<01:51, 24.63it/s]
loss=0.038| sh degree=3| :  61%|██████    | 4262/7000 [05:26<01:51, 24.45it/s]
loss=0.047| sh degree=3| :  61%|██████    | 4262/7000 [05:26<01:51, 24.45it/s]
loss=0.057| sh degree=3| :  61%|██████    | 4262/7000 [05:26<01:51, 24.45it/s]
loss=0.047| sh degree=3| :  61%|██████    | 4262/7000 [05:26<01:51, 24.45it/s]
loss=0.047| sh degree=3| :  61%|██████    | 4265/7000 [05:26<02:04, 21.89it/s]
loss=0.046| sh degree=3| :  61%|██████    | 4265/7000 [05:26<02:04, 21.89it/s]
loss=0.036| sh degree=3| :  61%|██████    | 4265/7000 [05:26<02:04, 21.89it/s]
loss=0.056| sh degree=3| :  61%|██████    | 4265/7000 [05:26<02:04, 21.89it/s]
loss=0.043| sh degree=3| :  61%|██████    | 4265/7000 [05:26<02:04, 21.89it/s]
loss=0.043| sh degree=3| :  61%|██████    | 4269/7000 [05:26<01:50, 24.70it/s]
loss=0.042| sh degree=3| :  61%|██████    | 4269/7000 [05:26<01:50, 24.70it/s]
loss=0.030| sh degree=3| :  61%|██████    | 4269/7000 [05:26<01:50, 24.70it/s]
loss=0.043| sh degree=3| :  61%|██████    | 4269/7000 [05:26<01:50, 24.70it/s]
loss=0.043| sh degree=3| :  61%|██████    | 4272/7000 [05:26<01:47, 25.30it/s]
loss=0.030| sh degree=3| :  61%|██████    | 4272/7000 [05:26<01:47, 25.30it/s]
loss=0.030| sh degree=3| :  61%|██████    | 4272/7000 [05:26<01:47, 25.30it/s]
loss=0.050| sh degree=3| :  61%|██████    | 4272/7000 [05:26<01:47, 25.30it/s]
loss=0.050| sh degree=3| :  61%|██████    | 4275/7000 [05:26<01:47, 25.42it/s]
loss=0.045| sh degree=3| :  61%|██████    | 4275/7000 [05:26<01:47, 25.42it/s]
loss=0.040| sh degree=3| :  61%|██████    | 4275/7000 [05:26<01:47, 25.42it/s]
loss=0.035| sh degree=3| :  61%|██████    | 4275/7000 [05:26<01:47, 25.42it/s]
loss=0.035| sh degree=3| :  61%|██████    | 4278/7000 [05:26<01:52, 24.12it/s]
loss=0.051| sh degree=3| :  61%|██████    | 4278/7000 [05:26<01:52, 24.12it/s]
loss=0.049| sh degree=3| :  61%|██████    | 4278/7000 [05:26<01:52, 24.12it/s]
loss=0.044| sh degree=3| :  61%|██████    | 4278/7000 [05:27<01:52, 24.12it/s]
loss=0.044| sh degree=3| :  61%|██████    | 4281/7000 [05:27<01:58, 22.85it/s]
loss=0.029| sh degree=3| :  61%|██████    | 4281/7000 [05:27<01:58, 22.85it/s]
loss=0.047| sh degree=3| :  61%|██████    | 4281/7000 [05:27<01:58, 22.85it/s]
loss=0.037| sh degree=3| :  61%|██████    | 4281/7000 [05:27<01:58, 22.85it/s]
loss=0.037| sh degree=3| :  61%|██████    | 4284/7000 [05:27<02:01, 22.40it/s]
loss=0.051| sh degree=3| :  61%|██████    | 4284/7000 [05:27<02:01, 22.40it/s]
loss=0.057| sh degree=3| :  61%|██████    | 4284/7000 [05:27<02:01, 22.40it/s]
loss=0.034| sh degree=3| :  61%|██████    | 4284/7000 [05:27<02:01, 22.40it/s]
loss=0.034| sh degree=3| :  61%|██████    | 4287/7000 [05:27<02:00, 22.60it/s]
loss=0.037| sh degree=3| :  61%|██████    | 4287/7000 [05:27<02:00, 22.60it/s]
loss=0.028| sh degree=3| :  61%|██████    | 4287/7000 [05:27<02:00, 22.60it/s]
loss=0.045| sh degree=3| :  61%|██████    | 4287/7000 [05:27<02:00, 22.60it/s]
loss=0.045| sh degree=3| :  61%|██████▏   | 4290/7000 [05:27<02:00, 22.40it/s]
loss=0.042| sh degree=3| :  61%|██████▏   | 4290/7000 [05:27<02:00, 22.40it/s]
loss=0.047| sh degree=3| :  61%|██████▏   | 4290/7000 [05:27<02:00, 22.40it/s]
loss=0.037| sh degree=3| :  61%|██████▏   | 4290/7000 [05:27<02:00, 22.40it/s]
loss=0.037| sh degree=3| :  61%|██████▏   | 4293/7000 [05:27<02:04, 21.81it/s]
loss=0.031| sh degree=3| :  61%|██████▏   | 4293/7000 [05:27<02:04, 21.81it/s]
loss=0.046| sh degree=3| :  61%|██████▏   | 4293/7000 [05:27<02:04, 21.81it/s]
loss=0.032| sh degree=3| :  61%|██████▏   | 4293/7000 [05:27<02:04, 21.81it/s]
loss=0.032| sh degree=3| :  61%|██████▏   | 4296/7000 [05:27<01:57, 23.02it/s]
loss=0.040| sh degree=3| :  61%|██████▏   | 4296/7000 [05:27<01:57, 23.02it/s]
loss=0.037| sh degree=3| :  61%|██████▏   | 4296/7000 [05:27<01:57, 23.02it/s]
loss=0.041| sh degree=3| :  61%|██████▏   | 4296/7000 [05:27<01:57, 23.02it/s]
loss=0.041| sh degree=3| :  61%|██████▏   | 4299/7000 [05:27<01:56, 23.19it/s]
loss=0.030| sh degree=3| :  61%|██████▏   | 4299/7000 [05:27<01:56, 23.19it/s]
loss=0.033| sh degree=3| :  61%|██████▏   | 4299/7000 [05:27<01:56, 23.19it/s]
loss=0.053| sh degree=3| :  61%|██████▏   | 4299/7000 [05:27<01:56, 23.19it/s]
loss=0.053| sh degree=3| :  61%|██████▏   | 4302/7000 [05:27<01:55, 23.36it/s]
loss=0.050| sh degree=3| :  61%|██████▏   | 4302/7000 [05:27<01:55, 23.36it/s]
loss=0.063| sh degree=3| :  61%|██████▏   | 4302/7000 [05:28<01:55, 23.36it/s]
loss=0.044| sh degree=3| :  61%|██████▏   | 4302/7000 [05:28<01:55, 23.36it/s]
loss=0.044| sh degree=3| :  62%|██████▏   | 4305/7000 [05:28<01:49, 24.55it/s]
loss=0.046| sh degree=3| :  62%|██████▏   | 4305/7000 [05:28<01:49, 24.55it/s]
loss=0.039| sh degree=3| :  62%|██████▏   | 4305/7000 [05:28<01:49, 24.55it/s]
loss=0.045| sh degree=3| :  62%|██████▏   | 4305/7000 [05:28<01:49, 24.55it/s]
loss=0.045| sh degree=3| :  62%|██████▏   | 4308/7000 [05:28<01:50, 24.46it/s]
loss=0.039| sh degree=3| :  62%|██████▏   | 4308/7000 [05:28<01:50, 24.46it/s]
loss=0.052| sh degree=3| :  62%|██████▏   | 4308/7000 [05:28<01:50, 24.46it/s]
loss=0.036| sh degree=3| :  62%|██████▏   | 4308/7000 [05:28<01:50, 24.46it/s]
loss=0.036| sh degree=3| :  62%|██████▏   | 4311/7000 [05:28<01:54, 23.58it/s]
loss=0.047| sh degree=3| :  62%|██████▏   | 4311/7000 [05:28<01:54, 23.58it/s]
loss=0.047| sh degree=3| :  62%|██████▏   | 4311/7000 [05:28<01:54, 23.58it/s]
loss=0.045| sh degree=3| :  62%|██████▏   | 4311/7000 [05:28<01:54, 23.58it/s]
loss=0.045| sh degree=3| :  62%|██████▏   | 4314/7000 [05:28<01:54, 23.36it/s]
loss=0.049| sh degree=3| :  62%|██████▏   | 4314/7000 [05:28<01:54, 23.36it/s]
loss=0.045| sh degree=3| :  62%|██████▏   | 4314/7000 [05:28<01:54, 23.36it/s]
loss=0.037| sh degree=3| :  62%|██████▏   | 4314/7000 [05:28<01:54, 23.36it/s]
loss=0.037| sh degree=3| :  62%|██████▏   | 4317/7000 [05:28<02:02, 21.91it/s]
loss=0.040| sh degree=3| :  62%|██████▏   | 4317/7000 [05:28<02:02, 21.91it/s]
loss=0.050| sh degree=3| :  62%|██████▏   | 4317/7000 [05:28<02:02, 21.91it/s]
loss=0.044| sh degree=3| :  62%|██████▏   | 4317/7000 [05:28<02:02, 21.91it/s]
loss=0.044| sh degree=3| :  62%|██████▏   | 4320/7000 [05:28<01:57, 22.75it/s]
loss=0.033| sh degree=3| :  62%|██████▏   | 4320/7000 [05:28<01:57, 22.75it/s]
loss=0.034| sh degree=3| :  62%|██████▏   | 4320/7000 [05:28<01:57, 22.75it/s]
loss=0.039| sh degree=3| :  62%|██████▏   | 4320/7000 [05:28<01:57, 22.75it/s]
loss=0.039| sh degree=3| :  62%|██████▏   | 4323/7000 [05:28<02:05, 21.27it/s]
loss=0.034| sh degree=3| :  62%|██████▏   | 4323/7000 [05:28<02:05, 21.27it/s]
loss=0.048| sh degree=3| :  62%|██████▏   | 4323/7000 [05:28<02:05, 21.27it/s]
loss=0.036| sh degree=3| :  62%|██████▏   | 4323/7000 [05:29<02:05, 21.27it/s]
loss=0.036| sh degree=3| :  62%|██████▏   | 4326/7000 [05:29<01:58, 22.62it/s]
loss=0.035| sh degree=3| :  62%|██████▏   | 4326/7000 [05:29<01:58, 22.62it/s]
loss=0.051| sh degree=3| :  62%|██████▏   | 4326/7000 [05:29<01:58, 22.62it/s]
loss=0.036| sh degree=3| :  62%|██████▏   | 4326/7000 [05:29<01:58, 22.62it/s]
loss=0.074| sh degree=3| :  62%|██████▏   | 4326/7000 [05:29<01:58, 22.62it/s]
loss=0.074| sh degree=3| :  62%|██████▏   | 4330/7000 [05:29<01:53, 23.52it/s]
loss=0.057| sh degree=3| :  62%|██████▏   | 4330/7000 [05:29<01:53, 23.52it/s]
loss=0.047| sh degree=3| :  62%|██████▏   | 4330/7000 [05:29<01:53, 23.52it/s]
loss=0.036| sh degree=3| :  62%|██████▏   | 4330/7000 [05:29<01:53, 23.52it/s]
loss=0.050| sh degree=3| :  62%|██████▏   | 4330/7000 [05:29<01:53, 23.52it/s]
loss=0.050| sh degree=3| :  62%|██████▏   | 4334/7000 [05:29<01:44, 25.52it/s]
loss=0.048| sh degree=3| :  62%|██████▏   | 4334/7000 [05:29<01:44, 25.52it/s]
loss=0.038| sh degree=3| :  62%|██████▏   | 4334/7000 [05:29<01:44, 25.52it/s]
loss=0.046| sh degree=3| :  62%|██████▏   | 4334/7000 [05:29<01:44, 25.52it/s]
loss=0.046| sh degree=3| :  62%|██████▏   | 4337/7000 [05:29<02:12, 20.08it/s]
loss=0.038| sh degree=3| :  62%|██████▏   | 4337/7000 [05:29<02:12, 20.08it/s]
loss=0.045| sh degree=3| :  62%|██████▏   | 4337/7000 [05:29<02:12, 20.08it/s]
loss=0.032| sh degree=3| :  62%|██████▏   | 4337/7000 [05:29<02:12, 20.08it/s]
loss=0.032| sh degree=3| :  62%|██████▏   | 4340/7000 [05:29<02:19, 19.02it/s]
loss=0.031| sh degree=3| :  62%|██████▏   | 4340/7000 [05:29<02:19, 19.02it/s]
loss=0.034| sh degree=3| :  62%|██████▏   | 4340/7000 [05:29<02:19, 19.02it/s]
loss=0.053| sh degree=3| :  62%|██████▏   | 4340/7000 [05:29<02:19, 19.02it/s]
loss=0.040| sh degree=3| :  62%|██████▏   | 4340/7000 [05:29<02:19, 19.02it/s]
loss=0.040| sh degree=3| :  62%|██████▏   | 4344/7000 [05:29<02:00, 22.09it/s]
loss=0.046| sh degree=3| :  62%|██████▏   | 4344/7000 [05:29<02:00, 22.09it/s]
loss=0.046| sh degree=3| :  62%|██████▏   | 4344/7000 [05:29<02:00, 22.09it/s]
loss=0.048| sh degree=3| :  62%|██████▏   | 4344/7000 [05:29<02:00, 22.09it/s]
loss=0.048| sh degree=3| :  62%|██████▏   | 4347/7000 [05:29<01:54, 23.16it/s]
loss=0.036| sh degree=3| :  62%|██████▏   | 4347/7000 [05:29<01:54, 23.16it/s]
loss=0.031| sh degree=3| :  62%|██████▏   | 4347/7000 [05:30<01:54, 23.16it/s]
loss=0.072| sh degree=3| :  62%|██████▏   | 4347/7000 [05:30<01:54, 23.16it/s]
loss=0.072| sh degree=3| :  62%|██████▏   | 4350/7000 [05:30<01:50, 24.02it/s]
loss=0.045| sh degree=3| :  62%|██████▏   | 4350/7000 [05:30<01:50, 24.02it/s]
loss=0.030| sh degree=3| :  62%|██████▏   | 4350/7000 [05:30<01:50, 24.02it/s]
loss=0.030| sh degree=3| :  62%|██████▏   | 4350/7000 [05:30<01:50, 24.02it/s]
loss=0.030| sh degree=3| :  62%|██████▏   | 4353/7000 [05:30<01:46, 24.95it/s]
loss=0.042| sh degree=3| :  62%|██████▏   | 4353/7000 [05:30<01:46, 24.95it/s]
loss=0.037| sh degree=3| :  62%|██████▏   | 4353/7000 [05:30<01:46, 24.95it/s]
loss=0.037| sh degree=3| :  62%|██████▏   | 4353/7000 [05:30<01:46, 24.95it/s]
loss=0.037| sh degree=3| :  62%|██████▏   | 4356/7000 [05:30<01:48, 24.43it/s]
loss=0.067| sh degree=3| :  62%|██████▏   | 4356/7000 [05:30<01:48, 24.43it/s]
loss=0.041| sh degree=3| :  62%|██████▏   | 4356/7000 [05:30<01:48, 24.43it/s]
loss=0.031| sh degree=3| :  62%|██████▏   | 4356/7000 [05:30<01:48, 24.43it/s]
loss=0.031| sh degree=3| :  62%|██████▏   | 4359/7000 [05:30<01:42, 25.76it/s]
loss=0.035| sh degree=3| :  62%|██████▏   | 4359/7000 [05:30<01:42, 25.76it/s]
loss=0.044| sh degree=3| :  62%|██████▏   | 4359/7000 [05:30<01:42, 25.76it/s]
loss=0.042| sh degree=3| :  62%|██████▏   | 4359/7000 [05:30<01:42, 25.76it/s]
loss=0.042| sh degree=3| :  62%|██████▏   | 4362/7000 [05:30<01:39, 26.50it/s]
loss=0.034| sh degree=3| :  62%|██████▏   | 4362/7000 [05:30<01:39, 26.50it/s]
loss=0.041| sh degree=3| :  62%|██████▏   | 4362/7000 [05:30<01:39, 26.50it/s]
loss=0.046| sh degree=3| :  62%|██████▏   | 4362/7000 [05:30<01:39, 26.50it/s]
loss=0.046| sh degree=3| :  62%|██████▏   | 4365/7000 [05:30<01:43, 25.45it/s]
loss=0.051| sh degree=3| :  62%|██████▏   | 4365/7000 [05:30<01:43, 25.45it/s]
loss=0.046| sh degree=3| :  62%|██████▏   | 4365/7000 [05:30<01:43, 25.45it/s]
loss=0.039| sh degree=3| :  62%|██████▏   | 4365/7000 [05:30<01:43, 25.45it/s]
loss=0.039| sh degree=3| :  62%|██████▏   | 4368/7000 [05:30<01:41, 26.03it/s]
loss=0.062| sh degree=3| :  62%|██████▏   | 4368/7000 [05:30<01:41, 26.03it/s]
loss=0.046| sh degree=3| :  62%|██████▏   | 4368/7000 [05:30<01:41, 26.03it/s]
loss=0.045| sh degree=3| :  62%|██████▏   | 4368/7000 [05:30<01:41, 26.03it/s]
loss=0.045| sh degree=3| :  62%|██████▏   | 4371/7000 [05:30<01:40, 26.14it/s]
loss=0.064| sh degree=3| :  62%|██████▏   | 4371/7000 [05:30<01:40, 26.14it/s]
loss=0.040| sh degree=3| :  62%|██████▏   | 4371/7000 [05:30<01:40, 26.14it/s]
loss=0.031| sh degree=3| :  62%|██████▏   | 4371/7000 [05:30<01:40, 26.14it/s]
loss=0.031| sh degree=3| :  62%|██████▏   | 4374/7000 [05:30<01:43, 25.45it/s]
loss=0.045| sh degree=3| :  62%|██████▏   | 4374/7000 [05:31<01:43, 25.45it/s]
loss=0.042| sh degree=3| :  62%|██████▏   | 4374/7000 [05:31<01:43, 25.45it/s]
loss=0.039| sh degree=3| :  62%|██████▏   | 4374/7000 [05:31<01:43, 25.45it/s]
loss=0.039| sh degree=3| :  63%|██████▎   | 4377/7000 [05:31<01:42, 25.48it/s]
loss=0.032| sh degree=3| :  63%|██████▎   | 4377/7000 [05:31<01:42, 25.48it/s]
loss=0.030| sh degree=3| :  63%|██████▎   | 4377/7000 [05:31<01:42, 25.48it/s]
loss=0.050| sh degree=3| :  63%|██████▎   | 4377/7000 [05:31<01:42, 25.48it/s]
loss=0.050| sh degree=3| :  63%|██████▎   | 4380/7000 [05:31<01:45, 24.95it/s]
loss=0.029| sh degree=3| :  63%|██████▎   | 4380/7000 [05:31<01:45, 24.95it/s]
loss=0.037| sh degree=3| :  63%|██████▎   | 4380/7000 [05:31<01:45, 24.95it/s]
loss=0.043| sh degree=3| :  63%|██████▎   | 4380/7000 [05:31<01:45, 24.95it/s]
loss=0.043| sh degree=3| :  63%|██████▎   | 4383/7000 [05:31<01:51, 23.51it/s]
loss=0.036| sh degree=3| :  63%|██████▎   | 4383/7000 [05:31<01:51, 23.51it/s]
loss=0.034| sh degree=3| :  63%|██████▎   | 4383/7000 [05:31<01:51, 23.51it/s]
loss=0.032| sh degree=3| :  63%|██████▎   | 4383/7000 [05:31<01:51, 23.51it/s]
loss=0.032| sh degree=3| :  63%|██████▎   | 4386/7000 [05:31<01:49, 23.78it/s]
loss=0.041| sh degree=3| :  63%|██████▎   | 4386/7000 [05:31<01:49, 23.78it/s]
loss=0.045| sh degree=3| :  63%|██████▎   | 4386/7000 [05:31<01:49, 23.78it/s]
loss=0.035| sh degree=3| :  63%|██████▎   | 4386/7000 [05:31<01:49, 23.78it/s]
loss=0.035| sh degree=3| :  63%|██████▎   | 4389/7000 [05:31<01:52, 23.30it/s]
loss=0.054| sh degree=3| :  63%|██████▎   | 4389/7000 [05:31<01:52, 23.30it/s]
loss=0.036| sh degree=3| :  63%|██████▎   | 4389/7000 [05:31<01:52, 23.30it/s]
loss=0.045| sh degree=3| :  63%|██████▎   | 4389/7000 [05:31<01:52, 23.30it/s]
loss=0.045| sh degree=3| :  63%|██████▎   | 4392/7000 [05:31<01:53, 22.96it/s]
loss=0.047| sh degree=3| :  63%|██████▎   | 4392/7000 [05:31<01:53, 22.96it/s]
loss=0.036| sh degree=3| :  63%|██████▎   | 4392/7000 [05:31<01:53, 22.96it/s]
loss=0.041| sh degree=3| :  63%|██████▎   | 4392/7000 [05:31<01:53, 22.96it/s]
loss=0.041| sh degree=3| :  63%|██████▎   | 4395/7000 [05:31<01:50, 23.55it/s]
loss=0.038| sh degree=3| :  63%|██████▎   | 4395/7000 [05:31<01:50, 23.55it/s]
loss=0.036| sh degree=3| :  63%|██████▎   | 4395/7000 [05:31<01:50, 23.55it/s]
loss=0.070| sh degree=3| :  63%|██████▎   | 4395/7000 [05:32<01:50, 23.55it/s]
loss=0.070| sh degree=3| :  63%|██████▎   | 4398/7000 [05:32<01:46, 24.43it/s]
loss=0.038| sh degree=3| :  63%|██████▎   | 4398/7000 [05:32<01:46, 24.43it/s]
loss=0.046| sh degree=3| :  63%|██████▎   | 4398/7000 [05:32<01:46, 24.43it/s]
loss=0.034| sh degree=3| :  63%|██████▎   | 4398/7000 [05:32<01:46, 24.43it/s]
loss=0.034| sh degree=3| :  63%|██████▎   | 4401/7000 [05:32<01:54, 22.80it/s]
loss=0.045| sh degree=3| :  63%|██████▎   | 4401/7000 [05:32<01:54, 22.80it/s]
loss=0.047| sh degree=3| :  63%|██████▎   | 4401/7000 [05:32<01:54, 22.80it/s]
loss=0.053| sh degree=3| :  63%|██████▎   | 4401/7000 [05:32<01:54, 22.80it/s]
loss=0.053| sh degree=3| :  63%|██████▎   | 4404/7000 [05:32<01:46, 24.27it/s]
loss=0.037| sh degree=3| :  63%|██████▎   | 4404/7000 [05:32<01:46, 24.27it/s]
loss=0.035| sh degree=3| :  63%|██████▎   | 4404/7000 [05:32<01:46, 24.27it/s]
loss=0.044| sh degree=3| :  63%|██████▎   | 4404/7000 [05:32<01:46, 24.27it/s]
loss=0.044| sh degree=3| :  63%|██████▎   | 4407/7000 [05:32<01:44, 24.91it/s]
loss=0.040| sh degree=3| :  63%|██████▎   | 4407/7000 [05:32<01:44, 24.91it/s]
loss=0.042| sh degree=3| :  63%|██████▎   | 4407/7000 [05:32<01:44, 24.91it/s]
loss=0.035| sh degree=3| :  63%|██████▎   | 4407/7000 [05:32<01:44, 24.91it/s]
loss=0.035| sh degree=3| :  63%|██████▎   | 4410/7000 [05:32<01:41, 25.50it/s]
loss=0.048| sh degree=3| :  63%|██████▎   | 4410/7000 [05:32<01:41, 25.50it/s]
loss=0.030| sh degree=3| :  63%|██████▎   | 4410/7000 [05:32<01:41, 25.50it/s]
loss=0.043| sh degree=3| :  63%|██████▎   | 4410/7000 [05:32<01:41, 25.50it/s]
loss=0.043| sh degree=3| :  63%|██████▎   | 4413/7000 [05:32<01:41, 25.43it/s]
loss=0.047| sh degree=3| :  63%|██████▎   | 4413/7000 [05:32<01:41, 25.43it/s]
loss=0.042| sh degree=3| :  63%|██████▎   | 4413/7000 [05:32<01:41, 25.43it/s]
loss=0.032| sh degree=3| :  63%|██████▎   | 4413/7000 [05:32<01:41, 25.43it/s]
loss=0.032| sh degree=3| :  63%|██████▎   | 4416/7000 [05:32<01:48, 23.88it/s]
loss=0.033| sh degree=3| :  63%|██████▎   | 4416/7000 [05:32<01:48, 23.88it/s]
loss=0.038| sh degree=3| :  63%|██████▎   | 4416/7000 [05:32<01:48, 23.88it/s]
loss=0.035| sh degree=3| :  63%|██████▎   | 4416/7000 [05:32<01:48, 23.88it/s]
loss=0.035| sh degree=3| :  63%|██████▎   | 4419/7000 [05:32<01:54, 22.59it/s]
loss=0.029| sh degree=3| :  63%|██████▎   | 4419/7000 [05:32<01:54, 22.59it/s]
loss=0.044| sh degree=3| :  63%|██████▎   | 4419/7000 [05:33<01:54, 22.59it/s]
loss=0.036| sh degree=3| :  63%|██████▎   | 4419/7000 [05:33<01:54, 22.59it/s]
loss=0.036| sh degree=3| :  63%|██████▎   | 4422/7000 [05:33<01:56, 22.09it/s]
loss=0.053| sh degree=3| :  63%|██████▎   | 4422/7000 [05:33<01:56, 22.09it/s]
loss=0.045| sh degree=3| :  63%|██████▎   | 4422/7000 [05:33<01:56, 22.09it/s]
loss=0.045| sh degree=3| :  63%|██████▎   | 4422/7000 [05:33<01:56, 22.09it/s]
loss=0.045| sh degree=3| :  63%|██████▎   | 4425/7000 [05:33<01:50, 23.40it/s]
loss=0.043| sh degree=3| :  63%|██████▎   | 4425/7000 [05:33<01:50, 23.40it/s]
loss=0.046| sh degree=3| :  63%|██████▎   | 4425/7000 [05:33<01:50, 23.40it/s]
loss=0.039| sh degree=3| :  63%|██████▎   | 4425/7000 [05:33<01:50, 23.40it/s]
loss=0.039| sh degree=3| :  63%|██████▎   | 4428/7000 [05:33<01:50, 23.20it/s]
loss=0.032| sh degree=3| :  63%|██████▎   | 4428/7000 [05:33<01:50, 23.20it/s]
loss=0.030| sh degree=3| :  63%|██████▎   | 4428/7000 [05:33<01:50, 23.20it/s]
loss=0.056| sh degree=3| :  63%|██████▎   | 4428/7000 [05:33<01:50, 23.20it/s]
loss=0.056| sh degree=3| :  63%|██████▎   | 4431/7000 [05:33<01:43, 24.76it/s]
loss=0.047| sh degree=3| :  63%|██████▎   | 4431/7000 [05:33<01:43, 24.76it/s]
loss=0.050| sh degree=3| :  63%|██████▎   | 4431/7000 [05:33<01:43, 24.76it/s]
loss=0.046| sh degree=3| :  63%|██████▎   | 4431/7000 [05:33<01:43, 24.76it/s]
loss=0.046| sh degree=3| :  63%|██████▎   | 4434/7000 [05:33<01:44, 24.56it/s]
loss=0.037| sh degree=3| :  63%|██████▎   | 4434/7000 [05:33<01:44, 24.56it/s]
loss=0.033| sh degree=3| :  63%|██████▎   | 4434/7000 [05:33<01:44, 24.56it/s]
loss=0.037| sh degree=3| :  63%|██████▎   | 4434/7000 [05:33<01:44, 24.56it/s]
loss=0.037| sh degree=3| :  63%|██████▎   | 4437/7000 [05:33<01:47, 23.75it/s]
loss=0.030| sh degree=3| :  63%|██████▎   | 4437/7000 [05:33<01:47, 23.75it/s]
loss=0.057| sh degree=3| :  63%|██████▎   | 4437/7000 [05:33<01:47, 23.75it/s]
loss=0.037| sh degree=3| :  63%|██████▎   | 4437/7000 [05:33<01:47, 23.75it/s]
loss=0.028| sh degree=3| :  63%|██████▎   | 4437/7000 [05:33<01:47, 23.75it/s]
loss=0.028| sh degree=3| :  63%|██████▎   | 4441/7000 [05:33<01:40, 25.51it/s]
loss=0.035| sh degree=3| :  63%|██████▎   | 4441/7000 [05:33<01:40, 25.51it/s]
loss=0.043| sh degree=3| :  63%|██████▎   | 4441/7000 [05:33<01:40, 25.51it/s]
loss=0.032| sh degree=3| :  63%|██████▎   | 4441/7000 [05:33<01:40, 25.51it/s]
loss=0.054| sh degree=3| :  63%|██████▎   | 4441/7000 [05:33<01:40, 25.51it/s]
loss=0.054| sh degree=3| :  64%|██████▎   | 4445/7000 [05:33<01:35, 26.68it/s]
loss=0.027| sh degree=3| :  64%|██████▎   | 4445/7000 [05:33<01:35, 26.68it/s]
loss=0.049| sh degree=3| :  64%|██████▎   | 4445/7000 [05:34<01:35, 26.68it/s]
loss=0.044| sh degree=3| :  64%|██████▎   | 4445/7000 [05:34<01:35, 26.68it/s]
loss=0.044| sh degree=3| :  64%|██████▎   | 4448/7000 [05:34<01:48, 23.53it/s]
loss=0.040| sh degree=3| :  64%|██████▎   | 4448/7000 [05:34<01:48, 23.53it/s]
loss=0.045| sh degree=3| :  64%|██████▎   | 4448/7000 [05:34<01:48, 23.53it/s]
loss=0.043| sh degree=3| :  64%|██████▎   | 4448/7000 [05:34<01:48, 23.53it/s]
loss=0.043| sh degree=3| :  64%|██████▎   | 4451/7000 [05:34<01:46, 23.93it/s]
loss=0.030| sh degree=3| :  64%|██████▎   | 4451/7000 [05:34<01:46, 23.93it/s]
loss=0.040| sh degree=3| :  64%|██████▎   | 4451/7000 [05:34<01:46, 23.93it/s]
loss=0.048| sh degree=3| :  64%|██████▎   | 4451/7000 [05:34<01:46, 23.93it/s]
loss=0.048| sh degree=3| :  64%|██████▎   | 4454/7000 [05:34<01:44, 24.45it/s]
loss=0.037| sh degree=3| :  64%|██████▎   | 4454/7000 [05:34<01:44, 24.45it/s]
loss=0.043| sh degree=3| :  64%|██████▎   | 4454/7000 [05:34<01:44, 24.45it/s]
loss=0.057| sh degree=3| :  64%|██████▎   | 4454/7000 [05:34<01:44, 24.45it/s]
loss=0.057| sh degree=3| :  64%|██████▎   | 4457/7000 [05:34<01:44, 24.30it/s]
loss=0.041| sh degree=3| :  64%|██████▎   | 4457/7000 [05:34<01:44, 24.30it/s]
loss=0.044| sh degree=3| :  64%|██████▎   | 4457/7000 [05:34<01:44, 24.30it/s]
loss=0.043| sh degree=3| :  64%|██████▎   | 4457/7000 [05:34<01:44, 24.30it/s]
loss=0.043| sh degree=3| :  64%|██████▎   | 4460/7000 [05:34<01:47, 23.70it/s]
loss=0.030| sh degree=3| :  64%|██████▎   | 4460/7000 [05:34<01:47, 23.70it/s]
loss=0.037| sh degree=3| :  64%|██████▎   | 4460/7000 [05:34<01:47, 23.70it/s]
loss=0.034| sh degree=3| :  64%|██████▎   | 4460/7000 [05:34<01:47, 23.70it/s]
loss=0.034| sh degree=3| :  64%|██████▍   | 4463/7000 [05:34<01:42, 24.73it/s]
loss=0.042| sh degree=3| :  64%|██████▍   | 4463/7000 [05:34<01:42, 24.73it/s]
loss=0.073| sh degree=3| :  64%|██████▍   | 4463/7000 [05:34<01:42, 24.73it/s]
loss=0.036| sh degree=3| :  64%|██████▍   | 4463/7000 [05:34<01:42, 24.73it/s]
loss=0.036| sh degree=3| :  64%|██████▍   | 4466/7000 [05:34<01:49, 23.17it/s]
loss=0.031| sh degree=3| :  64%|██████▍   | 4466/7000 [05:34<01:49, 23.17it/s]
loss=0.037| sh degree=3| :  64%|██████▍   | 4466/7000 [05:34<01:49, 23.17it/s]
loss=0.041| sh degree=3| :  64%|██████▍   | 4466/7000 [05:34<01:49, 23.17it/s]
loss=0.035| sh degree=3| :  64%|██████▍   | 4466/7000 [05:34<01:49, 23.17it/s]
loss=0.035| sh degree=3| :  64%|██████▍   | 4470/7000 [05:34<01:38, 25.65it/s]
loss=0.049| sh degree=3| :  64%|██████▍   | 4470/7000 [05:35<01:38, 25.65it/s]
loss=0.039| sh degree=3| :  64%|██████▍   | 4470/7000 [05:35<01:38, 25.65it/s]
loss=0.041| sh degree=3| :  64%|██████▍   | 4470/7000 [05:35<01:38, 25.65it/s]
loss=0.041| sh degree=3| :  64%|██████▍   | 4473/7000 [05:35<01:44, 24.12it/s]
loss=0.044| sh degree=3| :  64%|██████▍   | 4473/7000 [05:35<01:44, 24.12it/s]
loss=0.035| sh degree=3| :  64%|██████▍   | 4473/7000 [05:35<01:44, 24.12it/s]
loss=0.044| sh degree=3| :  64%|██████▍   | 4473/7000 [05:35<01:44, 24.12it/s]
loss=0.044| sh degree=3| :  64%|██████▍   | 4476/7000 [05:35<01:42, 24.62it/s]
loss=0.041| sh degree=3| :  64%|██████▍   | 4476/7000 [05:35<01:42, 24.62it/s]
loss=0.043| sh degree=3| :  64%|██████▍   | 4476/7000 [05:35<01:42, 24.62it/s]
loss=0.042| sh degree=3| :  64%|██████▍   | 4476/7000 [05:35<01:42, 24.62it/s]
loss=0.042| sh degree=3| :  64%|██████▍   | 4479/7000 [05:35<01:41, 24.83it/s]
loss=0.047| sh degree=3| :  64%|██████▍   | 4479/7000 [05:35<01:41, 24.83it/s]
loss=0.048| sh degree=3| :  64%|██████▍   | 4479/7000 [05:35<01:41, 24.83it/s]
loss=0.041| sh degree=3| :  64%|██████▍   | 4479/7000 [05:35<01:41, 24.83it/s]
loss=0.041| sh degree=3| :  64%|██████▍   | 4482/7000 [05:35<01:38, 25.54it/s]
loss=0.038| sh degree=3| :  64%|██████▍   | 4482/7000 [05:35<01:38, 25.54it/s]
loss=0.053| sh degree=3| :  64%|██████▍   | 4482/7000 [05:35<01:38, 25.54it/s]
loss=0.041| sh degree=3| :  64%|██████▍   | 4482/7000 [05:35<01:38, 25.54it/s]
loss=0.041| sh degree=3| :  64%|██████▍   | 4485/7000 [05:35<01:39, 25.39it/s]
loss=0.041| sh degree=3| :  64%|██████▍   | 4485/7000 [05:35<01:39, 25.39it/s]
loss=0.042| sh degree=3| :  64%|██████▍   | 4485/7000 [05:35<01:39, 25.39it/s]
loss=0.032| sh degree=3| :  64%|██████▍   | 4485/7000 [05:35<01:39, 25.39it/s]
loss=0.032| sh degree=3| :  64%|██████▍   | 4488/7000 [05:35<01:40, 25.05it/s]
loss=0.038| sh degree=3| :  64%|██████▍   | 4488/7000 [05:35<01:40, 25.05it/s]
loss=0.044| sh degree=3| :  64%|██████▍   | 4488/7000 [05:35<01:40, 25.05it/s]
loss=0.043| sh degree=3| :  64%|██████▍   | 4488/7000 [05:35<01:40, 25.05it/s]
loss=0.043| sh degree=3| :  64%|██████▍   | 4491/7000 [05:35<01:38, 25.55it/s]
loss=0.067| sh degree=3| :  64%|██████▍   | 4491/7000 [05:35<01:38, 25.55it/s]
loss=0.042| sh degree=3| :  64%|██████▍   | 4491/7000 [05:35<01:38, 25.55it/s]
loss=0.035| sh degree=3| :  64%|██████▍   | 4491/7000 [05:35<01:38, 25.55it/s]
loss=0.035| sh degree=3| :  64%|██████▍   | 4494/7000 [05:35<01:37, 25.72it/s]
loss=0.050| sh degree=3| :  64%|██████▍   | 4494/7000 [05:35<01:37, 25.72it/s]
loss=0.049| sh degree=3| :  64%|██████▍   | 4494/7000 [05:35<01:37, 25.72it/s]
loss=0.045| sh degree=3| :  64%|██████▍   | 4494/7000 [05:36<01:37, 25.72it/s]
loss=0.045| sh degree=3| :  64%|██████▍   | 4497/7000 [05:36<01:35, 26.34it/s]
loss=0.043| sh degree=3| :  64%|██████▍   | 4497/7000 [05:36<01:35, 26.34it/s]
loss=0.049| sh degree=3| :  64%|██████▍   | 4497/7000 [05:36<01:35, 26.34it/s]
loss=0.042| sh degree=3| :  64%|██████▍   | 4497/7000 [05:36<01:35, 26.34it/s]
loss=0.042| sh degree=3| :  64%|██████▍   | 4500/7000 [05:36<01:48, 22.99it/s]
loss=0.034| sh degree=3| :  64%|██████▍   | 4500/7000 [05:36<01:48, 22.99it/s]
loss=0.047| sh degree=3| :  64%|██████▍   | 4500/7000 [05:36<01:48, 22.99it/s]
loss=0.045| sh degree=3| :  64%|██████▍   | 4500/7000 [05:36<01:48, 22.99it/s]
loss=0.045| sh degree=3| :  64%|██████▍   | 4503/7000 [05:36<01:51, 22.34it/s]
loss=0.051| sh degree=3| :  64%|██████▍   | 4503/7000 [05:36<01:51, 22.34it/s]
loss=0.043| sh degree=3| :  64%|██████▍   | 4503/7000 [05:36<01:51, 22.34it/s]
loss=0.045| sh degree=3| :  64%|██████▍   | 4503/7000 [05:36<01:51, 22.34it/s]
loss=0.045| sh degree=3| :  64%|██████▍   | 4506/7000 [05:36<01:49, 22.79it/s]
loss=0.044| sh degree=3| :  64%|██████▍   | 4506/7000 [05:36<01:49, 22.79it/s]
loss=0.042| sh degree=3| :  64%|██████▍   | 4506/7000 [05:36<01:49, 22.79it/s]
loss=0.040| sh degree=3| :  64%|██████▍   | 4506/7000 [05:36<01:49, 22.79it/s]
loss=0.040| sh degree=3| :  64%|██████▍   | 4509/7000 [05:36<01:58, 20.96it/s]
loss=0.042| sh degree=3| :  64%|██████▍   | 4509/7000 [05:36<01:58, 20.96it/s]
loss=0.038| sh degree=3| :  64%|██████▍   | 4509/7000 [05:36<01:58, 20.96it/s]
loss=0.042| sh degree=3| :  64%|██████▍   | 4509/7000 [05:36<01:58, 20.96it/s]
loss=0.042| sh degree=3| :  64%|██████▍   | 4512/7000 [05:36<01:57, 21.22it/s]
loss=0.045| sh degree=3| :  64%|██████▍   | 4512/7000 [05:36<01:57, 21.22it/s]
loss=0.044| sh degree=3| :  64%|██████▍   | 4512/7000 [05:36<01:57, 21.22it/s]
loss=0.046| sh degree=3| :  64%|██████▍   | 4512/7000 [05:36<01:57, 21.22it/s]
loss=0.046| sh degree=3| :  64%|██████▍   | 4515/7000 [05:36<01:55, 21.51it/s]
loss=0.047| sh degree=3| :  64%|██████▍   | 4515/7000 [05:36<01:55, 21.51it/s]
loss=0.047| sh degree=3| :  64%|██████▍   | 4515/7000 [05:36<01:55, 21.51it/s]
loss=0.048| sh degree=3| :  64%|██████▍   | 4515/7000 [05:37<01:55, 21.51it/s]
loss=0.048| sh degree=3| :  65%|██████▍   | 4518/7000 [05:37<01:54, 21.69it/s]
loss=0.039| sh degree=3| :  65%|██████▍   | 4518/7000 [05:37<01:54, 21.69it/s]
loss=0.053| sh degree=3| :  65%|██████▍   | 4518/7000 [05:37<01:54, 21.69it/s]
loss=0.041| sh degree=3| :  65%|██████▍   | 4518/7000 [05:37<01:54, 21.69it/s]
loss=0.041| sh degree=3| :  65%|██████▍   | 4521/7000 [05:37<01:51, 22.15it/s]
loss=0.047| sh degree=3| :  65%|██████▍   | 4521/7000 [05:37<01:51, 22.15it/s]
loss=0.059| sh degree=3| :  65%|██████▍   | 4521/7000 [05:37<01:51, 22.15it/s]
loss=0.043| sh degree=3| :  65%|██████▍   | 4521/7000 [05:37<01:51, 22.15it/s]
loss=0.043| sh degree=3| :  65%|██████▍   | 4524/7000 [05:37<01:47, 23.04it/s]
loss=0.041| sh degree=3| :  65%|██████▍   | 4524/7000 [05:37<01:47, 23.04it/s]
loss=0.038| sh degree=3| :  65%|██████▍   | 4524/7000 [05:37<01:47, 23.04it/s]
loss=0.038| sh degree=3| :  65%|██████▍   | 4524/7000 [05:37<01:47, 23.04it/s]
loss=0.038| sh degree=3| :  65%|██████▍   | 4527/7000 [05:37<01:55, 21.34it/s]
loss=0.047| sh degree=3| :  65%|██████▍   | 4527/7000 [05:37<01:55, 21.34it/s]
loss=0.065| sh degree=3| :  65%|██████▍   | 4527/7000 [05:37<01:55, 21.34it/s]
loss=0.043| sh degree=3| :  65%|██████▍   | 4527/7000 [05:37<01:55, 21.34it/s]
loss=0.043| sh degree=3| :  65%|██████▍   | 4530/7000 [05:37<01:52, 21.91it/s]
loss=0.048| sh degree=3| :  65%|██████▍   | 4530/7000 [05:37<01:52, 21.91it/s]
loss=0.057| sh degree=3| :  65%|██████▍   | 4530/7000 [05:37<01:52, 21.91it/s]
loss=0.048| sh degree=3| :  65%|██████▍   | 4530/7000 [05:37<01:52, 21.91it/s]
loss=0.048| sh degree=3| :  65%|██████▍   | 4533/7000 [05:37<02:00, 20.53it/s]
loss=0.035| sh degree=3| :  65%|██████▍   | 4533/7000 [05:37<02:00, 20.53it/s]
loss=0.038| sh degree=3| :  65%|██████▍   | 4533/7000 [05:37<02:00, 20.53it/s]
loss=0.034| sh degree=3| :  65%|██████▍   | 4533/7000 [05:37<02:00, 20.53it/s]
loss=0.034| sh degree=3| :  65%|██████▍   | 4536/7000 [05:37<01:51, 22.09it/s]
loss=0.053| sh degree=3| :  65%|██████▍   | 4536/7000 [05:37<01:51, 22.09it/s]
loss=0.043| sh degree=3| :  65%|██████▍   | 4536/7000 [05:37<01:51, 22.09it/s]
loss=0.036| sh degree=3| :  65%|██████▍   | 4536/7000 [05:37<01:51, 22.09it/s]
loss=0.036| sh degree=3| :  65%|██████▍   | 4539/7000 [05:38<01:49, 22.45it/s]
loss=0.043| sh degree=3| :  65%|██████▍   | 4539/7000 [05:38<01:49, 22.45it/s]
loss=0.033| sh degree=3| :  65%|██████▍   | 4539/7000 [05:38<01:49, 22.45it/s]
loss=0.043| sh degree=3| :  65%|██████▍   | 4539/7000 [05:38<01:49, 22.45it/s]
loss=0.043| sh degree=3| :  65%|██████▍   | 4542/7000 [05:38<01:46, 23.00it/s]
loss=0.036| sh degree=3| :  65%|██████▍   | 4542/7000 [05:38<01:46, 23.00it/s]
loss=0.041| sh degree=3| :  65%|██████▍   | 4542/7000 [05:38<01:46, 23.00it/s]
loss=0.037| sh degree=3| :  65%|██████▍   | 4542/7000 [05:38<01:46, 23.00it/s]
loss=0.037| sh degree=3| :  65%|██████▍   | 4545/7000 [05:38<01:46, 23.01it/s]
loss=0.043| sh degree=3| :  65%|██████▍   | 4545/7000 [05:38<01:46, 23.01it/s]
loss=0.056| sh degree=3| :  65%|██████▍   | 4545/7000 [05:38<01:46, 23.01it/s]
loss=0.044| sh degree=3| :  65%|██████▍   | 4545/7000 [05:38<01:46, 23.01it/s]
loss=0.044| sh degree=3| :  65%|██████▍   | 4548/7000 [05:38<01:47, 22.78it/s]
loss=0.041| sh degree=3| :  65%|██████▍   | 4548/7000 [05:38<01:47, 22.78it/s]
loss=0.031| sh degree=3| :  65%|██████▍   | 4548/7000 [05:38<01:47, 22.78it/s]
loss=0.033| sh degree=3| :  65%|██████▍   | 4548/7000 [05:38<01:47, 22.78it/s]
loss=0.033| sh degree=3| :  65%|██████▌   | 4551/7000 [05:38<01:44, 23.40it/s]
loss=0.057| sh degree=3| :  65%|██████▌   | 4551/7000 [05:38<01:44, 23.40it/s]
loss=0.034| sh degree=3| :  65%|██████▌   | 4551/7000 [05:38<01:44, 23.40it/s]
loss=0.033| sh degree=3| :  65%|██████▌   | 4551/7000 [05:38<01:44, 23.40it/s]
loss=0.033| sh degree=3| :  65%|██████▌   | 4554/7000 [05:38<01:47, 22.84it/s]
loss=0.038| sh degree=3| :  65%|██████▌   | 4554/7000 [05:38<01:47, 22.84it/s]
loss=0.043| sh degree=3| :  65%|██████▌   | 4554/7000 [05:38<01:47, 22.84it/s]
loss=0.034| sh degree=3| :  65%|██████▌   | 4554/7000 [05:38<01:47, 22.84it/s]
loss=0.034| sh degree=3| :  65%|██████▌   | 4557/7000 [05:38<01:46, 22.90it/s]
loss=0.037| sh degree=3| :  65%|██████▌   | 4557/7000 [05:38<01:46, 22.90it/s]
loss=0.054| sh degree=3| :  65%|██████▌   | 4557/7000 [05:38<01:46, 22.90it/s]
loss=0.044| sh degree=3| :  65%|██████▌   | 4557/7000 [05:38<01:46, 22.90it/s]
loss=0.044| sh degree=3| :  65%|██████▌   | 4560/7000 [05:38<01:45, 23.15it/s]
loss=0.061| sh degree=3| :  65%|██████▌   | 4560/7000 [05:38<01:45, 23.15it/s]
loss=0.031| sh degree=3| :  65%|██████▌   | 4560/7000 [05:38<01:45, 23.15it/s]
loss=0.041| sh degree=3| :  65%|██████▌   | 4560/7000 [05:39<01:45, 23.15it/s]
loss=0.041| sh degree=3| :  65%|██████▌   | 4563/7000 [05:39<01:44, 23.25it/s]
loss=0.044| sh degree=3| :  65%|██████▌   | 4563/7000 [05:39<01:44, 23.25it/s]
loss=0.049| sh degree=3| :  65%|██████▌   | 4563/7000 [05:39<01:44, 23.25it/s]
loss=0.041| sh degree=3| :  65%|██████▌   | 4563/7000 [05:39<01:44, 23.25it/s]
loss=0.041| sh degree=3| :  65%|██████▌   | 4566/7000 [05:39<01:46, 22.91it/s]
loss=0.069| sh degree=3| :  65%|██████▌   | 4566/7000 [05:39<01:46, 22.91it/s]
loss=0.035| sh degree=3| :  65%|██████▌   | 4566/7000 [05:39<01:46, 22.91it/s]
loss=0.033| sh degree=3| :  65%|██████▌   | 4566/7000 [05:39<01:46, 22.91it/s]
loss=0.033| sh degree=3| :  65%|██████▌   | 4569/7000 [05:39<01:44, 23.21it/s]
loss=0.033| sh degree=3| :  65%|██████▌   | 4569/7000 [05:39<01:44, 23.21it/s]
loss=0.047| sh degree=3| :  65%|██████▌   | 4569/7000 [05:39<01:44, 23.21it/s]
loss=0.030| sh degree=3| :  65%|██████▌   | 4569/7000 [05:39<01:44, 23.21it/s]
loss=0.030| sh degree=3| :  65%|██████▌   | 4572/7000 [05:39<01:40, 24.07it/s]
loss=0.048| sh degree=3| :  65%|██████▌   | 4572/7000 [05:39<01:40, 24.07it/s]
loss=0.046| sh degree=3| :  65%|██████▌   | 4572/7000 [05:39<01:40, 24.07it/s]
loss=0.055| sh degree=3| :  65%|██████▌   | 4572/7000 [05:39<01:40, 24.07it/s]
loss=0.055| sh degree=3| :  65%|██████▌   | 4575/7000 [05:39<01:50, 21.94it/s]
loss=0.036| sh degree=3| :  65%|██████▌   | 4575/7000 [05:39<01:50, 21.94it/s]
loss=0.049| sh degree=3| :  65%|██████▌   | 4575/7000 [05:39<01:50, 21.94it/s]
loss=0.056| sh degree=3| :  65%|██████▌   | 4575/7000 [05:39<01:50, 21.94it/s]
loss=0.056| sh degree=3| :  65%|██████▌   | 4578/7000 [05:39<01:56, 20.76it/s]
loss=0.035| sh degree=3| :  65%|██████▌   | 4578/7000 [05:39<01:56, 20.76it/s]
loss=0.032| sh degree=3| :  65%|██████▌   | 4578/7000 [05:39<01:56, 20.76it/s]
loss=0.048| sh degree=3| :  65%|██████▌   | 4578/7000 [05:39<01:56, 20.76it/s]
loss=0.048| sh degree=3| :  65%|██████▌   | 4581/7000 [05:39<01:58, 20.38it/s]
loss=0.029| sh degree=3| :  65%|██████▌   | 4581/7000 [05:39<01:58, 20.38it/s]
loss=0.056| sh degree=3| :  65%|██████▌   | 4581/7000 [05:39<01:58, 20.38it/s]
loss=0.031| sh degree=3| :  65%|██████▌   | 4581/7000 [05:40<01:58, 20.38it/s]
loss=0.031| sh degree=3| :  65%|██████▌   | 4584/7000 [05:40<01:57, 20.61it/s]
loss=0.049| sh degree=3| :  65%|██████▌   | 4584/7000 [05:40<01:57, 20.61it/s]
loss=0.030| sh degree=3| :  65%|██████▌   | 4584/7000 [05:40<01:57, 20.61it/s]
loss=0.029| sh degree=3| :  65%|██████▌   | 4584/7000 [05:40<01:57, 20.61it/s]
loss=0.029| sh degree=3| :  66%|██████▌   | 4587/7000 [05:40<01:50, 21.84it/s]
loss=0.041| sh degree=3| :  66%|██████▌   | 4587/7000 [05:40<01:50, 21.84it/s]
loss=0.033| sh degree=3| :  66%|██████▌   | 4587/7000 [05:40<01:50, 21.84it/s]
loss=0.045| sh degree=3| :  66%|██████▌   | 4587/7000 [05:40<01:50, 21.84it/s]
loss=0.045| sh degree=3| :  66%|██████▌   | 4590/7000 [05:40<01:42, 23.57it/s]
loss=0.045| sh degree=3| :  66%|██████▌   | 4590/7000 [05:40<01:42, 23.57it/s]
loss=0.042| sh degree=3| :  66%|██████▌   | 4590/7000 [05:40<01:42, 23.57it/s]
loss=0.064| sh degree=3| :  66%|██████▌   | 4590/7000 [05:40<01:42, 23.57it/s]
loss=0.064| sh degree=3| :  66%|██████▌   | 4593/7000 [05:40<02:28, 16.19it/s]
loss=0.046| sh degree=3| :  66%|██████▌   | 4593/7000 [05:40<02:28, 16.19it/s]
loss=0.046| sh degree=3| :  66%|██████▌   | 4593/7000 [05:40<02:28, 16.19it/s]
loss=0.067| sh degree=3| :  66%|██████▌   | 4593/7000 [05:40<02:28, 16.19it/s]
loss=0.067| sh degree=3| :  66%|██████▌   | 4596/7000 [05:40<02:10, 18.36it/s]
loss=0.043| sh degree=3| :  66%|██████▌   | 4596/7000 [05:40<02:10, 18.36it/s]
loss=0.047| sh degree=3| :  66%|██████▌   | 4596/7000 [05:40<02:10, 18.36it/s]
loss=0.028| sh degree=3| :  66%|██████▌   | 4596/7000 [05:40<02:10, 18.36it/s]
loss=0.043| sh degree=3| :  66%|██████▌   | 4596/7000 [05:40<02:10, 18.36it/s]
loss=0.043| sh degree=3| :  66%|██████▌   | 4600/7000 [05:40<01:48, 22.22it/s]
loss=0.059| sh degree=3| :  66%|██████▌   | 4600/7000 [05:40<01:48, 22.22it/s]
loss=0.042| sh degree=3| :  66%|██████▌   | 4600/7000 [05:40<01:48, 22.22it/s]
loss=0.049| sh degree=3| :  66%|██████▌   | 4600/7000 [05:40<01:48, 22.22it/s]
loss=0.049| sh degree=3| :  66%|██████▌   | 4603/7000 [05:40<01:50, 21.67it/s]
loss=0.033| sh degree=3| :  66%|██████▌   | 4603/7000 [05:40<01:50, 21.67it/s]
loss=0.044| sh degree=3| :  66%|██████▌   | 4603/7000 [05:41<01:50, 21.67it/s]
loss=0.051| sh degree=3| :  66%|██████▌   | 4603/7000 [05:41<01:50, 21.67it/s]
loss=0.051| sh degree=3| :  66%|██████▌   | 4606/7000 [05:41<01:50, 21.62it/s]
loss=0.034| sh degree=3| :  66%|██████▌   | 4606/7000 [05:41<01:50, 21.62it/s]
loss=0.030| sh degree=3| :  66%|██████▌   | 4606/7000 [05:41<01:50, 21.62it/s]
loss=0.041| sh degree=3| :  66%|██████▌   | 4606/7000 [05:41<01:50, 21.62it/s]
loss=0.041| sh degree=3| :  66%|██████▌   | 4609/7000 [05:41<01:49, 21.77it/s]
loss=0.037| sh degree=3| :  66%|██████▌   | 4609/7000 [05:41<01:49, 21.77it/s]
loss=0.049| sh degree=3| :  66%|██████▌   | 4609/7000 [05:41<01:49, 21.77it/s]
loss=0.042| sh degree=3| :  66%|██████▌   | 4609/7000 [05:41<01:49, 21.77it/s]
loss=0.042| sh degree=3| :  66%|██████▌   | 4612/7000 [05:41<01:46, 22.44it/s]
loss=0.066| sh degree=3| :  66%|██████▌   | 4612/7000 [05:41<01:46, 22.44it/s]
loss=0.036| sh degree=3| :  66%|██████▌   | 4612/7000 [05:41<01:46, 22.44it/s]
loss=0.045| sh degree=3| :  66%|██████▌   | 4612/7000 [05:41<01:46, 22.44it/s]
loss=0.045| sh degree=3| :  66%|██████▌   | 4615/7000 [05:41<01:43, 22.98it/s]
loss=0.029| sh degree=3| :  66%|██████▌   | 4615/7000 [05:41<01:43, 22.98it/s]
loss=0.042| sh degree=3| :  66%|██████▌   | 4615/7000 [05:41<01:43, 22.98it/s]
loss=0.042| sh degree=3| :  66%|██████▌   | 4615/7000 [05:41<01:43, 22.98it/s]
loss=0.042| sh degree=3| :  66%|██████▌   | 4618/7000 [05:41<01:43, 23.06it/s]
loss=0.040| sh degree=3| :  66%|██████▌   | 4618/7000 [05:41<01:43, 23.06it/s]
loss=0.040| sh degree=3| :  66%|██████▌   | 4618/7000 [05:41<01:43, 23.06it/s]
loss=0.040| sh degree=3| :  66%|██████▌   | 4618/7000 [05:41<01:43, 23.06it/s]
loss=0.035| sh degree=3| :  66%|██████▌   | 4618/7000 [05:41<01:43, 23.06it/s]
loss=0.035| sh degree=3| :  66%|██████▌   | 4622/7000 [05:41<01:33, 25.50it/s]
loss=0.028| sh degree=3| :  66%|██████▌   | 4622/7000 [05:41<01:33, 25.50it/s]
loss=0.035| sh degree=3| :  66%|██████▌   | 4622/7000 [05:41<01:33, 25.50it/s]
loss=0.051| sh degree=3| :  66%|██████▌   | 4622/7000 [05:41<01:33, 25.50it/s]
loss=0.051| sh degree=3| :  66%|██████▌   | 4625/7000 [05:41<01:34, 25.25it/s]
loss=0.046| sh degree=3| :  66%|██████▌   | 4625/7000 [05:41<01:34, 25.25it/s]
loss=0.040| sh degree=3| :  66%|██████▌   | 4625/7000 [05:41<01:34, 25.25it/s]
loss=0.054| sh degree=3| :  66%|██████▌   | 4625/7000 [05:41<01:34, 25.25it/s]
loss=0.054| sh degree=3| :  66%|██████▌   | 4628/7000 [05:41<01:33, 25.47it/s]
loss=0.029| sh degree=3| :  66%|██████▌   | 4628/7000 [05:41<01:33, 25.47it/s]
loss=0.035| sh degree=3| :  66%|██████▌   | 4628/7000 [05:42<01:33, 25.47it/s]
loss=0.048| sh degree=3| :  66%|██████▌   | 4628/7000 [05:42<01:33, 25.47it/s]
loss=0.048| sh degree=3| :  66%|██████▌   | 4631/7000 [05:42<01:33, 25.41it/s]
loss=0.039| sh degree=3| :  66%|██████▌   | 4631/7000 [05:42<01:33, 25.41it/s]
loss=0.028| sh degree=3| :  66%|██████▌   | 4631/7000 [05:42<01:33, 25.41it/s]
loss=0.044| sh degree=3| :  66%|██████▌   | 4631/7000 [05:42<01:33, 25.41it/s]
loss=0.044| sh degree=3| :  66%|██████▌   | 4634/7000 [05:42<01:41, 23.31it/s]
loss=0.073| sh degree=3| :  66%|██████▌   | 4634/7000 [05:42<01:41, 23.31it/s]
loss=0.029| sh degree=3| :  66%|██████▌   | 4634/7000 [05:42<01:41, 23.31it/s]
loss=0.033| sh degree=3| :  66%|██████▌   | 4634/7000 [05:42<01:41, 23.31it/s]
loss=0.033| sh degree=3| :  66%|██████▌   | 4637/7000 [05:42<01:42, 23.00it/s]
loss=0.026| sh degree=3| :  66%|██████▌   | 4637/7000 [05:42<01:42, 23.00it/s]
loss=0.036| sh degree=3| :  66%|██████▌   | 4637/7000 [05:42<01:42, 23.00it/s]
loss=0.032| sh degree=3| :  66%|██████▌   | 4637/7000 [05:42<01:42, 23.00it/s]
loss=0.032| sh degree=3| :  66%|██████▋   | 4640/7000 [05:42<01:39, 23.78it/s]
loss=0.041| sh degree=3| :  66%|██████▋   | 4640/7000 [05:42<01:39, 23.78it/s]
loss=0.033| sh degree=3| :  66%|██████▋   | 4640/7000 [05:42<01:39, 23.78it/s]
loss=0.045| sh degree=3| :  66%|██████▋   | 4640/7000 [05:42<01:39, 23.78it/s]
loss=0.045| sh degree=3| :  66%|██████▋   | 4643/7000 [05:42<01:36, 24.41it/s]
loss=0.049| sh degree=3| :  66%|██████▋   | 4643/7000 [05:42<01:36, 24.41it/s]
loss=0.044| sh degree=3| :  66%|██████▋   | 4643/7000 [05:42<01:36, 24.41it/s]
loss=0.055| sh degree=3| :  66%|██████▋   | 4643/7000 [05:42<01:36, 24.41it/s]
loss=0.055| sh degree=3| :  66%|██████▋   | 4646/7000 [05:42<01:35, 24.60it/s]
loss=0.048| sh degree=3| :  66%|██████▋   | 4646/7000 [05:42<01:35, 24.60it/s]
loss=0.047| sh degree=3| :  66%|██████▋   | 4646/7000 [05:42<01:35, 24.60it/s]
loss=0.042| sh degree=3| :  66%|██████▋   | 4646/7000 [05:42<01:35, 24.60it/s]
loss=0.042| sh degree=3| :  66%|██████▋   | 4649/7000 [05:42<01:35, 24.59it/s]
loss=0.047| sh degree=3| :  66%|██████▋   | 4649/7000 [05:42<01:35, 24.59it/s]
loss=0.046| sh degree=3| :  66%|██████▋   | 4649/7000 [05:42<01:35, 24.59it/s]
loss=0.045| sh degree=3| :  66%|██████▋   | 4649/7000 [05:42<01:35, 24.59it/s]
loss=0.045| sh degree=3| :  66%|██████▋   | 4652/7000 [05:42<01:36, 24.25it/s]
loss=0.056| sh degree=3| :  66%|██████▋   | 4652/7000 [05:43<01:36, 24.25it/s]
loss=0.043| sh degree=3| :  66%|██████▋   | 4652/7000 [05:43<01:36, 24.25it/s]
loss=0.034| sh degree=3| :  66%|██████▋   | 4652/7000 [05:43<01:36, 24.25it/s]
loss=0.034| sh degree=3| :  66%|██████▋   | 4655/7000 [05:43<01:40, 23.29it/s]
loss=0.053| sh degree=3| :  66%|██████▋   | 4655/7000 [05:43<01:40, 23.29it/s]
loss=0.041| sh degree=3| :  66%|██████▋   | 4655/7000 [05:43<01:40, 23.29it/s]
loss=0.054| sh degree=3| :  66%|██████▋   | 4655/7000 [05:43<01:40, 23.29it/s]
loss=0.054| sh degree=3| :  67%|██████▋   | 4658/7000 [05:43<01:38, 23.77it/s]
loss=0.039| sh degree=3| :  67%|██████▋   | 4658/7000 [05:43<01:38, 23.77it/s]
loss=0.046| sh degree=3| :  67%|██████▋   | 4658/7000 [05:43<01:38, 23.77it/s]
loss=0.046| sh degree=3| :  67%|██████▋   | 4658/7000 [05:43<01:38, 23.77it/s]
loss=0.046| sh degree=3| :  67%|██████▋   | 4661/7000 [05:43<01:39, 23.62it/s]
loss=0.033| sh degree=3| :  67%|██████▋   | 4661/7000 [05:43<01:39, 23.62it/s]
loss=0.034| sh degree=3| :  67%|██████▋   | 4661/7000 [05:43<01:39, 23.62it/s]
loss=0.033| sh degree=3| :  67%|██████▋   | 4661/7000 [05:43<01:39, 23.62it/s]
loss=0.033| sh degree=3| :  67%|██████▋   | 4664/7000 [05:43<01:39, 23.42it/s]
loss=0.049| sh degree=3| :  67%|██████▋   | 4664/7000 [05:43<01:39, 23.42it/s]
loss=0.038| sh degree=3| :  67%|██████▋   | 4664/7000 [05:43<01:39, 23.42it/s]
loss=0.035| sh degree=3| :  67%|██████▋   | 4664/7000 [05:43<01:39, 23.42it/s]
loss=0.035| sh degree=3| :  67%|██████▋   | 4667/7000 [05:43<01:35, 24.54it/s]
loss=0.048| sh degree=3| :  67%|██████▋   | 4667/7000 [05:43<01:35, 24.54it/s]
loss=0.044| sh degree=3| :  67%|██████▋   | 4667/7000 [05:43<01:35, 24.54it/s]
loss=0.036| sh degree=3| :  67%|██████▋   | 4667/7000 [05:43<01:35, 24.54it/s]
loss=0.036| sh degree=3| :  67%|██████▋   | 4670/7000 [05:43<01:34, 24.78it/s]
loss=0.044| sh degree=3| :  67%|██████▋   | 4670/7000 [05:43<01:34, 24.78it/s]
loss=0.044| sh degree=3| :  67%|██████▋   | 4670/7000 [05:43<01:34, 24.78it/s]
loss=0.046| sh degree=3| :  67%|██████▋   | 4670/7000 [05:43<01:34, 24.78it/s]
loss=0.046| sh degree=3| :  67%|██████▋   | 4673/7000 [05:43<01:31, 25.43it/s]
loss=0.055| sh degree=3| :  67%|██████▋   | 4673/7000 [05:43<01:31, 25.43it/s]
loss=0.043| sh degree=3| :  67%|██████▋   | 4673/7000 [05:43<01:31, 25.43it/s]
loss=0.041| sh degree=3| :  67%|██████▋   | 4673/7000 [05:43<01:31, 25.43it/s]
loss=0.041| sh degree=3| :  67%|██████▋   | 4676/7000 [05:43<01:35, 24.32it/s]
loss=0.034| sh degree=3| :  67%|██████▋   | 4676/7000 [05:44<01:35, 24.32it/s]
loss=0.042| sh degree=3| :  67%|██████▋   | 4676/7000 [05:44<01:35, 24.32it/s]
loss=0.039| sh degree=3| :  67%|██████▋   | 4676/7000 [05:44<01:35, 24.32it/s]
loss=0.039| sh degree=3| :  67%|██████▋   | 4679/7000 [05:44<01:34, 24.44it/s]
loss=0.058| sh degree=3| :  67%|██████▋   | 4679/7000 [05:44<01:34, 24.44it/s]
loss=0.033| sh degree=3| :  67%|██████▋   | 4679/7000 [05:44<01:34, 24.44it/s]
loss=0.035| sh degree=3| :  67%|██████▋   | 4679/7000 [05:44<01:34, 24.44it/s]
loss=0.035| sh degree=3| :  67%|██████▋   | 4682/7000 [05:44<01:38, 23.43it/s]
loss=0.041| sh degree=3| :  67%|██████▋   | 4682/7000 [05:44<01:38, 23.43it/s]
loss=0.047| sh degree=3| :  67%|██████▋   | 4682/7000 [05:44<01:38, 23.43it/s]
loss=0.044| sh degree=3| :  67%|██████▋   | 4682/7000 [05:44<01:38, 23.43it/s]
loss=0.044| sh degree=3| :  67%|██████▋   | 4685/7000 [05:44<01:33, 24.86it/s]
loss=0.050| sh degree=3| :  67%|██████▋   | 4685/7000 [05:44<01:33, 24.86it/s]
loss=0.047| sh degree=3| :  67%|██████▋   | 4685/7000 [05:44<01:33, 24.86it/s]
loss=0.045| sh degree=3| :  67%|██████▋   | 4685/7000 [05:44<01:33, 24.86it/s]
loss=0.045| sh degree=3| :  67%|██████▋   | 4688/7000 [05:44<01:31, 25.17it/s]
loss=0.042| sh degree=3| :  67%|██████▋   | 4688/7000 [05:44<01:31, 25.17it/s]
loss=0.041| sh degree=3| :  67%|██████▋   | 4688/7000 [05:44<01:31, 25.17it/s]
loss=0.036| sh degree=3| :  67%|██████▋   | 4688/7000 [05:44<01:31, 25.17it/s]
loss=0.036| sh degree=3| :  67%|██████▋   | 4691/7000 [05:44<01:31, 25.37it/s]
loss=0.037| sh degree=3| :  67%|██████▋   | 4691/7000 [05:44<01:31, 25.37it/s]
loss=0.040| sh degree=3| :  67%|██████▋   | 4691/7000 [05:44<01:31, 25.37it/s]
loss=0.040| sh degree=3| :  67%|██████▋   | 4691/7000 [05:44<01:31, 25.37it/s]
loss=0.040| sh degree=3| :  67%|██████▋   | 4694/7000 [05:44<01:44, 21.99it/s]
loss=0.043| sh degree=3| :  67%|██████▋   | 4694/7000 [05:44<01:44, 21.99it/s]
loss=0.047| sh degree=3| :  67%|██████▋   | 4694/7000 [05:44<01:44, 21.99it/s]
loss=0.034| sh degree=3| :  67%|██████▋   | 4694/7000 [05:44<01:44, 21.99it/s]
loss=0.034| sh degree=3| :  67%|██████▋   | 4697/7000 [05:44<01:36, 23.75it/s]
loss=0.034| sh degree=3| :  67%|██████▋   | 4697/7000 [05:44<01:36, 23.75it/s]
loss=0.049| sh degree=3| :  67%|██████▋   | 4697/7000 [05:44<01:36, 23.75it/s]
loss=0.041| sh degree=3| :  67%|██████▋   | 4697/7000 [05:44<01:36, 23.75it/s]
loss=0.041| sh degree=3| :  67%|██████▋   | 4700/7000 [05:44<01:37, 23.54it/s]
loss=0.040| sh degree=3| :  67%|██████▋   | 4700/7000 [05:44<01:37, 23.54it/s]
loss=0.043| sh degree=3| :  67%|██████▋   | 4700/7000 [05:45<01:37, 23.54it/s]
loss=0.039| sh degree=3| :  67%|██████▋   | 4700/7000 [05:45<01:37, 23.54it/s]
loss=0.039| sh degree=3| :  67%|██████▋   | 4703/7000 [05:45<01:35, 23.94it/s]
loss=0.051| sh degree=3| :  67%|██████▋   | 4703/7000 [05:45<01:35, 23.94it/s]
loss=0.043| sh degree=3| :  67%|██████▋   | 4703/7000 [05:45<01:35, 23.94it/s]
loss=0.047| sh degree=3| :  67%|██████▋   | 4703/7000 [05:45<01:35, 23.94it/s]
loss=0.046| sh degree=3| :  67%|██████▋   | 4703/7000 [05:45<01:35, 23.94it/s]
loss=0.046| sh degree=3| :  67%|██████▋   | 4707/7000 [05:45<01:28, 25.86it/s]
loss=0.057| sh degree=3| :  67%|██████▋   | 4707/7000 [05:45<01:28, 25.86it/s]
loss=0.043| sh degree=3| :  67%|██████▋   | 4707/7000 [05:45<01:28, 25.86it/s]
loss=0.035| sh degree=3| :  67%|██████▋   | 4707/7000 [05:45<01:28, 25.86it/s]
loss=0.035| sh degree=3| :  67%|██████▋   | 4710/7000 [05:45<01:32, 24.83it/s]
loss=0.045| sh degree=3| :  67%|██████▋   | 4710/7000 [05:45<01:32, 24.83it/s]
loss=0.041| sh degree=3| :  67%|██████▋   | 4710/7000 [05:45<01:32, 24.83it/s]
loss=0.036| sh degree=3| :  67%|██████▋   | 4710/7000 [05:45<01:32, 24.83it/s]
loss=0.036| sh degree=3| :  67%|██████▋   | 4713/7000 [05:45<01:45, 21.70it/s]
loss=0.047| sh degree=3| :  67%|██████▋   | 4713/7000 [05:45<01:45, 21.70it/s]
loss=0.044| sh degree=3| :  67%|██████▋   | 4713/7000 [05:45<01:45, 21.70it/s]
loss=0.033| sh degree=3| :  67%|██████▋   | 4713/7000 [05:45<01:45, 21.70it/s]
loss=0.033| sh degree=3| :  67%|██████▋   | 4716/7000 [05:45<01:47, 21.20it/s]
loss=0.034| sh degree=3| :  67%|██████▋   | 4716/7000 [05:45<01:47, 21.20it/s]
loss=0.035| sh degree=3| :  67%|██████▋   | 4716/7000 [05:45<01:47, 21.20it/s]
loss=0.041| sh degree=3| :  67%|██████▋   | 4716/7000 [05:45<01:47, 21.20it/s]
loss=0.041| sh degree=3| :  67%|██████▋   | 4719/7000 [05:45<01:45, 21.72it/s]
loss=0.033| sh degree=3| :  67%|██████▋   | 4719/7000 [05:45<01:45, 21.72it/s]
loss=0.052| sh degree=3| :  67%|██████▋   | 4719/7000 [05:45<01:45, 21.72it/s]
loss=0.048| sh degree=3| :  67%|██████▋   | 4719/7000 [05:45<01:45, 21.72it/s]
loss=0.057| sh degree=3| :  67%|██████▋   | 4719/7000 [05:45<01:45, 21.72it/s]
loss=0.057| sh degree=3| :  67%|██████▋   | 4723/7000 [05:45<01:35, 23.78it/s]
loss=0.039| sh degree=3| :  67%|██████▋   | 4723/7000 [05:46<01:35, 23.78it/s]
loss=0.045| sh degree=3| :  67%|██████▋   | 4723/7000 [05:46<01:35, 23.78it/s]
loss=0.046| sh degree=3| :  67%|██████▋   | 4723/7000 [05:46<01:35, 23.78it/s]
loss=0.046| sh degree=3| :  68%|██████▊   | 4726/7000 [05:46<01:47, 21.07it/s]
loss=0.033| sh degree=3| :  68%|██████▊   | 4726/7000 [05:46<01:47, 21.07it/s]
loss=0.034| sh degree=3| :  68%|██████▊   | 4726/7000 [05:46<01:47, 21.07it/s]
loss=0.043| sh degree=3| :  68%|██████▊   | 4726/7000 [05:46<01:47, 21.07it/s]
loss=0.043| sh degree=3| :  68%|██████▊   | 4729/7000 [05:46<01:45, 21.48it/s]
loss=0.031| sh degree=3| :  68%|██████▊   | 4729/7000 [05:46<01:45, 21.48it/s]
loss=0.032| sh degree=3| :  68%|██████▊   | 4729/7000 [05:46<01:45, 21.48it/s]
loss=0.029| sh degree=3| :  68%|██████▊   | 4729/7000 [05:46<01:45, 21.48it/s]
loss=0.029| sh degree=3| :  68%|██████▊   | 4732/7000 [05:46<01:44, 21.79it/s]
loss=0.032| sh degree=3| :  68%|██████▊   | 4732/7000 [05:46<01:44, 21.79it/s]
loss=0.032| sh degree=3| :  68%|██████▊   | 4732/7000 [05:46<01:44, 21.79it/s]
loss=0.044| sh degree=3| :  68%|██████▊   | 4732/7000 [05:46<01:44, 21.79it/s]
loss=0.044| sh degree=3| :  68%|██████▊   | 4735/7000 [05:46<01:43, 21.94it/s]
loss=0.038| sh degree=3| :  68%|██████▊   | 4735/7000 [05:46<01:43, 21.94it/s]
loss=0.047| sh degree=3| :  68%|██████▊   | 4735/7000 [05:46<01:43, 21.94it/s]
loss=0.045| sh degree=3| :  68%|██████▊   | 4735/7000 [05:46<01:43, 21.94it/s]
loss=0.045| sh degree=3| :  68%|██████▊   | 4738/7000 [05:46<01:46, 21.21it/s]
loss=0.048| sh degree=3| :  68%|██████▊   | 4738/7000 [05:46<01:46, 21.21it/s]
loss=0.035| sh degree=3| :  68%|██████▊   | 4738/7000 [05:46<01:46, 21.21it/s]
loss=0.039| sh degree=3| :  68%|██████▊   | 4738/7000 [05:46<01:46, 21.21it/s]
loss=0.039| sh degree=3| :  68%|██████▊   | 4741/7000 [05:46<01:40, 22.58it/s]
loss=0.029| sh degree=3| :  68%|██████▊   | 4741/7000 [05:46<01:40, 22.58it/s]
loss=0.028| sh degree=3| :  68%|██████▊   | 4741/7000 [05:46<01:40, 22.58it/s]
loss=0.033| sh degree=3| :  68%|██████▊   | 4741/7000 [05:46<01:40, 22.58it/s]
loss=0.033| sh degree=3| :  68%|██████▊   | 4744/7000 [05:46<01:41, 22.32it/s]
loss=0.031| sh degree=3| :  68%|██████▊   | 4744/7000 [05:46<01:41, 22.32it/s]
loss=0.043| sh degree=3| :  68%|██████▊   | 4744/7000 [05:47<01:41, 22.32it/s]
loss=0.045| sh degree=3| :  68%|██████▊   | 4744/7000 [05:47<01:41, 22.32it/s]
loss=0.045| sh degree=3| :  68%|██████▊   | 4747/7000 [05:47<01:45, 21.45it/s]
loss=0.055| sh degree=3| :  68%|██████▊   | 4747/7000 [05:47<01:45, 21.45it/s]
loss=0.034| sh degree=3| :  68%|██████▊   | 4747/7000 [05:47<01:45, 21.45it/s]
loss=0.046| sh degree=3| :  68%|██████▊   | 4747/7000 [05:47<01:45, 21.45it/s]
loss=0.046| sh degree=3| :  68%|██████▊   | 4750/7000 [05:47<01:46, 21.18it/s]
loss=0.045| sh degree=3| :  68%|██████▊   | 4750/7000 [05:47<01:46, 21.18it/s]
loss=0.034| sh degree=3| :  68%|██████▊   | 4750/7000 [05:47<01:46, 21.18it/s]
loss=0.028| sh degree=3| :  68%|██████▊   | 4750/7000 [05:47<01:46, 21.18it/s]
loss=0.028| sh degree=3| :  68%|██████▊   | 4753/7000 [05:47<01:51, 20.13it/s]
loss=0.048| sh degree=3| :  68%|██████▊   | 4753/7000 [05:47<01:51, 20.13it/s]
loss=0.045| sh degree=3| :  68%|██████▊   | 4753/7000 [05:47<01:51, 20.13it/s]
loss=0.048| sh degree=3| :  68%|██████▊   | 4753/7000 [05:47<01:51, 20.13it/s]
loss=0.048| sh degree=3| :  68%|██████▊   | 4756/7000 [05:47<01:44, 21.48it/s]
loss=0.043| sh degree=3| :  68%|██████▊   | 4756/7000 [05:47<01:44, 21.48it/s]
loss=0.043| sh degree=3| :  68%|██████▊   | 4756/7000 [05:47<01:44, 21.48it/s]
loss=0.044| sh degree=3| :  68%|██████▊   | 4756/7000 [05:47<01:44, 21.48it/s]
loss=0.044| sh degree=3| :  68%|██████▊   | 4759/7000 [05:47<01:42, 21.79it/s]
loss=0.030| sh degree=3| :  68%|██████▊   | 4759/7000 [05:47<01:42, 21.79it/s]
loss=0.029| sh degree=3| :  68%|██████▊   | 4759/7000 [05:47<01:42, 21.79it/s]
loss=0.042| sh degree=3| :  68%|██████▊   | 4759/7000 [05:47<01:42, 21.79it/s]
loss=0.042| sh degree=3| :  68%|██████▊   | 4762/7000 [05:47<01:39, 22.44it/s]
loss=0.054| sh degree=3| :  68%|██████▊   | 4762/7000 [05:47<01:39, 22.44it/s]
loss=0.030| sh degree=3| :  68%|██████▊   | 4762/7000 [05:47<01:39, 22.44it/s]
loss=0.038| sh degree=3| :  68%|██████▊   | 4762/7000 [05:47<01:39, 22.44it/s]
loss=0.038| sh degree=3| :  68%|██████▊   | 4765/7000 [05:47<01:40, 22.19it/s]
loss=0.030| sh degree=3| :  68%|██████▊   | 4765/7000 [05:47<01:40, 22.19it/s]
loss=0.047| sh degree=3| :  68%|██████▊   | 4765/7000 [05:48<01:40, 22.19it/s]
loss=0.044| sh degree=3| :  68%|██████▊   | 4765/7000 [05:48<01:40, 22.19it/s]
loss=0.044| sh degree=3| :  68%|██████▊   | 4768/7000 [05:48<01:42, 21.87it/s]
loss=0.044| sh degree=3| :  68%|██████▊   | 4768/7000 [05:48<01:42, 21.87it/s]
loss=0.042| sh degree=3| :  68%|██████▊   | 4768/7000 [05:48<01:42, 21.87it/s]
loss=0.033| sh degree=3| :  68%|██████▊   | 4768/7000 [05:48<01:42, 21.87it/s]
loss=0.033| sh degree=3| :  68%|██████▊   | 4771/7000 [05:48<01:45, 21.17it/s]
loss=0.043| sh degree=3| :  68%|██████▊   | 4771/7000 [05:48<01:45, 21.17it/s]
loss=0.046| sh degree=3| :  68%|██████▊   | 4771/7000 [05:48<01:45, 21.17it/s]
loss=0.040| sh degree=3| :  68%|██████▊   | 4771/7000 [05:48<01:45, 21.17it/s]
loss=0.040| sh degree=3| :  68%|██████▊   | 4774/7000 [05:48<01:49, 20.31it/s]
loss=0.041| sh degree=3| :  68%|██████▊   | 4774/7000 [05:48<01:49, 20.31it/s]
loss=0.042| sh degree=3| :  68%|██████▊   | 4774/7000 [05:48<01:49, 20.31it/s]
loss=0.033| sh degree=3| :  68%|██████▊   | 4774/7000 [05:48<01:49, 20.31it/s]
loss=0.035| sh degree=3| :  68%|██████▊   | 4774/7000 [05:48<01:49, 20.31it/s]
loss=0.035| sh degree=3| :  68%|██████▊   | 4778/7000 [05:48<01:38, 22.51it/s]
loss=0.053| sh degree=3| :  68%|██████▊   | 4778/7000 [05:48<01:38, 22.51it/s]
loss=0.044| sh degree=3| :  68%|██████▊   | 4778/7000 [05:48<01:38, 22.51it/s]
loss=0.051| sh degree=3| :  68%|██████▊   | 4778/7000 [05:48<01:38, 22.51it/s]
loss=0.051| sh degree=3| :  68%|██████▊   | 4781/7000 [05:48<01:34, 23.41it/s]
loss=0.029| sh degree=3| :  68%|██████▊   | 4781/7000 [05:48<01:34, 23.41it/s]
loss=0.042| sh degree=3| :  68%|██████▊   | 4781/7000 [05:48<01:34, 23.41it/s]
loss=0.043| sh degree=3| :  68%|██████▊   | 4781/7000 [05:48<01:34, 23.41it/s]
loss=0.043| sh degree=3| :  68%|██████▊   | 4784/7000 [05:48<01:35, 23.16it/s]
loss=0.043| sh degree=3| :  68%|██████▊   | 4784/7000 [05:48<01:35, 23.16it/s]
loss=0.035| sh degree=3| :  68%|██████▊   | 4784/7000 [05:48<01:35, 23.16it/s]
loss=0.033| sh degree=3| :  68%|██████▊   | 4784/7000 [05:48<01:35, 23.16it/s]
loss=0.033| sh degree=3| :  68%|██████▊   | 4787/7000 [05:48<01:38, 22.40it/s]
loss=0.040| sh degree=3| :  68%|██████▊   | 4787/7000 [05:48<01:38, 22.40it/s]
loss=0.033| sh degree=3| :  68%|██████▊   | 4787/7000 [05:49<01:38, 22.40it/s]
loss=0.028| sh degree=3| :  68%|██████▊   | 4787/7000 [05:49<01:38, 22.40it/s]
loss=0.028| sh degree=3| :  68%|██████▊   | 4790/7000 [05:49<01:42, 21.47it/s]
loss=0.049| sh degree=3| :  68%|██████▊   | 4790/7000 [05:49<01:42, 21.47it/s]
loss=0.042| sh degree=3| :  68%|██████▊   | 4790/7000 [05:49<01:42, 21.47it/s]
loss=0.048| sh degree=3| :  68%|██████▊   | 4790/7000 [05:49<01:42, 21.47it/s]
loss=0.048| sh degree=3| :  68%|██████▊   | 4793/7000 [05:49<01:42, 21.53it/s]
loss=0.043| sh degree=3| :  68%|██████▊   | 4793/7000 [05:49<01:42, 21.53it/s]
loss=0.043| sh degree=3| :  68%|██████▊   | 4793/7000 [05:49<01:42, 21.53it/s]
loss=0.055| sh degree=3| :  68%|██████▊   | 4793/7000 [05:49<01:42, 21.53it/s]
loss=0.055| sh degree=3| :  69%|██████▊   | 4796/7000 [05:49<01:40, 21.90it/s]
loss=0.029| sh degree=3| :  69%|██████▊   | 4796/7000 [05:49<01:40, 21.90it/s]
loss=0.060| sh degree=3| :  69%|██████▊   | 4796/7000 [05:49<01:40, 21.90it/s]
loss=0.035| sh degree=3| :  69%|██████▊   | 4796/7000 [05:49<01:40, 21.90it/s]
loss=0.035| sh degree=3| :  69%|██████▊   | 4799/7000 [05:49<01:36, 22.92it/s]
loss=0.033| sh degree=3| :  69%|██████▊   | 4799/7000 [05:49<01:36, 22.92it/s]
loss=0.031| sh degree=3| :  69%|██████▊   | 4799/7000 [05:49<01:36, 22.92it/s]
loss=0.042| sh degree=3| :  69%|██████▊   | 4799/7000 [05:49<01:36, 22.92it/s]
loss=0.042| sh degree=3| :  69%|██████▊   | 4802/7000 [05:49<01:40, 21.88it/s]
loss=0.050| sh degree=3| :  69%|██████▊   | 4802/7000 [05:49<01:40, 21.88it/s]
loss=0.042| sh degree=3| :  69%|██████▊   | 4802/7000 [05:49<01:40, 21.88it/s]
loss=0.046| sh degree=3| :  69%|██████▊   | 4802/7000 [05:49<01:40, 21.88it/s]
loss=0.046| sh degree=3| :  69%|██████▊   | 4805/7000 [05:49<01:35, 23.04it/s]
loss=0.035| sh degree=3| :  69%|██████▊   | 4805/7000 [05:49<01:35, 23.04it/s]
loss=0.047| sh degree=3| :  69%|██████▊   | 4805/7000 [05:49<01:35, 23.04it/s]
loss=0.044| sh degree=3| :  69%|██████▊   | 4805/7000 [05:49<01:35, 23.04it/s]
loss=0.044| sh degree=3| :  69%|██████▊   | 4808/7000 [05:49<01:33, 23.36it/s]
loss=0.045| sh degree=3| :  69%|██████▊   | 4808/7000 [05:49<01:33, 23.36it/s]
loss=0.040| sh degree=3| :  69%|██████▊   | 4808/7000 [05:49<01:33, 23.36it/s]
loss=0.040| sh degree=3| :  69%|██████▊   | 4808/7000 [05:49<01:33, 23.36it/s]
loss=0.040| sh degree=3| :  69%|██████▊   | 4811/7000 [05:49<01:35, 22.80it/s]
loss=0.039| sh degree=3| :  69%|██████▊   | 4811/7000 [05:50<01:35, 22.80it/s]
loss=0.032| sh degree=3| :  69%|██████▊   | 4811/7000 [05:50<01:35, 22.80it/s]
loss=0.041| sh degree=3| :  69%|██████▊   | 4811/7000 [05:50<01:35, 22.80it/s]
loss=0.041| sh degree=3| :  69%|██████▉   | 4814/7000 [05:50<01:29, 24.36it/s]
loss=0.030| sh degree=3| :  69%|██████▉   | 4814/7000 [05:50<01:29, 24.36it/s]
loss=0.035| sh degree=3| :  69%|██████▉   | 4814/7000 [05:50<01:29, 24.36it/s]
loss=0.040| sh degree=3| :  69%|██████▉   | 4814/7000 [05:50<01:29, 24.36it/s]
loss=0.040| sh degree=3| :  69%|██████▉   | 4817/7000 [05:50<01:32, 23.52it/s]
loss=0.030| sh degree=3| :  69%|██████▉   | 4817/7000 [05:50<01:32, 23.52it/s]
loss=0.036| sh degree=3| :  69%|██████▉   | 4817/7000 [05:50<01:32, 23.52it/s]
loss=0.032| sh degree=3| :  69%|██████▉   | 4817/7000 [05:50<01:32, 23.52it/s]
loss=0.032| sh degree=3| :  69%|██████▉   | 4820/7000 [05:50<01:38, 22.09it/s]
loss=0.034| sh degree=3| :  69%|██████▉   | 4820/7000 [05:50<01:38, 22.09it/s]
loss=0.035| sh degree=3| :  69%|██████▉   | 4820/7000 [05:50<01:38, 22.09it/s]
loss=0.046| sh degree=3| :  69%|██████▉   | 4820/7000 [05:50<01:38, 22.09it/s]
loss=0.049| sh degree=3| :  69%|██████▉   | 4820/7000 [05:50<01:38, 22.09it/s]
loss=0.049| sh degree=3| :  69%|██████▉   | 4824/7000 [05:50<01:31, 23.86it/s]
loss=0.035| sh degree=3| :  69%|██████▉   | 4824/7000 [05:50<01:31, 23.86it/s]
loss=0.030| sh degree=3| :  69%|██████▉   | 4824/7000 [05:50<01:31, 23.86it/s]
loss=0.045| sh degree=3| :  69%|██████▉   | 4824/7000 [05:50<01:31, 23.86it/s]
loss=0.045| sh degree=3| :  69%|██████▉   | 4827/7000 [05:50<01:27, 24.92it/s]
loss=0.042| sh degree=3| :  69%|██████▉   | 4827/7000 [05:50<01:27, 24.92it/s]
loss=0.067| sh degree=3| :  69%|██████▉   | 4827/7000 [05:50<01:27, 24.92it/s]
loss=0.033| sh degree=3| :  69%|██████▉   | 4827/7000 [05:50<01:27, 24.92it/s]
loss=0.033| sh degree=3| :  69%|██████▉   | 4830/7000 [05:50<01:29, 24.17it/s]
loss=0.044| sh degree=3| :  69%|██████▉   | 4830/7000 [05:50<01:29, 24.17it/s]
loss=0.055| sh degree=3| :  69%|██████▉   | 4830/7000 [05:50<01:29, 24.17it/s]
loss=0.043| sh degree=3| :  69%|██████▉   | 4830/7000 [05:50<01:29, 24.17it/s]
loss=0.043| sh degree=3| :  69%|██████▉   | 4833/7000 [05:50<01:34, 22.91it/s]
loss=0.033| sh degree=3| :  69%|██████▉   | 4833/7000 [05:50<01:34, 22.91it/s]
loss=0.044| sh degree=3| :  69%|██████▉   | 4833/7000 [05:50<01:34, 22.91it/s]
loss=0.039| sh degree=3| :  69%|██████▉   | 4833/7000 [05:51<01:34, 22.91it/s]
loss=0.039| sh degree=3| :  69%|██████▉   | 4836/7000 [05:51<01:32, 23.45it/s]
loss=0.042| sh degree=3| :  69%|██████▉   | 4836/7000 [05:51<01:32, 23.45it/s]
loss=0.034| sh degree=3| :  69%|██████▉   | 4836/7000 [05:51<01:32, 23.45it/s]
loss=0.031| sh degree=3| :  69%|██████▉   | 4836/7000 [05:51<01:32, 23.45it/s]
loss=0.031| sh degree=3| :  69%|██████▉   | 4839/7000 [05:51<01:43, 20.96it/s]
loss=0.061| sh degree=3| :  69%|██████▉   | 4839/7000 [05:51<01:43, 20.96it/s]
loss=0.048| sh degree=3| :  69%|██████▉   | 4839/7000 [05:51<01:43, 20.96it/s]
loss=0.040| sh degree=3| :  69%|██████▉   | 4839/7000 [05:51<01:43, 20.96it/s]
loss=0.040| sh degree=3| :  69%|██████▉   | 4842/7000 [05:51<01:40, 21.53it/s]
loss=0.042| sh degree=3| :  69%|██████▉   | 4842/7000 [05:51<01:40, 21.53it/s]
loss=0.045| sh degree=3| :  69%|██████▉   | 4842/7000 [05:51<01:40, 21.53it/s]
loss=0.034| sh degree=3| :  69%|██████▉   | 4842/7000 [05:51<01:40, 21.53it/s]
loss=0.034| sh degree=3| :  69%|██████▉   | 4845/7000 [05:51<01:39, 21.60it/s]
loss=0.033| sh degree=3| :  69%|██████▉   | 4845/7000 [05:51<01:39, 21.60it/s]
loss=0.046| sh degree=3| :  69%|██████▉   | 4845/7000 [05:51<01:39, 21.60it/s]
loss=0.043| sh degree=3| :  69%|██████▉   | 4845/7000 [05:51<01:39, 21.60it/s]
loss=0.043| sh degree=3| :  69%|██████▉   | 4848/7000 [05:51<02:28, 14.52it/s]
loss=0.030| sh degree=3| :  69%|██████▉   | 4848/7000 [05:51<02:28, 14.52it/s]
loss=0.049| sh degree=3| :  69%|██████▉   | 4848/7000 [05:51<02:28, 14.52it/s]
loss=0.033| sh degree=3| :  69%|██████▉   | 4848/7000 [05:51<02:28, 14.52it/s]
loss=0.033| sh degree=3| :  69%|██████▉   | 4851/7000 [05:51<02:11, 16.30it/s]
loss=0.032| sh degree=3| :  69%|██████▉   | 4851/7000 [05:52<02:11, 16.30it/s]
loss=0.034| sh degree=3| :  69%|██████▉   | 4851/7000 [05:52<02:11, 16.30it/s]
loss=0.043| sh degree=3| :  69%|██████▉   | 4851/7000 [05:52<02:11, 16.30it/s]
loss=0.043| sh degree=3| :  69%|██████▉   | 4854/7000 [05:52<01:56, 18.40it/s]
loss=0.040| sh degree=3| :  69%|██████▉   | 4854/7000 [05:52<01:56, 18.40it/s]
loss=0.031| sh degree=3| :  69%|██████▉   | 4854/7000 [05:52<01:56, 18.40it/s]
loss=0.029| sh degree=3| :  69%|██████▉   | 4854/7000 [05:52<01:56, 18.40it/s]
loss=0.029| sh degree=3| :  69%|██████▉   | 4857/7000 [05:52<01:45, 20.25it/s]
loss=0.032| sh degree=3| :  69%|██████▉   | 4857/7000 [05:52<01:45, 20.25it/s]
loss=0.032| sh degree=3| :  69%|██████▉   | 4857/7000 [05:52<01:45, 20.25it/s]
loss=0.028| sh degree=3| :  69%|██████▉   | 4857/7000 [05:52<01:45, 20.25it/s]
loss=0.028| sh degree=3| :  69%|██████▉   | 4860/7000 [05:52<01:42, 20.89it/s]
loss=0.041| sh degree=3| :  69%|██████▉   | 4860/7000 [05:52<01:42, 20.89it/s]
loss=0.100| sh degree=3| :  69%|██████▉   | 4860/7000 [05:52<01:42, 20.89it/s]
loss=0.063| sh degree=3| :  69%|██████▉   | 4860/7000 [05:52<01:42, 20.89it/s]
loss=0.063| sh degree=3| :  69%|██████▉   | 4863/7000 [05:52<01:45, 20.25it/s]
loss=0.055| sh degree=3| :  69%|██████▉   | 4863/7000 [05:52<01:45, 20.25it/s]
loss=0.046| sh degree=3| :  69%|██████▉   | 4863/7000 [05:52<01:45, 20.25it/s]
loss=0.049| sh degree=3| :  69%|██████▉   | 4863/7000 [05:52<01:45, 20.25it/s]
loss=0.049| sh degree=3| :  70%|██████▉   | 4866/7000 [05:52<01:44, 20.48it/s]
loss=0.042| sh degree=3| :  70%|██████▉   | 4866/7000 [05:52<01:44, 20.48it/s]
loss=0.033| sh degree=3| :  70%|██████▉   | 4866/7000 [05:52<01:44, 20.48it/s]
loss=0.035| sh degree=3| :  70%|██████▉   | 4866/7000 [05:52<01:44, 20.48it/s]
loss=0.035| sh degree=3| :  70%|██████▉   | 4869/7000 [05:52<01:41, 21.05it/s]
loss=0.032| sh degree=3| :  70%|██████▉   | 4869/7000 [05:52<01:41, 21.05it/s]
loss=0.034| sh degree=3| :  70%|██████▉   | 4869/7000 [05:52<01:41, 21.05it/s]
loss=0.031| sh degree=3| :  70%|██████▉   | 4869/7000 [05:52<01:41, 21.05it/s]
loss=0.031| sh degree=3| :  70%|██████▉   | 4872/7000 [05:52<01:39, 21.30it/s]
loss=0.038| sh degree=3| :  70%|██████▉   | 4872/7000 [05:52<01:39, 21.30it/s]
loss=0.039| sh degree=3| :  70%|██████▉   | 4872/7000 [05:53<01:39, 21.30it/s]
loss=0.043| sh degree=3| :  70%|██████▉   | 4872/7000 [05:53<01:39, 21.30it/s]
loss=0.043| sh degree=3| :  70%|██████▉   | 4875/7000 [05:53<01:41, 20.91it/s]
loss=0.042| sh degree=3| :  70%|██████▉   | 4875/7000 [05:53<01:41, 20.91it/s]
loss=0.042| sh degree=3| :  70%|██████▉   | 4875/7000 [05:53<01:41, 20.91it/s]
loss=0.041| sh degree=3| :  70%|██████▉   | 4875/7000 [05:53<01:41, 20.91it/s]
loss=0.041| sh degree=3| :  70%|██████▉   | 4878/7000 [05:53<01:43, 20.53it/s]
loss=0.033| sh degree=3| :  70%|██████▉   | 4878/7000 [05:53<01:43, 20.53it/s]
loss=0.041| sh degree=3| :  70%|██████▉   | 4878/7000 [05:53<01:43, 20.53it/s]
loss=0.029| sh degree=3| :  70%|██████▉   | 4878/7000 [05:53<01:43, 20.53it/s]
loss=0.029| sh degree=3| :  70%|██████▉   | 4881/7000 [05:53<01:43, 20.42it/s]
loss=0.029| sh degree=3| :  70%|██████▉   | 4881/7000 [05:53<01:43, 20.42it/s]
loss=0.039| sh degree=3| :  70%|██████▉   | 4881/7000 [05:53<01:43, 20.42it/s]
loss=0.043| sh degree=3| :  70%|██████▉   | 4881/7000 [05:53<01:43, 20.42it/s]
loss=0.043| sh degree=3| :  70%|██████▉   | 4884/7000 [05:53<01:45, 20.15it/s]
loss=0.029| sh degree=3| :  70%|██████▉   | 4884/7000 [05:53<01:45, 20.15it/s]
loss=0.044| sh degree=3| :  70%|██████▉   | 4884/7000 [05:53<01:45, 20.15it/s]
loss=0.027| sh degree=3| :  70%|██████▉   | 4884/7000 [05:53<01:45, 20.15it/s]
loss=0.027| sh degree=3| :  70%|██████▉   | 4887/7000 [05:53<01:42, 20.61it/s]
loss=0.040| sh degree=3| :  70%|██████▉   | 4887/7000 [05:53<01:42, 20.61it/s]
loss=0.042| sh degree=3| :  70%|██████▉   | 4887/7000 [05:53<01:42, 20.61it/s]
loss=0.040| sh degree=3| :  70%|██████▉   | 4887/7000 [05:53<01:42, 20.61it/s]
loss=0.040| sh degree=3| :  70%|██████▉   | 4890/7000 [05:53<01:39, 21.20it/s]
loss=0.030| sh degree=3| :  70%|██████▉   | 4890/7000 [05:53<01:39, 21.20it/s]
loss=0.036| sh degree=3| :  70%|██████▉   | 4890/7000 [05:53<01:39, 21.20it/s]
loss=0.040| sh degree=3| :  70%|██████▉   | 4890/7000 [05:53<01:39, 21.20it/s]
loss=0.040| sh degree=3| :  70%|██████▉   | 4893/7000 [05:53<01:34, 22.20it/s]
loss=0.026| sh degree=3| :  70%|██████▉   | 4893/7000 [05:53<01:34, 22.20it/s]
loss=0.044| sh degree=3| :  70%|██████▉   | 4893/7000 [05:53<01:34, 22.20it/s]
loss=0.048| sh degree=3| :  70%|██████▉   | 4893/7000 [05:54<01:34, 22.20it/s]
loss=0.048| sh degree=3| :  70%|██████▉   | 4896/7000 [05:54<01:36, 21.78it/s]
loss=0.046| sh degree=3| :  70%|██████▉   | 4896/7000 [05:54<01:36, 21.78it/s]
loss=0.043| sh degree=3| :  70%|██████▉   | 4896/7000 [05:54<01:36, 21.78it/s]
loss=0.030| sh degree=3| :  70%|██████▉   | 4896/7000 [05:54<01:36, 21.78it/s]
loss=0.030| sh degree=3| :  70%|██████▉   | 4899/7000 [05:54<01:36, 21.69it/s]
loss=0.048| sh degree=3| :  70%|██████▉   | 4899/7000 [05:54<01:36, 21.69it/s]
loss=0.035| sh degree=3| :  70%|██████▉   | 4899/7000 [05:54<01:36, 21.69it/s]
loss=0.037| sh degree=3| :  70%|██████▉   | 4899/7000 [05:54<01:36, 21.69it/s]
loss=0.037| sh degree=3| :  70%|███████   | 4902/7000 [05:54<01:47, 19.50it/s]
loss=0.033| sh degree=3| :  70%|███████   | 4902/7000 [05:54<01:47, 19.50it/s]
loss=0.050| sh degree=3| :  70%|███████   | 4902/7000 [05:54<01:47, 19.50it/s]
loss=0.048| sh degree=3| :  70%|███████   | 4902/7000 [05:54<01:47, 19.50it/s]
loss=0.044| sh degree=3| :  70%|███████   | 4902/7000 [05:54<01:47, 19.50it/s]
loss=0.044| sh degree=3| :  70%|███████   | 4906/7000 [05:54<01:35, 22.04it/s]
loss=0.035| sh degree=3| :  70%|███████   | 4906/7000 [05:54<01:35, 22.04it/s]
loss=0.043| sh degree=3| :  70%|███████   | 4906/7000 [05:54<01:35, 22.04it/s]
loss=0.040| sh degree=3| :  70%|███████   | 4906/7000 [05:54<01:35, 22.04it/s]
loss=0.040| sh degree=3| :  70%|███████   | 4909/7000 [05:54<01:36, 21.75it/s]
loss=0.052| sh degree=3| :  70%|███████   | 4909/7000 [05:54<01:36, 21.75it/s]
loss=0.041| sh degree=3| :  70%|███████   | 4909/7000 [05:54<01:36, 21.75it/s]
loss=0.029| sh degree=3| :  70%|███████   | 4909/7000 [05:54<01:36, 21.75it/s]
loss=0.029| sh degree=3| :  70%|███████   | 4912/7000 [05:54<01:34, 22.08it/s]
loss=0.060| sh degree=3| :  70%|███████   | 4912/7000 [05:54<01:34, 22.08it/s]
loss=0.042| sh degree=3| :  70%|███████   | 4912/7000 [05:54<01:34, 22.08it/s]
loss=0.039| sh degree=3| :  70%|███████   | 4912/7000 [05:54<01:34, 22.08it/s]
loss=0.039| sh degree=3| :  70%|███████   | 4915/7000 [05:54<01:33, 22.34it/s]
loss=0.036| sh degree=3| :  70%|███████   | 4915/7000 [05:54<01:33, 22.34it/s]
loss=0.044| sh degree=3| :  70%|███████   | 4915/7000 [05:54<01:33, 22.34it/s]
loss=0.054| sh degree=3| :  70%|███████   | 4915/7000 [05:55<01:33, 22.34it/s]
loss=0.054| sh degree=3| :  70%|███████   | 4918/7000 [05:55<01:30, 23.03it/s]
loss=0.047| sh degree=3| :  70%|███████   | 4918/7000 [05:55<01:30, 23.03it/s]
loss=0.040| sh degree=3| :  70%|███████   | 4918/7000 [05:55<01:30, 23.03it/s]
loss=0.040| sh degree=3| :  70%|███████   | 4918/7000 [05:55<01:30, 23.03it/s]
loss=0.040| sh degree=3| :  70%|███████   | 4921/7000 [05:55<01:24, 24.60it/s]
loss=0.029| sh degree=3| :  70%|███████   | 4921/7000 [05:55<01:24, 24.60it/s]
loss=0.036| sh degree=3| :  70%|███████   | 4921/7000 [05:55<01:24, 24.60it/s]
loss=0.046| sh degree=3| :  70%|███████   | 4921/7000 [05:55<01:24, 24.60it/s]
loss=0.046| sh degree=3| :  70%|███████   | 4924/7000 [05:55<01:29, 23.32it/s]
loss=0.033| sh degree=3| :  70%|███████   | 4924/7000 [05:55<01:29, 23.32it/s]
loss=0.043| sh degree=3| :  70%|███████   | 4924/7000 [05:55<01:29, 23.32it/s]
loss=0.048| sh degree=3| :  70%|███████   | 4924/7000 [05:55<01:29, 23.32it/s]
loss=0.048| sh degree=3| :  70%|███████   | 4927/7000 [05:55<01:41, 20.49it/s]
loss=0.036| sh degree=3| :  70%|███████   | 4927/7000 [05:55<01:41, 20.49it/s]
loss=0.053| sh degree=3| :  70%|███████   | 4927/7000 [05:55<01:41, 20.49it/s]
loss=0.054| sh degree=3| :  70%|███████   | 4927/7000 [05:55<01:41, 20.49it/s]
loss=0.054| sh degree=3| :  70%|███████   | 4930/7000 [05:55<01:44, 19.80it/s]
loss=0.045| sh degree=3| :  70%|███████   | 4930/7000 [05:55<01:44, 19.80it/s]
loss=0.035| sh degree=3| :  70%|███████   | 4930/7000 [05:55<01:44, 19.80it/s]
loss=0.045| sh degree=3| :  70%|███████   | 4930/7000 [05:55<01:44, 19.80it/s]
loss=0.045| sh degree=3| :  70%|███████   | 4933/7000 [05:55<01:45, 19.63it/s]
loss=0.034| sh degree=3| :  70%|███████   | 4933/7000 [05:55<01:45, 19.63it/s]
loss=0.035| sh degree=3| :  70%|███████   | 4933/7000 [05:55<01:45, 19.63it/s]
loss=0.029| sh degree=3| :  70%|███████   | 4933/7000 [05:55<01:45, 19.63it/s]
loss=0.029| sh degree=3| :  71%|███████   | 4936/7000 [05:55<01:39, 20.75it/s]
loss=0.049| sh degree=3| :  71%|███████   | 4936/7000 [05:55<01:39, 20.75it/s]
loss=0.041| sh degree=3| :  71%|███████   | 4936/7000 [05:56<01:39, 20.75it/s]
loss=0.032| sh degree=3| :  71%|███████   | 4936/7000 [05:56<01:39, 20.75it/s]
loss=0.032| sh degree=3| :  71%|███████   | 4939/7000 [05:56<01:42, 20.13it/s]
loss=0.059| sh degree=3| :  71%|███████   | 4939/7000 [05:56<01:42, 20.13it/s]
loss=0.033| sh degree=3| :  71%|███████   | 4939/7000 [05:56<01:42, 20.13it/s]
loss=0.057| sh degree=3| :  71%|███████   | 4939/7000 [05:56<01:42, 20.13it/s]
loss=0.057| sh degree=3| :  71%|███████   | 4942/7000 [05:56<01:42, 20.13it/s]
loss=0.037| sh degree=3| :  71%|███████   | 4942/7000 [05:56<01:42, 20.13it/s]
loss=0.047| sh degree=3| :  71%|███████   | 4942/7000 [05:56<01:42, 20.13it/s]
loss=0.041| sh degree=3| :  71%|███████   | 4942/7000 [05:56<01:42, 20.13it/s]
loss=0.041| sh degree=3| :  71%|███████   | 4945/7000 [05:56<01:40, 20.53it/s]
loss=0.045| sh degree=3| :  71%|███████   | 4945/7000 [05:56<01:40, 20.53it/s]
loss=0.043| sh degree=3| :  71%|███████   | 4945/7000 [05:56<01:40, 20.53it/s]
loss=0.053| sh degree=3| :  71%|███████   | 4945/7000 [05:56<01:40, 20.53it/s]
loss=0.053| sh degree=3| :  71%|███████   | 4948/7000 [05:56<01:43, 19.87it/s]
loss=0.074| sh degree=3| :  71%|███████   | 4948/7000 [05:56<01:43, 19.87it/s]
loss=0.046| sh degree=3| :  71%|███████   | 4948/7000 [05:56<01:43, 19.87it/s]
loss=0.042| sh degree=3| :  71%|███████   | 4948/7000 [05:56<01:43, 19.87it/s]
loss=0.043| sh degree=3| :  71%|███████   | 4948/7000 [05:56<01:43, 19.87it/s]
loss=0.043| sh degree=3| :  71%|███████   | 4952/7000 [05:56<01:33, 21.87it/s]
loss=0.041| sh degree=3| :  71%|███████   | 4952/7000 [05:56<01:33, 21.87it/s]
loss=0.041| sh degree=3| :  71%|███████   | 4952/7000 [05:56<01:33, 21.87it/s]
loss=0.041| sh degree=3| :  71%|███████   | 4952/7000 [05:56<01:33, 21.87it/s]
loss=0.041| sh degree=3| :  71%|███████   | 4955/7000 [05:56<01:33, 21.92it/s]
loss=0.035| sh degree=3| :  71%|███████   | 4955/7000 [05:56<01:33, 21.92it/s]
loss=0.044| sh degree=3| :  71%|███████   | 4955/7000 [05:56<01:33, 21.92it/s]
loss=0.035| sh degree=3| :  71%|███████   | 4955/7000 [05:56<01:33, 21.92it/s]
loss=0.035| sh degree=3| :  71%|███████   | 4958/7000 [05:56<01:27, 23.40it/s]
loss=0.068| sh degree=3| :  71%|███████   | 4958/7000 [05:56<01:27, 23.40it/s]
loss=0.033| sh degree=3| :  71%|███████   | 4958/7000 [05:57<01:27, 23.40it/s]
loss=0.034| sh degree=3| :  71%|███████   | 4958/7000 [05:57<01:27, 23.40it/s]
loss=0.034| sh degree=3| :  71%|███████   | 4961/7000 [05:57<01:23, 24.31it/s]
loss=0.042| sh degree=3| :  71%|███████   | 4961/7000 [05:57<01:23, 24.31it/s]
loss=0.056| sh degree=3| :  71%|███████   | 4961/7000 [05:57<01:23, 24.31it/s]
loss=0.053| sh degree=3| :  71%|███████   | 4961/7000 [05:57<01:23, 24.31it/s]
loss=0.053| sh degree=3| :  71%|███████   | 4964/7000 [05:57<01:20, 25.16it/s]
loss=0.044| sh degree=3| :  71%|███████   | 4964/7000 [05:57<01:20, 25.16it/s]
loss=0.031| sh degree=3| :  71%|███████   | 4964/7000 [05:57<01:20, 25.16it/s]
loss=0.045| sh degree=3| :  71%|███████   | 4964/7000 [05:57<01:20, 25.16it/s]
loss=0.045| sh degree=3| :  71%|███████   | 4967/7000 [05:57<01:18, 25.92it/s]
loss=0.062| sh degree=3| :  71%|███████   | 4967/7000 [05:57<01:18, 25.92it/s]
loss=0.044| sh degree=3| :  71%|███████   | 4967/7000 [05:57<01:18, 25.92it/s]
loss=0.050| sh degree=3| :  71%|███████   | 4967/7000 [05:57<01:18, 25.92it/s]
loss=0.050| sh degree=3| :  71%|███████   | 4970/7000 [05:57<01:21, 24.80it/s]
loss=0.030| sh degree=3| :  71%|███████   | 4970/7000 [05:57<01:21, 24.80it/s]
loss=0.031| sh degree=3| :  71%|███████   | 4970/7000 [05:57<01:21, 24.80it/s]
loss=0.040| sh degree=3| :  71%|███████   | 4970/7000 [05:57<01:21, 24.80it/s]
loss=0.040| sh degree=3| :  71%|███████   | 4973/7000 [05:57<01:22, 24.54it/s]
loss=0.040| sh degree=3| :  71%|███████   | 4973/7000 [05:57<01:22, 24.54it/s]
loss=0.059| sh degree=3| :  71%|███████   | 4973/7000 [05:57<01:22, 24.54it/s]
loss=0.040| sh degree=3| :  71%|███████   | 4973/7000 [05:57<01:22, 24.54it/s]
loss=0.040| sh degree=3| :  71%|███████   | 4976/7000 [05:57<01:21, 24.91it/s]
loss=0.038| sh degree=3| :  71%|███████   | 4976/7000 [05:57<01:21, 24.91it/s]
loss=0.041| sh degree=3| :  71%|███████   | 4976/7000 [05:57<01:21, 24.91it/s]
loss=0.031| sh degree=3| :  71%|███████   | 4976/7000 [05:57<01:21, 24.91it/s]
loss=0.031| sh degree=3| :  71%|███████   | 4979/7000 [05:57<01:22, 24.40it/s]
loss=0.044| sh degree=3| :  71%|███████   | 4979/7000 [05:57<01:22, 24.40it/s]
loss=0.035| sh degree=3| :  71%|███████   | 4979/7000 [05:57<01:22, 24.40it/s]
loss=0.036| sh degree=3| :  71%|███████   | 4979/7000 [05:57<01:22, 24.40it/s]
loss=0.036| sh degree=3| :  71%|███████   | 4982/7000 [05:57<01:28, 22.91it/s]
loss=0.035| sh degree=3| :  71%|███████   | 4982/7000 [05:57<01:28, 22.91it/s]
loss=0.037| sh degree=3| :  71%|███████   | 4982/7000 [05:57<01:28, 22.91it/s]
loss=0.044| sh degree=3| :  71%|███████   | 4982/7000 [05:58<01:28, 22.91it/s]
loss=0.044| sh degree=3| :  71%|███████   | 4985/7000 [05:58<01:25, 23.47it/s]
loss=0.037| sh degree=3| :  71%|███████   | 4985/7000 [05:58<01:25, 23.47it/s]
loss=0.032| sh degree=3| :  71%|███████   | 4985/7000 [05:58<01:25, 23.47it/s]
loss=0.034| sh degree=3| :  71%|███████   | 4985/7000 [05:58<01:25, 23.47it/s]
loss=0.034| sh degree=3| :  71%|███████▏  | 4988/7000 [05:58<01:28, 22.71it/s]
loss=0.029| sh degree=3| :  71%|███████▏  | 4988/7000 [05:58<01:28, 22.71it/s]
loss=0.039| sh degree=3| :  71%|███████▏  | 4988/7000 [05:58<01:28, 22.71it/s]
loss=0.038| sh degree=3| :  71%|███████▏  | 4988/7000 [05:58<01:28, 22.71it/s]
loss=0.038| sh degree=3| :  71%|███████▏  | 4991/7000 [05:58<01:23, 24.09it/s]
loss=0.032| sh degree=3| :  71%|███████▏  | 4991/7000 [05:58<01:23, 24.09it/s]
loss=0.034| sh degree=3| :  71%|███████▏  | 4991/7000 [05:58<01:23, 24.09it/s]
loss=0.031| sh degree=3| :  71%|███████▏  | 4991/7000 [05:58<01:23, 24.09it/s]
loss=0.031| sh degree=3| :  71%|███████▏  | 4994/7000 [05:58<01:23, 24.17it/s]
loss=0.076| sh degree=3| :  71%|███████▏  | 4994/7000 [05:58<01:23, 24.17it/s]
loss=0.042| sh degree=3| :  71%|███████▏  | 4994/7000 [05:58<01:23, 24.17it/s]
loss=0.031| sh degree=3| :  71%|███████▏  | 4994/7000 [05:58<01:23, 24.17it/s]
loss=0.031| sh degree=3| :  71%|███████▏  | 4997/7000 [05:58<01:23, 24.03it/s]
loss=0.040| sh degree=3| :  71%|███████▏  | 4997/7000 [05:58<01:23, 24.03it/s]
loss=0.030| sh degree=3| :  71%|███████▏  | 4997/7000 [05:58<01:23, 24.03it/s]
loss=0.039| sh degree=3| :  71%|███████▏  | 4997/7000 [05:58<01:23, 24.03it/s]
loss=0.039| sh degree=3| :  71%|███████▏  | 5000/7000 [05:58<01:22, 24.10it/s]
loss=0.046| sh degree=3| :  71%|███████▏  | 5000/7000 [05:58<01:22, 24.10it/s]
loss=0.046| sh degree=3| :  71%|███████▏  | 5000/7000 [05:58<01:22, 24.10it/s]
loss=0.048| sh degree=3| :  71%|███████▏  | 5000/7000 [05:58<01:22, 24.10it/s]
loss=0.048| sh degree=3| :  71%|███████▏  | 5003/7000 [05:58<01:38, 20.24it/s]
loss=0.034| sh degree=3| :  71%|███████▏  | 5003/7000 [05:58<01:38, 20.24it/s]
loss=0.035| sh degree=3| :  71%|███████▏  | 5003/7000 [05:58<01:38, 20.24it/s]
loss=0.033| sh degree=3| :  71%|███████▏  | 5003/7000 [05:58<01:38, 20.24it/s]
loss=0.033| sh degree=3| :  72%|███████▏  | 5006/7000 [05:58<01:37, 20.54it/s]
loss=0.032| sh degree=3| :  72%|███████▏  | 5006/7000 [05:59<01:37, 20.54it/s]
loss=0.038| sh degree=3| :  72%|███████▏  | 5006/7000 [05:59<01:37, 20.54it/s]
loss=0.043| sh degree=3| :  72%|███████▏  | 5006/7000 [05:59<01:37, 20.54it/s]
loss=0.043| sh degree=3| :  72%|███████▏  | 5009/7000 [05:59<01:38, 20.31it/s]
loss=0.042| sh degree=3| :  72%|███████▏  | 5009/7000 [05:59<01:38, 20.31it/s]
loss=0.044| sh degree=3| :  72%|███████▏  | 5009/7000 [05:59<01:38, 20.31it/s]
loss=0.048| sh degree=3| :  72%|███████▏  | 5009/7000 [05:59<01:38, 20.31it/s]
loss=0.048| sh degree=3| :  72%|███████▏  | 5012/7000 [05:59<01:29, 22.14it/s]
loss=0.046| sh degree=3| :  72%|███████▏  | 5012/7000 [05:59<01:29, 22.14it/s]
loss=0.032| sh degree=3| :  72%|███████▏  | 5012/7000 [05:59<01:29, 22.14it/s]
loss=0.054| sh degree=3| :  72%|███████▏  | 5012/7000 [05:59<01:29, 22.14it/s]
loss=0.054| sh degree=3| :  72%|███████▏  | 5015/7000 [05:59<01:33, 21.23it/s]
loss=0.061| sh degree=3| :  72%|███████▏  | 5015/7000 [05:59<01:33, 21.23it/s]
loss=0.043| sh degree=3| :  72%|███████▏  | 5015/7000 [05:59<01:33, 21.23it/s]
loss=0.043| sh degree=3| :  72%|███████▏  | 5015/7000 [05:59<01:33, 21.23it/s]
loss=0.043| sh degree=3| :  72%|███████▏  | 5018/7000 [05:59<01:35, 20.71it/s]
loss=0.047| sh degree=3| :  72%|███████▏  | 5018/7000 [05:59<01:35, 20.71it/s]
loss=0.031| sh degree=3| :  72%|███████▏  | 5018/7000 [05:59<01:35, 20.71it/s]
loss=0.042| sh degree=3| :  72%|███████▏  | 5018/7000 [05:59<01:35, 20.71it/s]
loss=0.042| sh degree=3| :  72%|███████▏  | 5021/7000 [05:59<01:30, 21.97it/s]
loss=0.041| sh degree=3| :  72%|███████▏  | 5021/7000 [05:59<01:30, 21.97it/s]
loss=0.036| sh degree=3| :  72%|███████▏  | 5021/7000 [05:59<01:30, 21.97it/s]
loss=0.045| sh degree=3| :  72%|███████▏  | 5021/7000 [05:59<01:30, 21.97it/s]
loss=0.045| sh degree=3| :  72%|███████▏  | 5024/7000 [05:59<01:36, 20.54it/s]
loss=0.030| sh degree=3| :  72%|███████▏  | 5024/7000 [05:59<01:36, 20.54it/s]
loss=0.042| sh degree=3| :  72%|███████▏  | 5024/7000 [05:59<01:36, 20.54it/s]
loss=0.032| sh degree=3| :  72%|███████▏  | 5024/7000 [05:59<01:36, 20.54it/s]
loss=0.032| sh degree=3| :  72%|███████▏  | 5027/7000 [06:00<01:37, 20.24it/s]
loss=0.043| sh degree=3| :  72%|███████▏  | 5027/7000 [06:00<01:37, 20.24it/s]
loss=0.040| sh degree=3| :  72%|███████▏  | 5027/7000 [06:00<01:37, 20.24it/s]
loss=0.035| sh degree=3| :  72%|███████▏  | 5027/7000 [06:00<01:37, 20.24it/s]
loss=0.035| sh degree=3| :  72%|███████▏  | 5030/7000 [06:00<01:34, 20.93it/s]
loss=0.041| sh degree=3| :  72%|███████▏  | 5030/7000 [06:00<01:34, 20.93it/s]
loss=0.034| sh degree=3| :  72%|███████▏  | 5030/7000 [06:00<01:34, 20.93it/s]
loss=0.037| sh degree=3| :  72%|███████▏  | 5030/7000 [06:00<01:34, 20.93it/s]
loss=0.037| sh degree=3| :  72%|███████▏  | 5033/7000 [06:00<01:29, 21.98it/s]
loss=0.046| sh degree=3| :  72%|███████▏  | 5033/7000 [06:00<01:29, 21.98it/s]
loss=0.037| sh degree=3| :  72%|███████▏  | 5033/7000 [06:00<01:29, 21.98it/s]
loss=0.039| sh degree=3| :  72%|███████▏  | 5033/7000 [06:00<01:29, 21.98it/s]
loss=0.039| sh degree=3| :  72%|███████▏  | 5036/7000 [06:00<01:25, 23.06it/s]
loss=0.043| sh degree=3| :  72%|███████▏  | 5036/7000 [06:00<01:25, 23.06it/s]
loss=0.044| sh degree=3| :  72%|███████▏  | 5036/7000 [06:00<01:25, 23.06it/s]
loss=0.051| sh degree=3| :  72%|███████▏  | 5036/7000 [06:00<01:25, 23.06it/s]
loss=0.051| sh degree=3| :  72%|███████▏  | 5039/7000 [06:00<01:26, 22.75it/s]
loss=0.042| sh degree=3| :  72%|███████▏  | 5039/7000 [06:00<01:26, 22.75it/s]
loss=0.041| sh degree=3| :  72%|███████▏  | 5039/7000 [06:00<01:26, 22.75it/s]
loss=0.039| sh degree=3| :  72%|███████▏  | 5039/7000 [06:00<01:26, 22.75it/s]
loss=0.039| sh degree=3| :  72%|███████▏  | 5042/7000 [06:00<01:24, 23.15it/s]
loss=0.038| sh degree=3| :  72%|███████▏  | 5042/7000 [06:00<01:24, 23.15it/s]
loss=0.031| sh degree=3| :  72%|███████▏  | 5042/7000 [06:00<01:24, 23.15it/s]
loss=0.052| sh degree=3| :  72%|███████▏  | 5042/7000 [06:00<01:24, 23.15it/s]
loss=0.052| sh degree=3| :  72%|███████▏  | 5045/7000 [06:00<01:20, 24.33it/s]
loss=0.029| sh degree=3| :  72%|███████▏  | 5045/7000 [06:00<01:20, 24.33it/s]
loss=0.036| sh degree=3| :  72%|███████▏  | 5045/7000 [06:00<01:20, 24.33it/s]
loss=0.040| sh degree=3| :  72%|███████▏  | 5045/7000 [06:00<01:20, 24.33it/s]
loss=0.040| sh degree=3| :  72%|███████▏  | 5048/7000 [06:00<01:18, 24.82it/s]
loss=0.039| sh degree=3| :  72%|███████▏  | 5048/7000 [06:00<01:18, 24.82it/s]
loss=0.041| sh degree=3| :  72%|███████▏  | 5048/7000 [06:00<01:18, 24.82it/s]
loss=0.051| sh degree=3| :  72%|███████▏  | 5048/7000 [06:00<01:18, 24.82it/s]
loss=0.051| sh degree=3| :  72%|███████▏  | 5051/7000 [06:00<01:18, 24.71it/s]
loss=0.034| sh degree=3| :  72%|███████▏  | 5051/7000 [06:01<01:18, 24.71it/s]
loss=0.030| sh degree=3| :  72%|███████▏  | 5051/7000 [06:01<01:18, 24.71it/s]
loss=0.043| sh degree=3| :  72%|███████▏  | 5051/7000 [06:01<01:18, 24.71it/s]
loss=0.043| sh degree=3| :  72%|███████▏  | 5054/7000 [06:01<01:16, 25.47it/s]
loss=0.035| sh degree=3| :  72%|███████▏  | 5054/7000 [06:01<01:16, 25.47it/s]
loss=0.038| sh degree=3| :  72%|███████▏  | 5054/7000 [06:01<01:16, 25.47it/s]
loss=0.037| sh degree=3| :  72%|███████▏  | 5054/7000 [06:01<01:16, 25.47it/s]
loss=0.037| sh degree=3| :  72%|███████▏  | 5057/7000 [06:01<01:16, 25.47it/s]
loss=0.051| sh degree=3| :  72%|███████▏  | 5057/7000 [06:01<01:16, 25.47it/s]
loss=0.034| sh degree=3| :  72%|███████▏  | 5057/7000 [06:01<01:16, 25.47it/s]
loss=0.039| sh degree=3| :  72%|███████▏  | 5057/7000 [06:01<01:16, 25.47it/s]
loss=0.039| sh degree=3| :  72%|███████▏  | 5060/7000 [06:01<01:24, 22.90it/s]
loss=0.042| sh degree=3| :  72%|███████▏  | 5060/7000 [06:01<01:24, 22.90it/s]
loss=0.029| sh degree=3| :  72%|███████▏  | 5060/7000 [06:01<01:24, 22.90it/s]
loss=0.040| sh degree=3| :  72%|███████▏  | 5060/7000 [06:01<01:24, 22.90it/s]
loss=0.040| sh degree=3| :  72%|███████▏  | 5063/7000 [06:01<01:26, 22.42it/s]
loss=0.044| sh degree=3| :  72%|███████▏  | 5063/7000 [06:01<01:26, 22.42it/s]
loss=0.052| sh degree=3| :  72%|███████▏  | 5063/7000 [06:01<01:26, 22.42it/s]
loss=0.037| sh degree=3| :  72%|███████▏  | 5063/7000 [06:01<01:26, 22.42it/s]
loss=0.037| sh degree=3| :  72%|███████▏  | 5066/7000 [06:01<01:32, 21.01it/s]
loss=0.039| sh degree=3| :  72%|███████▏  | 5066/7000 [06:01<01:32, 21.01it/s]
loss=0.033| sh degree=3| :  72%|███████▏  | 5066/7000 [06:01<01:32, 21.01it/s]
loss=0.052| sh degree=3| :  72%|███████▏  | 5066/7000 [06:01<01:32, 21.01it/s]
loss=0.052| sh degree=3| :  72%|███████▏  | 5069/7000 [06:01<01:34, 20.34it/s]
loss=0.063| sh degree=3| :  72%|███████▏  | 5069/7000 [06:01<01:34, 20.34it/s]
loss=0.040| sh degree=3| :  72%|███████▏  | 5069/7000 [06:01<01:34, 20.34it/s]
loss=0.039| sh degree=3| :  72%|███████▏  | 5069/7000 [06:01<01:34, 20.34it/s]
loss=0.039| sh degree=3| :  72%|███████▏  | 5072/7000 [06:01<01:33, 20.71it/s]
loss=0.045| sh degree=3| :  72%|███████▏  | 5072/7000 [06:01<01:33, 20.71it/s]
loss=0.051| sh degree=3| :  72%|███████▏  | 5072/7000 [06:02<01:33, 20.71it/s]
loss=0.032| sh degree=3| :  72%|███████▏  | 5072/7000 [06:02<01:33, 20.71it/s]
loss=0.036| sh degree=3| :  72%|███████▏  | 5072/7000 [06:02<01:33, 20.71it/s]
loss=0.036| sh degree=3| :  73%|███████▎  | 5076/7000 [06:02<01:20, 23.81it/s]
loss=0.030| sh degree=3| :  73%|███████▎  | 5076/7000 [06:02<01:20, 23.81it/s]
loss=0.041| sh degree=3| :  73%|███████▎  | 5076/7000 [06:02<01:20, 23.81it/s]
loss=0.037| sh degree=3| :  73%|███████▎  | 5076/7000 [06:02<01:20, 23.81it/s]
loss=0.037| sh degree=3| :  73%|███████▎  | 5079/7000 [06:02<01:19, 24.13it/s]
loss=0.030| sh degree=3| :  73%|███████▎  | 5079/7000 [06:02<01:19, 24.13it/s]
loss=0.044| sh degree=3| :  73%|███████▎  | 5079/7000 [06:02<01:19, 24.13it/s]
loss=0.034| sh degree=3| :  73%|███████▎  | 5079/7000 [06:02<01:19, 24.13it/s]
loss=0.047| sh degree=3| :  73%|███████▎  | 5079/7000 [06:02<01:19, 24.13it/s]
loss=0.047| sh degree=3| :  73%|███████▎  | 5083/7000 [06:02<01:12, 26.54it/s]
loss=0.044| sh degree=3| :  73%|███████▎  | 5083/7000 [06:02<01:12, 26.54it/s]
loss=0.034| sh degree=3| :  73%|███████▎  | 5083/7000 [06:02<01:12, 26.54it/s]
loss=0.029| sh degree=3| :  73%|███████▎  | 5083/7000 [06:02<01:12, 26.54it/s]
loss=0.029| sh degree=3| :  73%|███████▎  | 5086/7000 [06:02<01:13, 26.04it/s]
loss=0.042| sh degree=3| :  73%|███████▎  | 5086/7000 [06:02<01:13, 26.04it/s]
loss=0.045| sh degree=3| :  73%|███████▎  | 5086/7000 [06:02<01:13, 26.04it/s]
loss=0.048| sh degree=3| :  73%|███████▎  | 5086/7000 [06:02<01:13, 26.04it/s]
loss=0.029| sh degree=3| :  73%|███████▎  | 5086/7000 [06:02<01:13, 26.04it/s]
loss=0.029| sh degree=3| :  73%|███████▎  | 5090/7000 [06:02<01:07, 28.46it/s]
loss=0.047| sh degree=3| :  73%|███████▎  | 5090/7000 [06:02<01:07, 28.46it/s]
loss=0.039| sh degree=3| :  73%|███████▎  | 5090/7000 [06:02<01:07, 28.46it/s]
loss=0.042| sh degree=3| :  73%|███████▎  | 5090/7000 [06:02<01:07, 28.46it/s]
loss=0.042| sh degree=3| :  73%|███████▎  | 5093/7000 [06:02<01:11, 26.56it/s]
loss=0.044| sh degree=3| :  73%|███████▎  | 5093/7000 [06:02<01:11, 26.56it/s]
loss=0.040| sh degree=3| :  73%|███████▎  | 5093/7000 [06:02<01:11, 26.56it/s]
loss=0.038| sh degree=3| :  73%|███████▎  | 5093/7000 [06:02<01:11, 26.56it/s]
loss=0.037| sh degree=3| :  73%|███████▎  | 5093/7000 [06:02<01:11, 26.56it/s]
loss=0.037| sh degree=3| :  73%|███████▎  | 5097/7000 [06:02<01:09, 27.36it/s]
loss=0.041| sh degree=3| :  73%|███████▎  | 5097/7000 [06:02<01:09, 27.36it/s]
loss=0.046| sh degree=3| :  73%|███████▎  | 5097/7000 [06:02<01:09, 27.36it/s]
loss=0.038| sh degree=3| :  73%|███████▎  | 5097/7000 [06:02<01:09, 27.36it/s]
loss=0.038| sh degree=3| :  73%|███████▎  | 5100/7000 [06:02<01:08, 27.65it/s]
loss=0.034| sh degree=3| :  73%|███████▎  | 5100/7000 [06:03<01:08, 27.65it/s]
loss=0.048| sh degree=3| :  73%|███████▎  | 5100/7000 [06:03<01:08, 27.65it/s]
loss=0.032| sh degree=3| :  73%|███████▎  | 5100/7000 [06:03<01:08, 27.65it/s]
loss=0.032| sh degree=3| :  73%|███████▎  | 5103/7000 [06:03<01:52, 16.89it/s]
loss=0.046| sh degree=3| :  73%|███████▎  | 5103/7000 [06:03<01:52, 16.89it/s]
loss=0.030| sh degree=3| :  73%|███████▎  | 5103/7000 [06:03<01:52, 16.89it/s]
loss=0.043| sh degree=3| :  73%|███████▎  | 5103/7000 [06:03<01:52, 16.89it/s]
loss=0.031| sh degree=3| :  73%|███████▎  | 5103/7000 [06:03<01:52, 16.89it/s]
loss=0.031| sh degree=3| :  73%|███████▎  | 5107/7000 [06:03<01:32, 20.40it/s]
loss=0.037| sh degree=3| :  73%|███████▎  | 5107/7000 [06:03<01:32, 20.40it/s]
loss=0.036| sh degree=3| :  73%|███████▎  | 5107/7000 [06:03<01:32, 20.40it/s]
loss=0.060| sh degree=3| :  73%|███████▎  | 5107/7000 [06:03<01:32, 20.40it/s]
loss=0.052| sh degree=3| :  73%|███████▎  | 5107/7000 [06:03<01:32, 20.40it/s]
loss=0.052| sh degree=3| :  73%|███████▎  | 5111/7000 [06:03<01:20, 23.56it/s]
loss=0.040| sh degree=3| :  73%|███████▎  | 5111/7000 [06:03<01:20, 23.56it/s]
loss=0.045| sh degree=3| :  73%|███████▎  | 5111/7000 [06:03<01:20, 23.56it/s]
loss=0.035| sh degree=3| :  73%|███████▎  | 5111/7000 [06:03<01:20, 23.56it/s]
loss=0.035| sh degree=3| :  73%|███████▎  | 5114/7000 [06:03<01:17, 24.33it/s]
loss=0.047| sh degree=3| :  73%|███████▎  | 5114/7000 [06:03<01:17, 24.33it/s]
loss=0.037| sh degree=3| :  73%|███████▎  | 5114/7000 [06:03<01:17, 24.33it/s]
loss=0.034| sh degree=3| :  73%|███████▎  | 5114/7000 [06:03<01:17, 24.33it/s]
loss=0.034| sh degree=3| :  73%|███████▎  | 5117/7000 [06:03<01:17, 24.31it/s]
loss=0.043| sh degree=3| :  73%|███████▎  | 5117/7000 [06:03<01:17, 24.31it/s]
loss=0.046| sh degree=3| :  73%|███████▎  | 5117/7000 [06:03<01:17, 24.31it/s]
loss=0.039| sh degree=3| :  73%|███████▎  | 5117/7000 [06:03<01:17, 24.31it/s]
loss=0.039| sh degree=3| :  73%|███████▎  | 5120/7000 [06:03<01:14, 25.15it/s]
loss=0.044| sh degree=3| :  73%|███████▎  | 5120/7000 [06:03<01:14, 25.15it/s]
loss=0.047| sh degree=3| :  73%|███████▎  | 5120/7000 [06:03<01:14, 25.15it/s]
loss=0.041| sh degree=3| :  73%|███████▎  | 5120/7000 [06:04<01:14, 25.15it/s]
loss=0.041| sh degree=3| :  73%|███████▎  | 5123/7000 [06:04<01:18, 23.77it/s]
loss=0.035| sh degree=3| :  73%|███████▎  | 5123/7000 [06:04<01:18, 23.77it/s]
loss=0.046| sh degree=3| :  73%|███████▎  | 5123/7000 [06:04<01:18, 23.77it/s]
loss=0.032| sh degree=3| :  73%|███████▎  | 5123/7000 [06:04<01:18, 23.77it/s]
loss=0.032| sh degree=3| :  73%|███████▎  | 5126/7000 [06:04<01:29, 20.84it/s]
loss=0.037| sh degree=3| :  73%|███████▎  | 5126/7000 [06:04<01:29, 20.84it/s]
loss=0.030| sh degree=3| :  73%|███████▎  | 5126/7000 [06:04<01:29, 20.84it/s]
loss=0.044| sh degree=3| :  73%|███████▎  | 5126/7000 [06:04<01:29, 20.84it/s]
loss=0.044| sh degree=3| :  73%|███████▎  | 5129/7000 [06:04<01:23, 22.33it/s]
loss=0.030| sh degree=3| :  73%|███████▎  | 5129/7000 [06:04<01:23, 22.33it/s]
loss=0.057| sh degree=3| :  73%|███████▎  | 5129/7000 [06:04<01:23, 22.33it/s]
loss=0.034| sh degree=3| :  73%|███████▎  | 5129/7000 [06:04<01:23, 22.33it/s]
loss=0.034| sh degree=3| :  73%|███████▎  | 5132/7000 [06:04<01:22, 22.58it/s]
loss=0.028| sh degree=3| :  73%|███████▎  | 5132/7000 [06:04<01:22, 22.58it/s]
loss=0.078| sh degree=3| :  73%|███████▎  | 5132/7000 [06:04<01:22, 22.58it/s]
loss=0.039| sh degree=3| :  73%|███████▎  | 5132/7000 [06:04<01:22, 22.58it/s]
loss=0.039| sh degree=3| :  73%|███████▎  | 5135/7000 [06:04<01:20, 23.16it/s]
loss=0.041| sh degree=3| :  73%|███████▎  | 5135/7000 [06:04<01:20, 23.16it/s]
loss=0.032| sh degree=3| :  73%|███████▎  | 5135/7000 [06:04<01:20, 23.16it/s]
loss=0.068| sh degree=3| :  73%|███████▎  | 5135/7000 [06:04<01:20, 23.16it/s]
loss=0.068| sh degree=3| :  73%|███████▎  | 5138/7000 [06:04<01:18, 23.69it/s]
loss=0.093| sh degree=3| :  73%|███████▎  | 5138/7000 [06:04<01:18, 23.69it/s]
loss=0.043| sh degree=3| :  73%|███████▎  | 5138/7000 [06:04<01:18, 23.69it/s]
loss=0.062| sh degree=3| :  73%|███████▎  | 5138/7000 [06:04<01:18, 23.69it/s]
loss=0.062| sh degree=3| :  73%|███████▎  | 5141/7000 [06:04<01:20, 23.23it/s]
loss=0.043| sh degree=3| :  73%|███████▎  | 5141/7000 [06:04<01:20, 23.23it/s]
loss=0.042| sh degree=3| :  73%|███████▎  | 5141/7000 [06:04<01:20, 23.23it/s]
loss=0.043| sh degree=3| :  73%|███████▎  | 5141/7000 [06:04<01:20, 23.23it/s]
loss=0.043| sh degree=3| :  73%|███████▎  | 5144/7000 [06:04<01:15, 24.66it/s]
loss=0.056| sh degree=3| :  73%|███████▎  | 5144/7000 [06:04<01:15, 24.66it/s]
loss=0.042| sh degree=3| :  73%|███████▎  | 5144/7000 [06:05<01:15, 24.66it/s]
loss=0.048| sh degree=3| :  73%|███████▎  | 5144/7000 [06:05<01:15, 24.66it/s]
loss=0.048| sh degree=3| :  74%|███████▎  | 5147/7000 [06:05<01:16, 24.21it/s]
loss=0.037| sh degree=3| :  74%|███████▎  | 5147/7000 [06:05<01:16, 24.21it/s]
loss=0.029| sh degree=3| :  74%|███████▎  | 5147/7000 [06:05<01:16, 24.21it/s]
loss=0.030| sh degree=3| :  74%|███████▎  | 5147/7000 [06:05<01:16, 24.21it/s]
loss=0.030| sh degree=3| :  74%|███████▎  | 5150/7000 [06:05<01:20, 23.10it/s]
loss=0.034| sh degree=3| :  74%|███████▎  | 5150/7000 [06:05<01:20, 23.10it/s]
loss=0.042| sh degree=3| :  74%|███████▎  | 5150/7000 [06:05<01:20, 23.10it/s]
loss=0.040| sh degree=3| :  74%|███████▎  | 5150/7000 [06:05<01:20, 23.10it/s]
loss=0.040| sh degree=3| :  74%|███████▎  | 5153/7000 [06:05<01:18, 23.40it/s]
loss=0.034| sh degree=3| :  74%|███████▎  | 5153/7000 [06:05<01:18, 23.40it/s]
loss=0.042| sh degree=3| :  74%|███████▎  | 5153/7000 [06:05<01:18, 23.40it/s]
loss=0.066| sh degree=3| :  74%|███████▎  | 5153/7000 [06:05<01:18, 23.40it/s]
loss=0.066| sh degree=3| :  74%|███████▎  | 5156/7000 [06:05<01:17, 23.94it/s]
loss=0.048| sh degree=3| :  74%|███████▎  | 5156/7000 [06:05<01:17, 23.94it/s]
loss=0.050| sh degree=3| :  74%|███████▎  | 5156/7000 [06:05<01:17, 23.94it/s]
loss=0.035| sh degree=3| :  74%|███████▎  | 5156/7000 [06:05<01:17, 23.94it/s]
loss=0.035| sh degree=3| :  74%|███████▎  | 5159/7000 [06:05<01:15, 24.45it/s]
loss=0.044| sh degree=3| :  74%|███████▎  | 5159/7000 [06:05<01:15, 24.45it/s]
loss=0.062| sh degree=3| :  74%|███████▎  | 5159/7000 [06:05<01:15, 24.45it/s]
loss=0.035| sh degree=3| :  74%|███████▎  | 5159/7000 [06:05<01:15, 24.45it/s]
loss=0.035| sh degree=3| :  74%|███████▎  | 5162/7000 [06:05<01:19, 23.03it/s]
loss=0.044| sh degree=3| :  74%|███████▎  | 5162/7000 [06:05<01:19, 23.03it/s]
loss=0.047| sh degree=3| :  74%|███████▎  | 5162/7000 [06:05<01:19, 23.03it/s]
loss=0.034| sh degree=3| :  74%|███████▎  | 5162/7000 [06:05<01:19, 23.03it/s]
loss=0.042| sh degree=3| :  74%|███████▎  | 5162/7000 [06:05<01:19, 23.03it/s]
loss=0.042| sh degree=3| :  74%|███████▍  | 5166/7000 [06:05<01:11, 25.48it/s]
loss=0.043| sh degree=3| :  74%|███████▍  | 5166/7000 [06:05<01:11, 25.48it/s]
loss=0.040| sh degree=3| :  74%|███████▍  | 5166/7000 [06:05<01:11, 25.48it/s]
loss=0.028| sh degree=3| :  74%|███████▍  | 5166/7000 [06:05<01:11, 25.48it/s]
loss=0.028| sh degree=3| :  74%|███████▍  | 5169/7000 [06:05<01:09, 26.42it/s]
loss=0.043| sh degree=3| :  74%|███████▍  | 5169/7000 [06:05<01:09, 26.42it/s]
loss=0.037| sh degree=3| :  74%|███████▍  | 5169/7000 [06:06<01:09, 26.42it/s]
loss=0.037| sh degree=3| :  74%|███████▍  | 5169/7000 [06:06<01:09, 26.42it/s]
loss=0.037| sh degree=3| :  74%|███████▍  | 5172/7000 [06:06<01:13, 24.85it/s]
loss=0.037| sh degree=3| :  74%|███████▍  | 5172/7000 [06:06<01:13, 24.85it/s]
loss=0.033| sh degree=3| :  74%|███████▍  | 5172/7000 [06:06<01:13, 24.85it/s]
loss=0.039| sh degree=3| :  74%|███████▍  | 5172/7000 [06:06<01:13, 24.85it/s]
loss=0.039| sh degree=3| :  74%|███████▍  | 5175/7000 [06:06<01:13, 24.88it/s]
loss=0.046| sh degree=3| :  74%|███████▍  | 5175/7000 [06:06<01:13, 24.88it/s]
loss=0.044| sh degree=3| :  74%|███████▍  | 5175/7000 [06:06<01:13, 24.88it/s]
loss=0.044| sh degree=3| :  74%|███████▍  | 5175/7000 [06:06<01:13, 24.88it/s]
loss=0.044| sh degree=3| :  74%|███████▍  | 5178/7000 [06:06<01:11, 25.61it/s]
loss=0.042| sh degree=3| :  74%|███████▍  | 5178/7000 [06:06<01:11, 25.61it/s]
loss=0.035| sh degree=3| :  74%|███████▍  | 5178/7000 [06:06<01:11, 25.61it/s]
loss=0.036| sh degree=3| :  74%|███████▍  | 5178/7000 [06:06<01:11, 25.61it/s]
loss=0.036| sh degree=3| :  74%|███████▍  | 5181/7000 [06:06<01:11, 25.42it/s]
loss=0.041| sh degree=3| :  74%|███████▍  | 5181/7000 [06:06<01:11, 25.42it/s]
loss=0.030| sh degree=3| :  74%|███████▍  | 5181/7000 [06:06<01:11, 25.42it/s]
loss=0.034| sh degree=3| :  74%|███████▍  | 5181/7000 [06:06<01:11, 25.42it/s]
loss=0.034| sh degree=3| :  74%|███████▍  | 5184/7000 [06:06<01:14, 24.28it/s]
loss=0.037| sh degree=3| :  74%|███████▍  | 5184/7000 [06:06<01:14, 24.28it/s]
loss=0.044| sh degree=3| :  74%|███████▍  | 5184/7000 [06:06<01:14, 24.28it/s]
loss=0.035| sh degree=3| :  74%|███████▍  | 5184/7000 [06:06<01:14, 24.28it/s]
loss=0.035| sh degree=3| :  74%|███████▍  | 5187/7000 [06:06<01:24, 21.51it/s]
loss=0.040| sh degree=3| :  74%|███████▍  | 5187/7000 [06:06<01:24, 21.51it/s]
loss=0.035| sh degree=3| :  74%|███████▍  | 5187/7000 [06:06<01:24, 21.51it/s]
loss=0.044| sh degree=3| :  74%|███████▍  | 5187/7000 [06:06<01:24, 21.51it/s]
loss=0.044| sh degree=3| :  74%|███████▍  | 5190/7000 [06:06<01:28, 20.34it/s]
loss=0.045| sh degree=3| :  74%|███████▍  | 5190/7000 [06:06<01:28, 20.34it/s]
loss=0.038| sh degree=3| :  74%|███████▍  | 5190/7000 [06:06<01:28, 20.34it/s]
loss=0.050| sh degree=3| :  74%|███████▍  | 5190/7000 [06:07<01:28, 20.34it/s]
loss=0.050| sh degree=3| :  74%|███████▍  | 5193/7000 [06:07<01:24, 21.36it/s]
loss=0.040| sh degree=3| :  74%|███████▍  | 5193/7000 [06:07<01:24, 21.36it/s]
loss=0.039| sh degree=3| :  74%|███████▍  | 5193/7000 [06:07<01:24, 21.36it/s]
loss=0.059| sh degree=3| :  74%|███████▍  | 5193/7000 [06:07<01:24, 21.36it/s]
loss=0.059| sh degree=3| :  74%|███████▍  | 5196/7000 [06:07<01:19, 22.73it/s]
loss=0.035| sh degree=3| :  74%|███████▍  | 5196/7000 [06:07<01:19, 22.73it/s]
loss=0.046| sh degree=3| :  74%|███████▍  | 5196/7000 [06:07<01:19, 22.73it/s]
loss=0.074| sh degree=3| :  74%|███████▍  | 5196/7000 [06:07<01:19, 22.73it/s]
loss=0.074| sh degree=3| :  74%|███████▍  | 5199/7000 [06:07<01:14, 24.33it/s]
loss=0.067| sh degree=3| :  74%|███████▍  | 5199/7000 [06:07<01:14, 24.33it/s]
loss=0.035| sh degree=3| :  74%|███████▍  | 5199/7000 [06:07<01:14, 24.33it/s]
loss=0.034| sh degree=3| :  74%|███████▍  | 5199/7000 [06:07<01:14, 24.33it/s]
loss=0.034| sh degree=3| :  74%|███████▍  | 5202/7000 [06:07<01:21, 22.00it/s]
loss=0.032| sh degree=3| :  74%|███████▍  | 5202/7000 [06:07<01:21, 22.00it/s]
loss=0.044| sh degree=3| :  74%|███████▍  | 5202/7000 [06:07<01:21, 22.00it/s]
loss=0.065| sh degree=3| :  74%|███████▍  | 5202/7000 [06:07<01:21, 22.00it/s]
loss=0.065| sh degree=3| :  74%|███████▍  | 5205/7000 [06:07<01:21, 22.13it/s]
loss=0.061| sh degree=3| :  74%|███████▍  | 5205/7000 [06:07<01:21, 22.13it/s]
loss=0.041| sh degree=3| :  74%|███████▍  | 5205/7000 [06:07<01:21, 22.13it/s]
loss=0.045| sh degree=3| :  74%|███████▍  | 5205/7000 [06:07<01:21, 22.13it/s]
loss=0.045| sh degree=3| :  74%|███████▍  | 5208/7000 [06:07<01:21, 21.96it/s]
loss=0.048| sh degree=3| :  74%|███████▍  | 5208/7000 [06:07<01:21, 21.96it/s]
loss=0.033| sh degree=3| :  74%|███████▍  | 5208/7000 [06:07<01:21, 21.96it/s]
loss=0.048| sh degree=3| :  74%|███████▍  | 5208/7000 [06:07<01:21, 21.96it/s]
loss=0.048| sh degree=3| :  74%|███████▍  | 5211/7000 [06:07<01:18, 22.82it/s]
loss=0.032| sh degree=3| :  74%|███████▍  | 5211/7000 [06:07<01:18, 22.82it/s]
loss=0.044| sh degree=3| :  74%|███████▍  | 5211/7000 [06:07<01:18, 22.82it/s]
loss=0.041| sh degree=3| :  74%|███████▍  | 5211/7000 [06:07<01:18, 22.82it/s]
loss=0.041| sh degree=3| :  74%|███████▍  | 5214/7000 [06:07<01:23, 21.44it/s]
loss=0.031| sh degree=3| :  74%|███████▍  | 5214/7000 [06:08<01:23, 21.44it/s]
loss=0.032| sh degree=3| :  74%|███████▍  | 5214/7000 [06:08<01:23, 21.44it/s]
loss=0.029| sh degree=3| :  74%|███████▍  | 5214/7000 [06:08<01:23, 21.44it/s]
loss=0.029| sh degree=3| :  75%|███████▍  | 5217/7000 [06:08<01:21, 21.84it/s]
loss=0.043| sh degree=3| :  75%|███████▍  | 5217/7000 [06:08<01:21, 21.84it/s]
loss=0.044| sh degree=3| :  75%|███████▍  | 5217/7000 [06:08<01:21, 21.84it/s]
loss=0.036| sh degree=3| :  75%|███████▍  | 5217/7000 [06:08<01:21, 21.84it/s]
loss=0.036| sh degree=3| :  75%|███████▍  | 5220/7000 [06:08<01:20, 22.21it/s]
loss=0.048| sh degree=3| :  75%|███████▍  | 5220/7000 [06:08<01:20, 22.21it/s]
loss=0.030| sh degree=3| :  75%|███████▍  | 5220/7000 [06:08<01:20, 22.21it/s]
loss=0.040| sh degree=3| :  75%|███████▍  | 5220/7000 [06:08<01:20, 22.21it/s]
loss=0.040| sh degree=3| :  75%|███████▍  | 5223/7000 [06:08<01:22, 21.51it/s]
loss=0.036| sh degree=3| :  75%|███████▍  | 5223/7000 [06:08<01:22, 21.51it/s]
loss=0.030| sh degree=3| :  75%|███████▍  | 5223/7000 [06:08<01:22, 21.51it/s]
loss=0.039| sh degree=3| :  75%|███████▍  | 5223/7000 [06:08<01:22, 21.51it/s]
loss=0.039| sh degree=3| :  75%|███████▍  | 5226/7000 [06:08<01:20, 22.04it/s]
loss=0.044| sh degree=3| :  75%|███████▍  | 5226/7000 [06:08<01:20, 22.04it/s]
loss=0.051| sh degree=3| :  75%|███████▍  | 5226/7000 [06:08<01:20, 22.04it/s]
loss=0.046| sh degree=3| :  75%|███████▍  | 5226/7000 [06:08<01:20, 22.04it/s]
loss=0.046| sh degree=3| :  75%|███████▍  | 5229/7000 [06:08<01:21, 21.79it/s]
loss=0.040| sh degree=3| :  75%|███████▍  | 5229/7000 [06:08<01:21, 21.79it/s]
loss=0.033| sh degree=3| :  75%|███████▍  | 5229/7000 [06:08<01:21, 21.79it/s]
loss=0.030| sh degree=3| :  75%|███████▍  | 5229/7000 [06:08<01:21, 21.79it/s]
loss=0.030| sh degree=3| :  75%|███████▍  | 5232/7000 [06:08<01:18, 22.47it/s]
loss=0.029| sh degree=3| :  75%|███████▍  | 5232/7000 [06:08<01:18, 22.47it/s]
loss=0.062| sh degree=3| :  75%|███████▍  | 5232/7000 [06:08<01:18, 22.47it/s]
loss=0.044| sh degree=3| :  75%|███████▍  | 5232/7000 [06:08<01:18, 22.47it/s]
loss=0.044| sh degree=3| :  75%|███████▍  | 5235/7000 [06:08<01:16, 23.03it/s]
loss=0.042| sh degree=3| :  75%|███████▍  | 5235/7000 [06:08<01:16, 23.03it/s]
loss=0.028| sh degree=3| :  75%|███████▍  | 5235/7000 [06:08<01:16, 23.03it/s]
loss=0.040| sh degree=3| :  75%|███████▍  | 5235/7000 [06:09<01:16, 23.03it/s]
loss=0.040| sh degree=3| :  75%|███████▍  | 5238/7000 [06:09<01:18, 22.54it/s]
loss=0.032| sh degree=3| :  75%|███████▍  | 5238/7000 [06:09<01:18, 22.54it/s]
loss=0.046| sh degree=3| :  75%|███████▍  | 5238/7000 [06:09<01:18, 22.54it/s]
loss=0.046| sh degree=3| :  75%|███████▍  | 5238/7000 [06:09<01:18, 22.54it/s]
loss=0.046| sh degree=3| :  75%|███████▍  | 5241/7000 [06:09<01:18, 22.40it/s]
loss=0.035| sh degree=3| :  75%|███████▍  | 5241/7000 [06:09<01:18, 22.40it/s]
loss=0.052| sh degree=3| :  75%|███████▍  | 5241/7000 [06:09<01:18, 22.40it/s]
loss=0.035| sh degree=3| :  75%|███████▍  | 5241/7000 [06:09<01:18, 22.40it/s]
loss=0.035| sh degree=3| :  75%|███████▍  | 5244/7000 [06:09<01:19, 22.10it/s]
loss=0.040| sh degree=3| :  75%|███████▍  | 5244/7000 [06:09<01:19, 22.10it/s]
loss=0.039| sh degree=3| :  75%|███████▍  | 5244/7000 [06:09<01:19, 22.10it/s]
loss=0.039| sh degree=3| :  75%|███████▍  | 5244/7000 [06:09<01:19, 22.10it/s]
loss=0.039| sh degree=3| :  75%|███████▍  | 5247/7000 [06:09<01:24, 20.86it/s]
loss=0.038| sh degree=3| :  75%|███████▍  | 5247/7000 [06:09<01:24, 20.86it/s]
loss=0.029| sh degree=3| :  75%|███████▍  | 5247/7000 [06:09<01:24, 20.86it/s]
loss=0.029| sh degree=3| :  75%|███████▍  | 5247/7000 [06:09<01:24, 20.86it/s]
loss=0.029| sh degree=3| :  75%|███████▌  | 5250/7000 [06:09<01:28, 19.72it/s]
loss=0.029| sh degree=3| :  75%|███████▌  | 5250/7000 [06:09<01:28, 19.72it/s]
loss=0.030| sh degree=3| :  75%|███████▌  | 5250/7000 [06:09<01:28, 19.72it/s]
loss=0.038| sh degree=3| :  75%|███████▌  | 5250/7000 [06:09<01:28, 19.72it/s]
loss=0.038| sh degree=3| :  75%|███████▌  | 5253/7000 [06:09<01:27, 19.97it/s]
loss=0.034| sh degree=3| :  75%|███████▌  | 5253/7000 [06:09<01:27, 19.97it/s]
loss=0.040| sh degree=3| :  75%|███████▌  | 5253/7000 [06:09<01:27, 19.97it/s]
loss=0.041| sh degree=3| :  75%|███████▌  | 5253/7000 [06:09<01:27, 19.97it/s]
loss=0.041| sh degree=3| :  75%|███████▌  | 5256/7000 [06:09<01:21, 21.31it/s]
loss=0.045| sh degree=3| :  75%|███████▌  | 5256/7000 [06:09<01:21, 21.31it/s]
loss=0.031| sh degree=3| :  75%|███████▌  | 5256/7000 [06:10<01:21, 21.31it/s]
loss=0.040| sh degree=3| :  75%|███████▌  | 5256/7000 [06:10<01:21, 21.31it/s]
loss=0.040| sh degree=3| :  75%|███████▌  | 5259/7000 [06:10<01:30, 19.28it/s]
loss=0.037| sh degree=3| :  75%|███████▌  | 5259/7000 [06:10<01:30, 19.28it/s]
loss=0.031| sh degree=3| :  75%|███████▌  | 5259/7000 [06:10<01:30, 19.28it/s]
loss=0.043| sh degree=3| :  75%|███████▌  | 5259/7000 [06:10<01:30, 19.28it/s]
loss=0.043| sh degree=3| :  75%|███████▌  | 5262/7000 [06:10<01:27, 19.92it/s]
loss=0.038| sh degree=3| :  75%|███████▌  | 5262/7000 [06:10<01:27, 19.92it/s]
loss=0.043| sh degree=3| :  75%|███████▌  | 5262/7000 [06:10<01:27, 19.92it/s]
loss=0.034| sh degree=3| :  75%|███████▌  | 5262/7000 [06:10<01:27, 19.92it/s]
loss=0.034| sh degree=3| :  75%|███████▌  | 5265/7000 [06:10<01:22, 20.98it/s]
loss=0.034| sh degree=3| :  75%|███████▌  | 5265/7000 [06:10<01:22, 20.98it/s]
loss=0.046| sh degree=3| :  75%|███████▌  | 5265/7000 [06:10<01:22, 20.98it/s]
loss=0.028| sh degree=3| :  75%|███████▌  | 5265/7000 [06:10<01:22, 20.98it/s]
loss=0.028| sh degree=3| :  75%|███████▌  | 5268/7000 [06:10<01:23, 20.77it/s]
loss=0.030| sh degree=3| :  75%|███████▌  | 5268/7000 [06:10<01:23, 20.77it/s]
loss=0.044| sh degree=3| :  75%|███████▌  | 5268/7000 [06:10<01:23, 20.77it/s]
loss=0.052| sh degree=3| :  75%|███████▌  | 5268/7000 [06:10<01:23, 20.77it/s]
loss=0.052| sh degree=3| :  75%|███████▌  | 5271/7000 [06:10<01:21, 21.16it/s]
loss=0.046| sh degree=3| :  75%|███████▌  | 5271/7000 [06:10<01:21, 21.16it/s]
loss=0.050| sh degree=3| :  75%|███████▌  | 5271/7000 [06:10<01:21, 21.16it/s]
loss=0.043| sh degree=3| :  75%|███████▌  | 5271/7000 [06:10<01:21, 21.16it/s]
loss=0.043| sh degree=3| :  75%|███████▌  | 5274/7000 [06:10<01:17, 22.34it/s]
loss=0.043| sh degree=3| :  75%|███████▌  | 5274/7000 [06:10<01:17, 22.34it/s]
loss=0.033| sh degree=3| :  75%|███████▌  | 5274/7000 [06:10<01:17, 22.34it/s]
loss=0.034| sh degree=3| :  75%|███████▌  | 5274/7000 [06:10<01:17, 22.34it/s]
loss=0.034| sh degree=3| :  75%|███████▌  | 5277/7000 [06:10<01:14, 23.05it/s]
loss=0.044| sh degree=3| :  75%|███████▌  | 5277/7000 [06:10<01:14, 23.05it/s]
loss=0.044| sh degree=3| :  75%|███████▌  | 5277/7000 [06:10<01:14, 23.05it/s]
loss=0.044| sh degree=3| :  75%|███████▌  | 5277/7000 [06:11<01:14, 23.05it/s]
loss=0.044| sh degree=3| :  75%|███████▌  | 5280/7000 [06:11<01:19, 21.76it/s]
loss=0.031| sh degree=3| :  75%|███████▌  | 5280/7000 [06:11<01:19, 21.76it/s]
loss=0.050| sh degree=3| :  75%|███████▌  | 5280/7000 [06:11<01:19, 21.76it/s]
loss=0.044| sh degree=3| :  75%|███████▌  | 5280/7000 [06:11<01:19, 21.76it/s]
loss=0.044| sh degree=3| :  75%|███████▌  | 5283/7000 [06:11<01:19, 21.69it/s]
loss=0.034| sh degree=3| :  75%|███████▌  | 5283/7000 [06:11<01:19, 21.69it/s]
loss=0.029| sh degree=3| :  75%|███████▌  | 5283/7000 [06:11<01:19, 21.69it/s]
loss=0.073| sh degree=3| :  75%|███████▌  | 5283/7000 [06:11<01:19, 21.69it/s]
loss=0.073| sh degree=3| :  76%|███████▌  | 5286/7000 [06:11<01:17, 22.18it/s]
loss=0.074| sh degree=3| :  76%|███████▌  | 5286/7000 [06:11<01:17, 22.18it/s]
loss=0.030| sh degree=3| :  76%|███████▌  | 5286/7000 [06:11<01:17, 22.18it/s]
loss=0.044| sh degree=3| :  76%|███████▌  | 5286/7000 [06:11<01:17, 22.18it/s]
loss=0.044| sh degree=3| :  76%|███████▌  | 5289/7000 [06:11<01:15, 22.56it/s]
loss=0.032| sh degree=3| :  76%|███████▌  | 5289/7000 [06:11<01:15, 22.56it/s]
loss=0.031| sh degree=3| :  76%|███████▌  | 5289/7000 [06:11<01:15, 22.56it/s]
loss=0.051| sh degree=3| :  76%|███████▌  | 5289/7000 [06:11<01:15, 22.56it/s]
loss=0.051| sh degree=3| :  76%|███████▌  | 5292/7000 [06:11<01:14, 22.80it/s]
loss=0.047| sh degree=3| :  76%|███████▌  | 5292/7000 [06:11<01:14, 22.80it/s]
loss=0.043| sh degree=3| :  76%|███████▌  | 5292/7000 [06:11<01:14, 22.80it/s]
loss=0.042| sh degree=3| :  76%|███████▌  | 5292/7000 [06:11<01:14, 22.80it/s]
loss=0.042| sh degree=3| :  76%|███████▌  | 5295/7000 [06:11<01:13, 23.31it/s]
loss=0.032| sh degree=3| :  76%|███████▌  | 5295/7000 [06:11<01:13, 23.31it/s]
loss=0.043| sh degree=3| :  76%|███████▌  | 5295/7000 [06:11<01:13, 23.31it/s]
loss=0.042| sh degree=3| :  76%|███████▌  | 5295/7000 [06:11<01:13, 23.31it/s]
loss=0.042| sh degree=3| :  76%|███████▌  | 5298/7000 [06:11<01:14, 22.93it/s]
loss=0.043| sh degree=3| :  76%|███████▌  | 5298/7000 [06:11<01:14, 22.93it/s]
loss=0.039| sh degree=3| :  76%|███████▌  | 5298/7000 [06:11<01:14, 22.93it/s]
loss=0.035| sh degree=3| :  76%|███████▌  | 5298/7000 [06:11<01:14, 22.93it/s]
loss=0.035| sh degree=3| :  76%|███████▌  | 5301/7000 [06:11<01:17, 21.79it/s]
loss=0.034| sh degree=3| :  76%|███████▌  | 5301/7000 [06:12<01:17, 21.79it/s]
loss=0.042| sh degree=3| :  76%|███████▌  | 5301/7000 [06:12<01:17, 21.79it/s]
loss=0.044| sh degree=3| :  76%|███████▌  | 5301/7000 [06:12<01:17, 21.79it/s]
loss=0.044| sh degree=3| :  76%|███████▌  | 5304/7000 [06:12<01:15, 22.42it/s]
loss=0.042| sh degree=3| :  76%|███████▌  | 5304/7000 [06:12<01:15, 22.42it/s]
loss=0.032| sh degree=3| :  76%|███████▌  | 5304/7000 [06:12<01:15, 22.42it/s]
loss=0.031| sh degree=3| :  76%|███████▌  | 5304/7000 [06:12<01:15, 22.42it/s]
loss=0.031| sh degree=3| :  76%|███████▌  | 5307/7000 [06:12<01:22, 20.65it/s]
loss=0.046| sh degree=3| :  76%|███████▌  | 5307/7000 [06:12<01:22, 20.65it/s]
loss=0.060| sh degree=3| :  76%|███████▌  | 5307/7000 [06:12<01:22, 20.65it/s]
loss=0.045| sh degree=3| :  76%|███████▌  | 5307/7000 [06:12<01:22, 20.65it/s]
loss=0.045| sh degree=3| :  76%|███████▌  | 5310/7000 [06:12<01:22, 20.39it/s]
loss=0.042| sh degree=3| :  76%|███████▌  | 5310/7000 [06:12<01:22, 20.39it/s]
loss=0.031| sh degree=3| :  76%|███████▌  | 5310/7000 [06:12<01:22, 20.39it/s]
loss=0.040| sh degree=3| :  76%|███████▌  | 5310/7000 [06:12<01:22, 20.39it/s]
loss=0.040| sh degree=3| :  76%|███████▌  | 5313/7000 [06:12<01:17, 21.80it/s]
loss=0.045| sh degree=3| :  76%|███████▌  | 5313/7000 [06:12<01:17, 21.80it/s]
loss=0.034| sh degree=3| :  76%|███████▌  | 5313/7000 [06:12<01:17, 21.80it/s]
loss=0.042| sh degree=3| :  76%|███████▌  | 5313/7000 [06:12<01:17, 21.80it/s]
loss=0.042| sh degree=3| :  76%|███████▌  | 5316/7000 [06:12<01:18, 21.45it/s]
loss=0.029| sh degree=3| :  76%|███████▌  | 5316/7000 [06:12<01:18, 21.45it/s]
loss=0.039| sh degree=3| :  76%|███████▌  | 5316/7000 [06:12<01:18, 21.45it/s]
loss=0.029| sh degree=3| :  76%|███████▌  | 5316/7000 [06:12<01:18, 21.45it/s]
loss=0.029| sh degree=3| :  76%|███████▌  | 5319/7000 [06:12<01:14, 22.71it/s]
loss=0.034| sh degree=3| :  76%|███████▌  | 5319/7000 [06:12<01:14, 22.71it/s]
loss=0.036| sh degree=3| :  76%|███████▌  | 5319/7000 [06:12<01:14, 22.71it/s]
loss=0.049| sh degree=3| :  76%|███████▌  | 5319/7000 [06:12<01:14, 22.71it/s]
loss=0.049| sh degree=3| :  76%|███████▌  | 5322/7000 [06:12<01:13, 22.95it/s]
loss=0.029| sh degree=3| :  76%|███████▌  | 5322/7000 [06:12<01:13, 22.95it/s]
loss=0.035| sh degree=3| :  76%|███████▌  | 5322/7000 [06:13<01:13, 22.95it/s]
loss=0.050| sh degree=3| :  76%|███████▌  | 5322/7000 [06:13<01:13, 22.95it/s]
loss=0.050| sh degree=3| :  76%|███████▌  | 5325/7000 [06:13<01:14, 22.48it/s]
loss=0.032| sh degree=3| :  76%|███████▌  | 5325/7000 [06:13<01:14, 22.48it/s]
loss=0.048| sh degree=3| :  76%|███████▌  | 5325/7000 [06:13<01:14, 22.48it/s]
loss=0.044| sh degree=3| :  76%|███████▌  | 5325/7000 [06:13<01:14, 22.48it/s]
loss=0.044| sh degree=3| :  76%|███████▌  | 5328/7000 [06:13<01:13, 22.74it/s]
loss=0.035| sh degree=3| :  76%|███████▌  | 5328/7000 [06:13<01:13, 22.74it/s]
loss=0.030| sh degree=3| :  76%|███████▌  | 5328/7000 [06:13<01:13, 22.74it/s]
loss=0.037| sh degree=3| :  76%|███████▌  | 5328/7000 [06:13<01:13, 22.74it/s]
loss=0.037| sh degree=3| :  76%|███████▌  | 5331/7000 [06:13<01:16, 21.70it/s]
loss=0.039| sh degree=3| :  76%|███████▌  | 5331/7000 [06:13<01:16, 21.70it/s]
loss=0.032| sh degree=3| :  76%|███████▌  | 5331/7000 [06:13<01:16, 21.70it/s]
loss=0.038| sh degree=3| :  76%|███████▌  | 5331/7000 [06:13<01:16, 21.70it/s]
loss=0.038| sh degree=3| :  76%|███████▌  | 5334/7000 [06:13<01:10, 23.56it/s]
loss=0.055| sh degree=3| :  76%|███████▌  | 5334/7000 [06:13<01:10, 23.56it/s]
loss=0.033| sh degree=3| :  76%|███████▌  | 5334/7000 [06:13<01:10, 23.56it/s]
loss=0.030| sh degree=3| :  76%|███████▌  | 5334/7000 [06:13<01:10, 23.56it/s]
loss=0.030| sh degree=3| :  76%|███████▌  | 5337/7000 [06:13<01:13, 22.77it/s]
loss=0.029| sh degree=3| :  76%|███████▌  | 5337/7000 [06:13<01:13, 22.77it/s]
loss=0.038| sh degree=3| :  76%|███████▌  | 5337/7000 [06:13<01:13, 22.77it/s]
loss=0.031| sh degree=3| :  76%|███████▌  | 5337/7000 [06:13<01:13, 22.77it/s]
loss=0.031| sh degree=3| :  76%|███████▋  | 5340/7000 [06:13<01:10, 23.42it/s]
loss=0.044| sh degree=3| :  76%|███████▋  | 5340/7000 [06:13<01:10, 23.42it/s]
loss=0.042| sh degree=3| :  76%|███████▋  | 5340/7000 [06:13<01:10, 23.42it/s]
loss=0.039| sh degree=3| :  76%|███████▋  | 5340/7000 [06:13<01:10, 23.42it/s]
loss=0.039| sh degree=3| :  76%|███████▋  | 5343/7000 [06:13<01:08, 24.22it/s]
loss=0.029| sh degree=3| :  76%|███████▋  | 5343/7000 [06:13<01:08, 24.22it/s]
loss=0.045| sh degree=3| :  76%|███████▋  | 5343/7000 [06:13<01:08, 24.22it/s]
loss=0.043| sh degree=3| :  76%|███████▋  | 5343/7000 [06:13<01:08, 24.22it/s]
loss=0.043| sh degree=3| :  76%|███████▋  | 5346/7000 [06:13<01:08, 24.32it/s]
loss=0.038| sh degree=3| :  76%|███████▋  | 5346/7000 [06:13<01:08, 24.32it/s]
loss=0.041| sh degree=3| :  76%|███████▋  | 5346/7000 [06:14<01:08, 24.32it/s]
loss=0.034| sh degree=3| :  76%|███████▋  | 5346/7000 [06:14<01:08, 24.32it/s]
loss=0.032| sh degree=3| :  76%|███████▋  | 5346/7000 [06:14<01:08, 24.32it/s]
loss=0.032| sh degree=3| :  76%|███████▋  | 5350/7000 [06:14<01:01, 26.63it/s]
loss=0.040| sh degree=3| :  76%|███████▋  | 5350/7000 [06:14<01:01, 26.63it/s]
loss=0.052| sh degree=3| :  76%|███████▋  | 5350/7000 [06:14<01:01, 26.63it/s]
loss=0.034| sh degree=3| :  76%|███████▋  | 5350/7000 [06:14<01:01, 26.63it/s]
loss=0.041| sh degree=3| :  76%|███████▋  | 5350/7000 [06:14<01:01, 26.63it/s]
loss=0.041| sh degree=3| :  76%|███████▋  | 5354/7000 [06:14<00:57, 28.57it/s]
loss=0.043| sh degree=3| :  76%|███████▋  | 5354/7000 [06:14<00:57, 28.57it/s]
loss=0.057| sh degree=3| :  76%|███████▋  | 5354/7000 [06:14<00:57, 28.57it/s]
loss=0.031| sh degree=3| :  76%|███████▋  | 5354/7000 [06:14<00:57, 28.57it/s]
loss=0.031| sh degree=3| :  77%|███████▋  | 5357/7000 [06:14<01:32, 17.75it/s]
loss=0.029| sh degree=3| :  77%|███████▋  | 5357/7000 [06:14<01:32, 17.75it/s]
loss=0.051| sh degree=3| :  77%|███████▋  | 5357/7000 [06:14<01:32, 17.75it/s]
loss=0.039| sh degree=3| :  77%|███████▋  | 5357/7000 [06:14<01:32, 17.75it/s]
loss=0.039| sh degree=3| :  77%|███████▋  | 5360/7000 [06:14<01:27, 18.84it/s]
loss=0.043| sh degree=3| :  77%|███████▋  | 5360/7000 [06:14<01:27, 18.84it/s]
loss=0.030| sh degree=3| :  77%|███████▋  | 5360/7000 [06:14<01:27, 18.84it/s]
loss=0.047| sh degree=3| :  77%|███████▋  | 5360/7000 [06:14<01:27, 18.84it/s]
loss=0.047| sh degree=3| :  77%|███████▋  | 5363/7000 [06:14<01:18, 20.87it/s]
loss=0.032| sh degree=3| :  77%|███████▋  | 5363/7000 [06:14<01:18, 20.87it/s]
loss=0.040| sh degree=3| :  77%|███████▋  | 5363/7000 [06:14<01:18, 20.87it/s]
loss=0.042| sh degree=3| :  77%|███████▋  | 5363/7000 [06:14<01:18, 20.87it/s]
loss=0.042| sh degree=3| :  77%|███████▋  | 5366/7000 [06:14<01:17, 21.18it/s]
loss=0.028| sh degree=3| :  77%|███████▋  | 5366/7000 [06:14<01:17, 21.18it/s]
loss=0.047| sh degree=3| :  77%|███████▋  | 5366/7000 [06:15<01:17, 21.18it/s]
loss=0.038| sh degree=3| :  77%|███████▋  | 5366/7000 [06:15<01:17, 21.18it/s]
loss=0.038| sh degree=3| :  77%|███████▋  | 5369/7000 [06:15<01:13, 22.18it/s]
loss=0.028| sh degree=3| :  77%|███████▋  | 5369/7000 [06:15<01:13, 22.18it/s]
loss=0.057| sh degree=3| :  77%|███████▋  | 5369/7000 [06:15<01:13, 22.18it/s]
loss=0.031| sh degree=3| :  77%|███████▋  | 5369/7000 [06:15<01:13, 22.18it/s]
loss=0.031| sh degree=3| :  77%|███████▋  | 5372/7000 [06:15<01:10, 23.15it/s]
loss=0.039| sh degree=3| :  77%|███████▋  | 5372/7000 [06:15<01:10, 23.15it/s]
loss=0.057| sh degree=3| :  77%|███████▋  | 5372/7000 [06:15<01:10, 23.15it/s]
loss=0.041| sh degree=3| :  77%|███████▋  | 5372/7000 [06:15<01:10, 23.15it/s]
loss=0.048| sh degree=3| :  77%|███████▋  | 5372/7000 [06:15<01:10, 23.15it/s]
loss=0.048| sh degree=3| :  77%|███████▋  | 5376/7000 [06:15<01:05, 24.74it/s]
loss=0.042| sh degree=3| :  77%|███████▋  | 5376/7000 [06:15<01:05, 24.74it/s]
loss=0.038| sh degree=3| :  77%|███████▋  | 5376/7000 [06:15<01:05, 24.74it/s]
loss=0.027| sh degree=3| :  77%|███████▋  | 5376/7000 [06:15<01:05, 24.74it/s]
loss=0.027| sh degree=3| :  77%|███████▋  | 5379/7000 [06:15<01:11, 22.68it/s]
loss=0.029| sh degree=3| :  77%|███████▋  | 5379/7000 [06:15<01:11, 22.68it/s]
loss=0.041| sh degree=3| :  77%|███████▋  | 5379/7000 [06:15<01:11, 22.68it/s]
loss=0.038| sh degree=3| :  77%|███████▋  | 5379/7000 [06:15<01:11, 22.68it/s]
loss=0.038| sh degree=3| :  77%|███████▋  | 5382/7000 [06:15<01:12, 22.46it/s]
loss=0.047| sh degree=3| :  77%|███████▋  | 5382/7000 [06:15<01:12, 22.46it/s]
loss=0.032| sh degree=3| :  77%|███████▋  | 5382/7000 [06:15<01:12, 22.46it/s]
loss=0.045| sh degree=3| :  77%|███████▋  | 5382/7000 [06:15<01:12, 22.46it/s]
loss=0.045| sh degree=3| :  77%|███████▋  | 5385/7000 [06:15<01:08, 23.58it/s]
loss=0.028| sh degree=3| :  77%|███████▋  | 5385/7000 [06:15<01:08, 23.58it/s]
loss=0.043| sh degree=3| :  77%|███████▋  | 5385/7000 [06:15<01:08, 23.58it/s]
loss=0.057| sh degree=3| :  77%|███████▋  | 5385/7000 [06:15<01:08, 23.58it/s]
loss=0.057| sh degree=3| :  77%|███████▋  | 5388/7000 [06:15<01:09, 23.27it/s]
loss=0.027| sh degree=3| :  77%|███████▋  | 5388/7000 [06:15<01:09, 23.27it/s]
loss=0.038| sh degree=3| :  77%|███████▋  | 5388/7000 [06:15<01:09, 23.27it/s]
loss=0.033| sh degree=3| :  77%|███████▋  | 5388/7000 [06:15<01:09, 23.27it/s]
loss=0.034| sh degree=3| :  77%|███████▋  | 5388/7000 [06:15<01:09, 23.27it/s]
loss=0.034| sh degree=3| :  77%|███████▋  | 5392/7000 [06:15<01:05, 24.49it/s]
loss=0.032| sh degree=3| :  77%|███████▋  | 5392/7000 [06:16<01:05, 24.49it/s]
loss=0.042| sh degree=3| :  77%|███████▋  | 5392/7000 [06:16<01:05, 24.49it/s]
loss=0.033| sh degree=3| :  77%|███████▋  | 5392/7000 [06:16<01:05, 24.49it/s]
loss=0.033| sh degree=3| :  77%|███████▋  | 5395/7000 [06:16<01:07, 23.71it/s]
loss=0.045| sh degree=3| :  77%|███████▋  | 5395/7000 [06:16<01:07, 23.71it/s]
loss=0.031| sh degree=3| :  77%|███████▋  | 5395/7000 [06:16<01:07, 23.71it/s]
loss=0.044| sh degree=3| :  77%|███████▋  | 5395/7000 [06:16<01:07, 23.71it/s]
loss=0.044| sh degree=3| :  77%|███████▋  | 5398/7000 [06:16<01:09, 23.03it/s]
loss=0.046| sh degree=3| :  77%|███████▋  | 5398/7000 [06:16<01:09, 23.03it/s]
loss=0.042| sh degree=3| :  77%|███████▋  | 5398/7000 [06:16<01:09, 23.03it/s]
loss=0.032| sh degree=3| :  77%|███████▋  | 5398/7000 [06:16<01:09, 23.03it/s]
loss=0.032| sh degree=3| :  77%|███████▋  | 5401/7000 [06:16<01:18, 20.50it/s]
loss=0.033| sh degree=3| :  77%|███████▋  | 5401/7000 [06:16<01:18, 20.50it/s]
loss=0.040| sh degree=3| :  77%|███████▋  | 5401/7000 [06:16<01:18, 20.50it/s]
loss=0.032| sh degree=3| :  77%|███████▋  | 5401/7000 [06:16<01:18, 20.50it/s]
loss=0.030| sh degree=3| :  77%|███████▋  | 5401/7000 [06:16<01:18, 20.50it/s]
loss=0.030| sh degree=3| :  77%|███████▋  | 5405/7000 [06:16<01:10, 22.75it/s]
loss=0.036| sh degree=3| :  77%|███████▋  | 5405/7000 [06:16<01:10, 22.75it/s]
loss=0.044| sh degree=3| :  77%|███████▋  | 5405/7000 [06:16<01:10, 22.75it/s]
loss=0.033| sh degree=3| :  77%|███████▋  | 5405/7000 [06:16<01:10, 22.75it/s]
loss=0.033| sh degree=3| :  77%|███████▋  | 5408/7000 [06:16<01:08, 23.11it/s]
loss=0.028| sh degree=3| :  77%|███████▋  | 5408/7000 [06:16<01:08, 23.11it/s]
loss=0.051| sh degree=3| :  77%|███████▋  | 5408/7000 [06:16<01:08, 23.11it/s]
loss=0.030| sh degree=3| :  77%|███████▋  | 5408/7000 [06:16<01:08, 23.11it/s]
loss=0.030| sh degree=3| :  77%|███████▋  | 5411/7000 [06:16<01:11, 22.22it/s]
loss=0.094| sh degree=3| :  77%|███████▋  | 5411/7000 [06:16<01:11, 22.22it/s]
loss=0.050| sh degree=3| :  77%|███████▋  | 5411/7000 [06:16<01:11, 22.22it/s]
loss=0.040| sh degree=3| :  77%|███████▋  | 5411/7000 [06:16<01:11, 22.22it/s]
loss=0.040| sh degree=3| :  77%|███████▋  | 5414/7000 [06:16<01:09, 22.87it/s]
loss=0.041| sh degree=3| :  77%|███████▋  | 5414/7000 [06:17<01:09, 22.87it/s]
loss=0.045| sh degree=3| :  77%|███████▋  | 5414/7000 [06:17<01:09, 22.87it/s]
loss=0.036| sh degree=3| :  77%|███████▋  | 5414/7000 [06:17<01:09, 22.87it/s]
loss=0.036| sh degree=3| :  77%|███████▋  | 5417/7000 [06:17<01:09, 22.77it/s]
loss=0.039| sh degree=3| :  77%|███████▋  | 5417/7000 [06:17<01:09, 22.77it/s]
loss=0.042| sh degree=3| :  77%|███████▋  | 5417/7000 [06:17<01:09, 22.77it/s]
loss=0.044| sh degree=3| :  77%|███████▋  | 5417/7000 [06:17<01:09, 22.77it/s]
loss=0.044| sh degree=3| :  77%|███████▋  | 5420/7000 [06:17<01:06, 23.89it/s]
loss=0.040| sh degree=3| :  77%|███████▋  | 5420/7000 [06:17<01:06, 23.89it/s]
loss=0.035| sh degree=3| :  77%|███████▋  | 5420/7000 [06:17<01:06, 23.89it/s]
loss=0.044| sh degree=3| :  77%|███████▋  | 5420/7000 [06:17<01:06, 23.89it/s]
loss=0.030| sh degree=3| :  77%|███████▋  | 5420/7000 [06:17<01:06, 23.89it/s]
loss=0.030| sh degree=3| :  77%|███████▋  | 5424/7000 [06:17<01:00, 25.85it/s]
loss=0.043| sh degree=3| :  77%|███████▋  | 5424/7000 [06:17<01:00, 25.85it/s]
loss=0.044| sh degree=3| :  77%|███████▋  | 5424/7000 [06:17<01:00, 25.85it/s]
loss=0.032| sh degree=3| :  77%|███████▋  | 5424/7000 [06:17<01:00, 25.85it/s]
loss=0.032| sh degree=3| :  78%|███████▊  | 5427/7000 [06:17<01:00, 26.10it/s]
loss=0.037| sh degree=3| :  78%|███████▊  | 5427/7000 [06:17<01:00, 26.10it/s]
loss=0.037| sh degree=3| :  78%|███████▊  | 5427/7000 [06:17<01:00, 26.10it/s]
loss=0.045| sh degree=3| :  78%|███████▊  | 5427/7000 [06:17<01:00, 26.10it/s]
loss=0.045| sh degree=3| :  78%|███████▊  | 5430/7000 [06:17<01:01, 25.54it/s]
loss=0.044| sh degree=3| :  78%|███████▊  | 5430/7000 [06:17<01:01, 25.54it/s]
loss=0.041| sh degree=3| :  78%|███████▊  | 5430/7000 [06:17<01:01, 25.54it/s]
loss=0.043| sh degree=3| :  78%|███████▊  | 5430/7000 [06:17<01:01, 25.54it/s]
loss=0.043| sh degree=3| :  78%|███████▊  | 5433/7000 [06:17<01:01, 25.67it/s]
loss=0.027| sh degree=3| :  78%|███████▊  | 5433/7000 [06:17<01:01, 25.67it/s]
loss=0.064| sh degree=3| :  78%|███████▊  | 5433/7000 [06:17<01:01, 25.67it/s]
loss=0.048| sh degree=3| :  78%|███████▊  | 5433/7000 [06:17<01:01, 25.67it/s]
loss=0.048| sh degree=3| :  78%|███████▊  | 5436/7000 [06:17<01:06, 23.47it/s]
loss=0.068| sh degree=3| :  78%|███████▊  | 5436/7000 [06:17<01:06, 23.47it/s]
loss=0.042| sh degree=3| :  78%|███████▊  | 5436/7000 [06:17<01:06, 23.47it/s]
loss=0.042| sh degree=3| :  78%|███████▊  | 5436/7000 [06:17<01:06, 23.47it/s]
loss=0.042| sh degree=3| :  78%|███████▊  | 5439/7000 [06:17<01:04, 24.06it/s]
loss=0.040| sh degree=3| :  78%|███████▊  | 5439/7000 [06:18<01:04, 24.06it/s]
loss=0.028| sh degree=3| :  78%|███████▊  | 5439/7000 [06:18<01:04, 24.06it/s]
loss=0.040| sh degree=3| :  78%|███████▊  | 5439/7000 [06:18<01:04, 24.06it/s]
loss=0.040| sh degree=3| :  78%|███████▊  | 5442/7000 [06:18<01:01, 25.31it/s]
loss=0.043| sh degree=3| :  78%|███████▊  | 5442/7000 [06:18<01:01, 25.31it/s]
loss=0.031| sh degree=3| :  78%|███████▊  | 5442/7000 [06:18<01:01, 25.31it/s]
loss=0.044| sh degree=3| :  78%|███████▊  | 5442/7000 [06:18<01:01, 25.31it/s]
loss=0.044| sh degree=3| :  78%|███████▊  | 5445/7000 [06:18<01:01, 25.41it/s]
loss=0.053| sh degree=3| :  78%|███████▊  | 5445/7000 [06:18<01:01, 25.41it/s]
loss=0.026| sh degree=3| :  78%|███████▊  | 5445/7000 [06:18<01:01, 25.41it/s]
loss=0.031| sh degree=3| :  78%|███████▊  | 5445/7000 [06:18<01:01, 25.41it/s]
loss=0.031| sh degree=3| :  78%|███████▊  | 5448/7000 [06:18<01:05, 23.61it/s]
loss=0.032| sh degree=3| :  78%|███████▊  | 5448/7000 [06:18<01:05, 23.61it/s]
loss=0.034| sh degree=3| :  78%|███████▊  | 5448/7000 [06:18<01:05, 23.61it/s]
loss=0.040| sh degree=3| :  78%|███████▊  | 5448/7000 [06:18<01:05, 23.61it/s]
loss=0.040| sh degree=3| :  78%|███████▊  | 5451/7000 [06:18<01:02, 24.82it/s]
loss=0.038| sh degree=3| :  78%|███████▊  | 5451/7000 [06:18<01:02, 24.82it/s]
loss=0.027| sh degree=3| :  78%|███████▊  | 5451/7000 [06:18<01:02, 24.82it/s]
loss=0.050| sh degree=3| :  78%|███████▊  | 5451/7000 [06:18<01:02, 24.82it/s]
loss=0.050| sh degree=3| :  78%|███████▊  | 5454/7000 [06:18<01:06, 23.17it/s]
loss=0.033| sh degree=3| :  78%|███████▊  | 5454/7000 [06:18<01:06, 23.17it/s]
loss=0.033| sh degree=3| :  78%|███████▊  | 5454/7000 [06:18<01:06, 23.17it/s]
loss=0.035| sh degree=3| :  78%|███████▊  | 5454/7000 [06:18<01:06, 23.17it/s]
loss=0.035| sh degree=3| :  78%|███████▊  | 5457/7000 [06:18<01:05, 23.54it/s]
loss=0.040| sh degree=3| :  78%|███████▊  | 5457/7000 [06:18<01:05, 23.54it/s]
loss=0.038| sh degree=3| :  78%|███████▊  | 5457/7000 [06:18<01:05, 23.54it/s]
loss=0.037| sh degree=3| :  78%|███████▊  | 5457/7000 [06:18<01:05, 23.54it/s]
loss=0.037| sh degree=3| :  78%|███████▊  | 5460/7000 [06:18<01:04, 23.92it/s]
loss=0.032| sh degree=3| :  78%|███████▊  | 5460/7000 [06:18<01:04, 23.92it/s]
loss=0.046| sh degree=3| :  78%|███████▊  | 5460/7000 [06:18<01:04, 23.92it/s]
loss=0.033| sh degree=3| :  78%|███████▊  | 5460/7000 [06:18<01:04, 23.92it/s]
loss=0.033| sh degree=3| :  78%|███████▊  | 5463/7000 [06:18<01:03, 24.38it/s]
loss=0.042| sh degree=3| :  78%|███████▊  | 5463/7000 [06:18<01:03, 24.38it/s]
loss=0.037| sh degree=3| :  78%|███████▊  | 5463/7000 [06:19<01:03, 24.38it/s]
loss=0.034| sh degree=3| :  78%|███████▊  | 5463/7000 [06:19<01:03, 24.38it/s]
loss=0.034| sh degree=3| :  78%|███████▊  | 5466/7000 [06:19<01:02, 24.55it/s]
loss=0.030| sh degree=3| :  78%|███████▊  | 5466/7000 [06:19<01:02, 24.55it/s]
loss=0.042| sh degree=3| :  78%|███████▊  | 5466/7000 [06:19<01:02, 24.55it/s]
loss=0.038| sh degree=3| :  78%|███████▊  | 5466/7000 [06:19<01:02, 24.55it/s]
loss=0.038| sh degree=3| :  78%|███████▊  | 5469/7000 [06:19<01:00, 25.20it/s]
loss=0.040| sh degree=3| :  78%|███████▊  | 5469/7000 [06:19<01:00, 25.20it/s]
loss=0.040| sh degree=3| :  78%|███████▊  | 5469/7000 [06:19<01:00, 25.20it/s]
loss=0.030| sh degree=3| :  78%|███████▊  | 5469/7000 [06:19<01:00, 25.20it/s]
loss=0.030| sh degree=3| :  78%|███████▊  | 5472/7000 [06:19<00:58, 26.15it/s]
loss=0.041| sh degree=3| :  78%|███████▊  | 5472/7000 [06:19<00:58, 26.15it/s]
loss=0.032| sh degree=3| :  78%|███████▊  | 5472/7000 [06:19<00:58, 26.15it/s]
loss=0.049| sh degree=3| :  78%|███████▊  | 5472/7000 [06:19<00:58, 26.15it/s]
loss=0.049| sh degree=3| :  78%|███████▊  | 5475/7000 [06:19<01:01, 24.75it/s]
loss=0.041| sh degree=3| :  78%|███████▊  | 5475/7000 [06:19<01:01, 24.75it/s]
loss=0.041| sh degree=3| :  78%|███████▊  | 5475/7000 [06:19<01:01, 24.75it/s]
loss=0.029| sh degree=3| :  78%|███████▊  | 5475/7000 [06:19<01:01, 24.75it/s]
loss=0.029| sh degree=3| :  78%|███████▊  | 5478/7000 [06:19<01:04, 23.65it/s]
loss=0.028| sh degree=3| :  78%|███████▊  | 5478/7000 [06:19<01:04, 23.65it/s]
loss=0.047| sh degree=3| :  78%|███████▊  | 5478/7000 [06:19<01:04, 23.65it/s]
loss=0.033| sh degree=3| :  78%|███████▊  | 5478/7000 [06:19<01:04, 23.65it/s]
loss=0.033| sh degree=3| :  78%|███████▊  | 5481/7000 [06:19<01:02, 24.21it/s]
loss=0.027| sh degree=3| :  78%|███████▊  | 5481/7000 [06:19<01:02, 24.21it/s]
loss=0.040| sh degree=3| :  78%|███████▊  | 5481/7000 [06:19<01:02, 24.21it/s]
loss=0.034| sh degree=3| :  78%|███████▊  | 5481/7000 [06:19<01:02, 24.21it/s]
loss=0.044| sh degree=3| :  78%|███████▊  | 5481/7000 [06:19<01:02, 24.21it/s]
loss=0.044| sh degree=3| :  78%|███████▊  | 5485/7000 [06:19<00:58, 25.89it/s]
loss=0.035| sh degree=3| :  78%|███████▊  | 5485/7000 [06:19<00:58, 25.89it/s]
loss=0.046| sh degree=3| :  78%|███████▊  | 5485/7000 [06:19<00:58, 25.89it/s]
loss=0.043| sh degree=3| :  78%|███████▊  | 5485/7000 [06:19<00:58, 25.89it/s]
loss=0.043| sh degree=3| :  78%|███████▊  | 5488/7000 [06:19<00:59, 25.33it/s]
loss=0.044| sh degree=3| :  78%|███████▊  | 5488/7000 [06:19<00:59, 25.33it/s]
loss=0.030| sh degree=3| :  78%|███████▊  | 5488/7000 [06:20<00:59, 25.33it/s]
loss=0.029| sh degree=3| :  78%|███████▊  | 5488/7000 [06:20<00:59, 25.33it/s]
loss=0.029| sh degree=3| :  78%|███████▊  | 5491/7000 [06:20<01:05, 23.21it/s]
loss=0.028| sh degree=3| :  78%|███████▊  | 5491/7000 [06:20<01:05, 23.21it/s]
loss=0.038| sh degree=3| :  78%|███████▊  | 5491/7000 [06:20<01:05, 23.21it/s]
loss=0.036| sh degree=3| :  78%|███████▊  | 5491/7000 [06:20<01:05, 23.21it/s]
loss=0.036| sh degree=3| :  78%|███████▊  | 5494/7000 [06:20<01:10, 21.30it/s]
loss=0.031| sh degree=3| :  78%|███████▊  | 5494/7000 [06:20<01:10, 21.30it/s]
loss=0.053| sh degree=3| :  78%|███████▊  | 5494/7000 [06:20<01:10, 21.30it/s]
loss=0.034| sh degree=3| :  78%|███████▊  | 5494/7000 [06:20<01:10, 21.30it/s]
loss=0.034| sh degree=3| :  79%|███████▊  | 5497/7000 [06:20<01:19, 18.83it/s]
loss=0.043| sh degree=3| :  79%|███████▊  | 5497/7000 [06:20<01:19, 18.83it/s]
loss=0.052| sh degree=3| :  79%|███████▊  | 5497/7000 [06:20<01:19, 18.83it/s]
loss=0.031| sh degree=3| :  79%|███████▊  | 5497/7000 [06:20<01:19, 18.83it/s]
loss=0.031| sh degree=3| :  79%|███████▊  | 5500/7000 [06:20<01:13, 20.36it/s]
loss=0.033| sh degree=3| :  79%|███████▊  | 5500/7000 [06:20<01:13, 20.36it/s]
loss=0.034| sh degree=3| :  79%|███████▊  | 5500/7000 [06:20<01:13, 20.36it/s]
loss=0.038| sh degree=3| :  79%|███████▊  | 5500/7000 [06:20<01:13, 20.36it/s]
loss=0.038| sh degree=3| :  79%|███████▊  | 5503/7000 [06:20<01:19, 18.83it/s]
loss=0.041| sh degree=3| :  79%|███████▊  | 5503/7000 [06:20<01:19, 18.83it/s]
loss=0.068| sh degree=3| :  79%|███████▊  | 5503/7000 [06:20<01:19, 18.83it/s]
loss=0.043| sh degree=3| :  79%|███████▊  | 5503/7000 [06:20<01:19, 18.83it/s]
loss=0.043| sh degree=3| :  79%|███████▊  | 5506/7000 [06:20<01:14, 20.08it/s]
loss=0.046| sh degree=3| :  79%|███████▊  | 5506/7000 [06:20<01:14, 20.08it/s]
loss=0.044| sh degree=3| :  79%|███████▊  | 5506/7000 [06:21<01:14, 20.08it/s]
loss=0.040| sh degree=3| :  79%|███████▊  | 5506/7000 [06:21<01:14, 20.08it/s]
loss=0.040| sh degree=3| :  79%|███████▊  | 5509/7000 [06:21<01:11, 20.91it/s]
loss=0.035| sh degree=3| :  79%|███████▊  | 5509/7000 [06:21<01:11, 20.91it/s]
loss=0.044| sh degree=3| :  79%|███████▊  | 5509/7000 [06:21<01:11, 20.91it/s]
loss=0.047| sh degree=3| :  79%|███████▊  | 5509/7000 [06:21<01:11, 20.91it/s]
loss=0.047| sh degree=3| :  79%|███████▊  | 5512/7000 [06:21<01:09, 21.39it/s]
loss=0.041| sh degree=3| :  79%|███████▊  | 5512/7000 [06:21<01:09, 21.39it/s]
loss=0.036| sh degree=3| :  79%|███████▊  | 5512/7000 [06:21<01:09, 21.39it/s]
loss=0.041| sh degree=3| :  79%|███████▊  | 5512/7000 [06:21<01:09, 21.39it/s]
loss=0.041| sh degree=3| :  79%|███████▉  | 5515/7000 [06:21<01:11, 20.86it/s]
loss=0.040| sh degree=3| :  79%|███████▉  | 5515/7000 [06:21<01:11, 20.86it/s]
loss=0.030| sh degree=3| :  79%|███████▉  | 5515/7000 [06:21<01:11, 20.86it/s]
loss=0.035| sh degree=3| :  79%|███████▉  | 5515/7000 [06:21<01:11, 20.86it/s]
loss=0.035| sh degree=3| :  79%|███████▉  | 5518/7000 [06:21<01:11, 20.78it/s]
loss=0.029| sh degree=3| :  79%|███████▉  | 5518/7000 [06:21<01:11, 20.78it/s]
loss=0.042| sh degree=3| :  79%|███████▉  | 5518/7000 [06:21<01:11, 20.78it/s]
loss=0.032| sh degree=3| :  79%|███████▉  | 5518/7000 [06:21<01:11, 20.78it/s]
loss=0.032| sh degree=3| :  79%|███████▉  | 5521/7000 [06:21<01:05, 22.63it/s]
loss=0.042| sh degree=3| :  79%|███████▉  | 5521/7000 [06:21<01:05, 22.63it/s]
loss=0.027| sh degree=3| :  79%|███████▉  | 5521/7000 [06:21<01:05, 22.63it/s]
loss=0.039| sh degree=3| :  79%|███████▉  | 5521/7000 [06:21<01:05, 22.63it/s]
loss=0.039| sh degree=3| :  79%|███████▉  | 5524/7000 [06:21<01:04, 23.00it/s]
loss=0.056| sh degree=3| :  79%|███████▉  | 5524/7000 [06:21<01:04, 23.00it/s]
loss=0.029| sh degree=3| :  79%|███████▉  | 5524/7000 [06:21<01:04, 23.00it/s]
loss=0.041| sh degree=3| :  79%|███████▉  | 5524/7000 [06:21<01:04, 23.00it/s]
loss=0.041| sh degree=3| :  79%|███████▉  | 5527/7000 [06:21<01:00, 24.30it/s]
loss=0.044| sh degree=3| :  79%|███████▉  | 5527/7000 [06:21<01:00, 24.30it/s]
loss=0.047| sh degree=3| :  79%|███████▉  | 5527/7000 [06:21<01:00, 24.30it/s]
loss=0.057| sh degree=3| :  79%|███████▉  | 5527/7000 [06:21<01:00, 24.30it/s]
loss=0.057| sh degree=3| :  79%|███████▉  | 5530/7000 [06:21<01:02, 23.34it/s]
loss=0.038| sh degree=3| :  79%|███████▉  | 5530/7000 [06:21<01:02, 23.34it/s]
loss=0.045| sh degree=3| :  79%|███████▉  | 5530/7000 [06:22<01:02, 23.34it/s]
loss=0.044| sh degree=3| :  79%|███████▉  | 5530/7000 [06:22<01:02, 23.34it/s]
loss=0.060| sh degree=3| :  79%|███████▉  | 5530/7000 [06:22<01:02, 23.34it/s]
loss=0.060| sh degree=3| :  79%|███████▉  | 5534/7000 [06:22<00:57, 25.51it/s]
loss=0.036| sh degree=3| :  79%|███████▉  | 5534/7000 [06:22<00:57, 25.51it/s]
loss=0.040| sh degree=3| :  79%|███████▉  | 5534/7000 [06:22<00:57, 25.51it/s]
loss=0.042| sh degree=3| :  79%|███████▉  | 5534/7000 [06:22<00:57, 25.51it/s]
loss=0.041| sh degree=3| :  79%|███████▉  | 5534/7000 [06:22<00:57, 25.51it/s]
loss=0.041| sh degree=3| :  79%|███████▉  | 5538/7000 [06:22<00:52, 27.59it/s]
loss=0.038| sh degree=3| :  79%|███████▉  | 5538/7000 [06:22<00:52, 27.59it/s]
loss=0.035| sh degree=3| :  79%|███████▉  | 5538/7000 [06:22<00:52, 27.59it/s]
loss=0.039| sh degree=3| :  79%|███████▉  | 5538/7000 [06:22<00:52, 27.59it/s]
loss=0.039| sh degree=3| :  79%|███████▉  | 5541/7000 [06:22<00:58, 25.11it/s]
loss=0.038| sh degree=3| :  79%|███████▉  | 5541/7000 [06:22<00:58, 25.11it/s]
loss=0.028| sh degree=3| :  79%|███████▉  | 5541/7000 [06:22<00:58, 25.11it/s]
loss=0.030| sh degree=3| :  79%|███████▉  | 5541/7000 [06:22<00:58, 25.11it/s]
loss=0.030| sh degree=3| :  79%|███████▉  | 5544/7000 [06:22<00:56, 25.86it/s]
loss=0.050| sh degree=3| :  79%|███████▉  | 5544/7000 [06:22<00:56, 25.86it/s]
loss=0.046| sh degree=3| :  79%|███████▉  | 5544/7000 [06:22<00:56, 25.86it/s]
loss=0.041| sh degree=3| :  79%|███████▉  | 5544/7000 [06:22<00:56, 25.86it/s]
loss=0.041| sh degree=3| :  79%|███████▉  | 5547/7000 [06:22<00:57, 25.43it/s]
loss=0.034| sh degree=3| :  79%|███████▉  | 5547/7000 [06:22<00:57, 25.43it/s]
loss=0.036| sh degree=3| :  79%|███████▉  | 5547/7000 [06:22<00:57, 25.43it/s]
loss=0.046| sh degree=3| :  79%|███████▉  | 5547/7000 [06:22<00:57, 25.43it/s]
loss=0.046| sh degree=3| :  79%|███████▉  | 5550/7000 [06:22<00:56, 25.66it/s]
loss=0.039| sh degree=3| :  79%|███████▉  | 5550/7000 [06:22<00:56, 25.66it/s]
loss=0.032| sh degree=3| :  79%|███████▉  | 5550/7000 [06:22<00:56, 25.66it/s]
loss=0.032| sh degree=3| :  79%|███████▉  | 5550/7000 [06:22<00:56, 25.66it/s]
loss=0.032| sh degree=3| :  79%|███████▉  | 5553/7000 [06:22<00:57, 25.36it/s]
loss=0.035| sh degree=3| :  79%|███████▉  | 5553/7000 [06:22<00:57, 25.36it/s]
loss=0.041| sh degree=3| :  79%|███████▉  | 5553/7000 [06:22<00:57, 25.36it/s]
loss=0.037| sh degree=3| :  79%|███████▉  | 5553/7000 [06:22<00:57, 25.36it/s]
loss=0.037| sh degree=3| :  79%|███████▉  | 5556/7000 [06:23<01:05, 22.11it/s]
loss=0.039| sh degree=3| :  79%|███████▉  | 5556/7000 [06:23<01:05, 22.11it/s]
loss=0.040| sh degree=3| :  79%|███████▉  | 5556/7000 [06:23<01:05, 22.11it/s]
loss=0.037| sh degree=3| :  79%|███████▉  | 5556/7000 [06:23<01:05, 22.11it/s]
loss=0.037| sh degree=3| :  79%|███████▉  | 5559/7000 [06:23<01:03, 22.57it/s]
loss=0.036| sh degree=3| :  79%|███████▉  | 5559/7000 [06:23<01:03, 22.57it/s]
loss=0.044| sh degree=3| :  79%|███████▉  | 5559/7000 [06:23<01:03, 22.57it/s]
loss=0.051| sh degree=3| :  79%|███████▉  | 5559/7000 [06:23<01:03, 22.57it/s]
loss=0.051| sh degree=3| :  79%|███████▉  | 5562/7000 [06:23<01:02, 22.84it/s]
loss=0.041| sh degree=3| :  79%|███████▉  | 5562/7000 [06:23<01:02, 22.84it/s]
loss=0.029| sh degree=3| :  79%|███████▉  | 5562/7000 [06:23<01:02, 22.84it/s]
loss=0.043| sh degree=3| :  79%|███████▉  | 5562/7000 [06:23<01:02, 22.84it/s]
loss=0.043| sh degree=3| :  80%|███████▉  | 5565/7000 [06:23<01:01, 23.42it/s]
loss=0.055| sh degree=3| :  80%|███████▉  | 5565/7000 [06:23<01:01, 23.42it/s]
loss=0.049| sh degree=3| :  80%|███████▉  | 5565/7000 [06:23<01:01, 23.42it/s]
loss=0.031| sh degree=3| :  80%|███████▉  | 5565/7000 [06:23<01:01, 23.42it/s]
loss=0.031| sh degree=3| :  80%|███████▉  | 5568/7000 [06:23<01:02, 23.07it/s]
loss=0.047| sh degree=3| :  80%|███████▉  | 5568/7000 [06:23<01:02, 23.07it/s]
loss=0.033| sh degree=3| :  80%|███████▉  | 5568/7000 [06:23<01:02, 23.07it/s]
loss=0.031| sh degree=3| :  80%|███████▉  | 5568/7000 [06:23<01:02, 23.07it/s]
loss=0.031| sh degree=3| :  80%|███████▉  | 5571/7000 [06:23<01:01, 23.20it/s]
loss=0.037| sh degree=3| :  80%|███████▉  | 5571/7000 [06:23<01:01, 23.20it/s]
loss=0.029| sh degree=3| :  80%|███████▉  | 5571/7000 [06:23<01:01, 23.20it/s]
loss=0.041| sh degree=3| :  80%|███████▉  | 5571/7000 [06:23<01:01, 23.20it/s]
loss=0.041| sh degree=3| :  80%|███████▉  | 5574/7000 [06:23<01:02, 22.71it/s]
loss=0.041| sh degree=3| :  80%|███████▉  | 5574/7000 [06:23<01:02, 22.71it/s]
loss=0.043| sh degree=3| :  80%|███████▉  | 5574/7000 [06:23<01:02, 22.71it/s]
loss=0.037| sh degree=3| :  80%|███████▉  | 5574/7000 [06:23<01:02, 22.71it/s]
loss=0.037| sh degree=3| :  80%|███████▉  | 5577/7000 [06:23<01:01, 23.11it/s]
loss=0.038| sh degree=3| :  80%|███████▉  | 5577/7000 [06:23<01:01, 23.11it/s]
loss=0.042| sh degree=3| :  80%|███████▉  | 5577/7000 [06:23<01:01, 23.11it/s]
loss=0.034| sh degree=3| :  80%|███████▉  | 5577/7000 [06:24<01:01, 23.11it/s]
loss=0.034| sh degree=3| :  80%|███████▉  | 5580/7000 [06:24<01:03, 22.47it/s]
loss=0.038| sh degree=3| :  80%|███████▉  | 5580/7000 [06:24<01:03, 22.47it/s]
loss=0.057| sh degree=3| :  80%|███████▉  | 5580/7000 [06:24<01:03, 22.47it/s]
loss=0.043| sh degree=3| :  80%|███████▉  | 5580/7000 [06:24<01:03, 22.47it/s]
loss=0.043| sh degree=3| :  80%|███████▉  | 5583/7000 [06:24<01:03, 22.33it/s]
loss=0.034| sh degree=3| :  80%|███████▉  | 5583/7000 [06:24<01:03, 22.33it/s]
loss=0.037| sh degree=3| :  80%|███████▉  | 5583/7000 [06:24<01:03, 22.33it/s]
loss=0.029| sh degree=3| :  80%|███████▉  | 5583/7000 [06:24<01:03, 22.33it/s]
loss=0.029| sh degree=3| :  80%|███████▉  | 5586/7000 [06:24<01:05, 21.44it/s]
loss=0.057| sh degree=3| :  80%|███████▉  | 5586/7000 [06:24<01:05, 21.44it/s]
loss=0.043| sh degree=3| :  80%|███████▉  | 5586/7000 [06:24<01:05, 21.44it/s]
loss=0.033| sh degree=3| :  80%|███████▉  | 5586/7000 [06:24<01:05, 21.44it/s]
loss=0.033| sh degree=3| :  80%|███████▉  | 5589/7000 [06:24<01:01, 22.86it/s]
loss=0.063| sh degree=3| :  80%|███████▉  | 5589/7000 [06:24<01:01, 22.86it/s]
loss=0.033| sh degree=3| :  80%|███████▉  | 5589/7000 [06:24<01:01, 22.86it/s]
loss=0.031| sh degree=3| :  80%|███████▉  | 5589/7000 [06:24<01:01, 22.86it/s]
loss=0.031| sh degree=3| :  80%|███████▉  | 5592/7000 [06:24<00:58, 24.04it/s]
loss=0.032| sh degree=3| :  80%|███████▉  | 5592/7000 [06:24<00:58, 24.04it/s]
loss=0.083| sh degree=3| :  80%|███████▉  | 5592/7000 [06:24<00:58, 24.04it/s]
loss=0.040| sh degree=3| :  80%|███████▉  | 5592/7000 [06:24<00:58, 24.04it/s]
loss=0.040| sh degree=3| :  80%|███████▉  | 5595/7000 [06:24<00:58, 24.11it/s]
loss=0.045| sh degree=3| :  80%|███████▉  | 5595/7000 [06:24<00:58, 24.11it/s]
loss=0.040| sh degree=3| :  80%|███████▉  | 5595/7000 [06:24<00:58, 24.11it/s]
loss=0.040| sh degree=3| :  80%|███████▉  | 5595/7000 [06:24<00:58, 24.11it/s]
loss=0.040| sh degree=3| :  80%|███████▉  | 5598/7000 [06:24<00:59, 23.71it/s]
loss=0.043| sh degree=3| :  80%|███████▉  | 5598/7000 [06:24<00:59, 23.71it/s]
loss=0.028| sh degree=3| :  80%|███████▉  | 5598/7000 [06:24<00:59, 23.71it/s]
loss=0.034| sh degree=3| :  80%|███████▉  | 5598/7000 [06:24<00:59, 23.71it/s]
loss=0.034| sh degree=3| :  80%|████████  | 5601/7000 [06:24<01:03, 21.88it/s]
loss=0.042| sh degree=3| :  80%|████████  | 5601/7000 [06:24<01:03, 21.88it/s]
loss=0.055| sh degree=3| :  80%|████████  | 5601/7000 [06:25<01:03, 21.88it/s]
loss=0.045| sh degree=3| :  80%|████████  | 5601/7000 [06:25<01:03, 21.88it/s]
loss=0.038| sh degree=3| :  80%|████████  | 5601/7000 [06:25<01:03, 21.88it/s]
loss=0.038| sh degree=3| :  80%|████████  | 5605/7000 [06:25<00:57, 24.29it/s]
loss=0.034| sh degree=3| :  80%|████████  | 5605/7000 [06:25<00:57, 24.29it/s]
loss=0.050| sh degree=3| :  80%|████████  | 5605/7000 [06:25<00:57, 24.29it/s]
loss=0.031| sh degree=3| :  80%|████████  | 5605/7000 [06:25<00:57, 24.29it/s]
loss=0.070| sh degree=3| :  80%|████████  | 5605/7000 [06:25<00:57, 24.29it/s]
loss=0.070| sh degree=3| :  80%|████████  | 5609/7000 [06:25<00:52, 26.34it/s]
loss=0.030| sh degree=3| :  80%|████████  | 5609/7000 [06:25<00:52, 26.34it/s]
loss=0.061| sh degree=3| :  80%|████████  | 5609/7000 [06:25<00:52, 26.34it/s]
loss=0.030| sh degree=3| :  80%|████████  | 5609/7000 [06:25<00:52, 26.34it/s]
loss=0.030| sh degree=3| :  80%|████████  | 5612/7000 [06:25<01:24, 16.40it/s]
loss=0.031| sh degree=3| :  80%|████████  | 5612/7000 [06:25<01:24, 16.40it/s]
loss=0.043| sh degree=3| :  80%|████████  | 5612/7000 [06:25<01:24, 16.40it/s]
loss=0.046| sh degree=3| :  80%|████████  | 5612/7000 [06:25<01:24, 16.40it/s]
loss=0.040| sh degree=3| :  80%|████████  | 5612/7000 [06:25<01:24, 16.40it/s]
loss=0.040| sh degree=3| :  80%|████████  | 5616/7000 [06:25<01:19, 17.46it/s]
loss=0.066| sh degree=3| :  80%|████████  | 5616/7000 [06:25<01:19, 17.46it/s]
loss=0.030| sh degree=3| :  80%|████████  | 5616/7000 [06:25<01:19, 17.46it/s]
loss=0.041| sh degree=3| :  80%|████████  | 5616/7000 [06:25<01:19, 17.46it/s]
loss=0.041| sh degree=3| :  80%|████████  | 5619/7000 [06:25<01:11, 19.41it/s]
loss=0.043| sh degree=3| :  80%|████████  | 5619/7000 [06:25<01:11, 19.41it/s]
loss=0.027| sh degree=3| :  80%|████████  | 5619/7000 [06:25<01:11, 19.41it/s]
loss=0.045| sh degree=3| :  80%|████████  | 5619/7000 [06:25<01:11, 19.41it/s]
loss=0.041| sh degree=3| :  80%|████████  | 5619/7000 [06:26<01:11, 19.41it/s]
loss=0.041| sh degree=3| :  80%|████████  | 5623/7000 [06:26<00:59, 22.95it/s]
loss=0.051| sh degree=3| :  80%|████████  | 5623/7000 [06:26<00:59, 22.95it/s]
loss=0.045| sh degree=3| :  80%|████████  | 5623/7000 [06:26<00:59, 22.95it/s]
loss=0.057| sh degree=3| :  80%|████████  | 5623/7000 [06:26<00:59, 22.95it/s]
loss=0.057| sh degree=3| :  80%|████████  | 5626/7000 [06:26<00:59, 23.21it/s]
loss=0.034| sh degree=3| :  80%|████████  | 5626/7000 [06:26<00:59, 23.21it/s]
loss=0.037| sh degree=3| :  80%|████████  | 5626/7000 [06:26<00:59, 23.21it/s]
loss=0.042| sh degree=3| :  80%|████████  | 5626/7000 [06:26<00:59, 23.21it/s]
loss=0.042| sh degree=3| :  80%|████████  | 5629/7000 [06:26<00:59, 22.89it/s]
loss=0.041| sh degree=3| :  80%|████████  | 5629/7000 [06:26<00:59, 22.89it/s]
loss=0.065| sh degree=3| :  80%|████████  | 5629/7000 [06:26<00:59, 22.89it/s]
loss=0.042| sh degree=3| :  80%|████████  | 5629/7000 [06:26<00:59, 22.89it/s]
loss=0.042| sh degree=3| :  80%|████████  | 5632/7000 [06:26<01:01, 22.22it/s]
loss=0.043| sh degree=3| :  80%|████████  | 5632/7000 [06:26<01:01, 22.22it/s]
loss=0.043| sh degree=3| :  80%|████████  | 5632/7000 [06:26<01:01, 22.22it/s]
loss=0.033| sh degree=3| :  80%|████████  | 5632/7000 [06:26<01:01, 22.22it/s]
loss=0.033| sh degree=3| :  80%|████████  | 5635/7000 [06:26<01:02, 21.98it/s]
loss=0.038| sh degree=3| :  80%|████████  | 5635/7000 [06:26<01:02, 21.98it/s]
loss=0.044| sh degree=3| :  80%|████████  | 5635/7000 [06:26<01:02, 21.98it/s]
loss=0.041| sh degree=3| :  80%|████████  | 5635/7000 [06:26<01:02, 21.98it/s]
loss=0.041| sh degree=3| :  81%|████████  | 5638/7000 [06:26<00:59, 22.77it/s]
loss=0.031| sh degree=3| :  81%|████████  | 5638/7000 [06:26<00:59, 22.77it/s]
loss=0.042| sh degree=3| :  81%|████████  | 5638/7000 [06:26<00:59, 22.77it/s]
loss=0.031| sh degree=3| :  81%|████████  | 5638/7000 [06:26<00:59, 22.77it/s]
loss=0.031| sh degree=3| :  81%|████████  | 5641/7000 [06:26<00:59, 22.79it/s]
loss=0.069| sh degree=3| :  81%|████████  | 5641/7000 [06:26<00:59, 22.79it/s]
loss=0.034| sh degree=3| :  81%|████████  | 5641/7000 [06:26<00:59, 22.79it/s]
loss=0.037| sh degree=3| :  81%|████████  | 5641/7000 [06:26<00:59, 22.79it/s]
loss=0.037| sh degree=3| :  81%|████████  | 5644/7000 [06:26<00:56, 24.07it/s]
loss=0.032| sh degree=3| :  81%|████████  | 5644/7000 [06:26<00:56, 24.07it/s]
loss=0.050| sh degree=3| :  81%|████████  | 5644/7000 [06:27<00:56, 24.07it/s]
loss=0.042| sh degree=3| :  81%|████████  | 5644/7000 [06:27<00:56, 24.07it/s]
loss=0.042| sh degree=3| :  81%|████████  | 5647/7000 [06:27<00:55, 24.60it/s]
loss=0.042| sh degree=3| :  81%|████████  | 5647/7000 [06:27<00:55, 24.60it/s]
loss=0.039| sh degree=3| :  81%|████████  | 5647/7000 [06:27<00:55, 24.60it/s]
loss=0.030| sh degree=3| :  81%|████████  | 5647/7000 [06:27<00:55, 24.60it/s]
loss=0.030| sh degree=3| :  81%|████████  | 5650/7000 [06:27<00:53, 25.25it/s]
loss=0.034| sh degree=3| :  81%|████████  | 5650/7000 [06:27<00:53, 25.25it/s]
loss=0.037| sh degree=3| :  81%|████████  | 5650/7000 [06:27<00:53, 25.25it/s]
loss=0.041| sh degree=3| :  81%|████████  | 5650/7000 [06:27<00:53, 25.25it/s]
loss=0.041| sh degree=3| :  81%|████████  | 5653/7000 [06:27<00:51, 26.36it/s]
loss=0.042| sh degree=3| :  81%|████████  | 5653/7000 [06:27<00:51, 26.36it/s]
loss=0.043| sh degree=3| :  81%|████████  | 5653/7000 [06:27<00:51, 26.36it/s]
loss=0.034| sh degree=3| :  81%|████████  | 5653/7000 [06:27<00:51, 26.36it/s]
loss=0.034| sh degree=3| :  81%|████████  | 5656/7000 [06:27<00:56, 23.69it/s]
loss=0.035| sh degree=3| :  81%|████████  | 5656/7000 [06:27<00:56, 23.69it/s]
loss=0.046| sh degree=3| :  81%|████████  | 5656/7000 [06:27<00:56, 23.69it/s]
loss=0.041| sh degree=3| :  81%|████████  | 5656/7000 [06:27<00:56, 23.69it/s]
loss=0.041| sh degree=3| :  81%|████████  | 5659/7000 [06:27<00:53, 25.04it/s]
loss=0.037| sh degree=3| :  81%|████████  | 5659/7000 [06:27<00:53, 25.04it/s]
loss=0.031| sh degree=3| :  81%|████████  | 5659/7000 [06:27<00:53, 25.04it/s]
loss=0.043| sh degree=3| :  81%|████████  | 5659/7000 [06:27<00:53, 25.04it/s]
loss=0.043| sh degree=3| :  81%|████████  | 5662/7000 [06:27<00:57, 23.25it/s]
loss=0.050| sh degree=3| :  81%|████████  | 5662/7000 [06:27<00:57, 23.25it/s]
loss=0.029| sh degree=3| :  81%|████████  | 5662/7000 [06:27<00:57, 23.25it/s]
loss=0.061| sh degree=3| :  81%|████████  | 5662/7000 [06:27<00:57, 23.25it/s]
loss=0.061| sh degree=3| :  81%|████████  | 5665/7000 [06:27<00:57, 23.22it/s]
loss=0.044| sh degree=3| :  81%|████████  | 5665/7000 [06:27<00:57, 23.22it/s]
loss=0.040| sh degree=3| :  81%|████████  | 5665/7000 [06:27<00:57, 23.22it/s]
loss=0.050| sh degree=3| :  81%|████████  | 5665/7000 [06:27<00:57, 23.22it/s]
loss=0.050| sh degree=3| :  81%|████████  | 5668/7000 [06:27<00:58, 22.64it/s]
loss=0.034| sh degree=3| :  81%|████████  | 5668/7000 [06:27<00:58, 22.64it/s]
loss=0.030| sh degree=3| :  81%|████████  | 5668/7000 [06:28<00:58, 22.64it/s]
loss=0.044| sh degree=3| :  81%|████████  | 5668/7000 [06:28<00:58, 22.64it/s]
loss=0.044| sh degree=3| :  81%|████████  | 5671/7000 [06:28<00:55, 24.14it/s]
loss=0.040| sh degree=3| :  81%|████████  | 5671/7000 [06:28<00:55, 24.14it/s]
loss=0.039| sh degree=3| :  81%|████████  | 5671/7000 [06:28<00:55, 24.14it/s]
loss=0.037| sh degree=3| :  81%|████████  | 5671/7000 [06:28<00:55, 24.14it/s]
loss=0.035| sh degree=3| :  81%|████████  | 5671/7000 [06:28<00:55, 24.14it/s]
loss=0.035| sh degree=3| :  81%|████████  | 5675/7000 [06:28<00:52, 25.31it/s]
loss=0.029| sh degree=3| :  81%|████████  | 5675/7000 [06:28<00:52, 25.31it/s]
loss=0.036| sh degree=3| :  81%|████████  | 5675/7000 [06:28<00:52, 25.31it/s]
loss=0.047| sh degree=3| :  81%|████████  | 5675/7000 [06:28<00:52, 25.31it/s]
loss=0.047| sh degree=3| :  81%|████████  | 5678/7000 [06:28<00:54, 24.39it/s]
loss=0.034| sh degree=3| :  81%|████████  | 5678/7000 [06:28<00:54, 24.39it/s]
loss=0.045| sh degree=3| :  81%|████████  | 5678/7000 [06:28<00:54, 24.39it/s]
loss=0.027| sh degree=3| :  81%|████████  | 5678/7000 [06:28<00:54, 24.39it/s]
loss=0.027| sh degree=3| :  81%|████████  | 5681/7000 [06:28<00:54, 24.20it/s]
loss=0.048| sh degree=3| :  81%|████████  | 5681/7000 [06:28<00:54, 24.20it/s]
loss=0.040| sh degree=3| :  81%|████████  | 5681/7000 [06:28<00:54, 24.20it/s]
loss=0.039| sh degree=3| :  81%|████████  | 5681/7000 [06:28<00:54, 24.20it/s]
loss=0.039| sh degree=3| :  81%|████████  | 5684/7000 [06:28<00:53, 24.53it/s]
loss=0.039| sh degree=3| :  81%|████████  | 5684/7000 [06:28<00:53, 24.53it/s]
loss=0.043| sh degree=3| :  81%|████████  | 5684/7000 [06:28<00:53, 24.53it/s]
loss=0.031| sh degree=3| :  81%|████████  | 5684/7000 [06:28<00:53, 24.53it/s]
loss=0.031| sh degree=3| :  81%|████████  | 5687/7000 [06:28<00:57, 22.97it/s]
loss=0.029| sh degree=3| :  81%|████████  | 5687/7000 [06:28<00:57, 22.97it/s]
loss=0.043| sh degree=3| :  81%|████████  | 5687/7000 [06:28<00:57, 22.97it/s]
loss=0.030| sh degree=3| :  81%|████████  | 5687/7000 [06:28<00:57, 22.97it/s]
loss=0.030| sh degree=3| :  81%|████████▏ | 5690/7000 [06:28<00:55, 23.77it/s]
loss=0.041| sh degree=3| :  81%|████████▏ | 5690/7000 [06:28<00:55, 23.77it/s]
loss=0.040| sh degree=3| :  81%|████████▏ | 5690/7000 [06:28<00:55, 23.77it/s]
loss=0.031| sh degree=3| :  81%|████████▏ | 5690/7000 [06:28<00:55, 23.77it/s]
loss=0.031| sh degree=3| :  81%|████████▏ | 5693/7000 [06:28<00:57, 22.59it/s]
loss=0.041| sh degree=3| :  81%|████████▏ | 5693/7000 [06:29<00:57, 22.59it/s]
loss=0.051| sh degree=3| :  81%|████████▏ | 5693/7000 [06:29<00:57, 22.59it/s]
loss=0.042| sh degree=3| :  81%|████████▏ | 5693/7000 [06:29<00:57, 22.59it/s]
loss=0.042| sh degree=3| :  81%|████████▏ | 5696/7000 [06:29<00:57, 22.69it/s]
loss=0.038| sh degree=3| :  81%|████████▏ | 5696/7000 [06:29<00:57, 22.69it/s]
loss=0.040| sh degree=3| :  81%|████████▏ | 5696/7000 [06:29<00:57, 22.69it/s]
loss=0.038| sh degree=3| :  81%|████████▏ | 5696/7000 [06:29<00:57, 22.69it/s]
loss=0.038| sh degree=3| :  81%|████████▏ | 5699/7000 [06:29<00:56, 22.95it/s]
loss=0.056| sh degree=3| :  81%|████████▏ | 5699/7000 [06:29<00:56, 22.95it/s]
loss=0.038| sh degree=3| :  81%|████████▏ | 5699/7000 [06:29<00:56, 22.95it/s]
loss=0.036| sh degree=3| :  81%|████████▏ | 5699/7000 [06:29<00:56, 22.95it/s]
loss=0.036| sh degree=3| :  81%|████████▏ | 5702/7000 [06:29<01:02, 20.93it/s]
loss=0.039| sh degree=3| :  81%|████████▏ | 5702/7000 [06:29<01:02, 20.93it/s]
loss=0.035| sh degree=3| :  81%|████████▏ | 5702/7000 [06:29<01:02, 20.93it/s]
loss=0.043| sh degree=3| :  81%|████████▏ | 5702/7000 [06:29<01:02, 20.93it/s]
loss=0.042| sh degree=3| :  81%|████████▏ | 5702/7000 [06:29<01:02, 20.93it/s]
loss=0.042| sh degree=3| :  82%|████████▏ | 5706/7000 [06:29<00:54, 23.53it/s]
loss=0.036| sh degree=3| :  82%|████████▏ | 5706/7000 [06:29<00:54, 23.53it/s]
loss=0.045| sh degree=3| :  82%|████████▏ | 5706/7000 [06:29<00:54, 23.53it/s]
loss=0.041| sh degree=3| :  82%|████████▏ | 5706/7000 [06:29<00:54, 23.53it/s]
loss=0.041| sh degree=3| :  82%|████████▏ | 5709/7000 [06:29<00:52, 24.41it/s]
loss=0.048| sh degree=3| :  82%|████████▏ | 5709/7000 [06:29<00:52, 24.41it/s]
loss=0.031| sh degree=3| :  82%|████████▏ | 5709/7000 [06:29<00:52, 24.41it/s]
loss=0.039| sh degree=3| :  82%|████████▏ | 5709/7000 [06:29<00:52, 24.41it/s]
loss=0.039| sh degree=3| :  82%|████████▏ | 5712/7000 [06:29<00:52, 24.76it/s]
loss=0.046| sh degree=3| :  82%|████████▏ | 5712/7000 [06:29<00:52, 24.76it/s]
loss=0.037| sh degree=3| :  82%|████████▏ | 5712/7000 [06:29<00:52, 24.76it/s]
loss=0.036| sh degree=3| :  82%|████████▏ | 5712/7000 [06:29<00:52, 24.76it/s]
loss=0.036| sh degree=3| :  82%|████████▏ | 5715/7000 [06:29<00:51, 25.06it/s]
loss=0.033| sh degree=3| :  82%|████████▏ | 5715/7000 [06:29<00:51, 25.06it/s]
loss=0.036| sh degree=3| :  82%|████████▏ | 5715/7000 [06:29<00:51, 25.06it/s]
loss=0.033| sh degree=3| :  82%|████████▏ | 5715/7000 [06:30<00:51, 25.06it/s]
loss=0.033| sh degree=3| :  82%|████████▏ | 5718/7000 [06:30<00:54, 23.34it/s]
loss=0.036| sh degree=3| :  82%|████████▏ | 5718/7000 [06:30<00:54, 23.34it/s]
loss=0.041| sh degree=3| :  82%|████████▏ | 5718/7000 [06:30<00:54, 23.34it/s]
loss=0.032| sh degree=3| :  82%|████████▏ | 5718/7000 [06:30<00:54, 23.34it/s]
loss=0.035| sh degree=3| :  82%|████████▏ | 5718/7000 [06:30<00:54, 23.34it/s]
loss=0.035| sh degree=3| :  82%|████████▏ | 5722/7000 [06:30<00:48, 26.38it/s]
loss=0.044| sh degree=3| :  82%|████████▏ | 5722/7000 [06:30<00:48, 26.38it/s]
loss=0.047| sh degree=3| :  82%|████████▏ | 5722/7000 [06:30<00:48, 26.38it/s]
loss=0.045| sh degree=3| :  82%|████████▏ | 5722/7000 [06:30<00:48, 26.38it/s]
loss=0.045| sh degree=3| :  82%|████████▏ | 5725/7000 [06:30<00:48, 26.02it/s]
loss=0.033| sh degree=3| :  82%|████████▏ | 5725/7000 [06:30<00:48, 26.02it/s]
loss=0.030| sh degree=3| :  82%|████████▏ | 5725/7000 [06:30<00:48, 26.02it/s]
loss=0.029| sh degree=3| :  82%|████████▏ | 5725/7000 [06:30<00:48, 26.02it/s]
loss=0.030| sh degree=3| :  82%|████████▏ | 5725/7000 [06:30<00:48, 26.02it/s]
loss=0.030| sh degree=3| :  82%|████████▏ | 5729/7000 [06:30<00:45, 27.74it/s]
loss=0.029| sh degree=3| :  82%|████████▏ | 5729/7000 [06:30<00:45, 27.74it/s]
loss=0.047| sh degree=3| :  82%|████████▏ | 5729/7000 [06:30<00:45, 27.74it/s]
loss=0.041| sh degree=3| :  82%|████████▏ | 5729/7000 [06:30<00:45, 27.74it/s]
loss=0.041| sh degree=3| :  82%|████████▏ | 5732/7000 [06:30<00:46, 27.17it/s]
loss=0.041| sh degree=3| :  82%|████████▏ | 5732/7000 [06:30<00:46, 27.17it/s]
loss=0.036| sh degree=3| :  82%|████████▏ | 5732/7000 [06:30<00:46, 27.17it/s]
loss=0.042| sh degree=3| :  82%|████████▏ | 5732/7000 [06:30<00:46, 27.17it/s]
loss=0.042| sh degree=3| :  82%|████████▏ | 5735/7000 [06:30<00:53, 23.80it/s]
loss=0.050| sh degree=3| :  82%|████████▏ | 5735/7000 [06:30<00:53, 23.80it/s]
loss=0.044| sh degree=3| :  82%|████████▏ | 5735/7000 [06:30<00:53, 23.80it/s]
loss=0.041| sh degree=3| :  82%|████████▏ | 5735/7000 [06:30<00:53, 23.80it/s]
loss=0.041| sh degree=3| :  82%|████████▏ | 5738/7000 [06:30<00:55, 22.93it/s]
loss=0.044| sh degree=3| :  82%|████████▏ | 5738/7000 [06:30<00:55, 22.93it/s]
loss=0.038| sh degree=3| :  82%|████████▏ | 5738/7000 [06:30<00:55, 22.93it/s]
loss=0.043| sh degree=3| :  82%|████████▏ | 5738/7000 [06:30<00:55, 22.93it/s]
loss=0.043| sh degree=3| :  82%|████████▏ | 5741/7000 [06:30<00:56, 22.39it/s]
loss=0.040| sh degree=3| :  82%|████████▏ | 5741/7000 [06:31<00:56, 22.39it/s]
loss=0.050| sh degree=3| :  82%|████████▏ | 5741/7000 [06:31<00:56, 22.39it/s]
loss=0.032| sh degree=3| :  82%|████████▏ | 5741/7000 [06:31<00:56, 22.39it/s]
loss=0.032| sh degree=3| :  82%|████████▏ | 5744/7000 [06:31<00:55, 22.74it/s]
loss=0.037| sh degree=3| :  82%|████████▏ | 5744/7000 [06:31<00:55, 22.74it/s]
loss=0.044| sh degree=3| :  82%|████████▏ | 5744/7000 [06:31<00:55, 22.74it/s]
loss=0.036| sh degree=3| :  82%|████████▏ | 5744/7000 [06:31<00:55, 22.74it/s]
loss=0.036| sh degree=3| :  82%|████████▏ | 5747/7000 [06:31<00:53, 23.48it/s]
loss=0.040| sh degree=3| :  82%|████████▏ | 5747/7000 [06:31<00:53, 23.48it/s]
loss=0.062| sh degree=3| :  82%|████████▏ | 5747/7000 [06:31<00:53, 23.48it/s]
loss=0.042| sh degree=3| :  82%|████████▏ | 5747/7000 [06:31<00:53, 23.48it/s]
loss=0.042| sh degree=3| :  82%|████████▏ | 5750/7000 [06:31<00:52, 23.77it/s]
loss=0.029| sh degree=3| :  82%|████████▏ | 5750/7000 [06:31<00:52, 23.77it/s]
loss=0.042| sh degree=3| :  82%|████████▏ | 5750/7000 [06:31<00:52, 23.77it/s]
loss=0.045| sh degree=3| :  82%|████████▏ | 5750/7000 [06:31<00:52, 23.77it/s]
loss=0.045| sh degree=3| :  82%|████████▏ | 5753/7000 [06:31<00:50, 24.86it/s]
loss=0.033| sh degree=3| :  82%|████████▏ | 5753/7000 [06:31<00:50, 24.86it/s]
loss=0.030| sh degree=3| :  82%|████████▏ | 5753/7000 [06:31<00:50, 24.86it/s]
loss=0.043| sh degree=3| :  82%|████████▏ | 5753/7000 [06:31<00:50, 24.86it/s]
loss=0.043| sh degree=3| :  82%|████████▏ | 5756/7000 [06:31<00:51, 23.96it/s]
loss=0.043| sh degree=3| :  82%|████████▏ | 5756/7000 [06:31<00:51, 23.96it/s]
loss=0.040| sh degree=3| :  82%|████████▏ | 5756/7000 [06:31<00:51, 23.96it/s]
loss=0.043| sh degree=3| :  82%|████████▏ | 5756/7000 [06:31<00:51, 23.96it/s]
loss=0.043| sh degree=3| :  82%|████████▏ | 5759/7000 [06:31<00:50, 24.54it/s]
loss=0.034| sh degree=3| :  82%|████████▏ | 5759/7000 [06:31<00:50, 24.54it/s]
loss=0.037| sh degree=3| :  82%|████████▏ | 5759/7000 [06:31<00:50, 24.54it/s]
loss=0.042| sh degree=3| :  82%|████████▏ | 5759/7000 [06:31<00:50, 24.54it/s]
loss=0.042| sh degree=3| :  82%|████████▏ | 5762/7000 [06:31<00:53, 23.28it/s]
loss=0.031| sh degree=3| :  82%|████████▏ | 5762/7000 [06:31<00:53, 23.28it/s]
loss=0.029| sh degree=3| :  82%|████████▏ | 5762/7000 [06:31<00:53, 23.28it/s]
loss=0.032| sh degree=3| :  82%|████████▏ | 5762/7000 [06:31<00:53, 23.28it/s]
loss=0.032| sh degree=3| :  82%|████████▏ | 5765/7000 [06:31<00:56, 21.79it/s]
loss=0.039| sh degree=3| :  82%|████████▏ | 5765/7000 [06:32<00:56, 21.79it/s]
loss=0.029| sh degree=3| :  82%|████████▏ | 5765/7000 [06:32<00:56, 21.79it/s]
loss=0.045| sh degree=3| :  82%|████████▏ | 5765/7000 [06:32<00:56, 21.79it/s]
loss=0.045| sh degree=3| :  82%|████████▏ | 5768/7000 [06:32<00:54, 22.44it/s]
loss=0.043| sh degree=3| :  82%|████████▏ | 5768/7000 [06:32<00:54, 22.44it/s]
loss=0.035| sh degree=3| :  82%|████████▏ | 5768/7000 [06:32<00:54, 22.44it/s]
loss=0.041| sh degree=3| :  82%|████████▏ | 5768/7000 [06:32<00:54, 22.44it/s]
loss=0.041| sh degree=3| :  82%|████████▏ | 5771/7000 [06:32<00:50, 24.12it/s]
loss=0.028| sh degree=3| :  82%|████████▏ | 5771/7000 [06:32<00:50, 24.12it/s]
loss=0.033| sh degree=3| :  82%|████████▏ | 5771/7000 [06:32<00:50, 24.12it/s]
loss=0.034| sh degree=3| :  82%|████████▏ | 5771/7000 [06:32<00:50, 24.12it/s]
loss=0.028| sh degree=3| :  82%|████████▏ | 5771/7000 [06:32<00:50, 24.12it/s]
loss=0.028| sh degree=3| :  82%|████████▎ | 5775/7000 [06:32<00:46, 26.43it/s]
loss=0.032| sh degree=3| :  82%|████████▎ | 5775/7000 [06:32<00:46, 26.43it/s]
loss=0.033| sh degree=3| :  82%|████████▎ | 5775/7000 [06:32<00:46, 26.43it/s]
loss=0.043| sh degree=3| :  82%|████████▎ | 5775/7000 [06:32<00:46, 26.43it/s]
loss=0.043| sh degree=3| :  83%|████████▎ | 5778/7000 [06:32<00:46, 26.28it/s]
loss=0.051| sh degree=3| :  83%|████████▎ | 5778/7000 [06:32<00:46, 26.28it/s]
loss=0.028| sh degree=3| :  83%|████████▎ | 5778/7000 [06:32<00:46, 26.28it/s]
loss=0.029| sh degree=3| :  83%|████████▎ | 5778/7000 [06:32<00:46, 26.28it/s]
loss=0.029| sh degree=3| :  83%|████████▎ | 5781/7000 [06:32<00:47, 25.58it/s]
loss=0.037| sh degree=3| :  83%|████████▎ | 5781/7000 [06:32<00:47, 25.58it/s]
loss=0.031| sh degree=3| :  83%|████████▎ | 5781/7000 [06:32<00:47, 25.58it/s]
loss=0.033| sh degree=3| :  83%|████████▎ | 5781/7000 [06:32<00:47, 25.58it/s]
loss=0.033| sh degree=3| :  83%|████████▎ | 5784/7000 [06:32<00:48, 25.10it/s]
loss=0.031| sh degree=3| :  83%|████████▎ | 5784/7000 [06:32<00:48, 25.10it/s]
loss=0.028| sh degree=3| :  83%|████████▎ | 5784/7000 [06:32<00:48, 25.10it/s]
loss=0.040| sh degree=3| :  83%|████████▎ | 5784/7000 [06:32<00:48, 25.10it/s]
loss=0.040| sh degree=3| :  83%|████████▎ | 5787/7000 [06:32<00:54, 22.15it/s]
loss=0.047| sh degree=3| :  83%|████████▎ | 5787/7000 [06:32<00:54, 22.15it/s]
loss=0.031| sh degree=3| :  83%|████████▎ | 5787/7000 [06:32<00:54, 22.15it/s]
loss=0.034| sh degree=3| :  83%|████████▎ | 5787/7000 [06:32<00:54, 22.15it/s]
loss=0.034| sh degree=3| :  83%|████████▎ | 5790/7000 [06:33<00:52, 23.24it/s]
loss=0.043| sh degree=3| :  83%|████████▎ | 5790/7000 [06:33<00:52, 23.24it/s]
loss=0.042| sh degree=3| :  83%|████████▎ | 5790/7000 [06:33<00:52, 23.24it/s]
loss=0.027| sh degree=3| :  83%|████████▎ | 5790/7000 [06:33<00:52, 23.24it/s]
loss=0.042| sh degree=3| :  83%|████████▎ | 5790/7000 [06:33<00:52, 23.24it/s]
loss=0.042| sh degree=3| :  83%|████████▎ | 5794/7000 [06:33<00:45, 26.58it/s]
loss=0.041| sh degree=3| :  83%|████████▎ | 5794/7000 [06:33<00:45, 26.58it/s]
loss=0.031| sh degree=3| :  83%|████████▎ | 5794/7000 [06:33<00:45, 26.58it/s]
loss=0.073| sh degree=3| :  83%|████████▎ | 5794/7000 [06:33<00:45, 26.58it/s]
loss=0.073| sh degree=3| :  83%|████████▎ | 5797/7000 [06:33<00:47, 25.40it/s]
loss=0.033| sh degree=3| :  83%|████████▎ | 5797/7000 [06:33<00:47, 25.40it/s]
loss=0.043| sh degree=3| :  83%|████████▎ | 5797/7000 [06:33<00:47, 25.40it/s]
loss=0.034| sh degree=3| :  83%|████████▎ | 5797/7000 [06:33<00:47, 25.40it/s]
loss=0.034| sh degree=3| :  83%|████████▎ | 5800/7000 [06:33<00:50, 23.74it/s]
loss=0.027| sh degree=3| :  83%|████████▎ | 5800/7000 [06:33<00:50, 23.74it/s]
loss=0.031| sh degree=3| :  83%|████████▎ | 5800/7000 [06:33<00:50, 23.74it/s]
loss=0.043| sh degree=3| :  83%|████████▎ | 5800/7000 [06:33<00:50, 23.74it/s]
loss=0.043| sh degree=3| :  83%|████████▎ | 5803/7000 [06:33<00:53, 22.58it/s]
loss=0.033| sh degree=3| :  83%|████████▎ | 5803/7000 [06:33<00:53, 22.58it/s]
loss=0.036| sh degree=3| :  83%|████████▎ | 5803/7000 [06:33<00:53, 22.58it/s]
loss=0.031| sh degree=3| :  83%|████████▎ | 5803/7000 [06:33<00:53, 22.58it/s]
loss=0.031| sh degree=3| :  83%|████████▎ | 5806/7000 [06:33<00:51, 23.31it/s]
loss=0.048| sh degree=3| :  83%|████████▎ | 5806/7000 [06:33<00:51, 23.31it/s]
loss=0.030| sh degree=3| :  83%|████████▎ | 5806/7000 [06:33<00:51, 23.31it/s]
loss=0.029| sh degree=3| :  83%|████████▎ | 5806/7000 [06:33<00:51, 23.31it/s]
loss=0.031| sh degree=3| :  83%|████████▎ | 5806/7000 [06:33<00:51, 23.31it/s]
loss=0.031| sh degree=3| :  83%|████████▎ | 5810/7000 [06:33<00:46, 25.76it/s]
loss=0.030| sh degree=3| :  83%|████████▎ | 5810/7000 [06:33<00:46, 25.76it/s]
loss=0.028| sh degree=3| :  83%|████████▎ | 5810/7000 [06:33<00:46, 25.76it/s]
loss=0.044| sh degree=3| :  83%|████████▎ | 5810/7000 [06:33<00:46, 25.76it/s]
loss=0.044| sh degree=3| :  83%|████████▎ | 5813/7000 [06:33<00:44, 26.67it/s]
loss=0.057| sh degree=3| :  83%|████████▎ | 5813/7000 [06:33<00:44, 26.67it/s]
loss=0.045| sh degree=3| :  83%|████████▎ | 5813/7000 [06:33<00:44, 26.67it/s]
loss=0.027| sh degree=3| :  83%|████████▎ | 5813/7000 [06:34<00:44, 26.67it/s]
loss=0.027| sh degree=3| :  83%|████████▎ | 5816/7000 [06:34<00:49, 24.05it/s]
loss=0.032| sh degree=3| :  83%|████████▎ | 5816/7000 [06:34<00:49, 24.05it/s]
loss=0.029| sh degree=3| :  83%|████████▎ | 5816/7000 [06:34<00:49, 24.05it/s]
loss=0.039| sh degree=3| :  83%|████████▎ | 5816/7000 [06:34<00:49, 24.05it/s]
loss=0.039| sh degree=3| :  83%|████████▎ | 5819/7000 [06:34<00:47, 24.63it/s]
loss=0.044| sh degree=3| :  83%|████████▎ | 5819/7000 [06:34<00:47, 24.63it/s]
loss=0.034| sh degree=3| :  83%|████████▎ | 5819/7000 [06:34<00:47, 24.63it/s]
loss=0.036| sh degree=3| :  83%|████████▎ | 5819/7000 [06:34<00:47, 24.63it/s]
loss=0.036| sh degree=3| :  83%|████████▎ | 5822/7000 [06:34<00:49, 23.63it/s]
loss=0.040| sh degree=3| :  83%|████████▎ | 5822/7000 [06:34<00:49, 23.63it/s]
loss=0.046| sh degree=3| :  83%|████████▎ | 5822/7000 [06:34<00:49, 23.63it/s]
loss=0.040| sh degree=3| :  83%|████████▎ | 5822/7000 [06:34<00:49, 23.63it/s]
loss=0.040| sh degree=3| :  83%|████████▎ | 5825/7000 [06:34<00:49, 23.60it/s]
loss=0.041| sh degree=3| :  83%|████████▎ | 5825/7000 [06:34<00:49, 23.60it/s]
loss=0.037| sh degree=3| :  83%|████████▎ | 5825/7000 [06:34<00:49, 23.60it/s]
loss=0.030| sh degree=3| :  83%|████████▎ | 5825/7000 [06:34<00:49, 23.60it/s]
loss=0.030| sh degree=3| :  83%|████████▎ | 5828/7000 [06:34<00:52, 22.53it/s]
loss=0.051| sh degree=3| :  83%|████████▎ | 5828/7000 [06:34<00:52, 22.53it/s]
loss=0.033| sh degree=3| :  83%|████████▎ | 5828/7000 [06:34<00:52, 22.53it/s]
loss=0.045| sh degree=3| :  83%|████████▎ | 5828/7000 [06:34<00:52, 22.53it/s]
loss=0.045| sh degree=3| :  83%|████████▎ | 5831/7000 [06:34<00:51, 22.89it/s]
loss=0.061| sh degree=3| :  83%|████████▎ | 5831/7000 [06:34<00:51, 22.89it/s]
loss=0.044| sh degree=3| :  83%|████████▎ | 5831/7000 [06:34<00:51, 22.89it/s]
loss=0.043| sh degree=3| :  83%|████████▎ | 5831/7000 [06:34<00:51, 22.89it/s]
loss=0.043| sh degree=3| :  83%|████████▎ | 5834/7000 [06:34<00:51, 22.56it/s]
loss=0.052| sh degree=3| :  83%|████████▎ | 5834/7000 [06:34<00:51, 22.56it/s]
loss=0.033| sh degree=3| :  83%|████████▎ | 5834/7000 [06:34<00:51, 22.56it/s]
loss=0.028| sh degree=3| :  83%|████████▎ | 5834/7000 [06:34<00:51, 22.56it/s]
loss=0.028| sh degree=3| :  83%|████████▎ | 5837/7000 [06:34<00:48, 24.05it/s]
loss=0.037| sh degree=3| :  83%|████████▎ | 5837/7000 [06:34<00:48, 24.05it/s]
loss=0.047| sh degree=3| :  83%|████████▎ | 5837/7000 [06:35<00:48, 24.05it/s]
loss=0.030| sh degree=3| :  83%|████████▎ | 5837/7000 [06:35<00:48, 24.05it/s]
loss=0.030| sh degree=3| :  83%|████████▎ | 5840/7000 [06:35<00:46, 24.77it/s]
loss=0.045| sh degree=3| :  83%|████████▎ | 5840/7000 [06:35<00:46, 24.77it/s]
loss=0.055| sh degree=3| :  83%|████████▎ | 5840/7000 [06:35<00:46, 24.77it/s]
loss=0.029| sh degree=3| :  83%|████████▎ | 5840/7000 [06:35<00:46, 24.77it/s]
loss=0.029| sh degree=3| :  83%|████████▎ | 5843/7000 [06:35<00:49, 23.41it/s]
loss=0.045| sh degree=3| :  83%|████████▎ | 5843/7000 [06:35<00:49, 23.41it/s]
loss=0.043| sh degree=3| :  83%|████████▎ | 5843/7000 [06:35<00:49, 23.41it/s]
loss=0.035| sh degree=3| :  83%|████████▎ | 5843/7000 [06:35<00:49, 23.41it/s]
loss=0.033| sh degree=3| :  83%|████████▎ | 5843/7000 [06:35<00:49, 23.41it/s]
loss=0.033| sh degree=3| :  84%|████████▎ | 5847/7000 [06:35<00:44, 25.66it/s]
loss=0.056| sh degree=3| :  84%|████████▎ | 5847/7000 [06:35<00:44, 25.66it/s]
loss=0.041| sh degree=3| :  84%|████████▎ | 5847/7000 [06:35<00:44, 25.66it/s]
loss=0.040| sh degree=3| :  84%|████████▎ | 5847/7000 [06:35<00:44, 25.66it/s]
loss=0.040| sh degree=3| :  84%|████████▎ | 5850/7000 [06:35<01:00, 18.94it/s]
loss=0.035| sh degree=3| :  84%|████████▎ | 5850/7000 [06:35<01:00, 18.94it/s]
loss=0.048| sh degree=3| :  84%|████████▎ | 5850/7000 [06:35<01:00, 18.94it/s]
loss=0.041| sh degree=3| :  84%|████████▎ | 5850/7000 [06:35<01:00, 18.94it/s]
loss=0.034| sh degree=3| :  84%|████████▎ | 5850/7000 [06:35<01:00, 18.94it/s]
loss=0.034| sh degree=3| :  84%|████████▎ | 5854/7000 [06:35<00:54, 20.92it/s]
loss=0.037| sh degree=3| :  84%|████████▎ | 5854/7000 [06:35<00:54, 20.92it/s]
loss=0.041| sh degree=3| :  84%|████████▎ | 5854/7000 [06:35<00:54, 20.92it/s]
loss=0.046| sh degree=3| :  84%|████████▎ | 5854/7000 [06:35<00:54, 20.92it/s]
loss=0.029| sh degree=3| :  84%|████████▎ | 5854/7000 [06:35<00:54, 20.92it/s]
loss=0.029| sh degree=3| :  84%|████████▎ | 5858/7000 [06:35<00:47, 23.89it/s]
loss=0.042| sh degree=3| :  84%|████████▎ | 5858/7000 [06:35<00:47, 23.89it/s]
loss=0.045| sh degree=3| :  84%|████████▎ | 5858/7000 [06:35<00:47, 23.89it/s]
loss=0.060| sh degree=3| :  84%|████████▎ | 5858/7000 [06:35<00:47, 23.89it/s]
loss=0.060| sh degree=3| :  84%|████████▎ | 5861/7000 [06:35<00:47, 23.93it/s]
loss=0.047| sh degree=3| :  84%|████████▎ | 5861/7000 [06:36<00:47, 23.93it/s]
loss=0.044| sh degree=3| :  84%|████████▎ | 5861/7000 [06:36<00:47, 23.93it/s]
loss=0.038| sh degree=3| :  84%|████████▎ | 5861/7000 [06:36<00:47, 23.93it/s]
loss=0.037| sh degree=3| :  84%|████████▎ | 5861/7000 [06:36<00:47, 23.93it/s]
loss=0.037| sh degree=3| :  84%|████████▍ | 5865/7000 [06:36<00:42, 26.40it/s]
loss=0.041| sh degree=3| :  84%|████████▍ | 5865/7000 [06:36<00:42, 26.40it/s]
loss=0.037| sh degree=3| :  84%|████████▍ | 5865/7000 [06:36<00:42, 26.40it/s]
loss=0.044| sh degree=3| :  84%|████████▍ | 5865/7000 [06:36<00:42, 26.40it/s]
loss=0.044| sh degree=3| :  84%|████████▍ | 5868/7000 [06:36<01:05, 17.36it/s]
loss=0.043| sh degree=3| :  84%|████████▍ | 5868/7000 [06:36<01:05, 17.36it/s]
loss=0.035| sh degree=3| :  84%|████████▍ | 5868/7000 [06:36<01:05, 17.36it/s]
loss=0.034| sh degree=3| :  84%|████████▍ | 5868/7000 [06:36<01:05, 17.36it/s]
loss=0.034| sh degree=3| :  84%|████████▍ | 5871/7000 [06:36<01:02, 18.12it/s]
loss=0.043| sh degree=3| :  84%|████████▍ | 5871/7000 [06:36<01:02, 18.12it/s]
loss=0.036| sh degree=3| :  84%|████████▍ | 5871/7000 [06:36<01:02, 18.12it/s]
loss=0.040| sh degree=3| :  84%|████████▍ | 5871/7000 [06:36<01:02, 18.12it/s]
loss=0.031| sh degree=3| :  84%|████████▍ | 5871/7000 [06:36<01:02, 18.12it/s]
loss=0.031| sh degree=3| :  84%|████████▍ | 5875/7000 [06:36<00:51, 21.72it/s]
loss=0.035| sh degree=3| :  84%|████████▍ | 5875/7000 [06:36<00:51, 21.72it/s]
loss=0.052| sh degree=3| :  84%|████████▍ | 5875/7000 [06:36<00:51, 21.72it/s]
loss=0.054| sh degree=3| :  84%|████████▍ | 5875/7000 [06:36<00:51, 21.72it/s]
loss=0.038| sh degree=3| :  84%|████████▍ | 5875/7000 [06:36<00:51, 21.72it/s]
loss=0.038| sh degree=3| :  84%|████████▍ | 5879/7000 [06:36<00:47, 23.63it/s]
loss=0.046| sh degree=3| :  84%|████████▍ | 5879/7000 [06:36<00:47, 23.63it/s]
loss=0.039| sh degree=3| :  84%|████████▍ | 5879/7000 [06:36<00:47, 23.63it/s]
loss=0.031| sh degree=3| :  84%|████████▍ | 5879/7000 [06:36<00:47, 23.63it/s]
loss=0.031| sh degree=3| :  84%|████████▍ | 5882/7000 [06:36<00:47, 23.74it/s]
loss=0.049| sh degree=3| :  84%|████████▍ | 5882/7000 [06:37<00:47, 23.74it/s]
loss=0.040| sh degree=3| :  84%|████████▍ | 5882/7000 [06:37<00:47, 23.74it/s]
loss=0.042| sh degree=3| :  84%|████████▍ | 5882/7000 [06:37<00:47, 23.74it/s]
loss=0.042| sh degree=3| :  84%|████████▍ | 5885/7000 [06:37<00:50, 21.96it/s]
loss=0.041| sh degree=3| :  84%|████████▍ | 5885/7000 [06:37<00:50, 21.96it/s]
loss=0.029| sh degree=3| :  84%|████████▍ | 5885/7000 [06:37<00:50, 21.96it/s]
loss=0.030| sh degree=3| :  84%|████████▍ | 5885/7000 [06:37<00:50, 21.96it/s]
loss=0.030| sh degree=3| :  84%|████████▍ | 5888/7000 [06:37<00:52, 21.27it/s]
loss=0.029| sh degree=3| :  84%|████████▍ | 5888/7000 [06:37<00:52, 21.27it/s]
loss=0.030| sh degree=3| :  84%|████████▍ | 5888/7000 [06:37<00:52, 21.27it/s]
loss=0.032| sh degree=3| :  84%|████████▍ | 5888/7000 [06:37<00:52, 21.27it/s]
loss=0.032| sh degree=3| :  84%|████████▍ | 5891/7000 [06:37<00:51, 21.35it/s]
loss=0.033| sh degree=3| :  84%|████████▍ | 5891/7000 [06:37<00:51, 21.35it/s]
loss=0.031| sh degree=3| :  84%|████████▍ | 5891/7000 [06:37<00:51, 21.35it/s]
loss=0.028| sh degree=3| :  84%|████████▍ | 5891/7000 [06:37<00:51, 21.35it/s]
loss=0.028| sh degree=3| :  84%|████████▍ | 5894/7000 [06:37<00:53, 20.86it/s]
loss=0.032| sh degree=3| :  84%|████████▍ | 5894/7000 [06:37<00:53, 20.86it/s]
loss=0.042| sh degree=3| :  84%|████████▍ | 5894/7000 [06:37<00:53, 20.86it/s]
loss=0.041| sh degree=3| :  84%|████████▍ | 5894/7000 [06:37<00:53, 20.86it/s]
loss=0.041| sh degree=3| :  84%|████████▍ | 5897/7000 [06:37<00:48, 22.55it/s]
loss=0.041| sh degree=3| :  84%|████████▍ | 5897/7000 [06:37<00:48, 22.55it/s]
loss=0.063| sh degree=3| :  84%|████████▍ | 5897/7000 [06:37<00:48, 22.55it/s]
loss=0.039| sh degree=3| :  84%|████████▍ | 5897/7000 [06:37<00:48, 22.55it/s]
loss=0.039| sh degree=3| :  84%|████████▍ | 5900/7000 [06:37<00:48, 22.49it/s]
loss=0.027| sh degree=3| :  84%|████████▍ | 5900/7000 [06:37<00:48, 22.49it/s]
loss=0.036| sh degree=3| :  84%|████████▍ | 5900/7000 [06:37<00:48, 22.49it/s]
loss=0.048| sh degree=3| :  84%|████████▍ | 5900/7000 [06:37<00:48, 22.49it/s]
loss=0.048| sh degree=3| :  84%|████████▍ | 5903/7000 [06:37<00:51, 21.30it/s]
loss=0.030| sh degree=3| :  84%|████████▍ | 5903/7000 [06:38<00:51, 21.30it/s]
loss=0.042| sh degree=3| :  84%|████████▍ | 5903/7000 [06:38<00:51, 21.30it/s]
loss=0.040| sh degree=3| :  84%|████████▍ | 5903/7000 [06:38<00:51, 21.30it/s]
loss=0.040| sh degree=3| :  84%|████████▍ | 5906/7000 [06:38<00:53, 20.58it/s]
loss=0.059| sh degree=3| :  84%|████████▍ | 5906/7000 [06:38<00:53, 20.58it/s]
loss=0.045| sh degree=3| :  84%|████████▍ | 5906/7000 [06:38<00:53, 20.58it/s]
loss=0.043| sh degree=3| :  84%|████████▍ | 5906/7000 [06:38<00:53, 20.58it/s]
loss=0.043| sh degree=3| :  84%|████████▍ | 5909/7000 [06:38<00:59, 18.46it/s]
loss=0.041| sh degree=3| :  84%|████████▍ | 5909/7000 [06:38<00:59, 18.46it/s]
loss=0.057| sh degree=3| :  84%|████████▍ | 5909/7000 [06:38<00:59, 18.46it/s]
loss=0.043| sh degree=3| :  84%|████████▍ | 5909/7000 [06:38<00:59, 18.46it/s]
loss=0.043| sh degree=3| :  84%|████████▍ | 5912/7000 [06:38<00:53, 20.44it/s]
loss=0.037| sh degree=3| :  84%|████████▍ | 5912/7000 [06:38<00:53, 20.44it/s]
loss=0.034| sh degree=3| :  84%|████████▍ | 5912/7000 [06:38<00:53, 20.44it/s]
loss=0.040| sh degree=3| :  84%|████████▍ | 5912/7000 [06:38<00:53, 20.44it/s]
loss=0.040| sh degree=3| :  84%|████████▍ | 5915/7000 [06:38<00:52, 20.60it/s]
loss=0.033| sh degree=3| :  84%|████████▍ | 5915/7000 [06:38<00:52, 20.60it/s]
loss=0.034| sh degree=3| :  84%|████████▍ | 5915/7000 [06:38<00:52, 20.60it/s]
loss=0.044| sh degree=3| :  84%|████████▍ | 5915/7000 [06:38<00:52, 20.60it/s]
loss=0.044| sh degree=3| :  85%|████████▍ | 5918/7000 [06:38<00:54, 19.93it/s]
loss=0.043| sh degree=3| :  85%|████████▍ | 5918/7000 [06:38<00:54, 19.93it/s]
loss=0.034| sh degree=3| :  85%|████████▍ | 5918/7000 [06:38<00:54, 19.93it/s]
loss=0.046| sh degree=3| :  85%|████████▍ | 5918/7000 [06:38<00:54, 19.93it/s]
loss=0.046| sh degree=3| :  85%|████████▍ | 5921/7000 [06:38<00:54, 19.98it/s]
loss=0.062| sh degree=3| :  85%|████████▍ | 5921/7000 [06:38<00:54, 19.98it/s]
loss=0.042| sh degree=3| :  85%|████████▍ | 5921/7000 [06:38<00:54, 19.98it/s]
loss=0.030| sh degree=3| :  85%|████████▍ | 5921/7000 [06:39<00:54, 19.98it/s]
loss=0.030| sh degree=3| :  85%|████████▍ | 5924/7000 [06:39<00:51, 20.88it/s]
loss=0.052| sh degree=3| :  85%|████████▍ | 5924/7000 [06:39<00:51, 20.88it/s]
loss=0.043| sh degree=3| :  85%|████████▍ | 5924/7000 [06:39<00:51, 20.88it/s]
loss=0.037| sh degree=3| :  85%|████████▍ | 5924/7000 [06:39<00:51, 20.88it/s]
loss=0.037| sh degree=3| :  85%|████████▍ | 5927/7000 [06:39<00:50, 21.14it/s]
loss=0.040| sh degree=3| :  85%|████████▍ | 5927/7000 [06:39<00:50, 21.14it/s]
loss=0.028| sh degree=3| :  85%|████████▍ | 5927/7000 [06:39<00:50, 21.14it/s]
loss=0.039| sh degree=3| :  85%|████████▍ | 5927/7000 [06:39<00:50, 21.14it/s]
loss=0.039| sh degree=3| :  85%|████████▍ | 5930/7000 [06:39<00:49, 21.65it/s]
loss=0.043| sh degree=3| :  85%|████████▍ | 5930/7000 [06:39<00:49, 21.65it/s]
loss=0.042| sh degree=3| :  85%|████████▍ | 5930/7000 [06:39<00:49, 21.65it/s]
loss=0.027| sh degree=3| :  85%|████████▍ | 5930/7000 [06:39<00:49, 21.65it/s]
loss=0.027| sh degree=3| :  85%|████████▍ | 5933/7000 [06:39<00:47, 22.64it/s]
loss=0.039| sh degree=3| :  85%|████████▍ | 5933/7000 [06:39<00:47, 22.64it/s]
loss=0.042| sh degree=3| :  85%|████████▍ | 5933/7000 [06:39<00:47, 22.64it/s]
loss=0.045| sh degree=3| :  85%|████████▍ | 5933/7000 [06:39<00:47, 22.64it/s]
loss=0.045| sh degree=3| :  85%|████████▍ | 5936/7000 [06:39<00:47, 22.48it/s]
loss=0.036| sh degree=3| :  85%|████████▍ | 5936/7000 [06:39<00:47, 22.48it/s]
loss=0.041| sh degree=3| :  85%|████████▍ | 5936/7000 [06:39<00:47, 22.48it/s]
loss=0.029| sh degree=3| :  85%|████████▍ | 5936/7000 [06:39<00:47, 22.48it/s]
loss=0.029| sh degree=3| :  85%|████████▍ | 5939/7000 [06:39<00:46, 22.63it/s]
loss=0.055| sh degree=3| :  85%|████████▍ | 5939/7000 [06:39<00:46, 22.63it/s]
loss=0.046| sh degree=3| :  85%|████████▍ | 5939/7000 [06:39<00:46, 22.63it/s]
loss=0.041| sh degree=3| :  85%|████████▍ | 5939/7000 [06:39<00:46, 22.63it/s]
loss=0.041| sh degree=3| :  85%|████████▍ | 5942/7000 [06:39<00:47, 22.49it/s]
loss=0.036| sh degree=3| :  85%|████████▍ | 5942/7000 [06:39<00:47, 22.49it/s]
loss=0.034| sh degree=3| :  85%|████████▍ | 5942/7000 [06:39<00:47, 22.49it/s]
loss=0.064| sh degree=3| :  85%|████████▍ | 5942/7000 [06:39<00:47, 22.49it/s]
loss=0.064| sh degree=3| :  85%|████████▍ | 5945/7000 [06:39<00:45, 23.01it/s]
loss=0.041| sh degree=3| :  85%|████████▍ | 5945/7000 [06:39<00:45, 23.01it/s]
loss=0.052| sh degree=3| :  85%|████████▍ | 5945/7000 [06:40<00:45, 23.01it/s]
loss=0.039| sh degree=3| :  85%|████████▍ | 5945/7000 [06:40<00:45, 23.01it/s]
loss=0.039| sh degree=3| :  85%|████████▍ | 5948/7000 [06:40<00:44, 23.47it/s]
loss=0.040| sh degree=3| :  85%|████████▍ | 5948/7000 [06:40<00:44, 23.47it/s]
loss=0.054| sh degree=3| :  85%|████████▍ | 5948/7000 [06:40<00:44, 23.47it/s]
loss=0.041| sh degree=3| :  85%|████████▍ | 5948/7000 [06:40<00:44, 23.47it/s]
loss=0.041| sh degree=3| :  85%|████████▌ | 5951/7000 [06:40<00:45, 23.17it/s]
loss=0.033| sh degree=3| :  85%|████████▌ | 5951/7000 [06:40<00:45, 23.17it/s]
loss=0.035| sh degree=3| :  85%|████████▌ | 5951/7000 [06:40<00:45, 23.17it/s]
loss=0.042| sh degree=3| :  85%|████████▌ | 5951/7000 [06:40<00:45, 23.17it/s]
loss=0.042| sh degree=3| :  85%|████████▌ | 5954/7000 [06:40<00:44, 23.45it/s]
loss=0.049| sh degree=3| :  85%|████████▌ | 5954/7000 [06:40<00:44, 23.45it/s]
loss=0.035| sh degree=3| :  85%|████████▌ | 5954/7000 [06:40<00:44, 23.45it/s]
loss=0.031| sh degree=3| :  85%|████████▌ | 5954/7000 [06:40<00:44, 23.45it/s]
loss=0.031| sh degree=3| :  85%|████████▌ | 5957/7000 [06:40<00:45, 23.15it/s]
loss=0.031| sh degree=3| :  85%|████████▌ | 5957/7000 [06:40<00:45, 23.15it/s]
loss=0.029| sh degree=3| :  85%|████████▌ | 5957/7000 [06:40<00:45, 23.15it/s]
loss=0.035| sh degree=3| :  85%|████████▌ | 5957/7000 [06:40<00:45, 23.15it/s]
loss=0.035| sh degree=3| :  85%|████████▌ | 5960/7000 [06:40<00:51, 20.26it/s]
loss=0.032| sh degree=3| :  85%|████████▌ | 5960/7000 [06:40<00:51, 20.26it/s]
loss=0.039| sh degree=3| :  85%|████████▌ | 5960/7000 [06:40<00:51, 20.26it/s]
loss=0.041| sh degree=3| :  85%|████████▌ | 5960/7000 [06:40<00:51, 20.26it/s]
loss=0.041| sh degree=3| :  85%|████████▌ | 5963/7000 [06:40<00:53, 19.53it/s]
loss=0.035| sh degree=3| :  85%|████████▌ | 5963/7000 [06:40<00:53, 19.53it/s]
loss=0.043| sh degree=3| :  85%|████████▌ | 5963/7000 [06:40<00:53, 19.53it/s]
loss=0.031| sh degree=3| :  85%|████████▌ | 5963/7000 [06:40<00:53, 19.53it/s]
loss=0.031| sh degree=3| :  85%|████████▌ | 5966/7000 [06:40<00:54, 18.96it/s]
loss=0.032| sh degree=3| :  85%|████████▌ | 5966/7000 [06:41<00:54, 18.96it/s]
loss=0.028| sh degree=3| :  85%|████████▌ | 5966/7000 [06:41<00:54, 18.96it/s]
loss=0.028| sh degree=3| :  85%|████████▌ | 5968/7000 [06:41<00:53, 19.14it/s]
loss=0.042| sh degree=3| :  85%|████████▌ | 5968/7000 [06:41<00:53, 19.14it/s]
loss=0.028| sh degree=3| :  85%|████████▌ | 5968/7000 [06:41<00:53, 19.14it/s]
loss=0.028| sh degree=3| :  85%|████████▌ | 5970/7000 [06:41<00:54, 18.88it/s]
loss=0.040| sh degree=3| :  85%|████████▌ | 5970/7000 [06:41<00:54, 18.88it/s]
loss=0.030| sh degree=3| :  85%|████████▌ | 5970/7000 [06:41<00:54, 18.88it/s]
loss=0.041| sh degree=3| :  85%|████████▌ | 5970/7000 [06:41<00:54, 18.88it/s]
loss=0.041| sh degree=3| :  85%|████████▌ | 5973/7000 [06:41<00:53, 19.25it/s]
loss=0.027| sh degree=3| :  85%|████████▌ | 5973/7000 [06:41<00:53, 19.25it/s]
loss=0.029| sh degree=3| :  85%|████████▌ | 5973/7000 [06:41<00:53, 19.25it/s]
loss=0.029| sh degree=3| :  85%|████████▌ | 5975/7000 [06:41<00:54, 18.90it/s]
loss=0.041| sh degree=3| :  85%|████████▌ | 5975/7000 [06:41<00:54, 18.90it/s]
loss=0.048| sh degree=3| :  85%|████████▌ | 5975/7000 [06:41<00:54, 18.90it/s]
loss=0.048| sh degree=3| :  85%|████████▌ | 5977/7000 [06:41<00:54, 18.87it/s]
loss=0.039| sh degree=3| :  85%|████████▌ | 5977/7000 [06:41<00:54, 18.87it/s]
loss=0.030| sh degree=3| :  85%|████████▌ | 5977/7000 [06:41<00:54, 18.87it/s]
loss=0.030| sh degree=3| :  85%|████████▌ | 5979/7000 [06:41<00:54, 18.73it/s]
loss=0.031| sh degree=3| :  85%|████████▌ | 5979/7000 [06:41<00:54, 18.73it/s]
loss=0.038| sh degree=3| :  85%|████████▌ | 5979/7000 [06:41<00:54, 18.73it/s]
loss=0.033| sh degree=3| :  85%|████████▌ | 5979/7000 [06:41<00:54, 18.73it/s]
loss=0.033| sh degree=3| :  85%|████████▌ | 5982/7000 [06:41<00:50, 20.01it/s]
loss=0.032| sh degree=3| :  85%|████████▌ | 5982/7000 [06:41<00:50, 20.01it/s]
loss=0.034| sh degree=3| :  85%|████████▌ | 5982/7000 [06:41<00:50, 20.01it/s]
loss=0.041| sh degree=3| :  85%|████████▌ | 5982/7000 [06:41<00:50, 20.01it/s]
loss=0.041| sh degree=3| :  86%|████████▌ | 5985/7000 [06:41<00:48, 20.90it/s]
loss=0.030| sh degree=3| :  86%|████████▌ | 5985/7000 [06:42<00:48, 20.90it/s]
loss=0.039| sh degree=3| :  86%|████████▌ | 5985/7000 [06:42<00:48, 20.90it/s]
loss=0.041| sh degree=3| :  86%|████████▌ | 5985/7000 [06:42<00:48, 20.90it/s]
loss=0.041| sh degree=3| :  86%|████████▌ | 5988/7000 [06:42<00:49, 20.52it/s]
loss=0.040| sh degree=3| :  86%|████████▌ | 5988/7000 [06:42<00:49, 20.52it/s]
loss=0.050| sh degree=3| :  86%|████████▌ | 5988/7000 [06:42<00:49, 20.52it/s]
loss=0.033| sh degree=3| :  86%|████████▌ | 5988/7000 [06:42<00:49, 20.52it/s]
loss=0.033| sh degree=3| :  86%|████████▌ | 5991/7000 [06:42<00:48, 20.77it/s]
loss=0.043| sh degree=3| :  86%|████████▌ | 5991/7000 [06:42<00:48, 20.77it/s]
loss=0.039| sh degree=3| :  86%|████████▌ | 5991/7000 [06:42<00:48, 20.77it/s]
loss=0.036| sh degree=3| :  86%|████████▌ | 5991/7000 [06:42<00:48, 20.77it/s]
loss=0.036| sh degree=3| :  86%|████████▌ | 5994/7000 [06:42<00:49, 20.16it/s]
loss=0.040| sh degree=3| :  86%|████████▌ | 5994/7000 [06:42<00:49, 20.16it/s]
loss=0.029| sh degree=3| :  86%|████████▌ | 5994/7000 [06:42<00:49, 20.16it/s]
loss=0.064| sh degree=3| :  86%|████████▌ | 5994/7000 [06:42<00:49, 20.16it/s]
loss=0.064| sh degree=3| :  86%|████████▌ | 5997/7000 [06:42<00:47, 21.32it/s]
loss=0.036| sh degree=3| :  86%|████████▌ | 5997/7000 [06:42<00:47, 21.32it/s]
loss=0.040| sh degree=3| :  86%|████████▌ | 5997/7000 [06:42<00:47, 21.32it/s]
loss=0.038| sh degree=3| :  86%|████████▌ | 5997/7000 [06:42<00:47, 21.32it/s]
loss=0.038| sh degree=3| :  86%|████████▌ | 6000/7000 [06:42<00:48, 20.47it/s]
loss=0.034| sh degree=3| :  86%|████████▌ | 6000/7000 [06:42<00:48, 20.47it/s]
loss=0.041| sh degree=3| :  86%|████████▌ | 6000/7000 [06:42<00:48, 20.47it/s]
loss=0.043| sh degree=3| :  86%|████████▌ | 6000/7000 [06:42<00:48, 20.47it/s]
loss=0.043| sh degree=3| :  86%|████████▌ | 6003/7000 [06:42<00:50, 19.81it/s]
loss=0.039| sh degree=3| :  86%|████████▌ | 6003/7000 [06:42<00:50, 19.81it/s]
loss=0.031| sh degree=3| :  86%|████████▌ | 6003/7000 [06:42<00:50, 19.81it/s]
loss=0.030| sh degree=3| :  86%|████████▌ | 6003/7000 [06:42<00:50, 19.81it/s]
loss=0.030| sh degree=3| :  86%|████████▌ | 6006/7000 [06:42<00:47, 20.83it/s]
loss=0.032| sh degree=3| :  86%|████████▌ | 6006/7000 [06:42<00:47, 20.83it/s]
loss=0.034| sh degree=3| :  86%|████████▌ | 6006/7000 [06:43<00:47, 20.83it/s]
loss=0.042| sh degree=3| :  86%|████████▌ | 6006/7000 [06:43<00:47, 20.83it/s]
loss=0.042| sh degree=3| :  86%|████████▌ | 6009/7000 [06:43<00:48, 20.49it/s]
loss=0.028| sh degree=3| :  86%|████████▌ | 6009/7000 [06:43<00:48, 20.49it/s]
loss=0.029| sh degree=3| :  86%|████████▌ | 6009/7000 [06:43<00:48, 20.49it/s]
loss=0.056| sh degree=3| :  86%|████████▌ | 6009/7000 [06:43<00:48, 20.49it/s]
loss=0.056| sh degree=3| :  86%|████████▌ | 6012/7000 [06:43<00:47, 20.91it/s]
loss=0.032| sh degree=3| :  86%|████████▌ | 6012/7000 [06:43<00:47, 20.91it/s]
loss=0.053| sh degree=3| :  86%|████████▌ | 6012/7000 [06:43<00:47, 20.91it/s]
loss=0.042| sh degree=3| :  86%|████████▌ | 6012/7000 [06:43<00:47, 20.91it/s]
loss=0.042| sh degree=3| :  86%|████████▌ | 6015/7000 [06:43<00:47, 20.77it/s]
loss=0.035| sh degree=3| :  86%|████████▌ | 6015/7000 [06:43<00:47, 20.77it/s]
loss=0.053| sh degree=3| :  86%|████████▌ | 6015/7000 [06:43<00:47, 20.77it/s]
loss=0.028| sh degree=3| :  86%|████████▌ | 6015/7000 [06:43<00:47, 20.77it/s]
loss=0.028| sh degree=3| :  86%|████████▌ | 6018/7000 [06:43<00:47, 20.76it/s]
loss=0.036| sh degree=3| :  86%|████████▌ | 6018/7000 [06:43<00:47, 20.76it/s]
loss=0.027| sh degree=3| :  86%|████████▌ | 6018/7000 [06:43<00:47, 20.76it/s]
loss=0.034| sh degree=3| :  86%|████████▌ | 6018/7000 [06:43<00:47, 20.76it/s]
loss=0.034| sh degree=3| :  86%|████████▌ | 6021/7000 [06:43<00:44, 21.88it/s]
loss=0.031| sh degree=3| :  86%|████████▌ | 6021/7000 [06:43<00:44, 21.88it/s]
loss=0.029| sh degree=3| :  86%|████████▌ | 6021/7000 [06:43<00:44, 21.88it/s]
loss=0.084| sh degree=3| :  86%|████████▌ | 6021/7000 [06:43<00:44, 21.88it/s]
loss=0.084| sh degree=3| :  86%|████████▌ | 6024/7000 [06:43<00:44, 21.94it/s]
loss=0.029| sh degree=3| :  86%|████████▌ | 6024/7000 [06:43<00:44, 21.94it/s]
loss=0.034| sh degree=3| :  86%|████████▌ | 6024/7000 [06:43<00:44, 21.94it/s]
loss=0.043| sh degree=3| :  86%|████████▌ | 6024/7000 [06:43<00:44, 21.94it/s]
loss=0.043| sh degree=3| :  86%|████████▌ | 6027/7000 [06:43<00:43, 22.19it/s]
loss=0.028| sh degree=3| :  86%|████████▌ | 6027/7000 [06:43<00:43, 22.19it/s]
loss=0.037| sh degree=3| :  86%|████████▌ | 6027/7000 [06:44<00:43, 22.19it/s]
loss=0.026| sh degree=3| :  86%|████████▌ | 6027/7000 [06:44<00:43, 22.19it/s]
loss=0.026| sh degree=3| :  86%|████████▌ | 6030/7000 [06:44<00:44, 22.04it/s]
loss=0.050| sh degree=3| :  86%|████████▌ | 6030/7000 [06:44<00:44, 22.04it/s]
loss=0.039| sh degree=3| :  86%|████████▌ | 6030/7000 [06:44<00:44, 22.04it/s]
loss=0.033| sh degree=3| :  86%|████████▌ | 6030/7000 [06:44<00:44, 22.04it/s]
loss=0.033| sh degree=3| :  86%|████████▌ | 6033/7000 [06:44<00:41, 23.36it/s]
loss=0.040| sh degree=3| :  86%|████████▌ | 6033/7000 [06:44<00:41, 23.36it/s]
loss=0.039| sh degree=3| :  86%|████████▌ | 6033/7000 [06:44<00:41, 23.36it/s]
loss=0.039| sh degree=3| :  86%|████████▌ | 6033/7000 [06:44<00:41, 23.36it/s]
loss=0.039| sh degree=3| :  86%|████████▌ | 6036/7000 [06:44<00:42, 22.89it/s]
loss=0.042| sh degree=3| :  86%|████████▌ | 6036/7000 [06:44<00:42, 22.89it/s]
loss=0.035| sh degree=3| :  86%|████████▌ | 6036/7000 [06:44<00:42, 22.89it/s]
loss=0.039| sh degree=3| :  86%|████████▌ | 6036/7000 [06:44<00:42, 22.89it/s]
loss=0.039| sh degree=3| :  86%|████████▋ | 6039/7000 [06:44<00:45, 21.32it/s]
loss=0.028| sh degree=3| :  86%|████████▋ | 6039/7000 [06:44<00:45, 21.32it/s]
loss=0.030| sh degree=3| :  86%|████████▋ | 6039/7000 [06:44<00:45, 21.32it/s]
loss=0.043| sh degree=3| :  86%|████████▋ | 6039/7000 [06:44<00:45, 21.32it/s]
loss=0.043| sh degree=3| :  86%|████████▋ | 6042/7000 [06:44<00:42, 22.74it/s]
loss=0.040| sh degree=3| :  86%|████████▋ | 6042/7000 [06:44<00:42, 22.74it/s]
loss=0.026| sh degree=3| :  86%|████████▋ | 6042/7000 [06:44<00:42, 22.74it/s]
loss=0.028| sh degree=3| :  86%|████████▋ | 6042/7000 [06:44<00:42, 22.74it/s]
loss=0.028| sh degree=3| :  86%|████████▋ | 6045/7000 [06:44<00:41, 22.77it/s]
loss=0.045| sh degree=3| :  86%|████████▋ | 6045/7000 [06:44<00:41, 22.77it/s]
loss=0.035| sh degree=3| :  86%|████████▋ | 6045/7000 [06:44<00:41, 22.77it/s]
loss=0.043| sh degree=3| :  86%|████████▋ | 6045/7000 [06:44<00:41, 22.77it/s]
loss=0.043| sh degree=3| :  86%|████████▋ | 6048/7000 [06:44<00:42, 22.47it/s]
loss=0.037| sh degree=3| :  86%|████████▋ | 6048/7000 [06:44<00:42, 22.47it/s]
loss=0.037| sh degree=3| :  86%|████████▋ | 6048/7000 [06:44<00:42, 22.47it/s]
loss=0.035| sh degree=3| :  86%|████████▋ | 6048/7000 [06:44<00:42, 22.47it/s]
loss=0.035| sh degree=3| :  86%|████████▋ | 6051/7000 [06:44<00:42, 22.56it/s]
loss=0.044| sh degree=3| :  86%|████████▋ | 6051/7000 [06:45<00:42, 22.56it/s]
loss=0.039| sh degree=3| :  86%|████████▋ | 6051/7000 [06:45<00:42, 22.56it/s]
loss=0.047| sh degree=3| :  86%|████████▋ | 6051/7000 [06:45<00:42, 22.56it/s]
loss=0.047| sh degree=3| :  86%|████████▋ | 6054/7000 [06:45<00:42, 22.38it/s]
loss=0.049| sh degree=3| :  86%|████████▋ | 6054/7000 [06:45<00:42, 22.38it/s]
loss=0.043| sh degree=3| :  86%|████████▋ | 6054/7000 [06:45<00:42, 22.38it/s]
loss=0.040| sh degree=3| :  86%|████████▋ | 6054/7000 [06:45<00:42, 22.38it/s]
loss=0.040| sh degree=3| :  87%|████████▋ | 6057/7000 [06:45<00:39, 23.84it/s]
loss=0.042| sh degree=3| :  87%|████████▋ | 6057/7000 [06:45<00:39, 23.84it/s]
loss=0.030| sh degree=3| :  87%|████████▋ | 6057/7000 [06:45<00:39, 23.84it/s]
loss=0.030| sh degree=3| :  87%|████████▋ | 6057/7000 [06:45<00:39, 23.84it/s]
loss=0.030| sh degree=3| :  87%|████████▋ | 6060/7000 [06:45<00:43, 21.47it/s]
loss=0.037| sh degree=3| :  87%|████████▋ | 6060/7000 [06:45<00:43, 21.47it/s]
loss=0.039| sh degree=3| :  87%|████████▋ | 6060/7000 [06:45<00:43, 21.47it/s]
loss=0.042| sh degree=3| :  87%|████████▋ | 6060/7000 [06:45<00:43, 21.47it/s]
loss=0.037| sh degree=3| :  87%|████████▋ | 6060/7000 [06:45<00:43, 21.47it/s]
loss=0.037| sh degree=3| :  87%|████████▋ | 6064/7000 [06:45<00:40, 23.20it/s]
loss=0.032| sh degree=3| :  87%|████████▋ | 6064/7000 [06:45<00:40, 23.20it/s]
loss=0.042| sh degree=3| :  87%|████████▋ | 6064/7000 [06:45<00:40, 23.20it/s]
loss=0.033| sh degree=3| :  87%|████████▋ | 6064/7000 [06:45<00:40, 23.20it/s]
loss=0.033| sh degree=3| :  87%|████████▋ | 6067/7000 [06:45<00:40, 23.25it/s]
loss=0.028| sh degree=3| :  87%|████████▋ | 6067/7000 [06:45<00:40, 23.25it/s]
loss=0.040| sh degree=3| :  87%|████████▋ | 6067/7000 [06:45<00:40, 23.25it/s]
loss=0.042| sh degree=3| :  87%|████████▋ | 6067/7000 [06:45<00:40, 23.25it/s]
loss=0.042| sh degree=3| :  87%|████████▋ | 6070/7000 [06:45<00:40, 23.09it/s]
loss=0.034| sh degree=3| :  87%|████████▋ | 6070/7000 [06:45<00:40, 23.09it/s]
loss=0.042| sh degree=3| :  87%|████████▋ | 6070/7000 [06:45<00:40, 23.09it/s]
loss=0.047| sh degree=3| :  87%|████████▋ | 6070/7000 [06:45<00:40, 23.09it/s]
loss=0.047| sh degree=3| :  87%|████████▋ | 6073/7000 [06:45<00:42, 21.83it/s]
loss=0.070| sh degree=3| :  87%|████████▋ | 6073/7000 [06:46<00:42, 21.83it/s]
loss=0.042| sh degree=3| :  87%|████████▋ | 6073/7000 [06:46<00:42, 21.83it/s]
loss=0.028| sh degree=3| :  87%|████████▋ | 6073/7000 [06:46<00:42, 21.83it/s]
loss=0.028| sh degree=3| :  87%|████████▋ | 6076/7000 [06:46<00:40, 22.58it/s]
loss=0.058| sh degree=3| :  87%|████████▋ | 6076/7000 [06:46<00:40, 22.58it/s]
loss=0.041| sh degree=3| :  87%|████████▋ | 6076/7000 [06:46<00:40, 22.58it/s]
loss=0.043| sh degree=3| :  87%|████████▋ | 6076/7000 [06:46<00:40, 22.58it/s]
loss=0.043| sh degree=3| :  87%|████████▋ | 6079/7000 [06:46<00:38, 24.09it/s]
loss=0.037| sh degree=3| :  87%|████████▋ | 6079/7000 [06:46<00:38, 24.09it/s]
loss=0.050| sh degree=3| :  87%|████████▋ | 6079/7000 [06:46<00:38, 24.09it/s]
loss=0.038| sh degree=3| :  87%|████████▋ | 6079/7000 [06:46<00:38, 24.09it/s]
loss=0.038| sh degree=3| :  87%|████████▋ | 6082/7000 [06:46<00:40, 22.93it/s]
loss=0.028| sh degree=3| :  87%|████████▋ | 6082/7000 [06:46<00:40, 22.93it/s]
loss=0.032| sh degree=3| :  87%|████████▋ | 6082/7000 [06:46<00:40, 22.93it/s]
loss=0.032| sh degree=3| :  87%|████████▋ | 6082/7000 [06:46<00:40, 22.93it/s]
loss=0.032| sh degree=3| :  87%|████████▋ | 6085/7000 [06:46<00:39, 23.16it/s]
loss=0.033| sh degree=3| :  87%|████████▋ | 6085/7000 [06:46<00:39, 23.16it/s]
loss=0.033| sh degree=3| :  87%|████████▋ | 6085/7000 [06:46<00:39, 23.16it/s]
loss=0.041| sh degree=3| :  87%|████████▋ | 6085/7000 [06:46<00:39, 23.16it/s]
loss=0.041| sh degree=3| :  87%|████████▋ | 6088/7000 [06:46<00:38, 23.98it/s]
loss=0.030| sh degree=3| :  87%|████████▋ | 6088/7000 [06:46<00:38, 23.98it/s]
loss=0.045| sh degree=3| :  87%|████████▋ | 6088/7000 [06:46<00:38, 23.98it/s]
loss=0.028| sh degree=3| :  87%|████████▋ | 6088/7000 [06:46<00:38, 23.98it/s]
loss=0.028| sh degree=3| :  87%|████████▋ | 6091/7000 [06:46<00:37, 24.54it/s]
loss=0.040| sh degree=3| :  87%|████████▋ | 6091/7000 [06:46<00:37, 24.54it/s]
loss=0.047| sh degree=3| :  87%|████████▋ | 6091/7000 [06:46<00:37, 24.54it/s]
loss=0.043| sh degree=3| :  87%|████████▋ | 6091/7000 [06:46<00:37, 24.54it/s]
loss=0.043| sh degree=3| :  87%|████████▋ | 6094/7000 [06:46<00:39, 22.65it/s]
loss=0.039| sh degree=3| :  87%|████████▋ | 6094/7000 [06:46<00:39, 22.65it/s]
loss=0.031| sh degree=3| :  87%|████████▋ | 6094/7000 [06:46<00:39, 22.65it/s]
loss=0.037| sh degree=3| :  87%|████████▋ | 6094/7000 [06:46<00:39, 22.65it/s]
loss=0.037| sh degree=3| :  87%|████████▋ | 6097/7000 [06:47<00:41, 21.73it/s]
loss=0.047| sh degree=3| :  87%|████████▋ | 6097/7000 [06:47<00:41, 21.73it/s]
loss=0.052| sh degree=3| :  87%|████████▋ | 6097/7000 [06:47<00:41, 21.73it/s]
loss=0.044| sh degree=3| :  87%|████████▋ | 6097/7000 [06:47<00:41, 21.73it/s]
loss=0.044| sh degree=3| :  87%|████████▋ | 6100/7000 [06:47<00:43, 20.86it/s]
loss=0.051| sh degree=3| :  87%|████████▋ | 6100/7000 [06:47<00:43, 20.86it/s]
loss=0.032| sh degree=3| :  87%|████████▋ | 6100/7000 [06:47<00:43, 20.86it/s]
loss=0.044| sh degree=3| :  87%|████████▋ | 6100/7000 [06:47<00:43, 20.86it/s]
loss=0.044| sh degree=3| :  87%|████████▋ | 6103/7000 [06:47<00:44, 20.09it/s]
loss=0.045| sh degree=3| :  87%|████████▋ | 6103/7000 [06:47<00:44, 20.09it/s]
loss=0.031| sh degree=3| :  87%|████████▋ | 6103/7000 [06:47<00:44, 20.09it/s]
loss=0.044| sh degree=3| :  87%|████████▋ | 6103/7000 [06:47<00:44, 20.09it/s]
loss=0.044| sh degree=3| :  87%|████████▋ | 6106/7000 [06:47<00:46, 19.33it/s]
loss=0.039| sh degree=3| :  87%|████████▋ | 6106/7000 [06:47<00:46, 19.33it/s]
loss=0.028| sh degree=3| :  87%|████████▋ | 6106/7000 [06:47<00:46, 19.33it/s]
loss=0.028| sh degree=3| :  87%|████████▋ | 6106/7000 [06:47<00:46, 19.33it/s]
loss=0.028| sh degree=3| :  87%|████████▋ | 6109/7000 [06:47<00:45, 19.76it/s]
loss=0.044| sh degree=3| :  87%|████████▋ | 6109/7000 [06:47<00:45, 19.76it/s]
loss=0.046| sh degree=3| :  87%|████████▋ | 6109/7000 [06:47<00:45, 19.76it/s]
loss=0.035| sh degree=3| :  87%|████████▋ | 6109/7000 [06:47<00:45, 19.76it/s]
loss=0.035| sh degree=3| :  87%|████████▋ | 6112/7000 [06:47<00:42, 20.95it/s]
loss=0.036| sh degree=3| :  87%|████████▋ | 6112/7000 [06:47<00:42, 20.95it/s]
loss=0.044| sh degree=3| :  87%|████████▋ | 6112/7000 [06:47<00:42, 20.95it/s]
loss=0.044| sh degree=3| :  87%|████████▋ | 6112/7000 [06:47<00:42, 20.95it/s]
loss=0.031| sh degree=3| :  87%|████████▋ | 6112/7000 [06:47<00:42, 20.95it/s]
loss=0.031| sh degree=3| :  87%|████████▋ | 6116/7000 [06:47<00:36, 24.11it/s]
loss=0.049| sh degree=3| :  87%|████████▋ | 6116/7000 [06:47<00:36, 24.11it/s]
loss=0.044| sh degree=3| :  87%|████████▋ | 6116/7000 [06:47<00:36, 24.11it/s]
loss=0.045| sh degree=3| :  87%|████████▋ | 6116/7000 [06:47<00:36, 24.11it/s]
loss=0.045| sh degree=3| :  87%|████████▋ | 6119/7000 [06:47<00:34, 25.41it/s]
loss=0.044| sh degree=3| :  87%|████████▋ | 6119/7000 [06:48<00:34, 25.41it/s]
loss=0.065| sh degree=3| :  87%|████████▋ | 6119/7000 [06:48<00:34, 25.41it/s]
loss=0.029| sh degree=3| :  87%|████████▋ | 6119/7000 [06:48<00:34, 25.41it/s]
loss=0.029| sh degree=3| :  87%|████████▋ | 6122/7000 [06:48<00:51, 16.96it/s]
loss=0.040| sh degree=3| :  87%|████████▋ | 6122/7000 [06:48<00:51, 16.96it/s]
loss=0.035| sh degree=3| :  87%|████████▋ | 6122/7000 [06:48<00:51, 16.96it/s]
loss=0.042| sh degree=3| :  87%|████████▋ | 6122/7000 [06:48<00:51, 16.96it/s]
loss=0.042| sh degree=3| :  88%|████████▊ | 6125/7000 [06:48<00:45, 19.10it/s]
loss=0.045| sh degree=3| :  88%|████████▊ | 6125/7000 [06:48<00:45, 19.10it/s]
loss=0.027| sh degree=3| :  88%|████████▊ | 6125/7000 [06:48<00:45, 19.10it/s]
loss=0.028| sh degree=3| :  88%|████████▊ | 6125/7000 [06:48<00:45, 19.10it/s]
loss=0.028| sh degree=3| :  88%|████████▊ | 6128/7000 [06:48<00:45, 19.24it/s]
loss=0.027| sh degree=3| :  88%|████████▊ | 6128/7000 [06:48<00:45, 19.24it/s]
loss=0.027| sh degree=3| :  88%|████████▊ | 6128/7000 [06:48<00:45, 19.24it/s]
loss=0.043| sh degree=3| :  88%|████████▊ | 6128/7000 [06:48<00:45, 19.24it/s]
loss=0.033| sh degree=3| :  88%|████████▊ | 6128/7000 [06:48<00:45, 19.24it/s]
loss=0.033| sh degree=3| :  88%|████████▊ | 6132/7000 [06:48<00:40, 21.46it/s]
loss=0.035| sh degree=3| :  88%|████████▊ | 6132/7000 [06:48<00:40, 21.46it/s]
loss=0.026| sh degree=3| :  88%|████████▊ | 6132/7000 [06:48<00:40, 21.46it/s]
loss=0.042| sh degree=3| :  88%|████████▊ | 6132/7000 [06:48<00:40, 21.46it/s]
loss=0.042| sh degree=3| :  88%|████████▊ | 6135/7000 [06:48<00:40, 21.57it/s]
loss=0.026| sh degree=3| :  88%|████████▊ | 6135/7000 [06:48<00:40, 21.57it/s]
loss=0.040| sh degree=3| :  88%|████████▊ | 6135/7000 [06:48<00:40, 21.57it/s]
loss=0.038| sh degree=3| :  88%|████████▊ | 6135/7000 [06:48<00:40, 21.57it/s]
loss=0.038| sh degree=3| :  88%|████████▊ | 6138/7000 [06:48<00:40, 21.40it/s]
loss=0.030| sh degree=3| :  88%|████████▊ | 6138/7000 [06:49<00:40, 21.40it/s]
loss=0.031| sh degree=3| :  88%|████████▊ | 6138/7000 [06:49<00:40, 21.40it/s]
loss=0.062| sh degree=3| :  88%|████████▊ | 6138/7000 [06:49<00:40, 21.40it/s]
loss=0.062| sh degree=3| :  88%|████████▊ | 6141/7000 [06:49<00:40, 21.12it/s]
loss=0.036| sh degree=3| :  88%|████████▊ | 6141/7000 [06:49<00:40, 21.12it/s]
loss=0.042| sh degree=3| :  88%|████████▊ | 6141/7000 [06:49<00:40, 21.12it/s]
loss=0.032| sh degree=3| :  88%|████████▊ | 6141/7000 [06:49<00:40, 21.12it/s]
loss=0.032| sh degree=3| :  88%|████████▊ | 6144/7000 [06:49<00:39, 21.73it/s]
loss=0.039| sh degree=3| :  88%|████████▊ | 6144/7000 [06:49<00:39, 21.73it/s]
loss=0.039| sh degree=3| :  88%|████████▊ | 6144/7000 [06:49<00:39, 21.73it/s]
loss=0.029| sh degree=3| :  88%|████████▊ | 6144/7000 [06:49<00:39, 21.73it/s]
loss=0.029| sh degree=3| :  88%|████████▊ | 6147/7000 [06:49<00:40, 21.02it/s]
loss=0.028| sh degree=3| :  88%|████████▊ | 6147/7000 [06:49<00:40, 21.02it/s]
loss=0.053| sh degree=3| :  88%|████████▊ | 6147/7000 [06:49<00:40, 21.02it/s]
loss=0.039| sh degree=3| :  88%|████████▊ | 6147/7000 [06:49<00:40, 21.02it/s]
loss=0.039| sh degree=3| :  88%|████████▊ | 6150/7000 [06:49<00:39, 21.76it/s]
loss=0.026| sh degree=3| :  88%|████████▊ | 6150/7000 [06:49<00:39, 21.76it/s]
loss=0.043| sh degree=3| :  88%|████████▊ | 6150/7000 [06:49<00:39, 21.76it/s]
loss=0.049| sh degree=3| :  88%|████████▊ | 6150/7000 [06:49<00:39, 21.76it/s]
loss=0.049| sh degree=3| :  88%|████████▊ | 6153/7000 [06:49<00:38, 22.16it/s]
loss=0.044| sh degree=3| :  88%|████████▊ | 6153/7000 [06:49<00:38, 22.16it/s]
loss=0.043| sh degree=3| :  88%|████████▊ | 6153/7000 [06:49<00:38, 22.16it/s]
loss=0.033| sh degree=3| :  88%|████████▊ | 6153/7000 [06:49<00:38, 22.16it/s]
loss=0.033| sh degree=3| :  88%|████████▊ | 6156/7000 [06:49<00:36, 23.34it/s]
loss=0.040| sh degree=3| :  88%|████████▊ | 6156/7000 [06:49<00:36, 23.34it/s]
loss=0.038| sh degree=3| :  88%|████████▊ | 6156/7000 [06:49<00:36, 23.34it/s]
loss=0.028| sh degree=3| :  88%|████████▊ | 6156/7000 [06:49<00:36, 23.34it/s]
loss=0.028| sh degree=3| :  88%|████████▊ | 6159/7000 [06:49<00:33, 24.79it/s]
loss=0.041| sh degree=3| :  88%|████████▊ | 6159/7000 [06:49<00:33, 24.79it/s]
loss=0.041| sh degree=3| :  88%|████████▊ | 6159/7000 [06:49<00:33, 24.79it/s]
loss=0.033| sh degree=3| :  88%|████████▊ | 6159/7000 [06:49<00:33, 24.79it/s]
loss=0.030| sh degree=3| :  88%|████████▊ | 6159/7000 [06:50<00:33, 24.79it/s]
loss=0.030| sh degree=3| :  88%|████████▊ | 6163/7000 [06:50<00:30, 27.27it/s]
loss=0.047| sh degree=3| :  88%|████████▊ | 6163/7000 [06:50<00:30, 27.27it/s]
loss=0.044| sh degree=3| :  88%|████████▊ | 6163/7000 [06:50<00:30, 27.27it/s]
loss=0.034| sh degree=3| :  88%|████████▊ | 6163/7000 [06:50<00:30, 27.27it/s]
loss=0.034| sh degree=3| :  88%|████████▊ | 6166/7000 [06:50<00:30, 27.08it/s]
loss=0.041| sh degree=3| :  88%|████████▊ | 6166/7000 [06:50<00:30, 27.08it/s]
loss=0.049| sh degree=3| :  88%|████████▊ | 6166/7000 [06:50<00:30, 27.08it/s]
loss=0.044| sh degree=3| :  88%|████████▊ | 6166/7000 [06:50<00:30, 27.08it/s]
loss=0.044| sh degree=3| :  88%|████████▊ | 6169/7000 [06:50<00:31, 26.28it/s]
loss=0.059| sh degree=3| :  88%|████████▊ | 6169/7000 [06:50<00:31, 26.28it/s]
loss=0.028| sh degree=3| :  88%|████████▊ | 6169/7000 [06:50<00:31, 26.28it/s]
loss=0.033| sh degree=3| :  88%|████████▊ | 6169/7000 [06:50<00:31, 26.28it/s]
loss=0.033| sh degree=3| :  88%|████████▊ | 6172/7000 [06:50<00:32, 25.20it/s]
loss=0.041| sh degree=3| :  88%|████████▊ | 6172/7000 [06:50<00:32, 25.20it/s]
loss=0.034| sh degree=3| :  88%|████████▊ | 6172/7000 [06:50<00:32, 25.20it/s]
loss=0.036| sh degree=3| :  88%|████████▊ | 6172/7000 [06:50<00:32, 25.20it/s]
loss=0.036| sh degree=3| :  88%|████████▊ | 6175/7000 [06:50<00:36, 22.69it/s]
loss=0.030| sh degree=3| :  88%|████████▊ | 6175/7000 [06:50<00:36, 22.69it/s]
loss=0.050| sh degree=3| :  88%|████████▊ | 6175/7000 [06:50<00:36, 22.69it/s]
loss=0.033| sh degree=3| :  88%|████████▊ | 6175/7000 [06:50<00:36, 22.69it/s]
loss=0.033| sh degree=3| :  88%|████████▊ | 6178/7000 [06:50<00:36, 22.72it/s]
loss=0.039| sh degree=3| :  88%|████████▊ | 6178/7000 [06:50<00:36, 22.72it/s]
loss=0.041| sh degree=3| :  88%|████████▊ | 6178/7000 [06:50<00:36, 22.72it/s]
loss=0.042| sh degree=3| :  88%|████████▊ | 6178/7000 [06:50<00:36, 22.72it/s]
loss=0.038| sh degree=3| :  88%|████████▊ | 6178/7000 [06:50<00:36, 22.72it/s]
loss=0.038| sh degree=3| :  88%|████████▊ | 6182/7000 [06:50<00:32, 25.25it/s]
loss=0.033| sh degree=3| :  88%|████████▊ | 6182/7000 [06:50<00:32, 25.25it/s]
loss=0.032| sh degree=3| :  88%|████████▊ | 6182/7000 [06:50<00:32, 25.25it/s]
loss=0.046| sh degree=3| :  88%|████████▊ | 6182/7000 [06:50<00:32, 25.25it/s]
loss=0.046| sh degree=3| :  88%|████████▊ | 6185/7000 [06:50<00:31, 25.80it/s]
loss=0.029| sh degree=3| :  88%|████████▊ | 6185/7000 [06:50<00:31, 25.80it/s]
loss=0.046| sh degree=3| :  88%|████████▊ | 6185/7000 [06:50<00:31, 25.80it/s]
loss=0.045| sh degree=3| :  88%|████████▊ | 6185/7000 [06:51<00:31, 25.80it/s]
loss=0.045| sh degree=3| :  88%|████████▊ | 6188/7000 [06:51<00:31, 25.91it/s]
loss=0.028| sh degree=3| :  88%|████████▊ | 6188/7000 [06:51<00:31, 25.91it/s]
loss=0.042| sh degree=3| :  88%|████████▊ | 6188/7000 [06:51<00:31, 25.91it/s]
loss=0.042| sh degree=3| :  88%|████████▊ | 6188/7000 [06:51<00:31, 25.91it/s]
loss=0.042| sh degree=3| :  88%|████████▊ | 6191/7000 [06:51<00:32, 25.19it/s]
loss=0.032| sh degree=3| :  88%|████████▊ | 6191/7000 [06:51<00:32, 25.19it/s]
loss=0.045| sh degree=3| :  88%|████████▊ | 6191/7000 [06:51<00:32, 25.19it/s]
loss=0.028| sh degree=3| :  88%|████████▊ | 6191/7000 [06:51<00:32, 25.19it/s]
loss=0.028| sh degree=3| :  88%|████████▊ | 6194/7000 [06:51<00:32, 24.68it/s]
loss=0.042| sh degree=3| :  88%|████████▊ | 6194/7000 [06:51<00:32, 24.68it/s]
loss=0.031| sh degree=3| :  88%|████████▊ | 6194/7000 [06:51<00:32, 24.68it/s]
loss=0.030| sh degree=3| :  88%|████████▊ | 6194/7000 [06:51<00:32, 24.68it/s]
loss=0.030| sh degree=3| :  89%|████████▊ | 6197/7000 [06:51<00:34, 23.52it/s]
loss=0.033| sh degree=3| :  89%|████████▊ | 6197/7000 [06:51<00:34, 23.52it/s]
loss=0.043| sh degree=3| :  89%|████████▊ | 6197/7000 [06:51<00:34, 23.52it/s]
loss=0.051| sh degree=3| :  89%|████████▊ | 6197/7000 [06:51<00:34, 23.52it/s]
loss=0.051| sh degree=3| :  89%|████████▊ | 6200/7000 [06:51<00:39, 20.51it/s]
loss=0.032| sh degree=3| :  89%|████████▊ | 6200/7000 [06:51<00:39, 20.51it/s]
loss=0.041| sh degree=3| :  89%|████████▊ | 6200/7000 [06:51<00:39, 20.51it/s]
loss=0.039| sh degree=3| :  89%|████████▊ | 6200/7000 [06:51<00:39, 20.51it/s]
loss=0.039| sh degree=3| :  89%|████████▊ | 6203/7000 [06:51<00:37, 21.24it/s]
loss=0.041| sh degree=3| :  89%|████████▊ | 6203/7000 [06:51<00:37, 21.24it/s]
loss=0.031| sh degree=3| :  89%|████████▊ | 6203/7000 [06:51<00:37, 21.24it/s]
loss=0.034| sh degree=3| :  89%|████████▊ | 6203/7000 [06:51<00:37, 21.24it/s]
loss=0.034| sh degree=3| :  89%|████████▊ | 6206/7000 [06:51<00:35, 22.26it/s]
loss=0.034| sh degree=3| :  89%|████████▊ | 6206/7000 [06:51<00:35, 22.26it/s]
loss=0.040| sh degree=3| :  89%|████████▊ | 6206/7000 [06:51<00:35, 22.26it/s]
loss=0.031| sh degree=3| :  89%|████████▊ | 6206/7000 [06:51<00:35, 22.26it/s]
loss=0.031| sh degree=3| :  89%|████████▊ | 6209/7000 [06:51<00:34, 22.87it/s]
loss=0.031| sh degree=3| :  89%|████████▊ | 6209/7000 [06:52<00:34, 22.87it/s]
loss=0.045| sh degree=3| :  89%|████████▊ | 6209/7000 [06:52<00:34, 22.87it/s]
loss=0.037| sh degree=3| :  89%|████████▊ | 6209/7000 [06:52<00:34, 22.87it/s]
loss=0.037| sh degree=3| :  89%|████████▊ | 6212/7000 [06:52<00:35, 22.42it/s]
loss=0.030| sh degree=3| :  89%|████████▊ | 6212/7000 [06:52<00:35, 22.42it/s]
loss=0.050| sh degree=3| :  89%|████████▊ | 6212/7000 [06:52<00:35, 22.42it/s]
loss=0.037| sh degree=3| :  89%|████████▊ | 6212/7000 [06:52<00:35, 22.42it/s]
loss=0.037| sh degree=3| :  89%|████████▉ | 6215/7000 [06:52<00:36, 21.41it/s]
loss=0.042| sh degree=3| :  89%|████████▉ | 6215/7000 [06:52<00:36, 21.41it/s]
loss=0.029| sh degree=3| :  89%|████████▉ | 6215/7000 [06:52<00:36, 21.41it/s]
loss=0.040| sh degree=3| :  89%|████████▉ | 6215/7000 [06:52<00:36, 21.41it/s]
loss=0.040| sh degree=3| :  89%|████████▉ | 6218/7000 [06:52<00:35, 22.10it/s]
loss=0.048| sh degree=3| :  89%|████████▉ | 6218/7000 [06:52<00:35, 22.10it/s]
loss=0.044| sh degree=3| :  89%|████████▉ | 6218/7000 [06:52<00:35, 22.10it/s]
loss=0.043| sh degree=3| :  89%|████████▉ | 6218/7000 [06:52<00:35, 22.10it/s]
loss=0.043| sh degree=3| :  89%|████████▉ | 6221/7000 [06:52<00:34, 22.73it/s]
loss=0.048| sh degree=3| :  89%|████████▉ | 6221/7000 [06:52<00:34, 22.73it/s]
loss=0.043| sh degree=3| :  89%|████████▉ | 6221/7000 [06:52<00:34, 22.73it/s]
loss=0.031| sh degree=3| :  89%|████████▉ | 6221/7000 [06:52<00:34, 22.73it/s]
loss=0.031| sh degree=3| :  89%|████████▉ | 6224/7000 [06:52<00:32, 23.56it/s]
loss=0.030| sh degree=3| :  89%|████████▉ | 6224/7000 [06:52<00:32, 23.56it/s]
loss=0.030| sh degree=3| :  89%|████████▉ | 6224/7000 [06:52<00:32, 23.56it/s]
loss=0.030| sh degree=3| :  89%|████████▉ | 6224/7000 [06:52<00:32, 23.56it/s]
loss=0.030| sh degree=3| :  89%|████████▉ | 6227/7000 [06:52<00:32, 24.00it/s]
loss=0.039| sh degree=3| :  89%|████████▉ | 6227/7000 [06:52<00:32, 24.00it/s]
loss=0.030| sh degree=3| :  89%|████████▉ | 6227/7000 [06:52<00:32, 24.00it/s]
loss=0.036| sh degree=3| :  89%|████████▉ | 6227/7000 [06:52<00:32, 24.00it/s]
loss=0.036| sh degree=3| :  89%|████████▉ | 6230/7000 [06:52<00:33, 23.22it/s]
loss=0.044| sh degree=3| :  89%|████████▉ | 6230/7000 [06:52<00:33, 23.22it/s]
loss=0.036| sh degree=3| :  89%|████████▉ | 6230/7000 [06:52<00:33, 23.22it/s]
loss=0.034| sh degree=3| :  89%|████████▉ | 6230/7000 [06:53<00:33, 23.22it/s]
loss=0.034| sh degree=3| :  89%|████████▉ | 6233/7000 [06:53<00:33, 22.58it/s]
loss=0.053| sh degree=3| :  89%|████████▉ | 6233/7000 [06:53<00:33, 22.58it/s]
loss=0.067| sh degree=3| :  89%|████████▉ | 6233/7000 [06:53<00:33, 22.58it/s]
loss=0.046| sh degree=3| :  89%|████████▉ | 6233/7000 [06:53<00:33, 22.58it/s]
loss=0.046| sh degree=3| :  89%|████████▉ | 6236/7000 [06:53<00:34, 22.11it/s]
loss=0.028| sh degree=3| :  89%|████████▉ | 6236/7000 [06:53<00:34, 22.11it/s]
loss=0.040| sh degree=3| :  89%|████████▉ | 6236/7000 [06:53<00:34, 22.11it/s]
loss=0.042| sh degree=3| :  89%|████████▉ | 6236/7000 [06:53<00:34, 22.11it/s]
loss=0.042| sh degree=3| :  89%|████████▉ | 6239/7000 [06:53<00:32, 23.13it/s]
loss=0.065| sh degree=3| :  89%|████████▉ | 6239/7000 [06:53<00:32, 23.13it/s]
loss=0.049| sh degree=3| :  89%|████████▉ | 6239/7000 [06:53<00:32, 23.13it/s]
loss=0.041| sh degree=3| :  89%|████████▉ | 6239/7000 [06:53<00:32, 23.13it/s]
loss=0.041| sh degree=3| :  89%|████████▉ | 6242/7000 [06:53<00:33, 22.71it/s]
loss=0.031| sh degree=3| :  89%|████████▉ | 6242/7000 [06:53<00:33, 22.71it/s]
loss=0.046| sh degree=3| :  89%|████████▉ | 6242/7000 [06:53<00:33, 22.71it/s]
loss=0.043| sh degree=3| :  89%|████████▉ | 6242/7000 [06:53<00:33, 22.71it/s]
loss=0.043| sh degree=3| :  89%|████████▉ | 6245/7000 [06:53<00:31, 23.66it/s]
loss=0.044| sh degree=3| :  89%|████████▉ | 6245/7000 [06:53<00:31, 23.66it/s]
loss=0.027| sh degree=3| :  89%|████████▉ | 6245/7000 [06:53<00:31, 23.66it/s]
loss=0.039| sh degree=3| :  89%|████████▉ | 6245/7000 [06:53<00:31, 23.66it/s]
loss=0.039| sh degree=3| :  89%|████████▉ | 6248/7000 [06:53<00:31, 23.63it/s]
loss=0.042| sh degree=3| :  89%|████████▉ | 6248/7000 [06:53<00:31, 23.63it/s]
loss=0.044| sh degree=3| :  89%|████████▉ | 6248/7000 [06:53<00:31, 23.63it/s]
loss=0.042| sh degree=3| :  89%|████████▉ | 6248/7000 [06:53<00:31, 23.63it/s]
loss=0.042| sh degree=3| :  89%|████████▉ | 6251/7000 [06:53<00:30, 24.28it/s]
loss=0.039| sh degree=3| :  89%|████████▉ | 6251/7000 [06:53<00:30, 24.28it/s]
loss=0.044| sh degree=3| :  89%|████████▉ | 6251/7000 [06:53<00:30, 24.28it/s]
loss=0.038| sh degree=3| :  89%|████████▉ | 6251/7000 [06:53<00:30, 24.28it/s]
loss=0.038| sh degree=3| :  89%|████████▉ | 6254/7000 [06:53<00:31, 23.81it/s]
loss=0.041| sh degree=3| :  89%|████████▉ | 6254/7000 [06:53<00:31, 23.81it/s]
loss=0.034| sh degree=3| :  89%|████████▉ | 6254/7000 [06:54<00:31, 23.81it/s]
loss=0.041| sh degree=3| :  89%|████████▉ | 6254/7000 [06:54<00:31, 23.81it/s]
loss=0.033| sh degree=3| :  89%|████████▉ | 6254/7000 [06:54<00:31, 23.81it/s]
loss=0.033| sh degree=3| :  89%|████████▉ | 6258/7000 [06:54<00:29, 24.89it/s]
loss=0.046| sh degree=3| :  89%|████████▉ | 6258/7000 [06:54<00:29, 24.89it/s]
loss=0.033| sh degree=3| :  89%|████████▉ | 6258/7000 [06:54<00:29, 24.89it/s]
loss=0.122| sh degree=3| :  89%|████████▉ | 6258/7000 [06:54<00:29, 24.89it/s]
loss=0.122| sh degree=3| :  89%|████████▉ | 6261/7000 [06:54<00:29, 25.22it/s]
loss=0.040| sh degree=3| :  89%|████████▉ | 6261/7000 [06:54<00:29, 25.22it/s]
loss=0.063| sh degree=3| :  89%|████████▉ | 6261/7000 [06:54<00:29, 25.22it/s]
loss=0.114| sh degree=3| :  89%|████████▉ | 6261/7000 [06:54<00:29, 25.22it/s]
loss=0.031| sh degree=3| :  89%|████████▉ | 6261/7000 [06:54<00:29, 25.22it/s]
loss=0.031| sh degree=3| :  90%|████████▉ | 6265/7000 [06:54<00:28, 25.80it/s]
loss=0.039| sh degree=3| :  90%|████████▉ | 6265/7000 [06:54<00:28, 25.80it/s]
loss=0.038| sh degree=3| :  90%|████████▉ | 6265/7000 [06:54<00:28, 25.80it/s]
loss=0.047| sh degree=3| :  90%|████████▉ | 6265/7000 [06:54<00:28, 25.80it/s]
loss=0.029| sh degree=3| :  90%|████████▉ | 6265/7000 [06:54<00:28, 25.80it/s]
loss=0.029| sh degree=3| :  90%|████████▉ | 6269/7000 [06:54<00:27, 26.95it/s]
loss=0.028| sh degree=3| :  90%|████████▉ | 6269/7000 [06:54<00:27, 26.95it/s]
loss=0.042| sh degree=3| :  90%|████████▉ | 6269/7000 [06:54<00:27, 26.95it/s]
loss=0.031| sh degree=3| :  90%|████████▉ | 6269/7000 [06:54<00:27, 26.95it/s]
loss=0.031| sh degree=3| :  90%|████████▉ | 6272/7000 [06:54<00:27, 26.05it/s]
loss=0.037| sh degree=3| :  90%|████████▉ | 6272/7000 [06:54<00:27, 26.05it/s]
loss=0.042| sh degree=3| :  90%|████████▉ | 6272/7000 [06:54<00:27, 26.05it/s]
loss=0.038| sh degree=3| :  90%|████████▉ | 6272/7000 [06:54<00:27, 26.05it/s]
loss=0.038| sh degree=3| :  90%|████████▉ | 6275/7000 [06:54<00:28, 25.89it/s]
loss=0.039| sh degree=3| :  90%|████████▉ | 6275/7000 [06:54<00:28, 25.89it/s]
loss=0.031| sh degree=3| :  90%|████████▉ | 6275/7000 [06:54<00:28, 25.89it/s]
loss=0.052| sh degree=3| :  90%|████████▉ | 6275/7000 [06:54<00:28, 25.89it/s]
loss=0.052| sh degree=3| :  90%|████████▉ | 6278/7000 [06:54<00:30, 23.54it/s]
loss=0.038| sh degree=3| :  90%|████████▉ | 6278/7000 [06:54<00:30, 23.54it/s]
loss=0.040| sh degree=3| :  90%|████████▉ | 6278/7000 [06:54<00:30, 23.54it/s]
loss=0.030| sh degree=3| :  90%|████████▉ | 6278/7000 [06:54<00:30, 23.54it/s]
loss=0.030| sh degree=3| :  90%|████████▉ | 6281/7000 [06:55<00:30, 23.89it/s]
loss=0.033| sh degree=3| :  90%|████████▉ | 6281/7000 [06:55<00:30, 23.89it/s]
loss=0.032| sh degree=3| :  90%|████████▉ | 6281/7000 [06:55<00:30, 23.89it/s]
loss=0.040| sh degree=3| :  90%|████████▉ | 6281/7000 [06:55<00:30, 23.89it/s]
loss=0.034| sh degree=3| :  90%|████████▉ | 6281/7000 [06:55<00:30, 23.89it/s]
loss=0.034| sh degree=3| :  90%|████████▉ | 6285/7000 [06:55<00:28, 25.18it/s]
loss=0.030| sh degree=3| :  90%|████████▉ | 6285/7000 [06:55<00:28, 25.18it/s]
loss=0.043| sh degree=3| :  90%|████████▉ | 6285/7000 [06:55<00:28, 25.18it/s]
loss=0.032| sh degree=3| :  90%|████████▉ | 6285/7000 [06:55<00:28, 25.18it/s]
loss=0.032| sh degree=3| :  90%|████████▉ | 6285/7000 [06:55<00:28, 25.18it/s]
loss=0.032| sh degree=3| :  90%|████████▉ | 6289/7000 [06:55<00:28, 25.26it/s]
loss=0.032| sh degree=3| :  90%|████████▉ | 6289/7000 [06:55<00:28, 25.26it/s]
loss=0.042| sh degree=3| :  90%|████████▉ | 6289/7000 [06:55<00:28, 25.26it/s]
loss=0.034| sh degree=3| :  90%|████████▉ | 6289/7000 [06:55<00:28, 25.26it/s]
loss=0.041| sh degree=3| :  90%|████████▉ | 6289/7000 [06:55<00:28, 25.26it/s]
loss=0.041| sh degree=3| :  90%|████████▉ | 6293/7000 [06:55<00:26, 26.65it/s]
loss=0.038| sh degree=3| :  90%|████████▉ | 6293/7000 [06:55<00:26, 26.65it/s]
loss=0.038| sh degree=3| :  90%|████████▉ | 6293/7000 [06:55<00:26, 26.65it/s]
loss=0.041| sh degree=3| :  90%|████████▉ | 6293/7000 [06:55<00:26, 26.65it/s]
loss=0.041| sh degree=3| :  90%|████████▉ | 6296/7000 [06:55<00:26, 26.51it/s]
loss=0.029| sh degree=3| :  90%|████████▉ | 6296/7000 [06:55<00:26, 26.51it/s]
loss=0.029| sh degree=3| :  90%|████████▉ | 6296/7000 [06:55<00:26, 26.51it/s]
loss=0.056| sh degree=3| :  90%|████████▉ | 6296/7000 [06:55<00:26, 26.51it/s]
loss=0.056| sh degree=3| :  90%|████████▉ | 6299/7000 [06:55<00:27, 25.65it/s]
loss=0.043| sh degree=3| :  90%|████████▉ | 6299/7000 [06:55<00:27, 25.65it/s]
loss=0.033| sh degree=3| :  90%|████████▉ | 6299/7000 [06:55<00:27, 25.65it/s]
loss=0.032| sh degree=3| :  90%|████████▉ | 6299/7000 [06:55<00:27, 25.65it/s]
loss=0.032| sh degree=3| :  90%|█████████ | 6302/7000 [06:55<00:27, 25.26it/s]
loss=0.043| sh degree=3| :  90%|█████████ | 6302/7000 [06:55<00:27, 25.26it/s]
loss=0.040| sh degree=3| :  90%|█████████ | 6302/7000 [06:55<00:27, 25.26it/s]
loss=0.030| sh degree=3| :  90%|█████████ | 6302/7000 [06:55<00:27, 25.26it/s]
loss=0.040| sh degree=3| :  90%|█████████ | 6302/7000 [06:55<00:27, 25.26it/s]
loss=0.040| sh degree=3| :  90%|█████████ | 6306/7000 [06:55<00:25, 27.28it/s]
loss=0.030| sh degree=3| :  90%|█████████ | 6306/7000 [06:55<00:25, 27.28it/s]
loss=0.036| sh degree=3| :  90%|█████████ | 6306/7000 [06:55<00:25, 27.28it/s]
loss=0.044| sh degree=3| :  90%|█████████ | 6306/7000 [06:56<00:25, 27.28it/s]
loss=0.044| sh degree=3| :  90%|█████████ | 6309/7000 [06:56<00:25, 27.11it/s]
loss=0.028| sh degree=3| :  90%|█████████ | 6309/7000 [06:56<00:25, 27.11it/s]
loss=0.028| sh degree=3| :  90%|█████████ | 6309/7000 [06:56<00:25, 27.11it/s]
loss=0.029| sh degree=3| :  90%|█████████ | 6309/7000 [06:56<00:25, 27.11it/s]
loss=0.029| sh degree=3| :  90%|█████████ | 6312/7000 [06:56<00:26, 26.07it/s]
loss=0.053| sh degree=3| :  90%|█████████ | 6312/7000 [06:56<00:26, 26.07it/s]
loss=0.045| sh degree=3| :  90%|█████████ | 6312/7000 [06:56<00:26, 26.07it/s]
loss=0.061| sh degree=3| :  90%|█████████ | 6312/7000 [06:56<00:26, 26.07it/s]
loss=0.061| sh degree=3| :  90%|█████████ | 6315/7000 [06:56<00:27, 24.76it/s]
loss=0.041| sh degree=3| :  90%|█████████ | 6315/7000 [06:56<00:27, 24.76it/s]
loss=0.029| sh degree=3| :  90%|█████████ | 6315/7000 [06:56<00:27, 24.76it/s]
loss=0.037| sh degree=3| :  90%|█████████ | 6315/7000 [06:56<00:27, 24.76it/s]
loss=0.037| sh degree=3| :  90%|█████████ | 6318/7000 [06:56<00:27, 24.85it/s]
loss=0.042| sh degree=3| :  90%|█████████ | 6318/7000 [06:56<00:27, 24.85it/s]
loss=0.028| sh degree=3| :  90%|█████████ | 6318/7000 [06:56<00:27, 24.85it/s]
loss=0.028| sh degree=3| :  90%|█████████ | 6318/7000 [06:56<00:27, 24.85it/s]
loss=0.028| sh degree=3| :  90%|█████████ | 6321/7000 [06:56<00:26, 25.48it/s]
loss=0.040| sh degree=3| :  90%|█████████ | 6321/7000 [06:56<00:26, 25.48it/s]
loss=0.026| sh degree=3| :  90%|█████████ | 6321/7000 [06:56<00:26, 25.48it/s]
loss=0.044| sh degree=3| :  90%|█████████ | 6321/7000 [06:56<00:26, 25.48it/s]
loss=0.044| sh degree=3| :  90%|█████████ | 6324/7000 [06:56<00:25, 26.11it/s]
loss=0.027| sh degree=3| :  90%|█████████ | 6324/7000 [06:56<00:25, 26.11it/s]
loss=0.040| sh degree=3| :  90%|█████████ | 6324/7000 [06:56<00:25, 26.11it/s]
loss=0.039| sh degree=3| :  90%|█████████ | 6324/7000 [06:56<00:25, 26.11it/s]
loss=0.039| sh degree=3| :  90%|█████████ | 6327/7000 [06:56<00:25, 26.32it/s]
loss=0.036| sh degree=3| :  90%|█████████ | 6327/7000 [06:56<00:25, 26.32it/s]
loss=0.044| sh degree=3| :  90%|█████████ | 6327/7000 [06:56<00:25, 26.32it/s]
loss=0.041| sh degree=3| :  90%|█████████ | 6327/7000 [06:56<00:25, 26.32it/s]
loss=0.041| sh degree=3| :  90%|█████████ | 6330/7000 [06:56<00:25, 26.17it/s]
loss=0.036| sh degree=3| :  90%|█████████ | 6330/7000 [06:56<00:25, 26.17it/s]
loss=0.043| sh degree=3| :  90%|█████████ | 6330/7000 [06:56<00:25, 26.17it/s]
loss=0.051| sh degree=3| :  90%|█████████ | 6330/7000 [06:56<00:25, 26.17it/s]
loss=0.051| sh degree=3| :  90%|█████████ | 6333/7000 [06:56<00:25, 26.33it/s]
loss=0.037| sh degree=3| :  90%|█████████ | 6333/7000 [06:57<00:25, 26.33it/s]
loss=0.045| sh degree=3| :  90%|█████████ | 6333/7000 [06:57<00:25, 26.33it/s]
loss=0.044| sh degree=3| :  90%|█████████ | 6333/7000 [06:57<00:25, 26.33it/s]
loss=0.044| sh degree=3| :  91%|█████████ | 6336/7000 [06:57<00:24, 27.00it/s]
loss=0.046| sh degree=3| :  91%|█████████ | 6336/7000 [06:57<00:24, 27.00it/s]
loss=0.042| sh degree=3| :  91%|█████████ | 6336/7000 [06:57<00:24, 27.00it/s]
loss=0.028| sh degree=3| :  91%|█████████ | 6336/7000 [06:57<00:24, 27.00it/s]
loss=0.028| sh degree=3| :  91%|█████████ | 6339/7000 [06:57<00:26, 24.95it/s]
loss=0.043| sh degree=3| :  91%|█████████ | 6339/7000 [06:57<00:26, 24.95it/s]
loss=0.039| sh degree=3| :  91%|█████████ | 6339/7000 [06:57<00:26, 24.95it/s]
loss=0.046| sh degree=3| :  91%|█████████ | 6339/7000 [06:57<00:26, 24.95it/s]
loss=0.046| sh degree=3| :  91%|█████████ | 6342/7000 [06:57<00:26, 25.06it/s]
loss=0.030| sh degree=3| :  91%|█████████ | 6342/7000 [06:57<00:26, 25.06it/s]
loss=0.029| sh degree=3| :  91%|█████████ | 6342/7000 [06:57<00:26, 25.06it/s]
loss=0.037| sh degree=3| :  91%|█████████ | 6342/7000 [06:57<00:26, 25.06it/s]
loss=0.037| sh degree=3| :  91%|█████████ | 6345/7000 [06:57<00:27, 23.48it/s]
loss=0.032| sh degree=3| :  91%|█████████ | 6345/7000 [06:57<00:27, 23.48it/s]
loss=0.037| sh degree=3| :  91%|█████████ | 6345/7000 [06:57<00:27, 23.48it/s]
loss=0.039| sh degree=3| :  91%|█████████ | 6345/7000 [06:57<00:27, 23.48it/s]
loss=0.039| sh degree=3| :  91%|█████████ | 6348/7000 [06:57<00:27, 23.77it/s]
loss=0.033| sh degree=3| :  91%|█████████ | 6348/7000 [06:57<00:27, 23.77it/s]
loss=0.038| sh degree=3| :  91%|█████████ | 6348/7000 [06:57<00:27, 23.77it/s]
loss=0.056| sh degree=3| :  91%|█████████ | 6348/7000 [06:57<00:27, 23.77it/s]
loss=0.056| sh degree=3| :  91%|█████████ | 6351/7000 [06:57<00:28, 23.12it/s]
loss=0.036| sh degree=3| :  91%|█████████ | 6351/7000 [06:57<00:28, 23.12it/s]
loss=0.048| sh degree=3| :  91%|█████████ | 6351/7000 [06:57<00:28, 23.12it/s]
loss=0.040| sh degree=3| :  91%|█████████ | 6351/7000 [06:57<00:28, 23.12it/s]
loss=0.040| sh degree=3| :  91%|█████████ | 6354/7000 [06:57<00:28, 22.83it/s]
loss=0.027| sh degree=3| :  91%|█████████ | 6354/7000 [06:57<00:28, 22.83it/s]
loss=0.028| sh degree=3| :  91%|█████████ | 6354/7000 [06:57<00:28, 22.83it/s]
loss=0.038| sh degree=3| :  91%|█████████ | 6354/7000 [06:58<00:28, 22.83it/s]
loss=0.038| sh degree=3| :  91%|█████████ | 6357/7000 [06:58<00:28, 22.83it/s]
loss=0.042| sh degree=3| :  91%|█████████ | 6357/7000 [06:58<00:28, 22.83it/s]
loss=0.042| sh degree=3| :  91%|█████████ | 6357/7000 [06:58<00:28, 22.83it/s]
loss=0.042| sh degree=3| :  91%|█████████ | 6357/7000 [06:58<00:28, 22.83it/s]
loss=0.042| sh degree=3| :  91%|█████████ | 6360/7000 [06:58<00:28, 22.10it/s]
loss=0.047| sh degree=3| :  91%|█████████ | 6360/7000 [06:58<00:28, 22.10it/s]
loss=0.039| sh degree=3| :  91%|█████████ | 6360/7000 [06:58<00:28, 22.10it/s]
loss=0.035| sh degree=3| :  91%|█████████ | 6360/7000 [06:58<00:28, 22.10it/s]
loss=0.035| sh degree=3| :  91%|█████████ | 6363/7000 [06:58<00:27, 22.91it/s]
loss=0.040| sh degree=3| :  91%|█████████ | 6363/7000 [06:58<00:27, 22.91it/s]
loss=0.039| sh degree=3| :  91%|█████████ | 6363/7000 [06:58<00:27, 22.91it/s]
loss=0.055| sh degree=3| :  91%|█████████ | 6363/7000 [06:58<00:27, 22.91it/s]
loss=0.055| sh degree=3| :  91%|█████████ | 6366/7000 [06:58<00:27, 23.36it/s]
loss=0.035| sh degree=3| :  91%|█████████ | 6366/7000 [06:58<00:27, 23.36it/s]
loss=0.033| sh degree=3| :  91%|█████████ | 6366/7000 [06:58<00:27, 23.36it/s]
loss=0.030| sh degree=3| :  91%|█████████ | 6366/7000 [06:58<00:27, 23.36it/s]
loss=0.030| sh degree=3| :  91%|█████████ | 6369/7000 [06:58<00:25, 24.61it/s]
loss=0.037| sh degree=3| :  91%|█████████ | 6369/7000 [06:58<00:25, 24.61it/s]
loss=0.040| sh degree=3| :  91%|█████████ | 6369/7000 [06:58<00:25, 24.61it/s]
loss=0.030| sh degree=3| :  91%|█████████ | 6369/7000 [06:58<00:25, 24.61it/s]
loss=0.036| sh degree=3| :  91%|█████████ | 6369/7000 [06:58<00:25, 24.61it/s]
loss=0.036| sh degree=3| :  91%|█████████ | 6373/7000 [06:58<00:24, 25.85it/s]
loss=0.037| sh degree=3| :  91%|█████████ | 6373/7000 [06:58<00:24, 25.85it/s]
loss=0.027| sh degree=3| :  91%|█████████ | 6373/7000 [06:58<00:24, 25.85it/s]
loss=0.038| sh degree=3| :  91%|█████████ | 6373/7000 [06:58<00:24, 25.85it/s]
loss=0.038| sh degree=3| :  91%|█████████ | 6376/7000 [06:58<00:35, 17.80it/s]
loss=0.053| sh degree=3| :  91%|█████████ | 6376/7000 [06:59<00:35, 17.80it/s]
loss=0.063| sh degree=3| :  91%|█████████ | 6376/7000 [06:59<00:35, 17.80it/s]
loss=0.032| sh degree=3| :  91%|█████████ | 6376/7000 [06:59<00:35, 17.80it/s]
loss=0.032| sh degree=3| :  91%|█████████ | 6379/7000 [06:59<00:34, 18.22it/s]
loss=0.038| sh degree=3| :  91%|█████████ | 6379/7000 [06:59<00:34, 18.22it/s]
loss=0.029| sh degree=3| :  91%|█████████ | 6379/7000 [06:59<00:34, 18.22it/s]
loss=0.039| sh degree=3| :  91%|█████████ | 6379/7000 [06:59<00:34, 18.22it/s]
loss=0.039| sh degree=3| :  91%|█████████ | 6382/7000 [06:59<00:32, 18.82it/s]
loss=0.027| sh degree=3| :  91%|█████████ | 6382/7000 [06:59<00:32, 18.82it/s]
loss=0.036| sh degree=3| :  91%|█████████ | 6382/7000 [06:59<00:32, 18.82it/s]
loss=0.041| sh degree=3| :  91%|█████████ | 6382/7000 [06:59<00:32, 18.82it/s]
loss=0.030| sh degree=3| :  91%|█████████ | 6382/7000 [06:59<00:32, 18.82it/s]
loss=0.030| sh degree=3| :  91%|█████████ | 6386/7000 [06:59<00:28, 21.85it/s]
loss=0.033| sh degree=3| :  91%|█████████ | 6386/7000 [06:59<00:28, 21.85it/s]
loss=0.039| sh degree=3| :  91%|█████████ | 6386/7000 [06:59<00:28, 21.85it/s]
loss=0.040| sh degree=3| :  91%|█████████ | 6386/7000 [06:59<00:28, 21.85it/s]
loss=0.040| sh degree=3| :  91%|█████████▏| 6389/7000 [06:59<00:26, 22.85it/s]
loss=0.041| sh degree=3| :  91%|█████████▏| 6389/7000 [06:59<00:26, 22.85it/s]
loss=0.038| sh degree=3| :  91%|█████████▏| 6389/7000 [06:59<00:26, 22.85it/s]
loss=0.044| sh degree=3| :  91%|█████████▏| 6389/7000 [06:59<00:26, 22.85it/s]
loss=0.044| sh degree=3| :  91%|█████████▏| 6392/7000 [06:59<00:25, 24.17it/s]
loss=0.042| sh degree=3| :  91%|█████████▏| 6392/7000 [06:59<00:25, 24.17it/s]
loss=0.028| sh degree=3| :  91%|█████████▏| 6392/7000 [06:59<00:25, 24.17it/s]
loss=0.034| sh degree=3| :  91%|█████████▏| 6392/7000 [06:59<00:25, 24.17it/s]
loss=0.034| sh degree=3| :  91%|█████████▏| 6395/7000 [06:59<00:26, 22.77it/s]
loss=0.043| sh degree=3| :  91%|█████████▏| 6395/7000 [06:59<00:26, 22.77it/s]
loss=0.028| sh degree=3| :  91%|█████████▏| 6395/7000 [06:59<00:26, 22.77it/s]
loss=0.042| sh degree=3| :  91%|█████████▏| 6395/7000 [06:59<00:26, 22.77it/s]
loss=0.042| sh degree=3| :  91%|█████████▏| 6398/7000 [06:59<00:26, 22.30it/s]
loss=0.040| sh degree=3| :  91%|█████████▏| 6398/7000 [06:59<00:26, 22.30it/s]
loss=0.033| sh degree=3| :  91%|█████████▏| 6398/7000 [06:59<00:26, 22.30it/s]
loss=0.029| sh degree=3| :  91%|█████████▏| 6398/7000 [07:00<00:26, 22.30it/s]
loss=0.029| sh degree=3| :  91%|█████████▏| 6401/7000 [07:00<00:27, 21.48it/s]
loss=0.039| sh degree=3| :  91%|█████████▏| 6401/7000 [07:00<00:27, 21.48it/s]
loss=0.038| sh degree=3| :  91%|█████████▏| 6401/7000 [07:00<00:27, 21.48it/s]
loss=0.038| sh degree=3| :  91%|█████████▏| 6401/7000 [07:00<00:27, 21.48it/s]
loss=0.038| sh degree=3| :  91%|█████████▏| 6404/7000 [07:00<00:25, 22.95it/s]
loss=0.039| sh degree=3| :  91%|█████████▏| 6404/7000 [07:00<00:25, 22.95it/s]
loss=0.041| sh degree=3| :  91%|█████████▏| 6404/7000 [07:00<00:25, 22.95it/s]
loss=0.052| sh degree=3| :  91%|█████████▏| 6404/7000 [07:00<00:25, 22.95it/s]
loss=0.052| sh degree=3| :  92%|█████████▏| 6407/7000 [07:00<00:26, 22.55it/s]
loss=0.029| sh degree=3| :  92%|█████████▏| 6407/7000 [07:00<00:26, 22.55it/s]
loss=0.031| sh degree=3| :  92%|█████████▏| 6407/7000 [07:00<00:26, 22.55it/s]
loss=0.040| sh degree=3| :  92%|█████████▏| 6407/7000 [07:00<00:26, 22.55it/s]
loss=0.040| sh degree=3| :  92%|█████████▏| 6410/7000 [07:00<00:27, 21.32it/s]
loss=0.033| sh degree=3| :  92%|█████████▏| 6410/7000 [07:00<00:27, 21.32it/s]
loss=0.043| sh degree=3| :  92%|█████████▏| 6410/7000 [07:00<00:27, 21.32it/s]
loss=0.050| sh degree=3| :  92%|█████████▏| 6410/7000 [07:00<00:27, 21.32it/s]
loss=0.050| sh degree=3| :  92%|█████████▏| 6413/7000 [07:00<00:25, 22.69it/s]
loss=0.028| sh degree=3| :  92%|█████████▏| 6413/7000 [07:00<00:25, 22.69it/s]
loss=0.037| sh degree=3| :  92%|█████████▏| 6413/7000 [07:00<00:25, 22.69it/s]
loss=0.041| sh degree=3| :  92%|█████████▏| 6413/7000 [07:00<00:25, 22.69it/s]
loss=0.041| sh degree=3| :  92%|█████████▏| 6416/7000 [07:00<00:25, 22.97it/s]
loss=0.039| sh degree=3| :  92%|█████████▏| 6416/7000 [07:00<00:25, 22.97it/s]
loss=0.053| sh degree=3| :  92%|█████████▏| 6416/7000 [07:00<00:25, 22.97it/s]
loss=0.031| sh degree=3| :  92%|█████████▏| 6416/7000 [07:00<00:25, 22.97it/s]
loss=0.031| sh degree=3| :  92%|█████████▏| 6419/7000 [07:00<00:25, 22.85it/s]
loss=0.057| sh degree=3| :  92%|█████████▏| 6419/7000 [07:00<00:25, 22.85it/s]
loss=0.050| sh degree=3| :  92%|█████████▏| 6419/7000 [07:00<00:25, 22.85it/s]
loss=0.033| sh degree=3| :  92%|█████████▏| 6419/7000 [07:00<00:25, 22.85it/s]
loss=0.033| sh degree=3| :  92%|█████████▏| 6422/7000 [07:00<00:24, 23.81it/s]
loss=0.028| sh degree=3| :  92%|█████████▏| 6422/7000 [07:00<00:24, 23.81it/s]
loss=0.038| sh degree=3| :  92%|█████████▏| 6422/7000 [07:01<00:24, 23.81it/s]
loss=0.027| sh degree=3| :  92%|█████████▏| 6422/7000 [07:01<00:24, 23.81it/s]
loss=0.027| sh degree=3| :  92%|█████████▏| 6425/7000 [07:01<00:24, 23.89it/s]
loss=0.029| sh degree=3| :  92%|█████████▏| 6425/7000 [07:01<00:24, 23.89it/s]
loss=0.034| sh degree=3| :  92%|█████████▏| 6425/7000 [07:01<00:24, 23.89it/s]
loss=0.037| sh degree=3| :  92%|█████████▏| 6425/7000 [07:01<00:24, 23.89it/s]
loss=0.037| sh degree=3| :  92%|█████████▏| 6428/7000 [07:01<00:23, 24.79it/s]
loss=0.047| sh degree=3| :  92%|█████████▏| 6428/7000 [07:01<00:23, 24.79it/s]
loss=0.045| sh degree=3| :  92%|█████████▏| 6428/7000 [07:01<00:23, 24.79it/s]
loss=0.049| sh degree=3| :  92%|█████████▏| 6428/7000 [07:01<00:23, 24.79it/s]
loss=0.049| sh degree=3| :  92%|█████████▏| 6431/7000 [07:01<00:22, 25.63it/s]
loss=0.044| sh degree=3| :  92%|█████████▏| 6431/7000 [07:01<00:22, 25.63it/s]
loss=0.037| sh degree=3| :  92%|█████████▏| 6431/7000 [07:01<00:22, 25.63it/s]
loss=0.031| sh degree=3| :  92%|█████████▏| 6431/7000 [07:01<00:22, 25.63it/s]
loss=0.031| sh degree=3| :  92%|█████████▏| 6434/7000 [07:01<00:22, 25.61it/s]
loss=0.034| sh degree=3| :  92%|█████████▏| 6434/7000 [07:01<00:22, 25.61it/s]
loss=0.039| sh degree=3| :  92%|█████████▏| 6434/7000 [07:01<00:22, 25.61it/s]
loss=0.044| sh degree=3| :  92%|█████████▏| 6434/7000 [07:01<00:22, 25.61it/s]
loss=0.044| sh degree=3| :  92%|█████████▏| 6437/7000 [07:01<00:21, 25.81it/s]
loss=0.042| sh degree=3| :  92%|█████████▏| 6437/7000 [07:01<00:21, 25.81it/s]
loss=0.032| sh degree=3| :  92%|█████████▏| 6437/7000 [07:01<00:21, 25.81it/s]
loss=0.032| sh degree=3| :  92%|█████████▏| 6437/7000 [07:01<00:21, 25.81it/s]
loss=0.026| sh degree=3| :  92%|█████████▏| 6437/7000 [07:01<00:21, 25.81it/s]
loss=0.026| sh degree=3| :  92%|█████████▏| 6441/7000 [07:01<00:20, 27.71it/s]
loss=0.068| sh degree=3| :  92%|█████████▏| 6441/7000 [07:01<00:20, 27.71it/s]
loss=0.028| sh degree=3| :  92%|█████████▏| 6441/7000 [07:01<00:20, 27.71it/s]
loss=0.033| sh degree=3| :  92%|█████████▏| 6441/7000 [07:01<00:20, 27.71it/s]
loss=0.033| sh degree=3| :  92%|█████████▏| 6444/7000 [07:01<00:19, 28.07it/s]
loss=0.030| sh degree=3| :  92%|█████████▏| 6444/7000 [07:01<00:19, 28.07it/s]
loss=0.043| sh degree=3| :  92%|█████████▏| 6444/7000 [07:01<00:19, 28.07it/s]
loss=0.025| sh degree=3| :  92%|█████████▏| 6444/7000 [07:01<00:19, 28.07it/s]
loss=0.041| sh degree=3| :  92%|█████████▏| 6444/7000 [07:01<00:19, 28.07it/s]
loss=0.041| sh degree=3| :  92%|█████████▏| 6448/7000 [07:01<00:19, 28.05it/s]
loss=0.027| sh degree=3| :  92%|█████████▏| 6448/7000 [07:01<00:19, 28.05it/s]
loss=0.025| sh degree=3| :  92%|█████████▏| 6448/7000 [07:01<00:19, 28.05it/s]
loss=0.037| sh degree=3| :  92%|█████████▏| 6448/7000 [07:02<00:19, 28.05it/s]
loss=0.037| sh degree=3| :  92%|█████████▏| 6451/7000 [07:02<00:20, 26.45it/s]
loss=0.041| sh degree=3| :  92%|█████████▏| 6451/7000 [07:02<00:20, 26.45it/s]
loss=0.042| sh degree=3| :  92%|█████████▏| 6451/7000 [07:02<00:20, 26.45it/s]
loss=0.035| sh degree=3| :  92%|█████████▏| 6451/7000 [07:02<00:20, 26.45it/s]
loss=0.035| sh degree=3| :  92%|█████████▏| 6454/7000 [07:02<00:21, 25.76it/s]
loss=0.027| sh degree=3| :  92%|█████████▏| 6454/7000 [07:02<00:21, 25.76it/s]
loss=0.076| sh degree=3| :  92%|█████████▏| 6454/7000 [07:02<00:21, 25.76it/s]
loss=0.033| sh degree=3| :  92%|█████████▏| 6454/7000 [07:02<00:21, 25.76it/s]
loss=0.033| sh degree=3| :  92%|█████████▏| 6457/7000 [07:02<00:22, 23.62it/s]
loss=0.045| sh degree=3| :  92%|█████████▏| 6457/7000 [07:02<00:22, 23.62it/s]
loss=0.027| sh degree=3| :  92%|█████████▏| 6457/7000 [07:02<00:22, 23.62it/s]
loss=0.026| sh degree=3| :  92%|█████████▏| 6457/7000 [07:02<00:22, 23.62it/s]
loss=0.026| sh degree=3| :  92%|█████████▏| 6460/7000 [07:02<00:23, 23.29it/s]
loss=0.033| sh degree=3| :  92%|█████████▏| 6460/7000 [07:02<00:23, 23.29it/s]
loss=0.040| sh degree=3| :  92%|█████████▏| 6460/7000 [07:02<00:23, 23.29it/s]
loss=0.085| sh degree=3| :  92%|█████████▏| 6460/7000 [07:02<00:23, 23.29it/s]
loss=0.085| sh degree=3| :  92%|█████████▏| 6463/7000 [07:02<00:23, 23.06it/s]
loss=0.044| sh degree=3| :  92%|█████████▏| 6463/7000 [07:02<00:23, 23.06it/s]
loss=0.046| sh degree=3| :  92%|█████████▏| 6463/7000 [07:02<00:23, 23.06it/s]
loss=0.033| sh degree=3| :  92%|█████████▏| 6463/7000 [07:02<00:23, 23.06it/s]
loss=0.035| sh degree=3| :  92%|█████████▏| 6463/7000 [07:02<00:23, 23.06it/s]
loss=0.035| sh degree=3| :  92%|█████████▏| 6467/7000 [07:02<00:20, 25.71it/s]
loss=0.056| sh degree=3| :  92%|█████████▏| 6467/7000 [07:02<00:20, 25.71it/s]
loss=0.038| sh degree=3| :  92%|█████████▏| 6467/7000 [07:02<00:20, 25.71it/s]
loss=0.038| sh degree=3| :  92%|█████████▏| 6467/7000 [07:02<00:20, 25.71it/s]
loss=0.034| sh degree=3| :  92%|█████████▏| 6467/7000 [07:02<00:20, 25.71it/s]
loss=0.034| sh degree=3| :  92%|█████████▏| 6471/7000 [07:02<00:19, 27.16it/s]
loss=0.040| sh degree=3| :  92%|█████████▏| 6471/7000 [07:02<00:19, 27.16it/s]
loss=0.040| sh degree=3| :  92%|█████████▏| 6471/7000 [07:02<00:19, 27.16it/s]
loss=0.047| sh degree=3| :  92%|█████████▏| 6471/7000 [07:02<00:19, 27.16it/s]
loss=0.047| sh degree=3| :  92%|█████████▏| 6474/7000 [07:02<00:18, 27.78it/s]
loss=0.029| sh degree=3| :  92%|█████████▏| 6474/7000 [07:02<00:18, 27.78it/s]
loss=0.044| sh degree=3| :  92%|█████████▏| 6474/7000 [07:02<00:18, 27.78it/s]
loss=0.027| sh degree=3| :  92%|█████████▏| 6474/7000 [07:03<00:18, 27.78it/s]
loss=0.027| sh degree=3| :  93%|█████████▎| 6477/7000 [07:03<00:19, 27.49it/s]
loss=0.037| sh degree=3| :  93%|█████████▎| 6477/7000 [07:03<00:19, 27.49it/s]
loss=0.038| sh degree=3| :  93%|█████████▎| 6477/7000 [07:03<00:19, 27.49it/s]
loss=0.039| sh degree=3| :  93%|█████████▎| 6477/7000 [07:03<00:19, 27.49it/s]
loss=0.039| sh degree=3| :  93%|█████████▎| 6480/7000 [07:03<00:18, 27.85it/s]
loss=0.045| sh degree=3| :  93%|█████████▎| 6480/7000 [07:03<00:18, 27.85it/s]
loss=0.051| sh degree=3| :  93%|█████████▎| 6480/7000 [07:03<00:18, 27.85it/s]
loss=0.039| sh degree=3| :  93%|█████████▎| 6480/7000 [07:03<00:18, 27.85it/s]
loss=0.039| sh degree=3| :  93%|█████████▎| 6483/7000 [07:03<00:19, 26.76it/s]
loss=0.042| sh degree=3| :  93%|█████████▎| 6483/7000 [07:03<00:19, 26.76it/s]
loss=0.032| sh degree=3| :  93%|█████████▎| 6483/7000 [07:03<00:19, 26.76it/s]
loss=0.027| sh degree=3| :  93%|█████████▎| 6483/7000 [07:03<00:19, 26.76it/s]
loss=0.027| sh degree=3| :  93%|█████████▎| 6486/7000 [07:03<00:19, 25.79it/s]
loss=0.041| sh degree=3| :  93%|█████████▎| 6486/7000 [07:03<00:19, 25.79it/s]
loss=0.040| sh degree=3| :  93%|█████████▎| 6486/7000 [07:03<00:19, 25.79it/s]
loss=0.054| sh degree=3| :  93%|█████████▎| 6486/7000 [07:03<00:19, 25.79it/s]
loss=0.054| sh degree=3| :  93%|█████████▎| 6489/7000 [07:03<00:19, 26.46it/s]
loss=0.041| sh degree=3| :  93%|█████████▎| 6489/7000 [07:03<00:19, 26.46it/s]
loss=0.029| sh degree=3| :  93%|█████████▎| 6489/7000 [07:03<00:19, 26.46it/s]
loss=0.031| sh degree=3| :  93%|█████████▎| 6489/7000 [07:03<00:19, 26.46it/s]
loss=0.031| sh degree=3| :  93%|█████████▎| 6492/7000 [07:03<00:18, 27.18it/s]
loss=0.034| sh degree=3| :  93%|█████████▎| 6492/7000 [07:03<00:18, 27.18it/s]
loss=0.043| sh degree=3| :  93%|█████████▎| 6492/7000 [07:03<00:18, 27.18it/s]
loss=0.044| sh degree=3| :  93%|█████████▎| 6492/7000 [07:03<00:18, 27.18it/s]
loss=0.044| sh degree=3| :  93%|█████████▎| 6495/7000 [07:03<00:18, 26.81it/s]
loss=0.029| sh degree=3| :  93%|█████████▎| 6495/7000 [07:03<00:18, 26.81it/s]
loss=0.029| sh degree=3| :  93%|█████████▎| 6495/7000 [07:03<00:18, 26.81it/s]
loss=0.028| sh degree=3| :  93%|█████████▎| 6495/7000 [07:03<00:18, 26.81it/s]
loss=0.028| sh degree=3| :  93%|█████████▎| 6498/7000 [07:03<00:23, 21.14it/s]
loss=0.047| sh degree=3| :  93%|█████████▎| 6498/7000 [07:03<00:23, 21.14it/s]
loss=0.041| sh degree=3| :  93%|█████████▎| 6498/7000 [07:03<00:23, 21.14it/s]
loss=0.040| sh degree=3| :  93%|█████████▎| 6498/7000 [07:04<00:23, 21.14it/s]
loss=0.040| sh degree=3| :  93%|█████████▎| 6501/7000 [07:04<00:22, 22.46it/s]
loss=0.057| sh degree=3| :  93%|█████████▎| 6501/7000 [07:04<00:22, 22.46it/s]
loss=0.042| sh degree=3| :  93%|█████████▎| 6501/7000 [07:04<00:22, 22.46it/s]
loss=0.045| sh degree=3| :  93%|█████████▎| 6501/7000 [07:04<00:22, 22.46it/s]
loss=0.043| sh degree=3| :  93%|█████████▎| 6501/7000 [07:04<00:22, 22.46it/s]
loss=0.043| sh degree=3| :  93%|█████████▎| 6505/7000 [07:04<00:19, 25.43it/s]
loss=0.034| sh degree=3| :  93%|█████████▎| 6505/7000 [07:04<00:19, 25.43it/s]
loss=0.044| sh degree=3| :  93%|█████████▎| 6505/7000 [07:04<00:19, 25.43it/s]
loss=0.041| sh degree=3| :  93%|█████████▎| 6505/7000 [07:04<00:19, 25.43it/s]
loss=0.041| sh degree=3| :  93%|█████████▎| 6508/7000 [07:04<00:18, 26.29it/s]
loss=0.051| sh degree=3| :  93%|█████████▎| 6508/7000 [07:04<00:18, 26.29it/s]
loss=0.055| sh degree=3| :  93%|█████████▎| 6508/7000 [07:04<00:18, 26.29it/s]
loss=0.039| sh degree=3| :  93%|█████████▎| 6508/7000 [07:04<00:18, 26.29it/s]
loss=0.039| sh degree=3| :  93%|█████████▎| 6511/7000 [07:04<00:19, 24.80it/s]
loss=0.038| sh degree=3| :  93%|█████████▎| 6511/7000 [07:04<00:19, 24.80it/s]
loss=0.038| sh degree=3| :  93%|█████████▎| 6511/7000 [07:04<00:19, 24.80it/s]
loss=0.044| sh degree=3| :  93%|█████████▎| 6511/7000 [07:04<00:19, 24.80it/s]
loss=0.044| sh degree=3| :  93%|█████████▎| 6514/7000 [07:04<00:20, 24.10it/s]
loss=0.032| sh degree=3| :  93%|█████████▎| 6514/7000 [07:04<00:20, 24.10it/s]
loss=0.037| sh degree=3| :  93%|█████████▎| 6514/7000 [07:04<00:20, 24.10it/s]
loss=0.039| sh degree=3| :  93%|█████████▎| 6514/7000 [07:04<00:20, 24.10it/s]
loss=0.044| sh degree=3| :  93%|█████████▎| 6514/7000 [07:04<00:20, 24.10it/s]
loss=0.044| sh degree=3| :  93%|█████████▎| 6518/7000 [07:04<00:18, 26.56it/s]
loss=0.046| sh degree=3| :  93%|█████████▎| 6518/7000 [07:04<00:18, 26.56it/s]
loss=0.045| sh degree=3| :  93%|█████████▎| 6518/7000 [07:04<00:18, 26.56it/s]
loss=0.043| sh degree=3| :  93%|█████████▎| 6518/7000 [07:04<00:18, 26.56it/s]
loss=0.043| sh degree=3| :  93%|█████████▎| 6521/7000 [07:04<00:20, 23.11it/s]
loss=0.049| sh degree=3| :  93%|█████████▎| 6521/7000 [07:04<00:20, 23.11it/s]
loss=0.039| sh degree=3| :  93%|█████████▎| 6521/7000 [07:04<00:20, 23.11it/s]
loss=0.033| sh degree=3| :  93%|█████████▎| 6521/7000 [07:04<00:20, 23.11it/s]
loss=0.033| sh degree=3| :  93%|█████████▎| 6524/7000 [07:04<00:21, 22.65it/s]
loss=0.039| sh degree=3| :  93%|█████████▎| 6524/7000 [07:04<00:21, 22.65it/s]
loss=0.031| sh degree=3| :  93%|█████████▎| 6524/7000 [07:05<00:21, 22.65it/s]
loss=0.039| sh degree=3| :  93%|█████████▎| 6524/7000 [07:05<00:21, 22.65it/s]
loss=0.039| sh degree=3| :  93%|█████████▎| 6527/7000 [07:05<00:20, 23.20it/s]
loss=0.042| sh degree=3| :  93%|█████████▎| 6527/7000 [07:05<00:20, 23.20it/s]
loss=0.043| sh degree=3| :  93%|█████████▎| 6527/7000 [07:05<00:20, 23.20it/s]
loss=0.041| sh degree=3| :  93%|█████████▎| 6527/7000 [07:05<00:20, 23.20it/s]
loss=0.041| sh degree=3| :  93%|█████████▎| 6530/7000 [07:05<00:23, 20.16it/s]
loss=0.036| sh degree=3| :  93%|█████████▎| 6530/7000 [07:05<00:23, 20.16it/s]
loss=0.032| sh degree=3| :  93%|█████████▎| 6530/7000 [07:05<00:23, 20.16it/s]
loss=0.041| sh degree=3| :  93%|█████████▎| 6530/7000 [07:05<00:23, 20.16it/s]
loss=0.041| sh degree=3| :  93%|█████████▎| 6533/7000 [07:05<00:23, 19.77it/s]
loss=0.037| sh degree=3| :  93%|█████████▎| 6533/7000 [07:05<00:23, 19.77it/s]
loss=0.039| sh degree=3| :  93%|█████████▎| 6533/7000 [07:05<00:23, 19.77it/s]
loss=0.045| sh degree=3| :  93%|█████████▎| 6533/7000 [07:05<00:23, 19.77it/s]
loss=0.045| sh degree=3| :  93%|█████████▎| 6536/7000 [07:05<00:22, 20.20it/s]
loss=0.039| sh degree=3| :  93%|█████████▎| 6536/7000 [07:05<00:22, 20.20it/s]
loss=0.038| sh degree=3| :  93%|█████████▎| 6536/7000 [07:05<00:22, 20.20it/s]
loss=0.033| sh degree=3| :  93%|█████████▎| 6536/7000 [07:05<00:22, 20.20it/s]
loss=0.033| sh degree=3| :  93%|█████████▎| 6539/7000 [07:05<00:21, 21.19it/s]
loss=0.031| sh degree=3| :  93%|█████████▎| 6539/7000 [07:05<00:21, 21.19it/s]
loss=0.044| sh degree=3| :  93%|█████████▎| 6539/7000 [07:05<00:21, 21.19it/s]
loss=0.040| sh degree=3| :  93%|█████████▎| 6539/7000 [07:05<00:21, 21.19it/s]
loss=0.040| sh degree=3| :  93%|█████████▎| 6542/7000 [07:05<00:21, 21.65it/s]
loss=0.042| sh degree=3| :  93%|█████████▎| 6542/7000 [07:05<00:21, 21.65it/s]
loss=0.030| sh degree=3| :  93%|█████████▎| 6542/7000 [07:05<00:21, 21.65it/s]
loss=0.041| sh degree=3| :  93%|█████████▎| 6542/7000 [07:05<00:21, 21.65it/s]
loss=0.041| sh degree=3| :  94%|█████████▎| 6545/7000 [07:05<00:20, 22.34it/s]
loss=0.038| sh degree=3| :  94%|█████████▎| 6545/7000 [07:05<00:20, 22.34it/s]
loss=0.035| sh degree=3| :  94%|█████████▎| 6545/7000 [07:06<00:20, 22.34it/s]
loss=0.042| sh degree=3| :  94%|█████████▎| 6545/7000 [07:06<00:20, 22.34it/s]
loss=0.042| sh degree=3| :  94%|█████████▎| 6548/7000 [07:06<00:20, 22.51it/s]
loss=0.032| sh degree=3| :  94%|█████████▎| 6548/7000 [07:06<00:20, 22.51it/s]
loss=0.036| sh degree=3| :  94%|█████████▎| 6548/7000 [07:06<00:20, 22.51it/s]
loss=0.044| sh degree=3| :  94%|█████████▎| 6548/7000 [07:06<00:20, 22.51it/s]
loss=0.044| sh degree=3| :  94%|█████████▎| 6551/7000 [07:06<00:19, 23.47it/s]
loss=0.039| sh degree=3| :  94%|█████████▎| 6551/7000 [07:06<00:19, 23.47it/s]
loss=0.030| sh degree=3| :  94%|█████████▎| 6551/7000 [07:06<00:19, 23.47it/s]
loss=0.032| sh degree=3| :  94%|█████████▎| 6551/7000 [07:06<00:19, 23.47it/s]
loss=0.032| sh degree=3| :  94%|█████████▎| 6554/7000 [07:06<00:19, 22.85it/s]
loss=0.029| sh degree=3| :  94%|█████████▎| 6554/7000 [07:06<00:19, 22.85it/s]
loss=0.036| sh degree=3| :  94%|█████████▎| 6554/7000 [07:06<00:19, 22.85it/s]
loss=0.029| sh degree=3| :  94%|█████████▎| 6554/7000 [07:06<00:19, 22.85it/s]
loss=0.029| sh degree=3| :  94%|█████████▎| 6557/7000 [07:06<00:18, 23.35it/s]
loss=0.028| sh degree=3| :  94%|█████████▎| 6557/7000 [07:06<00:18, 23.35it/s]
loss=0.045| sh degree=3| :  94%|█████████▎| 6557/7000 [07:06<00:18, 23.35it/s]
loss=0.037| sh degree=3| :  94%|█████████▎| 6557/7000 [07:06<00:18, 23.35it/s]
loss=0.037| sh degree=3| :  94%|█████████▎| 6560/7000 [07:06<00:18, 23.64it/s]
loss=0.030| sh degree=3| :  94%|█████████▎| 6560/7000 [07:06<00:18, 23.64it/s]
loss=0.038| sh degree=3| :  94%|█████████▎| 6560/7000 [07:06<00:18, 23.64it/s]
loss=0.028| sh degree=3| :  94%|█████████▎| 6560/7000 [07:06<00:18, 23.64it/s]
loss=0.028| sh degree=3| :  94%|█████████▍| 6563/7000 [07:06<00:19, 22.45it/s]
loss=0.026| sh degree=3| :  94%|█████████▍| 6563/7000 [07:06<00:19, 22.45it/s]
loss=0.048| sh degree=3| :  94%|█████████▍| 6563/7000 [07:06<00:19, 22.45it/s]
loss=0.038| sh degree=3| :  94%|█████████▍| 6563/7000 [07:06<00:19, 22.45it/s]
loss=0.038| sh degree=3| :  94%|█████████▍| 6566/7000 [07:06<00:18, 23.22it/s]
loss=0.031| sh degree=3| :  94%|█████████▍| 6566/7000 [07:06<00:18, 23.22it/s]
loss=0.037| sh degree=3| :  94%|█████████▍| 6566/7000 [07:06<00:18, 23.22it/s]
loss=0.033| sh degree=3| :  94%|█████████▍| 6566/7000 [07:06<00:18, 23.22it/s]
loss=0.033| sh degree=3| :  94%|█████████▍| 6569/7000 [07:07<00:18, 23.26it/s]
loss=0.042| sh degree=3| :  94%|█████████▍| 6569/7000 [07:07<00:18, 23.26it/s]
loss=0.040| sh degree=3| :  94%|█████████▍| 6569/7000 [07:07<00:18, 23.26it/s]
loss=0.027| sh degree=3| :  94%|█████████▍| 6569/7000 [07:07<00:18, 23.26it/s]
loss=0.027| sh degree=3| :  94%|█████████▍| 6572/7000 [07:07<00:19, 21.88it/s]
loss=0.034| sh degree=3| :  94%|█████████▍| 6572/7000 [07:07<00:19, 21.88it/s]
loss=0.043| sh degree=3| :  94%|█████████▍| 6572/7000 [07:07<00:19, 21.88it/s]
loss=0.032| sh degree=3| :  94%|█████████▍| 6572/7000 [07:07<00:19, 21.88it/s]
loss=0.032| sh degree=3| :  94%|█████████▍| 6575/7000 [07:07<00:19, 21.70it/s]
loss=0.134| sh degree=3| :  94%|█████████▍| 6575/7000 [07:07<00:19, 21.70it/s]
loss=0.030| sh degree=3| :  94%|█████████▍| 6575/7000 [07:07<00:19, 21.70it/s]
loss=0.033| sh degree=3| :  94%|█████████▍| 6575/7000 [07:07<00:19, 21.70it/s]
loss=0.033| sh degree=3| :  94%|█████████▍| 6578/7000 [07:07<00:19, 21.20it/s]
loss=0.037| sh degree=3| :  94%|█████████▍| 6578/7000 [07:07<00:19, 21.20it/s]
loss=0.043| sh degree=3| :  94%|█████████▍| 6578/7000 [07:07<00:19, 21.20it/s]
loss=0.038| sh degree=3| :  94%|█████████▍| 6578/7000 [07:07<00:19, 21.20it/s]
loss=0.038| sh degree=3| :  94%|█████████▍| 6581/7000 [07:07<00:20, 20.86it/s]
loss=0.038| sh degree=3| :  94%|█████████▍| 6581/7000 [07:07<00:20, 20.86it/s]
loss=0.030| sh degree=3| :  94%|█████████▍| 6581/7000 [07:07<00:20, 20.86it/s]
loss=0.036| sh degree=3| :  94%|█████████▍| 6581/7000 [07:07<00:20, 20.86it/s]
loss=0.036| sh degree=3| :  94%|█████████▍| 6584/7000 [07:07<00:19, 21.61it/s]
loss=0.033| sh degree=3| :  94%|█████████▍| 6584/7000 [07:07<00:19, 21.61it/s]
loss=0.038| sh degree=3| :  94%|█████████▍| 6584/7000 [07:07<00:19, 21.61it/s]
loss=0.083| sh degree=3| :  94%|█████████▍| 6584/7000 [07:07<00:19, 21.61it/s]
loss=0.083| sh degree=3| :  94%|█████████▍| 6587/7000 [07:07<00:17, 23.12it/s]
loss=0.029| sh degree=3| :  94%|█████████▍| 6587/7000 [07:07<00:17, 23.12it/s]
loss=0.074| sh degree=3| :  94%|█████████▍| 6587/7000 [07:07<00:17, 23.12it/s]
loss=0.068| sh degree=3| :  94%|█████████▍| 6587/7000 [07:07<00:17, 23.12it/s]
loss=0.068| sh degree=3| :  94%|█████████▍| 6590/7000 [07:07<00:17, 23.26it/s]
loss=0.026| sh degree=3| :  94%|█████████▍| 6590/7000 [07:07<00:17, 23.26it/s]
loss=0.026| sh degree=3| :  94%|█████████▍| 6590/7000 [07:08<00:17, 23.26it/s]
loss=0.035| sh degree=3| :  94%|█████████▍| 6590/7000 [07:08<00:17, 23.26it/s]
loss=0.035| sh degree=3| :  94%|█████████▍| 6593/7000 [07:08<00:16, 24.11it/s]
loss=0.027| sh degree=3| :  94%|█████████▍| 6593/7000 [07:08<00:16, 24.11it/s]
loss=0.027| sh degree=3| :  94%|█████████▍| 6593/7000 [07:08<00:16, 24.11it/s]
loss=0.032| sh degree=3| :  94%|█████████▍| 6593/7000 [07:08<00:16, 24.11it/s]
loss=0.032| sh degree=3| :  94%|█████████▍| 6596/7000 [07:08<00:17, 22.64it/s]
loss=0.042| sh degree=3| :  94%|█████████▍| 6596/7000 [07:08<00:17, 22.64it/s]
loss=0.048| sh degree=3| :  94%|█████████▍| 6596/7000 [07:08<00:17, 22.64it/s]
loss=0.032| sh degree=3| :  94%|█████████▍| 6596/7000 [07:08<00:17, 22.64it/s]
loss=0.032| sh degree=3| :  94%|█████████▍| 6599/7000 [07:08<00:17, 22.46it/s]
loss=0.041| sh degree=3| :  94%|█████████▍| 6599/7000 [07:08<00:17, 22.46it/s]
loss=0.042| sh degree=3| :  94%|█████████▍| 6599/7000 [07:08<00:17, 22.46it/s]
loss=0.047| sh degree=3| :  94%|█████████▍| 6599/7000 [07:08<00:17, 22.46it/s]
loss=0.047| sh degree=3| :  94%|█████████▍| 6602/7000 [07:08<00:18, 21.45it/s]
loss=0.029| sh degree=3| :  94%|█████████▍| 6602/7000 [07:08<00:18, 21.45it/s]
loss=0.031| sh degree=3| :  94%|█████████▍| 6602/7000 [07:08<00:18, 21.45it/s]
loss=0.050| sh degree=3| :  94%|█████████▍| 6602/7000 [07:08<00:18, 21.45it/s]
loss=0.041| sh degree=3| :  94%|█████████▍| 6602/7000 [07:08<00:18, 21.45it/s]
loss=0.041| sh degree=3| :  94%|█████████▍| 6606/7000 [07:08<00:16, 24.05it/s]
loss=0.051| sh degree=3| :  94%|█████████▍| 6606/7000 [07:08<00:16, 24.05it/s]
loss=0.040| sh degree=3| :  94%|█████████▍| 6606/7000 [07:08<00:16, 24.05it/s]
loss=0.040| sh degree=3| :  94%|█████████▍| 6606/7000 [07:08<00:16, 24.05it/s]
loss=0.040| sh degree=3| :  94%|█████████▍| 6609/7000 [07:08<00:16, 23.94it/s]
loss=0.031| sh degree=3| :  94%|█████████▍| 6609/7000 [07:08<00:16, 23.94it/s]
loss=0.032| sh degree=3| :  94%|█████████▍| 6609/7000 [07:08<00:16, 23.94it/s]
loss=0.059| sh degree=3| :  94%|█████████▍| 6609/7000 [07:08<00:16, 23.94it/s]
loss=0.059| sh degree=3| :  94%|█████████▍| 6612/7000 [07:08<00:16, 23.96it/s]
loss=0.098| sh degree=3| :  94%|█████████▍| 6612/7000 [07:08<00:16, 23.96it/s]
loss=0.048| sh degree=3| :  94%|█████████▍| 6612/7000 [07:08<00:16, 23.96it/s]
loss=0.034| sh degree=3| :  94%|█████████▍| 6612/7000 [07:08<00:16, 23.96it/s]
loss=0.034| sh degree=3| :  94%|█████████▍| 6615/7000 [07:09<00:15, 25.06it/s]
loss=0.036| sh degree=3| :  94%|█████████▍| 6615/7000 [07:09<00:15, 25.06it/s]
loss=0.034| sh degree=3| :  94%|█████████▍| 6615/7000 [07:09<00:15, 25.06it/s]
loss=0.050| sh degree=3| :  94%|█████████▍| 6615/7000 [07:09<00:15, 25.06it/s]
loss=0.050| sh degree=3| :  95%|█████████▍| 6618/7000 [07:09<00:15, 25.18it/s]
loss=0.030| sh degree=3| :  95%|█████████▍| 6618/7000 [07:09<00:15, 25.18it/s]
loss=0.055| sh degree=3| :  95%|█████████▍| 6618/7000 [07:09<00:15, 25.18it/s]
loss=0.032| sh degree=3| :  95%|█████████▍| 6618/7000 [07:09<00:15, 25.18it/s]
loss=0.032| sh degree=3| :  95%|█████████▍| 6621/7000 [07:09<00:14, 25.39it/s]
loss=0.037| sh degree=3| :  95%|█████████▍| 6621/7000 [07:09<00:14, 25.39it/s]
loss=0.032| sh degree=3| :  95%|█████████▍| 6621/7000 [07:09<00:14, 25.39it/s]
loss=0.046| sh degree=3| :  95%|█████████▍| 6621/7000 [07:09<00:14, 25.39it/s]
loss=0.046| sh degree=3| :  95%|█████████▍| 6624/7000 [07:09<00:16, 22.65it/s]
loss=0.030| sh degree=3| :  95%|█████████▍| 6624/7000 [07:09<00:16, 22.65it/s]
loss=0.039| sh degree=3| :  95%|█████████▍| 6624/7000 [07:09<00:16, 22.65it/s]
loss=0.046| sh degree=3| :  95%|█████████▍| 6624/7000 [07:09<00:16, 22.65it/s]
loss=0.027| sh degree=3| :  95%|█████████▍| 6624/7000 [07:09<00:16, 22.65it/s]
loss=0.027| sh degree=3| :  95%|█████████▍| 6628/7000 [07:09<00:14, 25.65it/s]
loss=0.040| sh degree=3| :  95%|█████████▍| 6628/7000 [07:09<00:14, 25.65it/s]
loss=0.049| sh degree=3| :  95%|█████████▍| 6628/7000 [07:09<00:14, 25.65it/s]
loss=0.027| sh degree=3| :  95%|█████████▍| 6628/7000 [07:09<00:14, 25.65it/s]
loss=0.027| sh degree=3| :  95%|█████████▍| 6631/7000 [07:09<00:21, 17.01it/s]
loss=0.043| sh degree=3| :  95%|█████████▍| 6631/7000 [07:09<00:21, 17.01it/s]
loss=0.046| sh degree=3| :  95%|█████████▍| 6631/7000 [07:09<00:21, 17.01it/s]
loss=0.042| sh degree=3| :  95%|█████████▍| 6631/7000 [07:09<00:21, 17.01it/s]
loss=0.048| sh degree=3| :  95%|█████████▍| 6631/7000 [07:09<00:21, 17.01it/s]
loss=0.048| sh degree=3| :  95%|█████████▍| 6635/7000 [07:10<00:18, 19.26it/s]
loss=0.033| sh degree=3| :  95%|█████████▍| 6635/7000 [07:10<00:18, 19.26it/s]
loss=0.033| sh degree=3| :  95%|█████████▍| 6635/7000 [07:10<00:18, 19.26it/s]
loss=0.043| sh degree=3| :  95%|█████████▍| 6635/7000 [07:10<00:18, 19.26it/s]
loss=0.042| sh degree=3| :  95%|█████████▍| 6635/7000 [07:10<00:18, 19.26it/s]
loss=0.042| sh degree=3| :  95%|█████████▍| 6639/7000 [07:10<00:16, 22.23it/s]
loss=0.035| sh degree=3| :  95%|█████████▍| 6639/7000 [07:10<00:16, 22.23it/s]
loss=0.030| sh degree=3| :  95%|█████████▍| 6639/7000 [07:10<00:16, 22.23it/s]
loss=0.042| sh degree=3| :  95%|█████████▍| 6639/7000 [07:10<00:16, 22.23it/s]
loss=0.034| sh degree=3| :  95%|█████████▍| 6639/7000 [07:10<00:16, 22.23it/s]
loss=0.034| sh degree=3| :  95%|█████████▍| 6643/7000 [07:10<00:14, 24.28it/s]
loss=0.040| sh degree=3| :  95%|█████████▍| 6643/7000 [07:10<00:14, 24.28it/s]
loss=0.027| sh degree=3| :  95%|█████████▍| 6643/7000 [07:10<00:14, 24.28it/s]
loss=0.098| sh degree=3| :  95%|█████████▍| 6643/7000 [07:10<00:14, 24.28it/s]
loss=0.098| sh degree=3| :  95%|█████████▍| 6646/7000 [07:10<00:17, 20.51it/s]
loss=0.042| sh degree=3| :  95%|█████████▍| 6646/7000 [07:10<00:17, 20.51it/s]
loss=0.043| sh degree=3| :  95%|█████████▍| 6646/7000 [07:10<00:17, 20.51it/s]
loss=0.029| sh degree=3| :  95%|█████████▍| 6646/7000 [07:10<00:17, 20.51it/s]
loss=0.029| sh degree=3| :  95%|█████████▍| 6649/7000 [07:10<00:16, 20.97it/s]
loss=0.034| sh degree=3| :  95%|█████████▍| 6649/7000 [07:10<00:16, 20.97it/s]
loss=0.033| sh degree=3| :  95%|█████████▍| 6649/7000 [07:10<00:16, 20.97it/s]
loss=0.072| sh degree=3| :  95%|█████████▍| 6649/7000 [07:10<00:16, 20.97it/s]
loss=0.072| sh degree=3| :  95%|█████████▌| 6652/7000 [07:10<00:16, 21.22it/s]
loss=0.040| sh degree=3| :  95%|█████████▌| 6652/7000 [07:10<00:16, 21.22it/s]
loss=0.030| sh degree=3| :  95%|█████████▌| 6652/7000 [07:10<00:16, 21.22it/s]
loss=0.040| sh degree=3| :  95%|█████████▌| 6652/7000 [07:10<00:16, 21.22it/s]
loss=0.040| sh degree=3| :  95%|█████████▌| 6655/7000 [07:10<00:15, 22.86it/s]
loss=0.028| sh degree=3| :  95%|█████████▌| 6655/7000 [07:10<00:15, 22.86it/s]
loss=0.044| sh degree=3| :  95%|█████████▌| 6655/7000 [07:10<00:15, 22.86it/s]
loss=0.027| sh degree=3| :  95%|█████████▌| 6655/7000 [07:11<00:15, 22.86it/s]
loss=0.027| sh degree=3| :  95%|█████████▌| 6658/7000 [07:11<00:15, 21.51it/s]
loss=0.079| sh degree=3| :  95%|█████████▌| 6658/7000 [07:11<00:15, 21.51it/s]
loss=0.043| sh degree=3| :  95%|█████████▌| 6658/7000 [07:11<00:15, 21.51it/s]
loss=0.085| sh degree=3| :  95%|█████████▌| 6658/7000 [07:11<00:15, 21.51it/s]
loss=0.085| sh degree=3| :  95%|█████████▌| 6661/7000 [07:11<00:16, 20.55it/s]
loss=0.040| sh degree=3| :  95%|█████████▌| 6661/7000 [07:11<00:16, 20.55it/s]
loss=0.032| sh degree=3| :  95%|█████████▌| 6661/7000 [07:11<00:16, 20.55it/s]
loss=0.033| sh degree=3| :  95%|█████████▌| 6661/7000 [07:11<00:16, 20.55it/s]
loss=0.033| sh degree=3| :  95%|█████████▌| 6664/7000 [07:11<00:15, 22.25it/s]
loss=0.042| sh degree=3| :  95%|█████████▌| 6664/7000 [07:11<00:15, 22.25it/s]
loss=0.040| sh degree=3| :  95%|█████████▌| 6664/7000 [07:11<00:15, 22.25it/s]
loss=0.030| sh degree=3| :  95%|█████████▌| 6664/7000 [07:11<00:15, 22.25it/s]
loss=0.030| sh degree=3| :  95%|█████████▌| 6667/7000 [07:11<00:14, 23.03it/s]
loss=0.029| sh degree=3| :  95%|█████████▌| 6667/7000 [07:11<00:14, 23.03it/s]
loss=0.043| sh degree=3| :  95%|█████████▌| 6667/7000 [07:11<00:14, 23.03it/s]
loss=0.026| sh degree=3| :  95%|█████████▌| 6667/7000 [07:11<00:14, 23.03it/s]
loss=0.026| sh degree=3| :  95%|█████████▌| 6670/7000 [07:11<00:15, 21.75it/s]
loss=0.029| sh degree=3| :  95%|█████████▌| 6670/7000 [07:11<00:15, 21.75it/s]
loss=0.042| sh degree=3| :  95%|█████████▌| 6670/7000 [07:11<00:15, 21.75it/s]
loss=0.039| sh degree=3| :  95%|█████████▌| 6670/7000 [07:11<00:15, 21.75it/s]
loss=0.039| sh degree=3| :  95%|█████████▌| 6673/7000 [07:11<00:14, 23.02it/s]
loss=0.026| sh degree=3| :  95%|█████████▌| 6673/7000 [07:11<00:14, 23.02it/s]
loss=0.044| sh degree=3| :  95%|█████████▌| 6673/7000 [07:11<00:14, 23.02it/s]
loss=0.044| sh degree=3| :  95%|█████████▌| 6673/7000 [07:11<00:14, 23.02it/s]
loss=0.044| sh degree=3| :  95%|█████████▌| 6676/7000 [07:11<00:13, 23.41it/s]
loss=0.057| sh degree=3| :  95%|█████████▌| 6676/7000 [07:11<00:13, 23.41it/s]
loss=0.027| sh degree=3| :  95%|█████████▌| 6676/7000 [07:11<00:13, 23.41it/s]
loss=0.032| sh degree=3| :  95%|█████████▌| 6676/7000 [07:11<00:13, 23.41it/s]
loss=0.032| sh degree=3| :  95%|█████████▌| 6679/7000 [07:11<00:15, 21.39it/s]
loss=0.041| sh degree=3| :  95%|█████████▌| 6679/7000 [07:11<00:15, 21.39it/s]
loss=0.037| sh degree=3| :  95%|█████████▌| 6679/7000 [07:12<00:15, 21.39it/s]
loss=0.028| sh degree=3| :  95%|█████████▌| 6679/7000 [07:12<00:15, 21.39it/s]
loss=0.028| sh degree=3| :  95%|█████████▌| 6682/7000 [07:12<00:15, 20.54it/s]
loss=0.035| sh degree=3| :  95%|█████████▌| 6682/7000 [07:12<00:15, 20.54it/s]
loss=0.039| sh degree=3| :  95%|█████████▌| 6682/7000 [07:12<00:15, 20.54it/s]
loss=0.038| sh degree=3| :  95%|█████████▌| 6682/7000 [07:12<00:15, 20.54it/s]
loss=0.038| sh degree=3| :  96%|█████████▌| 6685/7000 [07:12<00:14, 21.65it/s]
loss=0.033| sh degree=3| :  96%|█████████▌| 6685/7000 [07:12<00:14, 21.65it/s]
loss=0.037| sh degree=3| :  96%|█████████▌| 6685/7000 [07:12<00:14, 21.65it/s]
loss=0.034| sh degree=3| :  96%|█████████▌| 6685/7000 [07:12<00:14, 21.65it/s]
loss=0.034| sh degree=3| :  96%|█████████▌| 6688/7000 [07:12<00:13, 22.99it/s]
loss=0.035| sh degree=3| :  96%|█████████▌| 6688/7000 [07:12<00:13, 22.99it/s]
loss=0.026| sh degree=3| :  96%|█████████▌| 6688/7000 [07:12<00:13, 22.99it/s]
loss=0.039| sh degree=3| :  96%|█████████▌| 6688/7000 [07:12<00:13, 22.99it/s]
loss=0.039| sh degree=3| :  96%|█████████▌| 6691/7000 [07:12<00:12, 24.64it/s]
loss=0.051| sh degree=3| :  96%|█████████▌| 6691/7000 [07:12<00:12, 24.64it/s]
loss=0.045| sh degree=3| :  96%|█████████▌| 6691/7000 [07:12<00:12, 24.64it/s]
loss=0.044| sh degree=3| :  96%|█████████▌| 6691/7000 [07:12<00:12, 24.64it/s]
loss=0.044| sh degree=3| :  96%|█████████▌| 6694/7000 [07:12<00:11, 26.00it/s]
loss=0.046| sh degree=3| :  96%|█████████▌| 6694/7000 [07:12<00:11, 26.00it/s]
loss=0.029| sh degree=3| :  96%|█████████▌| 6694/7000 [07:12<00:11, 26.00it/s]
loss=0.038| sh degree=3| :  96%|█████████▌| 6694/7000 [07:12<00:11, 26.00it/s]
loss=0.038| sh degree=3| :  96%|█████████▌| 6697/7000 [07:12<00:12, 24.83it/s]
loss=0.037| sh degree=3| :  96%|█████████▌| 6697/7000 [07:12<00:12, 24.83it/s]
loss=0.038| sh degree=3| :  96%|█████████▌| 6697/7000 [07:12<00:12, 24.83it/s]
loss=0.041| sh degree=3| :  96%|█████████▌| 6697/7000 [07:12<00:12, 24.83it/s]
loss=0.041| sh degree=3| :  96%|█████████▌| 6700/7000 [07:12<00:11, 26.10it/s]
loss=0.064| sh degree=3| :  96%|█████████▌| 6700/7000 [07:12<00:11, 26.10it/s]
loss=0.042| sh degree=3| :  96%|█████████▌| 6700/7000 [07:12<00:11, 26.10it/s]
loss=0.047| sh degree=3| :  96%|█████████▌| 6700/7000 [07:12<00:11, 26.10it/s]
loss=0.047| sh degree=3| :  96%|█████████▌| 6703/7000 [07:12<00:12, 24.62it/s]
loss=0.048| sh degree=3| :  96%|█████████▌| 6703/7000 [07:12<00:12, 24.62it/s]
loss=0.029| sh degree=3| :  96%|█████████▌| 6703/7000 [07:12<00:12, 24.62it/s]
loss=0.036| sh degree=3| :  96%|█████████▌| 6703/7000 [07:13<00:12, 24.62it/s]
loss=0.036| sh degree=3| :  96%|█████████▌| 6706/7000 [07:13<00:11, 24.88it/s]
loss=0.042| sh degree=3| :  96%|█████████▌| 6706/7000 [07:13<00:11, 24.88it/s]
loss=0.029| sh degree=3| :  96%|█████████▌| 6706/7000 [07:13<00:11, 24.88it/s]
loss=0.040| sh degree=3| :  96%|█████████▌| 6706/7000 [07:13<00:11, 24.88it/s]
loss=0.040| sh degree=3| :  96%|█████████▌| 6709/7000 [07:13<00:11, 26.14it/s]
loss=0.042| sh degree=3| :  96%|█████████▌| 6709/7000 [07:13<00:11, 26.14it/s]
loss=0.040| sh degree=3| :  96%|█████████▌| 6709/7000 [07:13<00:11, 26.14it/s]
loss=0.049| sh degree=3| :  96%|█████████▌| 6709/7000 [07:13<00:11, 26.14it/s]
loss=0.049| sh degree=3| :  96%|█████████▌| 6712/7000 [07:13<00:11, 25.23it/s]
loss=0.041| sh degree=3| :  96%|█████████▌| 6712/7000 [07:13<00:11, 25.23it/s]
loss=0.033| sh degree=3| :  96%|█████████▌| 6712/7000 [07:13<00:11, 25.23it/s]
loss=0.033| sh degree=3| :  96%|█████████▌| 6712/7000 [07:13<00:11, 25.23it/s]
loss=0.033| sh degree=3| :  96%|█████████▌| 6715/7000 [07:13<00:12, 22.69it/s]
loss=0.049| sh degree=3| :  96%|█████████▌| 6715/7000 [07:13<00:12, 22.69it/s]
loss=0.057| sh degree=3| :  96%|█████████▌| 6715/7000 [07:13<00:12, 22.69it/s]
loss=0.038| sh degree=3| :  96%|█████████▌| 6715/7000 [07:13<00:12, 22.69it/s]
loss=0.038| sh degree=3| :  96%|█████████▌| 6718/7000 [07:13<00:12, 23.21it/s]
loss=0.043| sh degree=3| :  96%|█████████▌| 6718/7000 [07:13<00:12, 23.21it/s]
loss=0.044| sh degree=3| :  96%|█████████▌| 6718/7000 [07:13<00:12, 23.21it/s]
loss=0.037| sh degree=3| :  96%|█████████▌| 6718/7000 [07:13<00:12, 23.21it/s]
loss=0.037| sh degree=3| :  96%|█████████▌| 6721/7000 [07:13<00:11, 23.57it/s]
loss=0.054| sh degree=3| :  96%|█████████▌| 6721/7000 [07:13<00:11, 23.57it/s]
loss=0.058| sh degree=3| :  96%|█████████▌| 6721/7000 [07:13<00:11, 23.57it/s]
loss=0.029| sh degree=3| :  96%|█████████▌| 6721/7000 [07:13<00:11, 23.57it/s]
loss=0.029| sh degree=3| :  96%|█████████▌| 6724/7000 [07:13<00:11, 24.82it/s]
loss=0.028| sh degree=3| :  96%|█████████▌| 6724/7000 [07:13<00:11, 24.82it/s]
loss=0.036| sh degree=3| :  96%|█████████▌| 6724/7000 [07:13<00:11, 24.82it/s]
loss=0.027| sh degree=3| :  96%|█████████▌| 6724/7000 [07:13<00:11, 24.82it/s]
loss=0.027| sh degree=3| :  96%|█████████▌| 6727/7000 [07:13<00:10, 25.62it/s]
loss=0.033| sh degree=3| :  96%|█████████▌| 6727/7000 [07:13<00:10, 25.62it/s]
loss=0.039| sh degree=3| :  96%|█████████▌| 6727/7000 [07:13<00:10, 25.62it/s]
loss=0.042| sh degree=3| :  96%|█████████▌| 6727/7000 [07:13<00:10, 25.62it/s]
loss=0.042| sh degree=3| :  96%|█████████▌| 6730/7000 [07:14<00:10, 26.45it/s]
loss=0.039| sh degree=3| :  96%|█████████▌| 6730/7000 [07:14<00:10, 26.45it/s]
loss=0.040| sh degree=3| :  96%|█████████▌| 6730/7000 [07:14<00:10, 26.45it/s]
loss=0.027| sh degree=3| :  96%|█████████▌| 6730/7000 [07:14<00:10, 26.45it/s]
loss=0.027| sh degree=3| :  96%|█████████▌| 6733/7000 [07:14<00:10, 26.32it/s]
loss=0.037| sh degree=3| :  96%|█████████▌| 6733/7000 [07:14<00:10, 26.32it/s]
loss=0.034| sh degree=3| :  96%|█████████▌| 6733/7000 [07:14<00:10, 26.32it/s]
loss=0.033| sh degree=3| :  96%|█████████▌| 6733/7000 [07:14<00:10, 26.32it/s]
loss=0.033| sh degree=3| :  96%|█████████▌| 6736/7000 [07:14<00:10, 25.72it/s]
loss=0.051| sh degree=3| :  96%|█████████▌| 6736/7000 [07:14<00:10, 25.72it/s]
loss=0.037| sh degree=3| :  96%|█████████▌| 6736/7000 [07:14<00:10, 25.72it/s]
loss=0.026| sh degree=3| :  96%|█████████▌| 6736/7000 [07:14<00:10, 25.72it/s]
loss=0.026| sh degree=3| :  96%|█████████▋| 6739/7000 [07:14<00:10, 24.53it/s]
loss=0.040| sh degree=3| :  96%|█████████▋| 6739/7000 [07:14<00:10, 24.53it/s]
loss=0.029| sh degree=3| :  96%|█████████▋| 6739/7000 [07:14<00:10, 24.53it/s]
loss=0.033| sh degree=3| :  96%|█████████▋| 6739/7000 [07:14<00:10, 24.53it/s]
loss=0.033| sh degree=3| :  96%|█████████▋| 6742/7000 [07:14<00:10, 25.05it/s]
loss=0.040| sh degree=3| :  96%|█████████▋| 6742/7000 [07:14<00:10, 25.05it/s]
loss=0.050| sh degree=3| :  96%|█████████▋| 6742/7000 [07:14<00:10, 25.05it/s]
loss=0.030| sh degree=3| :  96%|█████████▋| 6742/7000 [07:14<00:10, 25.05it/s]
loss=0.030| sh degree=3| :  96%|█████████▋| 6745/7000 [07:14<00:10, 24.71it/s]
loss=0.036| sh degree=3| :  96%|█████████▋| 6745/7000 [07:14<00:10, 24.71it/s]
loss=0.043| sh degree=3| :  96%|█████████▋| 6745/7000 [07:14<00:10, 24.71it/s]
loss=0.043| sh degree=3| :  96%|█████████▋| 6745/7000 [07:14<00:10, 24.71it/s]
loss=0.043| sh degree=3| :  96%|█████████▋| 6748/7000 [07:14<00:09, 25.25it/s]
loss=0.037| sh degree=3| :  96%|█████████▋| 6748/7000 [07:14<00:09, 25.25it/s]
loss=0.036| sh degree=3| :  96%|█████████▋| 6748/7000 [07:14<00:09, 25.25it/s]
loss=0.038| sh degree=3| :  96%|█████████▋| 6748/7000 [07:14<00:09, 25.25it/s]
loss=0.038| sh degree=3| :  96%|█████████▋| 6751/7000 [07:14<00:10, 24.03it/s]
loss=0.044| sh degree=3| :  96%|█████████▋| 6751/7000 [07:14<00:10, 24.03it/s]
loss=0.039| sh degree=3| :  96%|█████████▋| 6751/7000 [07:14<00:10, 24.03it/s]
loss=0.033| sh degree=3| :  96%|█████████▋| 6751/7000 [07:14<00:10, 24.03it/s]
loss=0.033| sh degree=3| :  96%|█████████▋| 6754/7000 [07:14<00:09, 24.93it/s]
loss=0.122| sh degree=3| :  96%|█████████▋| 6754/7000 [07:15<00:09, 24.93it/s]
loss=0.030| sh degree=3| :  96%|█████████▋| 6754/7000 [07:15<00:09, 24.93it/s]
loss=0.047| sh degree=3| :  96%|█████████▋| 6754/7000 [07:15<00:09, 24.93it/s]
loss=0.047| sh degree=3| :  97%|█████████▋| 6757/7000 [07:15<00:09, 25.18it/s]
loss=0.085| sh degree=3| :  97%|█████████▋| 6757/7000 [07:15<00:09, 25.18it/s]
loss=0.029| sh degree=3| :  97%|█████████▋| 6757/7000 [07:15<00:09, 25.18it/s]
loss=0.042| sh degree=3| :  97%|█████████▋| 6757/7000 [07:15<00:09, 25.18it/s]
loss=0.042| sh degree=3| :  97%|█████████▋| 6760/7000 [07:15<00:09, 26.12it/s]
loss=0.043| sh degree=3| :  97%|█████████▋| 6760/7000 [07:15<00:09, 26.12it/s]
loss=0.044| sh degree=3| :  97%|█████████▋| 6760/7000 [07:15<00:09, 26.12it/s]
loss=0.032| sh degree=3| :  97%|█████████▋| 6760/7000 [07:15<00:09, 26.12it/s]
loss=0.032| sh degree=3| :  97%|█████████▋| 6763/7000 [07:15<00:09, 24.93it/s]
loss=0.037| sh degree=3| :  97%|█████████▋| 6763/7000 [07:15<00:09, 24.93it/s]
loss=0.041| sh degree=3| :  97%|█████████▋| 6763/7000 [07:15<00:09, 24.93it/s]
loss=0.041| sh degree=3| :  97%|█████████▋| 6763/7000 [07:15<00:09, 24.93it/s]
loss=0.041| sh degree=3| :  97%|█████████▋| 6766/7000 [07:15<00:09, 23.77it/s]
loss=0.027| sh degree=3| :  97%|█████████▋| 6766/7000 [07:15<00:09, 23.77it/s]
loss=0.044| sh degree=3| :  97%|█████████▋| 6766/7000 [07:15<00:09, 23.77it/s]
loss=0.045| sh degree=3| :  97%|█████████▋| 6766/7000 [07:15<00:09, 23.77it/s]
loss=0.045| sh degree=3| :  97%|█████████▋| 6769/7000 [07:15<00:09, 23.15it/s]
loss=0.038| sh degree=3| :  97%|█████████▋| 6769/7000 [07:15<00:09, 23.15it/s]
loss=0.040| sh degree=3| :  97%|█████████▋| 6769/7000 [07:15<00:09, 23.15it/s]
loss=0.034| sh degree=3| :  97%|█████████▋| 6769/7000 [07:15<00:09, 23.15it/s]
loss=0.034| sh degree=3| :  97%|█████████▋| 6772/7000 [07:15<00:09, 23.47it/s]
loss=0.038| sh degree=3| :  97%|█████████▋| 6772/7000 [07:15<00:09, 23.47it/s]
loss=0.055| sh degree=3| :  97%|█████████▋| 6772/7000 [07:15<00:09, 23.47it/s]
loss=0.040| sh degree=3| :  97%|█████████▋| 6772/7000 [07:15<00:09, 23.47it/s]
loss=0.035| sh degree=3| :  97%|█████████▋| 6772/7000 [07:15<00:09, 23.47it/s]
loss=0.035| sh degree=3| :  97%|█████████▋| 6776/7000 [07:15<00:08, 25.36it/s]
loss=0.028| sh degree=3| :  97%|█████████▋| 6776/7000 [07:15<00:08, 25.36it/s]
loss=0.039| sh degree=3| :  97%|█████████▋| 6776/7000 [07:15<00:08, 25.36it/s]
loss=0.041| sh degree=3| :  97%|█████████▋| 6776/7000 [07:15<00:08, 25.36it/s]
loss=0.028| sh degree=3| :  97%|█████████▋| 6776/7000 [07:15<00:08, 25.36it/s]
loss=0.028| sh degree=3| :  97%|█████████▋| 6780/7000 [07:16<00:08, 26.57it/s]
loss=0.028| sh degree=3| :  97%|█████████▋| 6780/7000 [07:16<00:08, 26.57it/s]
loss=0.055| sh degree=3| :  97%|█████████▋| 6780/7000 [07:16<00:08, 26.57it/s]
loss=0.038| sh degree=3| :  97%|█████████▋| 6780/7000 [07:16<00:08, 26.57it/s]
loss=0.038| sh degree=3| :  97%|█████████▋| 6783/7000 [07:16<00:08, 26.54it/s]
loss=0.040| sh degree=3| :  97%|█████████▋| 6783/7000 [07:16<00:08, 26.54it/s]
loss=0.037| sh degree=3| :  97%|█████████▋| 6783/7000 [07:16<00:08, 26.54it/s]
loss=0.036| sh degree=3| :  97%|█████████▋| 6783/7000 [07:16<00:08, 26.54it/s]
loss=0.038| sh degree=3| :  97%|█████████▋| 6783/7000 [07:16<00:08, 26.54it/s]
loss=0.038| sh degree=3| :  97%|█████████▋| 6787/7000 [07:16<00:07, 27.36it/s]
loss=0.033| sh degree=3| :  97%|█████████▋| 6787/7000 [07:16<00:07, 27.36it/s]
loss=0.040| sh degree=3| :  97%|█████████▋| 6787/7000 [07:16<00:07, 27.36it/s]
loss=0.031| sh degree=3| :  97%|█████████▋| 6787/7000 [07:16<00:07, 27.36it/s]
loss=0.031| sh degree=3| :  97%|█████████▋| 6790/7000 [07:16<00:08, 23.89it/s]
loss=0.031| sh degree=3| :  97%|█████████▋| 6790/7000 [07:16<00:08, 23.89it/s]
loss=0.042| sh degree=3| :  97%|█████████▋| 6790/7000 [07:16<00:08, 23.89it/s]
loss=0.037| sh degree=3| :  97%|█████████▋| 6790/7000 [07:16<00:08, 23.89it/s]
loss=0.037| sh degree=3| :  97%|█████████▋| 6793/7000 [07:16<00:09, 22.89it/s]
loss=0.030| sh degree=3| :  97%|█████████▋| 6793/7000 [07:16<00:09, 22.89it/s]
loss=0.040| sh degree=3| :  97%|█████████▋| 6793/7000 [07:16<00:09, 22.89it/s]
loss=0.037| sh degree=3| :  97%|█████████▋| 6793/7000 [07:16<00:09, 22.89it/s]
loss=0.037| sh degree=3| :  97%|█████████▋| 6796/7000 [07:16<00:08, 22.99it/s]
loss=0.037| sh degree=3| :  97%|█████████▋| 6796/7000 [07:16<00:08, 22.99it/s]
loss=0.031| sh degree=3| :  97%|█████████▋| 6796/7000 [07:16<00:08, 22.99it/s]
loss=0.028| sh degree=3| :  97%|█████████▋| 6796/7000 [07:16<00:08, 22.99it/s]
loss=0.028| sh degree=3| :  97%|█████████▋| 6799/7000 [07:16<00:08, 23.51it/s]
loss=0.042| sh degree=3| :  97%|█████████▋| 6799/7000 [07:16<00:08, 23.51it/s]
loss=0.029| sh degree=3| :  97%|█████████▋| 6799/7000 [07:16<00:08, 23.51it/s]
loss=0.038| sh degree=3| :  97%|█████████▋| 6799/7000 [07:16<00:08, 23.51it/s]
loss=0.038| sh degree=3| :  97%|█████████▋| 6802/7000 [07:16<00:09, 21.75it/s]
loss=0.041| sh degree=3| :  97%|█████████▋| 6802/7000 [07:17<00:09, 21.75it/s]
loss=0.043| sh degree=3| :  97%|█████████▋| 6802/7000 [07:17<00:09, 21.75it/s]
loss=0.042| sh degree=3| :  97%|█████████▋| 6802/7000 [07:17<00:09, 21.75it/s]
loss=0.042| sh degree=3| :  97%|█████████▋| 6805/7000 [07:17<00:08, 23.00it/s]
loss=0.042| sh degree=3| :  97%|█████████▋| 6805/7000 [07:17<00:08, 23.00it/s]
loss=0.035| sh degree=3| :  97%|█████████▋| 6805/7000 [07:17<00:08, 23.00it/s]
loss=0.052| sh degree=3| :  97%|█████████▋| 6805/7000 [07:17<00:08, 23.00it/s]
loss=0.052| sh degree=3| :  97%|█████████▋| 6808/7000 [07:17<00:08, 23.90it/s]
loss=0.032| sh degree=3| :  97%|█████████▋| 6808/7000 [07:17<00:08, 23.90it/s]
loss=0.050| sh degree=3| :  97%|█████████▋| 6808/7000 [07:17<00:08, 23.90it/s]
loss=0.041| sh degree=3| :  97%|█████████▋| 6808/7000 [07:17<00:08, 23.90it/s]
loss=0.041| sh degree=3| :  97%|█████████▋| 6811/7000 [07:17<00:07, 24.65it/s]
loss=0.031| sh degree=3| :  97%|█████████▋| 6811/7000 [07:17<00:07, 24.65it/s]
loss=0.033| sh degree=3| :  97%|█████████▋| 6811/7000 [07:17<00:07, 24.65it/s]
loss=0.036| sh degree=3| :  97%|█████████▋| 6811/7000 [07:17<00:07, 24.65it/s]
loss=0.036| sh degree=3| :  97%|█████████▋| 6814/7000 [07:17<00:08, 22.15it/s]
loss=0.031| sh degree=3| :  97%|█████████▋| 6814/7000 [07:17<00:08, 22.15it/s]
loss=0.029| sh degree=3| :  97%|█████████▋| 6814/7000 [07:17<00:08, 22.15it/s]
loss=0.031| sh degree=3| :  97%|█████████▋| 6814/7000 [07:17<00:08, 22.15it/s]
loss=0.031| sh degree=3| :  97%|█████████▋| 6817/7000 [07:17<00:08, 22.38it/s]
loss=0.029| sh degree=3| :  97%|█████████▋| 6817/7000 [07:17<00:08, 22.38it/s]
loss=0.031| sh degree=3| :  97%|█████████▋| 6817/7000 [07:17<00:08, 22.38it/s]
loss=0.050| sh degree=3| :  97%|█████████▋| 6817/7000 [07:17<00:08, 22.38it/s]
loss=0.050| sh degree=3| :  97%|█████████▋| 6820/7000 [07:17<00:08, 22.09it/s]
loss=0.031| sh degree=3| :  97%|█████████▋| 6820/7000 [07:17<00:08, 22.09it/s]
loss=0.042| sh degree=3| :  97%|█████████▋| 6820/7000 [07:17<00:08, 22.09it/s]
loss=0.037| sh degree=3| :  97%|█████████▋| 6820/7000 [07:17<00:08, 22.09it/s]
loss=0.037| sh degree=3| :  97%|█████████▋| 6823/7000 [07:17<00:07, 22.67it/s]
loss=0.032| sh degree=3| :  97%|█████████▋| 6823/7000 [07:17<00:07, 22.67it/s]
loss=0.029| sh degree=3| :  97%|█████████▋| 6823/7000 [07:17<00:07, 22.67it/s]
loss=0.028| sh degree=3| :  97%|█████████▋| 6823/7000 [07:17<00:07, 22.67it/s]
loss=0.051| sh degree=3| :  97%|█████████▋| 6823/7000 [07:18<00:07, 22.67it/s]
loss=0.051| sh degree=3| :  98%|█████████▊| 6827/7000 [07:18<00:06, 24.93it/s]
loss=0.028| sh degree=3| :  98%|█████████▊| 6827/7000 [07:18<00:06, 24.93it/s]
loss=0.033| sh degree=3| :  98%|█████████▊| 6827/7000 [07:18<00:06, 24.93it/s]
loss=0.044| sh degree=3| :  98%|█████████▊| 6827/7000 [07:18<00:06, 24.93it/s]
loss=0.039| sh degree=3| :  98%|█████████▊| 6827/7000 [07:18<00:06, 24.93it/s]
loss=0.039| sh degree=3| :  98%|█████████▊| 6831/7000 [07:18<00:06, 26.80it/s]
loss=0.044| sh degree=3| :  98%|█████████▊| 6831/7000 [07:18<00:06, 26.80it/s]
loss=0.039| sh degree=3| :  98%|█████████▊| 6831/7000 [07:18<00:06, 26.80it/s]
loss=0.040| sh degree=3| :  98%|█████████▊| 6831/7000 [07:18<00:06, 26.80it/s]
loss=0.040| sh degree=3| :  98%|█████████▊| 6834/7000 [07:18<00:06, 24.98it/s]
loss=0.071| sh degree=3| :  98%|█████████▊| 6834/7000 [07:18<00:06, 24.98it/s]
loss=0.040| sh degree=3| :  98%|█████████▊| 6834/7000 [07:18<00:06, 24.98it/s]
loss=0.030| sh degree=3| :  98%|█████████▊| 6834/7000 [07:18<00:06, 24.98it/s]
loss=0.030| sh degree=3| :  98%|█████████▊| 6837/7000 [07:18<00:06, 24.98it/s]
loss=0.042| sh degree=3| :  98%|█████████▊| 6837/7000 [07:18<00:06, 24.98it/s]
loss=0.028| sh degree=3| :  98%|█████████▊| 6837/7000 [07:18<00:06, 24.98it/s]
loss=0.027| sh degree=3| :  98%|█████████▊| 6837/7000 [07:18<00:06, 24.98it/s]
loss=0.027| sh degree=3| :  98%|█████████▊| 6840/7000 [07:18<00:06, 25.38it/s]
loss=0.034| sh degree=3| :  98%|█████████▊| 6840/7000 [07:18<00:06, 25.38it/s]
loss=0.048| sh degree=3| :  98%|█████████▊| 6840/7000 [07:18<00:06, 25.38it/s]
loss=0.049| sh degree=3| :  98%|█████████▊| 6840/7000 [07:18<00:06, 25.38it/s]
loss=0.049| sh degree=3| :  98%|█████████▊| 6843/7000 [07:18<00:06, 24.42it/s]
loss=0.031| sh degree=3| :  98%|█████████▊| 6843/7000 [07:18<00:06, 24.42it/s]
loss=0.040| sh degree=3| :  98%|█████████▊| 6843/7000 [07:18<00:06, 24.42it/s]
loss=0.026| sh degree=3| :  98%|█████████▊| 6843/7000 [07:18<00:06, 24.42it/s]
loss=0.026| sh degree=3| :  98%|█████████▊| 6846/7000 [07:18<00:06, 22.06it/s]
loss=0.041| sh degree=3| :  98%|█████████▊| 6846/7000 [07:18<00:06, 22.06it/s]
loss=0.041| sh degree=3| :  98%|█████████▊| 6846/7000 [07:18<00:06, 22.06it/s]
loss=0.032| sh degree=3| :  98%|█████████▊| 6846/7000 [07:18<00:06, 22.06it/s]
loss=0.032| sh degree=3| :  98%|█████████▊| 6849/7000 [07:18<00:07, 21.04it/s]
loss=0.061| sh degree=3| :  98%|█████████▊| 6849/7000 [07:19<00:07, 21.04it/s]
loss=0.042| sh degree=3| :  98%|█████████▊| 6849/7000 [07:19<00:07, 21.04it/s]
loss=0.034| sh degree=3| :  98%|█████████▊| 6849/7000 [07:19<00:07, 21.04it/s]
loss=0.034| sh degree=3| :  98%|█████████▊| 6852/7000 [07:19<00:06, 21.81it/s]
loss=0.031| sh degree=3| :  98%|█████████▊| 6852/7000 [07:19<00:06, 21.81it/s]
loss=0.030| sh degree=3| :  98%|█████████▊| 6852/7000 [07:19<00:06, 21.81it/s]
loss=0.042| sh degree=3| :  98%|█████████▊| 6852/7000 [07:19<00:06, 21.81it/s]
loss=0.042| sh degree=3| :  98%|█████████▊| 6855/7000 [07:19<00:06, 22.15it/s]
loss=0.039| sh degree=3| :  98%|█████████▊| 6855/7000 [07:19<00:06, 22.15it/s]
loss=0.033| sh degree=3| :  98%|█████████▊| 6855/7000 [07:19<00:06, 22.15it/s]
loss=0.029| sh degree=3| :  98%|█████████▊| 6855/7000 [07:19<00:06, 22.15it/s]
loss=0.029| sh degree=3| :  98%|█████████▊| 6858/7000 [07:19<00:06, 21.65it/s]
loss=0.028| sh degree=3| :  98%|█████████▊| 6858/7000 [07:19<00:06, 21.65it/s]
loss=0.030| sh degree=3| :  98%|█████████▊| 6858/7000 [07:19<00:06, 21.65it/s]
loss=0.041| sh degree=3| :  98%|█████████▊| 6858/7000 [07:19<00:06, 21.65it/s]
loss=0.041| sh degree=3| :  98%|█████████▊| 6861/7000 [07:19<00:07, 19.16it/s]
loss=0.029| sh degree=3| :  98%|█████████▊| 6861/7000 [07:19<00:07, 19.16it/s]
loss=0.037| sh degree=3| :  98%|█████████▊| 6861/7000 [07:19<00:07, 19.16it/s]
loss=0.038| sh degree=3| :  98%|█████████▊| 6861/7000 [07:19<00:07, 19.16it/s]
loss=0.038| sh degree=3| :  98%|█████████▊| 6864/7000 [07:19<00:06, 21.40it/s]
loss=0.034| sh degree=3| :  98%|█████████▊| 6864/7000 [07:19<00:06, 21.40it/s]
loss=0.032| sh degree=3| :  98%|█████████▊| 6864/7000 [07:19<00:06, 21.40it/s]
loss=0.055| sh degree=3| :  98%|█████████▊| 6864/7000 [07:19<00:06, 21.40it/s]
loss=0.055| sh degree=3| :  98%|█████████▊| 6867/7000 [07:19<00:06, 21.93it/s]
loss=0.030| sh degree=3| :  98%|█████████▊| 6867/7000 [07:19<00:06, 21.93it/s]
loss=0.036| sh degree=3| :  98%|█████████▊| 6867/7000 [07:19<00:06, 21.93it/s]
loss=0.042| sh degree=3| :  98%|█████████▊| 6867/7000 [07:19<00:06, 21.93it/s]
loss=0.042| sh degree=3| :  98%|█████████▊| 6870/7000 [07:19<00:05, 22.23it/s]
loss=0.031| sh degree=3| :  98%|█████████▊| 6870/7000 [07:19<00:05, 22.23it/s]
loss=0.045| sh degree=3| :  98%|█████████▊| 6870/7000 [07:20<00:05, 22.23it/s]
loss=0.029| sh degree=3| :  98%|█████████▊| 6870/7000 [07:20<00:05, 22.23it/s]
loss=0.029| sh degree=3| :  98%|█████████▊| 6873/7000 [07:20<00:05, 22.34it/s]
loss=0.029| sh degree=3| :  98%|█████████▊| 6873/7000 [07:20<00:05, 22.34it/s]
loss=0.040| sh degree=3| :  98%|█████████▊| 6873/7000 [07:20<00:05, 22.34it/s]
loss=0.043| sh degree=3| :  98%|█████████▊| 6873/7000 [07:20<00:05, 22.34it/s]
loss=0.043| sh degree=3| :  98%|█████████▊| 6876/7000 [07:20<00:05, 22.95it/s]
loss=0.038| sh degree=3| :  98%|█████████▊| 6876/7000 [07:20<00:05, 22.95it/s]
loss=0.038| sh degree=3| :  98%|█████████▊| 6876/7000 [07:20<00:05, 22.95it/s]
loss=0.046| sh degree=3| :  98%|█████████▊| 6876/7000 [07:20<00:05, 22.95it/s]
loss=0.046| sh degree=3| :  98%|█████████▊| 6879/7000 [07:20<00:05, 23.85it/s]
loss=0.040| sh degree=3| :  98%|█████████▊| 6879/7000 [07:20<00:05, 23.85it/s]
loss=0.039| sh degree=3| :  98%|█████████▊| 6879/7000 [07:20<00:05, 23.85it/s]
loss=0.048| sh degree=3| :  98%|█████████▊| 6879/7000 [07:20<00:05, 23.85it/s]
loss=0.048| sh degree=3| :  98%|█████████▊| 6882/7000 [07:20<00:04, 25.40it/s]
loss=0.029| sh degree=3| :  98%|█████████▊| 6882/7000 [07:20<00:04, 25.40it/s]
loss=0.045| sh degree=3| :  98%|█████████▊| 6882/7000 [07:20<00:04, 25.40it/s]
loss=0.037| sh degree=3| :  98%|█████████▊| 6882/7000 [07:20<00:04, 25.40it/s]
loss=0.037| sh degree=3| :  98%|█████████▊| 6885/7000 [07:20<00:04, 26.33it/s]
loss=0.052| sh degree=3| :  98%|█████████▊| 6885/7000 [07:20<00:04, 26.33it/s]
loss=0.035| sh degree=3| :  98%|█████████▊| 6885/7000 [07:20<00:04, 26.33it/s]
loss=0.047| sh degree=3| :  98%|█████████▊| 6885/7000 [07:20<00:04, 26.33it/s]
loss=0.047| sh degree=3| :  98%|█████████▊| 6888/7000 [07:20<00:07, 15.98it/s]
loss=0.031| sh degree=3| :  98%|█████████▊| 6888/7000 [07:20<00:07, 15.98it/s]
loss=0.034| sh degree=3| :  98%|█████████▊| 6888/7000 [07:20<00:07, 15.98it/s]
loss=0.030| sh degree=3| :  98%|█████████▊| 6888/7000 [07:21<00:07, 15.98it/s]
loss=0.030| sh degree=3| :  98%|█████████▊| 6891/7000 [07:21<00:06, 16.73it/s]
loss=0.035| sh degree=3| :  98%|█████████▊| 6891/7000 [07:21<00:06, 16.73it/s]
loss=0.032| sh degree=3| :  98%|█████████▊| 6891/7000 [07:21<00:06, 16.73it/s]
loss=0.063| sh degree=3| :  98%|█████████▊| 6891/7000 [07:21<00:06, 16.73it/s]
loss=0.063| sh degree=3| :  98%|█████████▊| 6894/7000 [07:21<00:05, 18.70it/s]
loss=0.033| sh degree=3| :  98%|█████████▊| 6894/7000 [07:21<00:05, 18.70it/s]
loss=0.030| sh degree=3| :  98%|█████████▊| 6894/7000 [07:21<00:05, 18.70it/s]
loss=0.028| sh degree=3| :  98%|█████████▊| 6894/7000 [07:21<00:05, 18.70it/s]
loss=0.028| sh degree=3| :  99%|█████████▊| 6897/7000 [07:21<00:05, 20.35it/s]
loss=0.042| sh degree=3| :  99%|█████████▊| 6897/7000 [07:21<00:05, 20.35it/s]
loss=0.029| sh degree=3| :  99%|█████████▊| 6897/7000 [07:21<00:05, 20.35it/s]
loss=0.035| sh degree=3| :  99%|█████████▊| 6897/7000 [07:21<00:05, 20.35it/s]
loss=0.035| sh degree=3| :  99%|█████████▊| 6900/7000 [07:21<00:04, 22.35it/s]
loss=0.032| sh degree=3| :  99%|█████████▊| 6900/7000 [07:21<00:04, 22.35it/s]
loss=0.046| sh degree=3| :  99%|█████████▊| 6900/7000 [07:21<00:04, 22.35it/s]
loss=0.040| sh degree=3| :  99%|█████████▊| 6900/7000 [07:21<00:04, 22.35it/s]
loss=0.040| sh degree=3| :  99%|█████████▊| 6903/7000 [07:21<00:04, 22.97it/s]
loss=0.044| sh degree=3| :  99%|█████████▊| 6903/7000 [07:21<00:04, 22.97it/s]
loss=0.030| sh degree=3| :  99%|█████████▊| 6903/7000 [07:21<00:04, 22.97it/s]
loss=0.041| sh degree=3| :  99%|█████████▊| 6903/7000 [07:21<00:04, 22.97it/s]
loss=0.042| sh degree=3| :  99%|█████████▊| 6903/7000 [07:21<00:04, 22.97it/s]
loss=0.042| sh degree=3| :  99%|█████████▊| 6907/7000 [07:21<00:03, 25.83it/s]
loss=0.038| sh degree=3| :  99%|█████████▊| 6907/7000 [07:21<00:03, 25.83it/s]
loss=0.037| sh degree=3| :  99%|█████████▊| 6907/7000 [07:21<00:03, 25.83it/s]
loss=0.044| sh degree=3| :  99%|█████████▊| 6907/7000 [07:21<00:03, 25.83it/s]
loss=0.053| sh degree=3| :  99%|█████████▊| 6907/7000 [07:21<00:03, 25.83it/s]
loss=0.053| sh degree=3| :  99%|█████████▊| 6911/7000 [07:21<00:03, 26.76it/s]
loss=0.029| sh degree=3| :  99%|█████████▊| 6911/7000 [07:21<00:03, 26.76it/s]
loss=0.033| sh degree=3| :  99%|█████████▊| 6911/7000 [07:21<00:03, 26.76it/s]
loss=0.032| sh degree=3| :  99%|█████████▊| 6911/7000 [07:21<00:03, 26.76it/s]
loss=0.032| sh degree=3| :  99%|█████████▉| 6914/7000 [07:21<00:03, 26.94it/s]
loss=0.031| sh degree=3| :  99%|█████████▉| 6914/7000 [07:21<00:03, 26.94it/s]
loss=0.044| sh degree=3| :  99%|█████████▉| 6914/7000 [07:21<00:03, 26.94it/s]
loss=0.031| sh degree=3| :  99%|█████████▉| 6914/7000 [07:22<00:03, 26.94it/s]
loss=0.031| sh degree=3| :  99%|█████████▉| 6917/7000 [07:22<00:03, 24.11it/s]
loss=0.046| sh degree=3| :  99%|█████████▉| 6917/7000 [07:22<00:03, 24.11it/s]
loss=0.041| sh degree=3| :  99%|█████████▉| 6917/7000 [07:22<00:03, 24.11it/s]
loss=0.041| sh degree=3| :  99%|█████████▉| 6917/7000 [07:22<00:03, 24.11it/s]
loss=0.041| sh degree=3| :  99%|█████████▉| 6920/7000 [07:22<00:03, 23.87it/s]
loss=0.046| sh degree=3| :  99%|█████████▉| 6920/7000 [07:22<00:03, 23.87it/s]
loss=0.039| sh degree=3| :  99%|█████████▉| 6920/7000 [07:22<00:03, 23.87it/s]
loss=0.030| sh degree=3| :  99%|█████████▉| 6920/7000 [07:22<00:03, 23.87it/s]
loss=0.030| sh degree=3| :  99%|█████████▉| 6923/7000 [07:22<00:03, 20.88it/s]
loss=0.028| sh degree=3| :  99%|█████████▉| 6923/7000 [07:22<00:03, 20.88it/s]
loss=0.029| sh degree=3| :  99%|█████████▉| 6923/7000 [07:22<00:03, 20.88it/s]
loss=0.040| sh degree=3| :  99%|█████████▉| 6923/7000 [07:22<00:03, 20.88it/s]
loss=0.040| sh degree=3| :  99%|█████████▉| 6926/7000 [07:22<00:03, 18.69it/s]
loss=0.034| sh degree=3| :  99%|█████████▉| 6926/7000 [07:22<00:03, 18.69it/s]
loss=0.043| sh degree=3| :  99%|█████████▉| 6926/7000 [07:22<00:03, 18.69it/s]
loss=0.027| sh degree=3| :  99%|█████████▉| 6926/7000 [07:22<00:03, 18.69it/s]
loss=0.027| sh degree=3| :  99%|█████████▉| 6929/7000 [07:22<00:03, 18.50it/s]
loss=0.039| sh degree=3| :  99%|█████████▉| 6929/7000 [07:22<00:03, 18.50it/s]
loss=0.036| sh degree=3| :  99%|█████████▉| 6929/7000 [07:22<00:03, 18.50it/s]
loss=0.033| sh degree=3| :  99%|█████████▉| 6929/7000 [07:22<00:03, 18.50it/s]
loss=0.033| sh degree=3| :  99%|█████████▉| 6932/7000 [07:22<00:03, 20.63it/s]
loss=0.041| sh degree=3| :  99%|█████████▉| 6932/7000 [07:22<00:03, 20.63it/s]
loss=0.034| sh degree=3| :  99%|█████████▉| 6932/7000 [07:22<00:03, 20.63it/s]
loss=0.026| sh degree=3| :  99%|█████████▉| 6932/7000 [07:22<00:03, 20.63it/s]
loss=0.026| sh degree=3| :  99%|█████████▉| 6935/7000 [07:22<00:02, 22.35it/s]
loss=0.039| sh degree=3| :  99%|█████████▉| 6935/7000 [07:22<00:02, 22.35it/s]
loss=0.042| sh degree=3| :  99%|█████████▉| 6935/7000 [07:23<00:02, 22.35it/s]
loss=0.043| sh degree=3| :  99%|█████████▉| 6935/7000 [07:23<00:02, 22.35it/s]
loss=0.043| sh degree=3| :  99%|█████████▉| 6938/7000 [07:23<00:02, 23.25it/s]
loss=0.085| sh degree=3| :  99%|█████████▉| 6938/7000 [07:23<00:02, 23.25it/s]
loss=0.033| sh degree=3| :  99%|█████████▉| 6938/7000 [07:23<00:02, 23.25it/s]
loss=0.037| sh degree=3| :  99%|█████████▉| 6938/7000 [07:23<00:02, 23.25it/s]
loss=0.037| sh degree=3| :  99%|█████████▉| 6941/7000 [07:23<00:02, 23.84it/s]
loss=0.043| sh degree=3| :  99%|█████████▉| 6941/7000 [07:23<00:02, 23.84it/s]
loss=0.038| sh degree=3| :  99%|█████████▉| 6941/7000 [07:23<00:02, 23.84it/s]
loss=0.034| sh degree=3| :  99%|█████████▉| 6941/7000 [07:23<00:02, 23.84it/s]
loss=0.037| sh degree=3| :  99%|█████████▉| 6941/7000 [07:23<00:02, 23.84it/s]
loss=0.037| sh degree=3| :  99%|█████████▉| 6945/7000 [07:23<00:02, 24.48it/s]
loss=0.036| sh degree=3| :  99%|█████████▉| 6945/7000 [07:23<00:02, 24.48it/s]
loss=0.039| sh degree=3| :  99%|█████████▉| 6945/7000 [07:23<00:02, 24.48it/s]
loss=0.038| sh degree=3| :  99%|█████████▉| 6945/7000 [07:23<00:02, 24.48it/s]
loss=0.038| sh degree=3| :  99%|█████████▉| 6948/7000 [07:23<00:02, 24.35it/s]
loss=0.046| sh degree=3| :  99%|█████████▉| 6948/7000 [07:23<00:02, 24.35it/s]
loss=0.037| sh degree=3| :  99%|█████████▉| 6948/7000 [07:23<00:02, 24.35it/s]
loss=0.034| sh degree=3| :  99%|█████████▉| 6948/7000 [07:23<00:02, 24.35it/s]
loss=0.034| sh degree=3| :  99%|█████████▉| 6951/7000 [07:23<00:02, 23.92it/s]
loss=0.031| sh degree=3| :  99%|█████████▉| 6951/7000 [07:23<00:02, 23.92it/s]
loss=0.037| sh degree=3| :  99%|█████████▉| 6951/7000 [07:23<00:02, 23.92it/s]
loss=0.034| sh degree=3| :  99%|█████████▉| 6951/7000 [07:23<00:02, 23.92it/s]
loss=0.034| sh degree=3| :  99%|█████████▉| 6954/7000 [07:23<00:01, 23.24it/s]
loss=0.043| sh degree=3| :  99%|█████████▉| 6954/7000 [07:23<00:01, 23.24it/s]
loss=0.029| sh degree=3| :  99%|█████████▉| 6954/7000 [07:23<00:01, 23.24it/s]
loss=0.029| sh degree=3| :  99%|█████████▉| 6954/7000 [07:23<00:01, 23.24it/s]
loss=0.029| sh degree=3| :  99%|█████████▉| 6957/7000 [07:23<00:01, 24.27it/s]
loss=0.075| sh degree=3| :  99%|█████████▉| 6957/7000 [07:23<00:01, 24.27it/s]
loss=0.039| sh degree=3| :  99%|█████████▉| 6957/7000 [07:23<00:01, 24.27it/s]
loss=0.027| sh degree=3| :  99%|█████████▉| 6957/7000 [07:23<00:01, 24.27it/s]
loss=0.027| sh degree=3| :  99%|█████████▉| 6960/7000 [07:23<00:01, 23.84it/s]
loss=0.031| sh degree=3| :  99%|█████████▉| 6960/7000 [07:23<00:01, 23.84it/s]
loss=0.041| sh degree=3| :  99%|█████████▉| 6960/7000 [07:24<00:01, 23.84it/s]
loss=0.040| sh degree=3| :  99%|█████████▉| 6960/7000 [07:24<00:01, 23.84it/s]
loss=0.040| sh degree=3| :  99%|█████████▉| 6963/7000 [07:24<00:01, 23.78it/s]
loss=0.043| sh degree=3| :  99%|█████████▉| 6963/7000 [07:24<00:01, 23.78it/s]
loss=0.044| sh degree=3| :  99%|█████████▉| 6963/7000 [07:24<00:01, 23.78it/s]
loss=0.040| sh degree=3| :  99%|█████████▉| 6963/7000 [07:24<00:01, 23.78it/s]
loss=0.040| sh degree=3| : 100%|█████████▉| 6966/7000 [07:24<00:01, 22.65it/s]
loss=0.042| sh degree=3| : 100%|█████████▉| 6966/7000 [07:24<00:01, 22.65it/s]
loss=0.031| sh degree=3| : 100%|█████████▉| 6966/7000 [07:24<00:01, 22.65it/s]
loss=0.041| sh degree=3| : 100%|█████████▉| 6966/7000 [07:24<00:01, 22.65it/s]
loss=0.041| sh degree=3| : 100%|█████████▉| 6969/7000 [07:24<00:01, 20.88it/s]
loss=0.031| sh degree=3| : 100%|█████████▉| 6969/7000 [07:24<00:01, 20.88it/s]
loss=0.048| sh degree=3| : 100%|█████████▉| 6969/7000 [07:24<00:01, 20.88it/s]
loss=0.028| sh degree=3| : 100%|█████████▉| 6969/7000 [07:24<00:01, 20.88it/s]
loss=0.028| sh degree=3| : 100%|█████████▉| 6972/7000 [07:24<00:01, 20.24it/s]
loss=0.033| sh degree=3| : 100%|█████████▉| 6972/7000 [07:24<00:01, 20.24it/s]
loss=0.038| sh degree=3| : 100%|█████████▉| 6972/7000 [07:24<00:01, 20.24it/s]
loss=0.042| sh degree=3| : 100%|█████████▉| 6972/7000 [07:24<00:01, 20.24it/s]
loss=0.042| sh degree=3| : 100%|█████████▉| 6975/7000 [07:24<00:01, 20.01it/s]
loss=0.040| sh degree=3| : 100%|█████████▉| 6975/7000 [07:24<00:01, 20.01it/s]
loss=0.026| sh degree=3| : 100%|█████████▉| 6975/7000 [07:24<00:01, 20.01it/s]
loss=0.026| sh degree=3| : 100%|█████████▉| 6975/7000 [07:24<00:01, 20.01it/s]
loss=0.026| sh degree=3| : 100%|█████████▉| 6978/7000 [07:24<00:01, 20.30it/s]
loss=0.042| sh degree=3| : 100%|█████████▉| 6978/7000 [07:24<00:01, 20.30it/s]
loss=0.031| sh degree=3| : 100%|█████████▉| 6978/7000 [07:24<00:01, 20.30it/s]
loss=0.026| sh degree=3| : 100%|█████████▉| 6978/7000 [07:24<00:01, 20.30it/s]
loss=0.026| sh degree=3| : 100%|█████████▉| 6981/7000 [07:25<00:00, 20.03it/s]
loss=0.035| sh degree=3| : 100%|█████████▉| 6981/7000 [07:25<00:00, 20.03it/s]
loss=0.026| sh degree=3| : 100%|█████████▉| 6981/7000 [07:25<00:00, 20.03it/s]
loss=0.049| sh degree=3| : 100%|█████████▉| 6981/7000 [07:25<00:00, 20.03it/s]
loss=0.049| sh degree=3| : 100%|█████████▉| 6984/7000 [07:25<00:00, 20.43it/s]
loss=0.052| sh degree=3| : 100%|█████████▉| 6984/7000 [07:25<00:00, 20.43it/s]
loss=0.030| sh degree=3| : 100%|█████████▉| 6984/7000 [07:25<00:00, 20.43it/s]
loss=0.040| sh degree=3| : 100%|█████████▉| 6984/7000 [07:25<00:00, 20.43it/s]
loss=0.040| sh degree=3| : 100%|█████████▉| 6987/7000 [07:25<00:00, 21.22it/s]
loss=0.039| sh degree=3| : 100%|█████████▉| 6987/7000 [07:25<00:00, 21.22it/s]
loss=0.053| sh degree=3| : 100%|█████████▉| 6987/7000 [07:25<00:00, 21.22it/s]
loss=0.041| sh degree=3| : 100%|█████████▉| 6987/7000 [07:25<00:00, 21.22it/s]
loss=0.041| sh degree=3| : 100%|█████████▉| 6990/7000 [07:25<00:00, 20.70it/s]
loss=0.037| sh degree=3| : 100%|█████████▉| 6990/7000 [07:25<00:00, 20.70it/s]
loss=0.040| sh degree=3| : 100%|█████████▉| 6990/7000 [07:25<00:00, 20.70it/s]
loss=0.036| sh degree=3| : 100%|█████████▉| 6990/7000 [07:25<00:00, 20.70it/s]
loss=0.036| sh degree=3| : 100%|█████████▉| 6993/7000 [07:25<00:00, 21.18it/s]
loss=0.027| sh degree=3| : 100%|█████████▉| 6993/7000 [07:25<00:00, 21.18it/s]
loss=0.041| sh degree=3| : 100%|█████████▉| 6993/7000 [07:25<00:00, 21.18it/s]
loss=0.028| sh degree=3| : 100%|█████████▉| 6993/7000 [07:25<00:00, 21.18it/s]
loss=0.028| sh degree=3| : 100%|█████████▉| 6996/7000 [07:25<00:00, 18.97it/s]
loss=0.044| sh degree=3| : 100%|█████████▉| 6996/7000 [07:25<00:00, 18.97it/s]
loss=0.049| sh degree=3| : 100%|█████████▉| 6996/7000 [07:25<00:00, 18.97it/s]
loss=0.037| sh degree=3| : 100%|█████████▉| 6996/7000 [07:25<00:00, 18.97it/s]
loss=0.033| sh degree=3| : 100%|█████████▉| 6996/7000 [07:25<00:00, 18.97it/s]Step 600: 2912 GSs duplicated, 1308 GSs split. Now having 60566 GSs.
Step 600: 1251 GSs pruned. Now having 59315 GSs.
Step 700: 6381 GSs duplicated, 2261 GSs split. Now having 67957 GSs.
Step 700: 227 GSs pruned. Now having 67730 GSs.
Step 800: 8516 GSs duplicated, 2547 GSs split. Now having 78793 GSs.
Step 800: 161 GSs pruned. Now having 78632 GSs.
Step 900: 9669 GSs duplicated, 2592 GSs split. Now having 90893 GSs.
Step 900: 138 GSs pruned. Now having 90755 GSs.
Step 1000: 10500 GSs duplicated, 2408 GSs split. Now having 103663 GSs.
Step 1000: 107 GSs pruned. Now having 103556 GSs.
Step 1100: 10534 GSs duplicated, 2233 GSs split. Now having 116323 GSs.
Step 1100: 145 GSs pruned. Now having 116178 GSs.
Step 1200: 13504 GSs duplicated, 2070 GSs split. Now having 131752 GSs.
Step 1200: 144 GSs pruned. Now having 131608 GSs.
Step 1300: 14081 GSs duplicated, 1900 GSs split. Now having 147589 GSs.
Step 1300: 181 GSs pruned. Now having 147408 GSs.
Step 1400: 12609 GSs duplicated, 1623 GSs split. Now having 161640 GSs.
Step 1400: 230 GSs pruned. Now having 161410 GSs.
Step 1500: 14947 GSs duplicated, 1523 GSs split. Now having 177880 GSs.
Step 1500: 223 GSs pruned. Now having 177657 GSs.
Step 1600: 14448 GSs duplicated, 1357 GSs split. Now having 193462 GSs.
Step 1600: 251 GSs pruned. Now having 193211 GSs.
Step 1700: 14368 GSs duplicated, 1443 GSs split. Now having 209022 GSs.
Step 1700: 322 GSs pruned. Now having 208700 GSs.
Step 1800: 12421 GSs duplicated, 1112 GSs split. Now having 222233 GSs.
Step 1800: 372 GSs pruned. Now having 221861 GSs.
Step 1900: 13924 GSs duplicated, 1129 GSs split. Now having 236914 GSs.
Step 1900: 302 GSs pruned. Now having 236612 GSs.
Step 2000: 14081 GSs duplicated, 1111 GSs split. Now having 251804 GSs.
Step 2000: 374 GSs pruned. Now having 251430 GSs.
Step 2100: 13262 GSs duplicated, 964 GSs split. Now having 265656 GSs.
Step 2100: 428 GSs pruned. Now having 265228 GSs.
Step 2200: 13499 GSs duplicated, 1031 GSs split. Now having 279758 GSs.
Step 2200: 374 GSs pruned. Now having 279384 GSs.
Step 2300: 13655 GSs duplicated, 924 GSs split. Now having 293963 GSs.
Step 2300: 349 GSs pruned. Now having 293614 GSs.
Step 2400: 13827 GSs duplicated, 959 GSs split. Now having 308400 GSs.
Step 2400: 315 GSs pruned. Now having 308085 GSs.
Step 2500: 12044 GSs duplicated, 790 GSs split. Now having 320919 GSs.
Step 2500: 410 GSs pruned. Now having 320509 GSs.
Step 2600: 12803 GSs duplicated, 841 GSs split. Now having 334153 GSs.
Step 2600: 409 GSs pruned. Now having 333744 GSs.
Step 2700: 12276 GSs duplicated, 880 GSs split. Now having 346900 GSs.
Step 2700: 423 GSs pruned. Now having 346477 GSs.
Step 2800: 14240 GSs duplicated, 889 GSs split. Now having 361606 GSs.
Step 2800: 406 GSs pruned. Now having 361200 GSs.
Step 2900: 12588 GSs duplicated, 834 GSs split. Now having 374622 GSs.
Step 2900: 521 GSs pruned. Now having 374101 GSs.
Step 3000: 12673 GSs duplicated, 777 GSs split. Now having 387551 GSs.
Step 3000: 457 GSs pruned. Now having 387094 GSs.
Step 3100: 11400 GSs duplicated, 706 GSs split. Now having 399200 GSs.
Step 3100: 3304 GSs pruned. Now having 395896 GSs.
Step 3200: 11242 GSs duplicated, 1447 GSs split. Now having 408585 GSs.
Step 3200: 841 GSs pruned. Now having 407744 GSs.
Step 3300: 11080 GSs duplicated, 1330 GSs split. Now having 420154 GSs.
Step 3300: 814 GSs pruned. Now having 419340 GSs.
Step 3400: 13214 GSs duplicated, 1308 GSs split. Now having 433862 GSs.
Step 3400: 782 GSs pruned. Now having 433080 GSs.
Step 3500: 9676 GSs duplicated, 1132 GSs split. Now having 443888 GSs.
Step 3500: 751 GSs pruned. Now having 443137 GSs.
Step 3600: 10067 GSs duplicated, 1054 GSs split. Now having 454258 GSs.
Step 3600: 762 GSs pruned. Now having 453496 GSs.
Step 3700: 11265 GSs duplicated, 1118 GSs split. Now having 465879 GSs.
Step 3700: 806 GSs pruned. Now having 465073 GSs.
Step 3800: 9940 GSs duplicated, 1128 GSs split. Now having 476141 GSs.
Step 3800: 809 GSs pruned. Now having 475332 GSs.
Step 3900: 9872 GSs duplicated, 952 GSs split. Now having 486156 GSs.
Step 3900: 857 GSs pruned. Now having 485299 GSs.
Step 4000: 10789 GSs duplicated, 1118 GSs split. Now having 497206 GSs.
Step 4000: 792 GSs pruned. Now having 496414 GSs.
Step 4100: 9740 GSs duplicated, 937 GSs split. Now having 507091 GSs.
Step 4100: 879 GSs pruned. Now having 506212 GSs.
Step 4200: 8454 GSs duplicated, 807 GSs split. Now having 515473 GSs.
Step 4200: 837 GSs pruned. Now having 514636 GSs.
Step 4300: 9525 GSs duplicated, 815 GSs split. Now having 524976 GSs.
Step 4300: 853 GSs pruned. Now having 524123 GSs.
Step 4400: 7543 GSs duplicated, 737 GSs split. Now having 532403 GSs.
Step 4400: 894 GSs pruned. Now having 531509 GSs.
Step 4500: 12034 GSs duplicated, 992 GSs split. Now having 544535 GSs.
Step 4500: 852 GSs pruned. Now having 543683 GSs.
Step 4600: 7321 GSs duplicated, 669 GSs split. Now having 551673 GSs.
Step 4600: 1014 GSs pruned. Now having 550659 GSs.
Step 4700: 8163 GSs duplicated, 690 GSs split. Now having 559512 GSs.
Step 4700: 1020 GSs pruned. Now having 558492 GSs.
Step 4800: 8800 GSs duplicated, 713 GSs split. Now having 568005 GSs.
Step 4800: 785 GSs pruned. Now having 567220 GSs.
Step 4900: 9032 GSs duplicated, 621 GSs split. Now having 576873 GSs.
Step 4900: 1116 GSs pruned. Now having 575757 GSs.
Step 5000: 6818 GSs duplicated, 661 GSs split. Now having 583236 GSs.
Step 5000: 1091 GSs pruned. Now having 582145 GSs.
Step 5100: 8190 GSs duplicated, 803 GSs split. Now having 591138 GSs.
Step 5100: 920 GSs pruned. Now having 590218 GSs.
Step 5200: 6339 GSs duplicated, 629 GSs split. Now having 597186 GSs.
Step 5200: 980 GSs pruned. Now having 596206 GSs.
Step 5300: 6619 GSs duplicated, 518 GSs split. Now having 603343 GSs.
Step 5300: 875 GSs pruned. Now having 602468 GSs.
Step 5400: 7510 GSs duplicated, 548 GSs split. Now having 610526 GSs.
Step 5400: 976 GSs pruned. Now having 609550 GSs.
Step 5500: 5453 GSs duplicated, 431 GSs split. Now having 615434 GSs.
Step 5500: 1002 GSs pruned. Now having 614432 GSs.
Step 5600: 7577 GSs duplicated, 594 GSs split. Now having 622603 GSs.
Step 5600: 992 GSs pruned. Now having 621611 GSs.
Step 5700: 5887 GSs duplicated, 536 GSs split. Now having 628034 GSs.
Step 5700: 1058 GSs pruned. Now having 626976 GSs.
Step 5800: 7884 GSs duplicated, 606 GSs split. Now having 635466 GSs.
Step 5800: 924 GSs pruned. Now having 634542 GSs.
Step 5900: 6620 GSs duplicated, 536 GSs split. Now having 641698 GSs.
Step 5900: 1229 GSs pruned. Now having 640469 GSs.
Step 6000: 5961 GSs duplicated, 506 GSs split. Now having 646936 GSs.
Step 6000: 1029 GSs pruned. Now having 645907 GSs.
Step 6100: 4551 GSs duplicated, 343 GSs split. Now having 650801 GSs.
Step 6100: 1098 GSs pruned. Now having 649703 GSs.
Step 6200: 5534 GSs duplicated, 426 GSs split. Now having 655663 GSs.
Step 6200: 1083 GSs pruned. Now having 654580 GSs.
Step 6300: 4704 GSs duplicated, 408 GSs split. Now having 659692 GSs.
Step 6300: 1099 GSs pruned. Now having 658593 GSs.
Step 6400: 5272 GSs duplicated, 473 GSs split. Now having 664338 GSs.
Step 6400: 1067 GSs pruned. Now having 663271 GSs.
Step 6500: 5616 GSs duplicated, 445 GSs split. Now having 669332 GSs.
Step 6500: 1190 GSs pruned. Now having 668142 GSs.
Step 6600: 5573 GSs duplicated, 609 GSs split. Now having 674324 GSs.
Step 6600: 955 GSs pruned. Now having 673369 GSs.
Step 6700: 4083 GSs duplicated, 462 GSs split. Now having 677914 GSs.
Step 6700: 1157 GSs pruned. Now having 676757 GSs.
Step 6800: 6408 GSs duplicated, 452 GSs split. Now having 683617 GSs.
Step 6800: 969 GSs pruned. Now having 682648 GSs.
Step 6900: 4413 GSs duplicated, 400 GSs split. Now having 687461 GSs.
Step 6900: 1101 GSs pruned. Now having 686360 GSs.
Step:  6999 {'mem': 1.0933380126953125, 'ellipse_time': 445.87962913513184, 'num_GS': 686360}
Running evaluation...

loss=0.033| sh degree=3| : 100%|█████████▉| 6996/7000 [07:36<00:00, 18.97it/s]
loss=0.033| sh degree=3| : 100%|█████████▉| 6999/7000 [08:09<00:00, 14.30it/s]
PSNR: 24.662, SSIM: 0.9056, LPIPS: 0.203 Time: 0.008s/image Number of GS: 686360
Running trajectory rendering...
Traceback (most recent call last):
  File "/root/gsplat_src/examples/simple_trainer.py", line 1261, in <module>
    cli(main, cfg, verbose=True)
  File "/opt/conda/lib/python3.11/site-packages/gsplat/distributed.py", line 360, in cli
    return _distributed_worker(0, 1, fn=fn, args=args)
           ^^^^^^^^^^^^^^^^^^^^^^^^^^^^^^^^^^^^^^^^^^^
  File "/opt/conda/lib/python3.11/site-packages/gsplat/distributed.py", line 295, in _distributed_worker
    fn(local_rank, world_rank, world_size, args)
  File "/root/gsplat_src/examples/simple_trainer.py", line 1183, in main
    runner.train()
  File "/root/gsplat_src/examples/simple_trainer.py", line 886, in train
    self.render_traj(step)
  File "/opt/conda/lib/python3.11/site-packages/torch/utils/_contextlib.py", line 116, in decorate_context
    return func(*args, **kwargs)
           ^^^^^^^^^^^^^^^^^^^^^
  File "/root/gsplat_src/examples/simple_trainer.py", line 1007, in render_traj
    camtoworlds_all = generate_interpolated_path(
                      ^^^^^^^^^^^^^^^^^^^^^^^^^^^
  File "/root/gsplat_src/examples/datasets/traj.py", line 251, in generate_interpolated_path
    new_points = interp(
                 ^^^^^^^
  File "/root/gsplat_src/examples/datasets/traj.py", line 244, in interp
    tck, _ = scipy.interpolate.splprep(pts.T, k=k, s=s)
             ^^^^^^^^^^^^^^^^^^^^^^^^^^^^^^^^^^^^^^^^^^
  File "/opt/conda/lib/python3.11/site-packages/scipy/interpolate/_fitpack_py.py", line 161, in splprep
    res = _impl.splprep(x, w, u, ub, ue, k, task, s, t, full_output, nest, per,
          ^^^^^^^^^^^^^^^^^^^^^^^^^^^^^^^^^^^^^^^^^^^^^^^^^^^^^^^^^^^^^^^^^^^^^
  File "/opt/conda/lib/python3.11/site-packages/scipy/interpolate/_fitpack_impl.py", line 178, in splprep
    t, c, o = _fitpack._parcur(ravel(transpose(x)), w, u, ub, ue, k,
              ^^^^^^^^^^^^^^^^^^^^^^^^^^^^^^^^^^^^^^^^^^^^^^^^^^^^^^
ValueError: Invalid inputs.
Traceback (most recent call last):
  File "/pkg/modal/_runtime/container_io_manager.py", line 977, in handle_input_exception
    yield
  File "/pkg/modal/_container_entrypoint.py", line 187, in run_input_sync
    values = io_context.call_function_sync()
             ^^^^^^^^^^^^^^^^^^^^^^^^^^^^^^^
  File "/pkg/modal/_runtime/container_io_manager.py", line 265, in call_function_sync
    expected_value_or_values = self.finalized_function.callable(*args, **kwargs)
                               ^^^^^^^^^^^^^^^^^^^^^^^^^^^^^^^^^^^^^^^^^^^^^^^^^
  File "/root/run_gsplat_train.py", line 104, in train_gsplat
    _stream_run([
  File "/root/run_gsplat_train.py", line 63, in _stream_run
    raise RuntimeError(f"command failed with exit code {proc.returncode}: "
RuntimeError: command failed with exit code 1: python examples/simple_trainer.py default --data_dir /tmp/gsplat_data --data_factor 1 --result_dir /tmp/gsplat_result --max_steps 7000 --disable_viewer
Stopping app - uncaught exception raised locally: RuntimeError('command failed with exit code 1: python examples/simple_trainer.py default --data_dir /tmp/gsplat_data --data_factor 1 --result_dir /tmp/gsplat_result --max_steps 7000 --disable_viewer').
╭──────────────────── Traceback (most recent call last) ─────────────────────╮
│ /Users/ryanabraham/Downloads/vgrep3d_extracted/modal/run_gsplat_train.py:1 │
│ 31 in main                                                                 │
│                                                                            │
│   130 def main(scene: str = "driving_test", max_steps: int = 7000, data_fa │
│ ❱ 131 │   result = train_gsplat.remote(scene=scene, max_steps=max_steps, d │
│   132 │   print(f"\nDone: {result['n_checkpoints']} checkpoint(s) at {resu │
│                                                                            │
│ /Library/Frameworks/Python.framework/Versions/3.14/lib/python3.14/site-pac │
│ kages/modal/_object.py:46 in wrapped                                       │
│                                                                            │
│    45 │   │   await self.hydrate()                                         │
│ ❱  46 │   │   return await method(self, *args, **kwargs)                   │
│    47                                                                      │
│                                                                            │
│ /Library/Frameworks/Python.framework/Versions/3.14/lib/python3.14/site-pac │
│ kages/modal/_functions.py:1841 in remote                                   │
│                                                                            │
│   1840 │   │                                                               │
│ ❱ 1841 │   │   return await self._call_function(args, kwargs)              │
│   1842                                                                     │
│                                                                            │
│ /Library/Frameworks/Python.framework/Versions/3.14/lib/python3.14/site-pac │
│ kages/modal/_functions.py:1778 in _call_function                           │
│                                                                            │
│   1777 │   │                                                               │
│ ❱ 1778 │   │   return await invocation.run_function()                      │
│   1779                                                                     │
│                                                                            │
│ /Library/Frameworks/Python.framework/Versions/3.14/lib/python3.14/site-pac │
│ kages/modal/_functions.py:502 in run_function                              │
│                                                                            │
│    501 │   │   │   # No more retries left.                                 │
│ ❱  502 │   │   │   return await _process_result(                           │
│    503 │   │   │   │   await_response.output.result, await_response.output │
│                                                                            │
│ /Library/Frameworks/Python.framework/Versions/3.14/lib/python3.14/site-pac │
│ kages/modal/_utils/function_utils.py:572 in _process_result                │
│                                                                            │
│   571 │   │   │                                                            │
│ ❱ 572 │   │   │   raise exc_with_hints(exc)                                │
│   573                                                                      │
│                                                                            │
│    ...Remote call to Modal Function (ta-01M0KDRG1BTAPHZDW8AS3Y8A9R)...     │
│                                                                            │
│ /root/run_gsplat_train.py:104 in train_gsplat                              │
│                                                                            │
│ ❱ 104 _stream_run([                                                        │
│                                                                            │
│                                                                            │
│ /root/run_gsplat_train.py:63 in _stream_run                                │
│                                                                            │
│ ❱ 63 raise RuntimeError(f"command failed with exit code {proc.returncode}: │
│                                                                            │
╰────────────────────────────────────────────────────────────────────────────╯
RuntimeError: command failed with exit code 1: python 
examples/simple_trainer.py default --data_dir /tmp/gsplat_data --data_factor 1
--result_dir /tmp/gsplat_result --max_steps 7000 --disable_viewer
