✓ Initialized. View run at 
https://modal.com/apps/ryanabraham1738/main/ap-UT0ACqefnY2exXMnXM3sTP
Building image im-pjeB3EhbH3ZhY0NpvEDN23

=> Step 0: FROM pytorch/pytorch:2.5.1-cuda12.4-cudnn9-devel
Getting image source signatures
Copying blob sha256:0a7674e3e8fe69dcd7f1424fa29aa033b32c42269aab46cbe9818f8dd7154754
Copying blob sha256:3093b7e1cc2f912db0ec863fa18f5d2028788b117e23eb2fe00eca1643e80866
Copying blob sha256:83525caeeb359731f869f1ee87a32acdfdd5efb8af4cab06d8f4fdcf1f317daa
Copying blob sha256:b71b637b97c5efb435b9965058ad414f07afa99d320cf05e89f10441ec1becf4
Copying blob sha256:47b8539d532f561cac6d7fb8ee2f46c902b66e4a60b103d19701829742a0d11e
Copying blob sha256:312a542960e3345001fc709156a5139ff8a1d8cc21a51a50f83e87ec2982f579
Copying blob sha256:8e79813a7b9d5784bb880ca2909887465549de5183411b24f6de72fab0802bcd
Copying blob sha256:e725174e3835274f0ea48614a92b13f5fffdb013e06b70ed281cee26de7d3906
Copying blob sha256:0acb777129a5e617c9f5e5d30f1b150f0e256c2acb33e957e4cdd94aa2442433
Copying blob sha256:4f4fb700ef54461cfa02571ae0db9a0dc1e0cdb5577484a6d75e68dc38e8acc1
Copying blob sha256:56dc8550293751a1604e97ac949cfae82ba20cb2a28e034737bafd7382559609
Copying blob sha256:fd9cc1ad8dee47ca559003714d462f4eb79cb6315a2708927c240b84d022b55f
Copying blob sha256:7021d1b70935851c95c45ed18156980b5024eda29b99564429025ea04f5ec109
Copying blob sha256:ec6d5f6c9ed94d2ee2eeaf048d90242af638325f57696909f1737b3158d838cf
Copying blob sha256:0d6448aff88945ea46a37cfe4330bdb0ada228268b80da6258a0fec63086f404
Copying config sha256:ac147d404df074b12e2458448f7aa0895bca77824792e1fc2eeddacc9a5ac095
Writing manifest to image destination
Unpacking OCI image
   • unpacking rootfs ...     
   • ... done                 
   • unpacked image rootfs: /tmp/task-data/ta-01M0KCWHVC945WA31V6BG3E0EB/registry-unpack7HEtbG
Copied image in 5.26s
Saving image...
Image saved, took 4.98s

Built image im-pjeB3EhbH3ZhY0NpvEDN23 in 110.79s


Building image im-9NDimjoDqwSPCyue3weF2j

=> Step 0: FROM base

=> Step 1: RUN apt-get update
Get:1 http://archive.ubuntu.com/ubuntu jammy InRelease [270 kB]
Get:2 http://security.ubuntu.com/ubuntu jammy-security InRelease [129 kB]
Get:3 http://archive.ubuntu.com/ubuntu jammy-updates InRelease [128 kB]
Get:4 https://developer.download.nvidia.com/compute/cuda/repos/ubuntu2204/x86_64  InRelease [1578 B]
Get:5 http://archive.ubuntu.com/ubuntu jammy-backports InRelease [127 kB]
Get:6 http://archive.ubuntu.com/ubuntu jammy/restricted amd64 Packages [164 kB]
Get:7 http://archive.ubuntu.com/ubuntu jammy/main amd64 Packages [1792 kB]
Get:8 http://archive.ubuntu.com/ubuntu jammy/multiverse amd64 Packages [266 kB]
Get:9 http://archive.ubuntu.com/ubuntu jammy/universe amd64 Packages [17.5 MB]
Get:10 http://security.ubuntu.com/ubuntu jammy-security/main amd64 Packages [4238 kB]
Get:11 http://security.ubuntu.com/ubuntu jammy-security/restricted amd64 Packages [7634 kB]
Get:12 http://security.ubuntu.com/ubuntu jammy-security/universe amd64 Packages [1315 kB]
Get:13 http://security.ubuntu.com/ubuntu jammy-security/multiverse amd64 Packages [84.1 kB]
Get:14 http://archive.ubuntu.com/ubuntu jammy-updates/main amd64 Packages [4584 kB]
Get:15 http://archive.ubuntu.com/ubuntu jammy-updates/multiverse amd64 Packages [92.7 kB]
Get:16 http://archive.ubuntu.com/ubuntu jammy-updates/universe amd64 Packages [1619 kB]
Get:17 http://archive.ubuntu.com/ubuntu jammy-updates/restricted amd64 Packages [7948 kB]
Get:18 https://developer.download.nvidia.com/compute/cuda/repos/ubuntu2204/x86_64  Packages [2908 kB]
Get:19 http://archive.ubuntu.com/ubuntu jammy-backports/universe amd64 Packages [35.6 kB]
Get:20 http://archive.ubuntu.com/ubuntu jammy-backports/main amd64 Packages [82.8 kB]
Fetched 50.9 MB in 2s (22.9 MB/s)
Reading package lists...

=> Step 2: RUN apt-get install -y git ffmpeg libgl1-mesa-glx libglib2.0-0
Reading package lists...
Building dependency tree...
Reading state information...
The following additional packages will be installed:
  alsa-topology-conf alsa-ucm-conf dbus fontconfig fontconfig-config
  fonts-dejavu-core gcc-12-base git-man i965-va-driver intel-media-va-driver
  less libaacs0 libaom3 libapparmor1 libasound2 libasound2-data libass9
  libasyncns0 libatomic1 libavc1394-0 libavcodec58 libavdevice58 libavfilter7
  libavformat58 libavutil56 libbdplus0 libblas3 libbluray2 libbrotli1 libbs2b0
  libbsd0 libcaca0 libcairo-gobject2 libcairo2 libcbor0.8 libcc1-0
  libcdio-cdda2 libcdio-paranoia2 libcdio19 libchromaprint1 libcodec2-1.0
  libcurl3-gnutls libdatrie1 libdav1d5 libdbus-1-3 libdc1394-25 libdecor-0-0
  libdecor-0-plugin-1-cairo libdeflate0 libdrm-amdgpu1 libdrm-common
  libdrm-intel1 libdrm-nouveau2 libdrm-radeon1 libdrm2 libedit2 libelf1
  liberror-perl libexpat1 libfido2-1 libflac8 libflite1 libfontconfig1
  libfreetype6 libfribidi0 libgbm1 libgcc-s1 libgdk-pixbuf-2.0-0
  libgdk-pixbuf2.0-bin libgdk-pixbuf2.0-common libgfortran5 libgl1
  libgl1-amber-dri libgl1-mesa-dri libglapi-mesa libglib2.0-data libglvnd0
  libglx-mesa0 libglx0 libgme0 libgomp1 libgraphite2-3 libgsm1 libharfbuzz0b
  libicu70 libiec61883-0 libigdgmm12 libitm1 libjack-jackd2-0 libjbig0
  liblapack3 liblilv-0-0 libllvm15 liblsan0 libmd0 libmfx1 libmp3lame0
  libmpg123-0 libmysofa1 libnghttp2-14 libnorm1 libnuma1 libogg0
  libopenal-data libopenal1 libopenjp2-7 libopenmpt0 libopus0 libpango-1.0-0
  libpangocairo-1.0-0 libpangoft2-1.0-0 libpciaccess0 libpgm-5.3-0
  libpixman-1-0 libpocketsphinx3 libpostproc55 libpsl5 libpulse0 libquadmath0
  librabbitmq4 libraw1394-11 librsvg2-2 librsvg2-common librtmp1
  librubberband2 libsamplerate0 libsdl2-2.0-0 libsensors-config libsensors5
  libserd-0-0 libshine3 libslang2 libsnappy1v5 libsndfile1 libsndio7.0
  libsodium23 libsord-0-0 libsoxr0 libspeex1 libsphinxbase3 libsratom-0-0
  libsrt1.4-gnutls libssh-4 libssh-gcrypt-4 libstdc++6 libswresample3
  libswscale5 libthai-data libthai0 libtheora0 libtiff5 libtwolame0 libubsan1
  libudfread0 libusb-1.0-0 libva-drm2 libva-x11-2 libva2 libvdpau1
  libvidstab1.1 libvorbis0a libvorbisenc2 libvorbisfile3 libvpx7
  libwayland-client0 libwayland-cursor0 libwayland-egl1 libwayland-server0
  libwebp7 libwebpmux3 libx11-6 libx11-data libx11-xcb1 libx264-163
  libx265-199 libxau6 libxcb-dri2-0 libxcb-dri3-0 libxcb-glx0 libxcb-present0
  libxcb-randr0 libxcb-render0 libxcb-shape0 libxcb-shm0 libxcb-sync1
  libxcb-xfixes0 libxcb1 libxcursor1 libxdmcp6 libxext6 libxfixes3 libxi6
  libxinerama1 libxkbcommon0 libxml2 libxmuu1 libxrandr2 libxrender1
  libxshmfence1 libxss1 libxv1 libxvidcore4 libxxf86vm1 libzimg2 libzmq5
  libzvbi-common libzvbi0 mesa-va-drivers mesa-vdpau-drivers
  ocl-icd-libopencl1 openssh-client pocketsphinx-en-us publicsuffix
  shared-mime-info ucf va-driver-all vdpau-driver-all x11-common xauth
  xdg-user-dirs xkb-data
Suggested packages:
  default-dbus-session-bus | dbus-session-bus ffmpeg-doc gettext-base
  git-daemon-run | git-daemon-sysvinit git-doc git-email git-gui gitk gitweb
  git-cvs git-mediawiki git-svn i965-va-driver-shaders libasound2-plugins
  alsa-utils libcuda1 libnvcuvid1 libnvidia-encode1 libbluray-bdj jackd2
  libportaudio2 opus-tools pciutils pulseaudio libraw1394-doc librsvg2-bin
  xdg-utils lm-sensors serdi sndiod sordi speex opencl-icd keychain libpam-ssh
  monkeysphere ssh-askpass libvdpau-va-gl1
The following NEW packages will be installed:
  alsa-topology-conf alsa-ucm-conf dbus ffmpeg fontconfig fontconfig-config
  fonts-dejavu-core git git-man i965-va-driver intel-media-va-driver less
  libaacs0 libaom3 libapparmor1 libasound2 libasound2-data libass9 libasyncns0
  libavc1394-0 libavcodec58 libavdevice58 libavfilter7 libavformat58
  libavutil56 libbdplus0 libblas3 libbluray2 libbrotli1 libbs2b0 libbsd0
  libcaca0 libcairo-gobject2 libcairo2 libcbor0.8 libcdio-cdda2
  libcdio-paranoia2 libcdio19 libchromaprint1 libcodec2-1.0 libcurl3-gnutls
  libdatrie1 libdav1d5 libdbus-1-3 libdc1394-25 libdecor-0-0
  libdecor-0-plugin-1-cairo libdeflate0 libdrm-amdgpu1 libdrm-common
  libdrm-intel1 libdrm-nouveau2 libdrm-radeon1 libdrm2 libedit2 libelf1
  liberror-perl libexpat1 libfido2-1 libflac8 libflite1 libfontconfig1
  libfreetype6 libfribidi0 libgbm1 libgdk-pixbuf-2.0-0 libgdk-pixbuf2.0-bin
  libgdk-pixbuf2.0-common libgfortran5 libgl1 libgl1-amber-dri libgl1-mesa-dri
  libgl1-mesa-glx libglapi-mesa libglib2.0-0 libglib2.0-data libglvnd0
  libglx-mesa0 libglx0 libgme0 libgraphite2-3 libgsm1 libharfbuzz0b libicu70
  libiec61883-0 libigdgmm12 libjack-jackd2-0 libjbig0 liblapack3 liblilv-0-0
  libllvm15 libmd0 libmfx1 libmp3lame0 libmpg123-0 libmysofa1 libnghttp2-14
  libnorm1 libnuma1 libogg0 libopenal-data libopenal1 libopenjp2-7 libopenmpt0
  libopus0 libpango-1.0-0 libpangocairo-1.0-0 libpangoft2-1.0-0 libpciaccess0
  libpgm-5.3-0 libpixman-1-0 libpocketsphinx3 libpostproc55 libpsl5 libpulse0
  librabbitmq4 libraw1394-11 librsvg2-2 librsvg2-common librtmp1
  librubberband2 libsamplerate0 libsdl2-2.0-0 libsensors-config libsensors5
  libserd-0-0 libshine3 libslang2 libsnappy1v5 libsndfile1 libsndio7.0
  libsodium23 libsord-0-0 libsoxr0 libspeex1 libsphinxbase3 libsratom-0-0
  libsrt1.4-gnutls libssh-4 libssh-gcrypt-4 libswresample3 libswscale5
  libthai-data libthai0 libtheora0 libtiff5 libtwolame0 libudfread0
  libusb-1.0-0 libva-drm2 libva-x11-2 libva2 libvdpau1 libvidstab1.1
  libvorbis0a libvorbisenc2 libvorbisfile3 libvpx7 libwayland-client0
  libwayland-cursor0 libwayland-egl1 libwayland-server0 libwebp7 libwebpmux3
  libx11-6 libx11-data libx11-xcb1 libx264-163 libx265-199 libxau6
  libxcb-dri2-0 libxcb-dri3-0 libxcb-glx0 libxcb-present0 libxcb-randr0
  libxcb-render0 libxcb-shape0 libxcb-shm0 libxcb-sync1 libxcb-xfixes0 libxcb1
  libxcursor1 libxdmcp6 libxext6 libxfixes3 libxi6 libxinerama1 libxkbcommon0
  libxml2 libxmuu1 libxrandr2 libxrender1 libxshmfence1 libxss1 libxv1
  libxvidcore4 libxxf86vm1 libzimg2 libzmq5 libzvbi-common libzvbi0
  mesa-va-drivers mesa-vdpau-drivers ocl-icd-libopencl1 openssh-client
  pocketsphinx-en-us publicsuffix shared-mime-info ucf va-driver-all
  vdpau-driver-all x11-common xauth xdg-user-dirs xkb-data
The following packages will be upgraded:
  gcc-12-base libatomic1 libcc1-0 libgcc-s1 libgomp1 libitm1 liblsan0
  libquadmath0 libstdc++6 libubsan1
10 upgraded, 215 newly installed, 0 to remove and 91 not upgraded.
Need to get 166 MB of archives.
After this operation, 521 MB of additional disk space will be used.
Get:1 http://archive.ubuntu.com/ubuntu jammy-updates/main amd64 libatomic1 amd64 12.3.0-1ubuntu1~22.04.3 [10.5 kB]
Get:2 http://archive.ubuntu.com/ubuntu jammy-updates/main amd64 libubsan1 amd64 12.3.0-1ubuntu1~22.04.3 [976 kB]
Get:3 http://archive.ubuntu.com/ubuntu jammy-updates/main amd64 gcc-12-base amd64 12.3.0-1ubuntu1~22.04.3 [216 kB]
Get:4 http://archive.ubuntu.com/ubuntu jammy-updates/main amd64 libstdc++6 amd64 12.3.0-1ubuntu1~22.04.3 [699 kB]
Get:5 http://archive.ubuntu.com/ubuntu jammy-updates/main amd64 libquadmath0 amd64 12.3.0-1ubuntu1~22.04.3 [154 kB]
Get:6 http://archive.ubuntu.com/ubuntu jammy-updates/main amd64 liblsan0 amd64 12.3.0-1ubuntu1~22.04.3 [1069 kB]
Get:7 http://archive.ubuntu.com/ubuntu jammy-updates/main amd64 libitm1 amd64 12.3.0-1ubuntu1~22.04.3 [30.2 kB]
Get:8 http://archive.ubuntu.com/ubuntu jammy-updates/main amd64 libgomp1 amd64 12.3.0-1ubuntu1~22.04.3 [127 kB]
Get:9 http://archive.ubuntu.com/ubuntu jammy-updates/main amd64 libcc1-0 amd64 12.3.0-1ubuntu1~22.04.3 [48.3 kB]
Get:10 http://archive.ubuntu.com/ubuntu jammy-updates/main amd64 libgcc-s1 amd64 12.3.0-1ubuntu1~22.04.3 [53.9 kB]
Get:11 http://archive.ubuntu.com/ubuntu jammy-updates/main amd64 libapparmor1 amd64 3.0.4-2ubuntu2.5 [39.6 kB]
Get:12 http://archive.ubuntu.com/ubuntu jammy-updates/main amd64 libdbus-1-3 amd64 1.12.20-2ubuntu4.1 [189 kB]
Get:13 http://archive.ubuntu.com/ubuntu jammy-updates/main amd64 libexpat1 amd64 2.4.7-1ubuntu0.7 [92.1 kB]
Get:14 http://archive.ubuntu.com/ubuntu jammy-updates/main amd64 dbus amd64 1.12.20-2ubuntu4.1 [158 kB]
Get:15 http://archive.ubuntu.com/ubuntu jammy-updates/main amd64 less amd64 590-1ubuntu0.22.04.3 [142 kB]
Get:16 http://archive.ubuntu.com/ubuntu jammy/main amd64 libmd0 amd64 1.0.4-1build1 [23.0 kB]
Get:17 http://archive.ubuntu.com/ubuntu jammy/main amd64 libbsd0 amd64 0.11.5-1 [44.8 kB]
Get:18 http://archive.ubuntu.com/ubuntu jammy-updates/main amd64 libelf1 amd64 0.186-1ubuntu0.1 [51.1 kB]
Get:19 http://archive.ubuntu.com/ubuntu jammy-updates/main amd64 libfribidi0 amd64 1.0.8-2ubuntu3.1 [26.1 kB]
Get:20 http://archive.ubuntu.com/ubuntu jammy-updates/main amd64 libglib2.0-0 amd64 2.72.4-0ubuntu2.9 [1467 kB]
Get:21 http://archive.ubuntu.com/ubuntu jammy-updates/main amd64 libglib2.0-data all 2.72.4-0ubuntu2.9 [5088 B]
Get:22 http://archive.ubuntu.com/ubuntu jammy/main amd64 libicu70 amd64 70.1-2 [10.6 MB]
Get:23 http://archive.ubuntu.com/ubuntu jammy/main amd64 libslang2 amd64 2.3.2-5build4 [468 kB]
Get:24 http://archive.ubuntu.com/ubuntu jammy-updates/main amd64 libxml2 amd64 2.9.13+dfsg-1ubuntu0.12 [765 kB]
Get:25 http://archive.ubuntu.com/ubuntu jammy/main amd64 shared-mime-info amd64 2.1-2 [454 kB]
Get:26 http://archive.ubuntu.com/ubuntu jammy/main amd64 ucf all 3.0043 [56.1 kB]
Get:27 http://archive.ubuntu.com/ubuntu jammy/main amd64 xdg-user-dirs amd64 0.17-2ubuntu4 [53.9 kB]
Get:28 http://archive.ubuntu.com/ubuntu jammy/main amd64 xkb-data all 2.33-1 [394 kB]
Get:29 http://archive.ubuntu.com/ubuntu jammy/main amd64 libcbor0.8 amd64 0.8.0-2ubuntu1 [24.6 kB]
Get:30 http://archive.ubuntu.com/ubuntu jammy-updates/main amd64 libdrm-common all 2.4.113-2~ubuntu0.22.04.1 [5450 B]
Get:31 http://archive.ubuntu.com/ubuntu jammy-updates/main amd64 libdrm2 amd64 2.4.113-2~ubuntu0.22.04.1 [38.1 kB]
Get:32 http://archive.ubuntu.com/ubuntu jammy/main amd64 libedit2 amd64 3.1-20210910-1build1 [96.8 kB]
Get:33 http://archive.ubuntu.com/ubuntu jammy/main amd64 libfido2-1 amd64 1.10.0-1 [82.8 kB]
Get:34 http://archive.ubuntu.com/ubuntu jammy-updates/main amd64 libnghttp2-14 amd64 1.43.0-1ubuntu0.4 [76.9 kB]
Get:35 http://archive.ubuntu.com/ubuntu jammy/main amd64 libnuma1 amd64 2.0.14-3ubuntu2 [22.5 kB]
Get:36 http://archive.ubuntu.com/ubuntu jammy/main amd64 libpsl5 amd64 0.21.0-1.2build2 [58.4 kB]
Get:37 http://archive.ubuntu.com/ubuntu jammy-updates/main amd64 libusb-1.0-0 amd64 2:1.0.25-1ubuntu2 [52.7 kB]
Get:38 http://archive.ubuntu.com/ubuntu jammy/main amd64 libxau6 amd64 1:1.0.9-1build5 [7634 B]
Get:39 http://archive.ubuntu.com/ubuntu jammy/main amd64 libxdmcp6 amd64 1:1.1.3-0ubuntu5 [10.9 kB]
Get:40 http://archive.ubuntu.com/ubuntu jammy/main amd64 libxcb1 amd64 1.14-3ubuntu3 [49.0 kB]
Get:41 http://archive.ubuntu.com/ubuntu jammy-updates/main amd64 libx11-data all 2:1.7.5-1ubuntu0.3 [120 kB]
Get:42 http://archive.ubuntu.com/ubuntu jammy-updates/main amd64 libx11-6 amd64 2:1.7.5-1ubuntu0.3 [667 kB]
Get:43 http://archive.ubuntu.com/ubuntu jammy/main amd64 libxext6 amd64 2:1.3.4-1build1 [31.8 kB]
Get:44 http://archive.ubuntu.com/ubuntu jammy/main amd64 libxmuu1 amd64 2:1.1.3-3 [10.2 kB]
Get:45 http://archive.ubuntu.com/ubuntu jammy-updates/main amd64 openssh-client amd64 1:8.9p1-3ubuntu0.16 [904 kB]
Get:46 http://archive.ubuntu.com/ubuntu jammy/main amd64 publicsuffix all 20211207.1025-1 [129 kB]
Get:47 http://archive.ubuntu.com/ubuntu jammy/main amd64 xauth amd64 1:1.1-1build2 [27.5 kB]
Get:48 http://archive.ubuntu.com/ubuntu jammy/main amd64 alsa-topology-conf all 1.2.5.1-2 [15.5 kB]
Get:49 http://archive.ubuntu.com/ubuntu jammy-updates/main amd64 libasound2-data all 1.2.6.1-1ubuntu1.2 [19.3 kB]
Get:50 http://archive.ubuntu.com/ubuntu jammy-updates/main amd64 libasound2 amd64 1.2.6.1-1ubuntu1.2 [391 kB]
Get:51 http://archive.ubuntu.com/ubuntu jammy-updates/main amd64 alsa-ucm-conf all 1.2.6.3-1ubuntu1.12 [43.5 kB]
Get:52 http://archive.ubuntu.com/ubuntu jammy-updates/universe amd64 libaom3 amd64 3.3.0-1ubuntu0.1 [1748 kB]
Get:53 http://archive.ubuntu.com/ubuntu jammy/universe amd64 libva2 amd64 2.14.0-1 [65.0 kB]
Get:54 http://archive.ubuntu.com/ubuntu jammy/universe amd64 libmfx1 amd64 22.3.0-1 [3105 kB]
Get:55 http://archive.ubuntu.com/ubuntu jammy/universe amd64 libva-drm2 amd64 2.14.0-1 [7502 B]
Get:56 http://archive.ubuntu.com/ubuntu jammy/main amd64 libxfixes3 amd64 1:6.0.0-1 [11.7 kB]
Get:57 http://archive.ubuntu.com/ubuntu jammy/universe amd64 libva-x11-2 amd64 2.14.0-1 [12.6 kB]
Get:58 http://archive.ubuntu.com/ubuntu jammy/main amd64 libvdpau1 amd64 1.4-3build2 [27.0 kB]
Get:59 http://archive.ubuntu.com/ubuntu jammy/universe amd64 ocl-icd-libopencl1 amd64 2.2.14-3 [39.1 kB]
Get:60 http://archive.ubuntu.com/ubuntu jammy-updates/universe amd64 libavutil56 amd64 7:4.4.2-0ubuntu0.22.04.1 [290 kB]
Get:61 http://archive.ubuntu.com/ubuntu jammy/main amd64 libbrotli1 amd64 1.0.9-2build6 [315 kB]
Get:62 http://archive.ubuntu.com/ubuntu jammy-updates/main amd64 libfreetype6 amd64 2.11.1+dfsg-1ubuntu0.3 [388 kB]
Get:63 http://archive.ubuntu.com/ubuntu jammy/main amd64 fonts-dejavu-core all 2.37-2build1 [1041 kB]
Get:64 http://archive.ubuntu.com/ubuntu jammy/main amd64 fontconfig-config all 2.13.1-4.2ubuntu5 [29.1 kB]
Get:65 http://archive.ubuntu.com/ubuntu jammy/main amd64 libfontconfig1 amd64 2.13.1-4.2ubuntu5 [131 kB]
Get:66 http://archive.ubuntu.com/ubuntu jammy-updates/main amd64 libpixman-1-0 amd64 0.40.0-1ubuntu0.22.04.1 [264 kB]
Get:67 http://archive.ubuntu.com/ubuntu jammy/main amd64 libxcb-render0 amd64 1.14-3ubuntu3 [16.4 kB]
Get:68 http://archive.ubuntu.com/ubuntu jammy/main amd64 libxcb-shm0 amd64 1.14-3ubuntu3 [5780 B]
Get:69 http://archive.ubuntu.com/ubuntu jammy/main amd64 libxrender1 amd64 1:0.9.10-1build4 [19.7 kB]
Get:70 http://archive.ubuntu.com/ubuntu jammy-updates/main amd64 libcairo2 amd64 1.16.0-5ubuntu2.1 [628 kB]
Get:71 http://archive.ubuntu.com/ubuntu jammy/universe amd64 libcodec2-1.0 amd64 1.0.1-3 [8435 kB]
Get:72 http://archive.ubuntu.com/ubuntu jammy/universe amd64 libdav1d5 amd64 0.9.2-1 [463 kB]
Get:73 http://archive.ubuntu.com/ubuntu jammy/universe amd64 libgsm1 amd64 1.0.19-1 [27.7 kB]
Get:74 http://archive.ubuntu.com/ubuntu jammy/main amd64 libmp3lame0 amd64 3.100-3build2 [141 kB]
Get:75 http://archive.ubuntu.com/ubuntu jammy-updates/main amd64 libopenjp2-7 amd64 2.4.0-6ubuntu0.5 [158 kB]
Get:76 http://archive.ubuntu.com/ubuntu jammy/main amd64 libopus0 amd64 1.3.1-0.1build2 [203 kB]
Get:77 http://archive.ubuntu.com/ubuntu jammy-updates/main amd64 libcairo-gobject2 amd64 1.16.0-5ubuntu2.1 [19.5 kB]
Get:78 http://archive.ubuntu.com/ubuntu jammy-updates/main amd64 libgdk-pixbuf2.0-common all 2.42.8+dfsg-1ubuntu0.5 [5560 B]
Get:79 http://archive.ubuntu.com/ubuntu jammy/main amd64 libdeflate0 amd64 1.10-2 [70.9 kB]
Get:80 http://archive.ubuntu.com/ubuntu jammy-updates/main amd64 libjbig0 amd64 2.1-3.1ubuntu0.22.04.1 [29.2 kB]
Get:81 http://archive.ubuntu.com/ubuntu jammy-updates/main amd64 libwebp7 amd64 1.2.2-2ubuntu0.22.04.2 [206 kB]
Get:82 http://archive.ubuntu.com/ubuntu jammy-updates/main amd64 libtiff5 amd64 4.3.0-6ubuntu0.13 [185 kB]
Get:83 http://archive.ubuntu.com/ubuntu jammy-updates/main amd64 libgdk-pixbuf-2.0-0 amd64 2.42.8+dfsg-1ubuntu0.5 [148 kB]
Get:84 http://archive.ubuntu.com/ubuntu jammy/main amd64 fontconfig amd64 2.13.1-4.2ubuntu5 [177 kB]
Get:85 http://archive.ubuntu.com/ubuntu jammy-updates/main amd64 libgraphite2-3 amd64 1.3.14-1ubuntu0.1 [71.6 kB]
Get:86 http://archive.ubuntu.com/ubuntu jammy-updates/main amd64 libharfbuzz0b amd64 2.7.4-1ubuntu3.2 [353 kB]
Get:87 http://archive.ubuntu.com/ubuntu jammy/main amd64 libthai-data all 0.1.29-1build1 [162 kB]
Get:88 http://archive.ubuntu.com/ubuntu jammy/main amd64 libdatrie1 amd64 0.2.13-2 [19.9 kB]
Get:89 http://archive.ubuntu.com/ubuntu jammy/main amd64 libthai0 amd64 0.1.29-1build1 [19.2 kB]
Get:90 http://archive.ubuntu.com/ubuntu jammy-updates/main amd64 libpango-1.0-0 amd64 1.50.6+ds-2ubuntu1 [230 kB]
Get:91 http://archive.ubuntu.com/ubuntu jammy-updates/main amd64 libpangoft2-1.0-0 amd64 1.50.6+ds-2ubuntu1 [54.0 kB]
Get:92 http://archive.ubuntu.com/ubuntu jammy-updates/main amd64 libpangocairo-1.0-0 amd64 1.50.6+ds-2ubuntu1 [39.8 kB]
Get:93 http://archive.ubuntu.com/ubuntu jammy-updates/main amd64 librsvg2-2 amd64 2.52.5+dfsg-3ubuntu0.2 [2974 kB]
Get:94 http://archive.ubuntu.com/ubuntu jammy/universe amd64 libshine3 amd64 3.1.1-2 [23.2 kB]
Get:95 http://archive.ubuntu.com/ubuntu jammy/main amd64 libsnappy1v5 amd64 1.1.8-1build3 [17.5 kB]
Get:96 http://archive.ubuntu.com/ubuntu jammy/main amd64 libspeex1 amd64 1.2~rc1.2-1.1ubuntu3 [57.9 kB]
Get:97 http://archive.ubuntu.com/ubuntu jammy/main amd64 libsoxr0 amd64 0.1.3-4build2 [79.8 kB]
Get:98 http://archive.ubuntu.com/ubuntu jammy-updates/universe amd64 libswresample3 amd64 7:4.4.2-0ubuntu0.22.04.1 [62.2 kB]
Get:99 http://archive.ubuntu.com/ubuntu jammy/main amd64 libogg0 amd64 1.3.5-0ubuntu3 [22.9 kB]
Get:100 http://archive.ubuntu.com/ubuntu jammy/main amd64 libtheora0 amd64 1.1.1+dfsg.1-15ubuntu4 [209 kB]
Get:101 http://archive.ubuntu.com/ubuntu jammy/main amd64 libtwolame0 amd64 0.4.0-2build2 [52.5 kB]
Get:102 http://archive.ubuntu.com/ubuntu jammy/main amd64 libvorbis0a amd64 1.3.7-1build2 [99.2 kB]
Get:103 http://archive.ubuntu.com/ubuntu jammy/main amd64 libvorbisenc2 amd64 1.3.7-1build2 [82.6 kB]
Get:104 http://archive.ubuntu.com/ubuntu jammy-updates/main amd64 libvpx7 amd64 1.11.0-2ubuntu2.5 [1078 kB]
Get:105 http://archive.ubuntu.com/ubuntu jammy-updates/main amd64 libwebpmux3 amd64 1.2.2-2ubuntu0.22.04.2 [20.5 kB]
Get:106 http://archive.ubuntu.com/ubuntu jammy/universe amd64 libx264-163 amd64 2:0.163.3060+git5db6aa6-2build1 [591 kB]
Get:107 http://archive.ubuntu.com/ubuntu jammy/universe amd64 libx265-199 amd64 3.5-2 [1170 kB]
Get:108 http://archive.ubuntu.com/ubuntu jammy/universe amd64 libxvidcore4 amd64 2:1.3.7-1 [201 kB]
Get:109 http://archive.ubuntu.com/ubuntu jammy/universe amd64 libzvbi-common all 0.2.35-19 [35.5 kB]
Get:110 http://archive.ubuntu.com/ubuntu jammy/universe amd64 libzvbi0 amd64 0.2.35-19 [262 kB]
Get:111 http://archive.ubuntu.com/ubuntu jammy-updates/universe amd64 libavcodec58 amd64 7:4.4.2-0ubuntu0.22.04.1 [5567 kB]
Get:112 http://archive.ubuntu.com/ubuntu jammy/main amd64 libraw1394-11 amd64 2.1.2-2build2 [27.0 kB]
Get:113 http://archive.ubuntu.com/ubuntu jammy/main amd64 libavc1394-0 amd64 0.5.4-5build2 [17.0 kB]
Get:114 http://archive.ubuntu.com/ubuntu jammy/universe amd64 libass9 amd64 1:0.15.2-1 [97.5 kB]
Get:115 http://archive.ubuntu.com/ubuntu jammy/universe amd64 libudfread0 amd64 1.1.2-1 [16.2 kB]
Get:116 http://archive.ubuntu.com/ubuntu jammy/universe amd64 libbluray2 amd64 1:1.3.1-1 [159 kB]
Get:117 http://archive.ubuntu.com/ubuntu jammy/universe amd64 libchromaprint1 amd64 1.5.1-2 [28.4 kB]
Get:118 http://archive.ubuntu.com/ubuntu jammy/universe amd64 libgme0 amd64 0.6.3-2 [127 kB]
Get:119 http://archive.ubuntu.com/ubuntu jammy-updates/main amd64 libmpg123-0 amd64 1.29.3-1ubuntu0.1 [172 kB]
Get:120 http://archive.ubuntu.com/ubuntu jammy/main amd64 libvorbisfile3 amd64 1.3.7-1build2 [17.1 kB]
Get:121 http://archive.ubuntu.com/ubuntu jammy/universe amd64 libopenmpt0 amd64 0.6.1-1 [592 kB]
Get:122 http://archive.ubuntu.com/ubuntu jammy-updates/main amd64 librabbitmq4 amd64 0.10.0-1ubuntu2.1 [39.5 kB]
Get:123 http://archive.ubuntu.com/ubuntu jammy/universe amd64 libsrt1.4-gnutls amd64 1.4.4-4 [309 kB]
Get:124 http://archive.ubuntu.com/ubuntu jammy-updates/main amd64 libssh-gcrypt-4 amd64 0.9.6-2ubuntu0.22.04.7 [224 kB]
Get:125 http://archive.ubuntu.com/ubuntu jammy/universe amd64 libnorm1 amd64 1.5.9+dfsg-2 [221 kB]
Get:126 http://archive.ubuntu.com/ubuntu jammy/universe amd64 libpgm-5.3-0 amd64 5.3.128~dfsg-2 [161 kB]
Get:127 http://archive.ubuntu.com/ubuntu jammy-updates/main amd64 libsodium23 amd64 1.0.18-1ubuntu0.22.04.1 [164 kB]
Get:128 http://archive.ubuntu.com/ubuntu jammy/universe amd64 libzmq5 amd64 4.3.4-2 [256 kB]
Get:129 http://archive.ubuntu.com/ubuntu jammy-updates/universe amd64 libavformat58 amd64 7:4.4.2-0ubuntu0.22.04.1 [1103 kB]
Get:130 http://archive.ubuntu.com/ubuntu jammy/universe amd64 libbs2b0 amd64 3.1.0+dfsg-2.2build1 [10.2 kB]
Get:131 http://archive.ubuntu.com/ubuntu jammy/universe amd64 libflite1 amd64 2.2-3 [13.7 MB]
Get:132 http://archive.ubuntu.com/ubuntu jammy/universe amd64 libserd-0-0 amd64 0.30.10-2 [40.8 kB]
Get:133 http://archive.ubuntu.com/ubuntu jammy/universe amd64 libsord-0-0 amd64 0.16.8-2 [21.2 kB]
Get:134 http://archive.ubuntu.com/ubuntu jammy/universe amd64 libsratom-0-0 amd64 0.6.8-1 [17.0 kB]
Get:135 http://archive.ubuntu.com/ubuntu jammy/universe amd64 liblilv-0-0 amd64 0.24.12-2 [42.8 kB]
Get:136 http://archive.ubuntu.com/ubuntu jammy/universe amd64 libmysofa1 amd64 1.2.1~dfsg0-1 [1157 kB]
Get:137 http://archive.ubuntu.com/ubuntu jammy/main amd64 libblas3 amd64 3.10.0-2ubuntu1 [228 kB]
Get:138 http://archive.ubuntu.com/ubuntu jammy-updates/main amd64 libgfortran5 amd64 12.3.0-1ubuntu1~22.04.3 [879 kB]
Get:139 http://archive.ubuntu.com/ubuntu jammy/main amd64 liblapack3 amd64 3.10.0-2ubuntu1 [2504 kB]
Get:140 http://archive.ubuntu.com/ubuntu jammy/main amd64 libasyncns0 amd64 0.8-6build2 [12.8 kB]
Get:141 http://archive.ubuntu.com/ubuntu jammy-updates/main amd64 libflac8 amd64 1.3.3-2ubuntu0.2 [111 kB]
Get:142 http://archive.ubuntu.com/ubuntu jammy-updates/main amd64 libsndfile1 amd64 1.0.31-2ubuntu0.2 [196 kB]
Get:143 http://archive.ubuntu.com/ubuntu jammy-updates/main amd64 libx11-xcb1 amd64 2:1.7.5-1ubuntu0.3 [7802 B]
Get:144 http://archive.ubuntu.com/ubuntu jammy-updates/main amd64 libpulse0 amd64 1:15.99.1+dfsg1-1ubuntu2.2 [298 kB]
Get:145 http://archive.ubuntu.com/ubuntu jammy/universe amd64 libsphinxbase3 amd64 0.8+5prealpha+1-13build1 [126 kB]
Get:146 http://archive.ubuntu.com/ubuntu jammy/universe amd64 libpocketsphinx3 amd64 0.8.0+real5prealpha+1-14ubuntu1 [132 kB]
Get:147 http://archive.ubuntu.com/ubuntu jammy-updates/universe amd64 libpostproc55 amd64 7:4.4.2-0ubuntu0.22.04.1 [60.1 kB]
Get:148 http://archive.ubuntu.com/ubuntu jammy/main amd64 libsamplerate0 amd64 0.2.2-1build1 [1359 kB]
Get:149 http://archive.ubuntu.com/ubuntu jammy/universe amd64 librubberband2 amd64 2.0.0-2 [90.0 kB]
Get:150 http://archive.ubuntu.com/ubuntu jammy-updates/universe amd64 libswscale5 amd64 7:4.4.2-0ubuntu0.22.04.1 [180 kB]
Get:151 http://archive.ubuntu.com/ubuntu jammy/universe amd64 libvidstab1.1 amd64 1.1.0-2 [35.0 kB]
Get:152 http://archive.ubuntu.com/ubuntu jammy/universe amd64 libzimg2 amd64 3.0.3+ds1-1 [241 kB]
Get:153 http://archive.ubuntu.com/ubuntu jammy-updates/universe amd64 libavfilter7 amd64 7:4.4.2-0ubuntu0.22.04.1 [1496 kB]
Get:154 http://archive.ubuntu.com/ubuntu jammy-updates/main amd64 libcaca0 amd64 0.99.beta19-2.2ubuntu4.2 [224 kB]
Get:155 http://archive.ubuntu.com/ubuntu jammy-updates/main amd64 libcdio19 amd64 2.1.0-3ubuntu0.2 [63.6 kB]
Get:156 http://archive.ubuntu.com/ubuntu jammy/main amd64 libcdio-cdda2 amd64 10.2+2.0.0-1build3 [16.7 kB]
Get:157 http://archive.ubuntu.com/ubuntu jammy/main amd64 libcdio-paranoia2 amd64 10.2+2.0.0-1build3 [15.9 kB]
Get:158 http://archive.ubuntu.com/ubuntu jammy/universe amd64 libdc1394-25 amd64 2.2.6-4 [88.8 kB]
Get:159 http://archive.ubuntu.com/ubuntu jammy/main amd64 libglvnd0 amd64 1.4.0-1 [73.6 kB]
Get:160 http://archive.ubuntu.com/ubuntu jammy-updates/main amd64 libglapi-mesa amd64 23.2.1-1ubuntu3.1~22.04.4 [35.6 kB]
Get:161 http://archive.ubuntu.com/ubuntu jammy/main amd64 libxcb-dri2-0 amd64 1.14-3ubuntu3 [7206 B]
Get:162 http://archive.ubuntu.com/ubuntu jammy/main amd64 libxcb-dri3-0 amd64 1.14-3ubuntu3 [6968 B]
Get:163 http://archive.ubuntu.com/ubuntu jammy/main amd64 libxcb-glx0 amd64 1.14-3ubuntu3 [25.9 kB]
Get:164 http://archive.ubuntu.com/ubuntu jammy/main amd64 libxcb-present0 amd64 1.14-3ubuntu3 [5734 B]
Get:165 http://archive.ubuntu.com/ubuntu jammy/main amd64 libxcb-randr0 amd64 1.14-3ubuntu3 [18.3 kB]
Get:166 http://archive.ubuntu.com/ubuntu jammy/main amd64 libxcb-sync1 amd64 1.14-3ubuntu3 [9416 B]
Get:167 http://archive.ubuntu.com/ubuntu jammy/main amd64 libxcb-xfixes0 amd64 1.14-3ubuntu3 [9996 B]
Get:168 http://archive.ubuntu.com/ubuntu jammy/main amd64 libxshmfence1 amd64 1.3-1build4 [5394 B]
Get:169 http://archive.ubuntu.com/ubuntu jammy/main amd64 libxxf86vm1 amd64 1:1.1.4-1build3 [10.4 kB]
Get:170 http://archive.ubuntu.com/ubuntu jammy-updates/main amd64 libdrm-amdgpu1 amd64 2.4.113-2~ubuntu0.22.04.1 [19.9 kB]
Get:171 http://archive.ubuntu.com/ubuntu jammy/main amd64 libpciaccess0 amd64 0.16-3 [19.1 kB]
Get:172 http://archive.ubuntu.com/ubuntu jammy-updates/main amd64 libdrm-intel1 amd64 2.4.113-2~ubuntu0.22.04.1 [66.7 kB]
Get:173 http://archive.ubuntu.com/ubuntu jammy-updates/main amd64 libdrm-nouveau2 amd64 2.4.113-2~ubuntu0.22.04.1 [17.5 kB]
Get:174 http://archive.ubuntu.com/ubuntu jammy-updates/main amd64 libdrm-radeon1 amd64 2.4.113-2~ubuntu0.22.04.1 [21.6 kB]
Get:175 http://archive.ubuntu.com/ubuntu jammy-updates/main amd64 libllvm15 amd64 1:15.0.7-0ubuntu0.22.04.3 [25.4 MB]
Get:176 http://archive.ubuntu.com/ubuntu jammy/main amd64 libsensors-config all 1:3.6.0-7ubuntu1 [5274 B]
Get:177 http://archive.ubuntu.com/ubuntu jammy/main amd64 libsensors5 amd64 1:3.6.0-7ubuntu1 [26.3 kB]
Get:178 http://archive.ubuntu.com/ubuntu jammy-updates/main amd64 libgl1-mesa-dri amd64 23.2.1-1ubuntu3.1~22.04.4 [8860 kB]
Get:179 http://archive.ubuntu.com/ubuntu jammy-updates/main amd64 libglx-mesa0 amd64 23.2.1-1ubuntu3.1~22.04.4 [158 kB]
Get:180 http://archive.ubuntu.com/ubuntu jammy/main amd64 libglx0 amd64 1.4.0-1 [41.0 kB]
Get:181 http://archive.ubuntu.com/ubuntu jammy/main amd64 libgl1 amd64 1.4.0-1 [110 kB]
Get:182 http://archive.ubuntu.com/ubuntu jammy/main amd64 libiec61883-0 amd64 1.2.0-4build3 [25.9 kB]
Get:183 http://archive.ubuntu.com/ubuntu jammy/main amd64 libjack-jackd2-0 amd64 1.9.20~dfsg-1 [293 kB]
Get:184 http://archive.ubuntu.com/ubuntu jammy/universe amd64 libopenal-data all 1:1.19.1-2build3 [164 kB]
Get:185 http://archive.ubuntu.com/ubuntu jammy/universe amd64 libsndio7.0 amd64 1.8.1-1.1 [29.3 kB]
Get:186 http://archive.ubuntu.com/ubuntu jammy/universe amd64 libopenal1 amd64 1:1.19.1-2build3 [535 kB]
Get:187 http://archive.ubuntu.com/ubuntu jammy-updates/main amd64 libwayland-client0 amd64 1.20.0-1ubuntu0.1 [25.9 kB]
Get:188 http://archive.ubuntu.com/ubuntu jammy/main amd64 libdecor-0-0 amd64 0.1.0-3build1 [15.1 kB]
Get:189 http://archive.ubuntu.com/ubuntu jammy-updates/main amd64 libwayland-server0 amd64 1.20.0-1ubuntu0.1 [34.3 kB]
Get:190 http://archive.ubuntu.com/ubuntu jammy-updates/main amd64 libgbm1 amd64 23.2.1-1ubuntu3.1~22.04.4 [33.7 kB]
Get:191 http://archive.ubuntu.com/ubuntu jammy-updates/main amd64 libwayland-cursor0 amd64 1.20.0-1ubuntu0.1 [10.7 kB]
Get:192 http://archive.ubuntu.com/ubuntu jammy-updates/main amd64 libwayland-egl1 amd64 1.20.0-1ubuntu0.1 [5582 B]
Get:193 http://archive.ubuntu.com/ubuntu jammy/main amd64 libxcursor1 amd64 1:1.2.0-2build4 [20.9 kB]
Get:194 http://archive.ubuntu.com/ubuntu jammy/main amd64 libxi6 amd64 2:1.8-1build1 [32.6 kB]
Get:195 http://archive.ubuntu.com/ubuntu jammy/main amd64 libxinerama1 amd64 2:1.1.4-3 [7382 B]
Get:196 http://archive.ubuntu.com/ubuntu jammy/main amd64 libxkbcommon0 amd64 1.4.0-1 [125 kB]
Get:197 http://archive.ubuntu.com/ubuntu jammy/main amd64 libxrandr2 amd64 2:1.5.2-1build1 [20.4 kB]
Get:198 http://archive.ubuntu.com/ubuntu jammy/main amd64 x11-common all 1:7.7+23ubuntu2 [23.4 kB]
Get:199 http://archive.ubuntu.com/ubuntu jammy/main amd64 libxss1 amd64 1:1.2.3-1build2 [8476 B]
Get:200 http://archive.ubuntu.com/ubuntu jammy-updates/main amd64 libsdl2-2.0-0 amd64 2.0.20+dfsg-2ubuntu1.22.04.1 [582 kB]
Get:201 http://archive.ubuntu.com/ubuntu jammy/main amd64 libxcb-shape0 amd64 1.14-3ubuntu3 [6158 B]
Get:202 http://archive.ubuntu.com/ubuntu jammy/main amd64 libxv1 amd64 2:1.0.11-1build2 [11.2 kB]
Get:203 http://archive.ubuntu.com/ubuntu jammy-updates/universe amd64 libavdevice58 amd64 7:4.4.2-0ubuntu0.22.04.1 [87.5 kB]
Get:204 http://archive.ubuntu.com/ubuntu jammy-updates/universe amd64 ffmpeg amd64 7:4.4.2-0ubuntu0.22.04.1 [1696 kB]
Get:205 http://archive.ubuntu.com/ubuntu jammy/main amd64 librtmp1 amd64 2.4+20151223.gitfa8646d.1-2build4 [58.2 kB]
Get:206 http://archive.ubuntu.com/ubuntu jammy-updates/main amd64 libssh-4 amd64 0.9.6-2ubuntu0.22.04.7 [187 kB]
Get:207 http://archive.ubuntu.com/ubuntu jammy-updates/main amd64 libcurl3-gnutls amd64 7.81.0-1ubuntu1.26 [285 kB]
Get:208 http://archive.ubuntu.com/ubuntu jammy/main amd64 liberror-perl all 0.17029-1 [26.5 kB]
Get:209 http://archive.ubuntu.com/ubuntu jammy-updates/main amd64 git-man all 1:2.34.1-1ubuntu1.17 [954 kB]
Get:210 http://archive.ubuntu.com/ubuntu jammy-updates/main amd64 git amd64 1:2.34.1-1ubuntu1.17 [3174 kB]
Get:211 http://archive.ubuntu.com/ubuntu jammy/universe amd64 libigdgmm12 amd64 22.1.2+ds1-1 [139 kB]
Get:212 http://archive.ubuntu.com/ubuntu jammy-updates/universe amd64 intel-media-va-driver amd64 22.3.1+dfsg1-1ubuntu2 [2283 kB]
Get:213 http://archive.ubuntu.com/ubuntu jammy/universe amd64 libaacs0 amd64 0.11.1-1 [64.1 kB]
Get:214 http://archive.ubuntu.com/ubuntu jammy/universe amd64 libbdplus0 amd64 0.2.0-1 [52.2 kB]
Get:215 http://archive.ubuntu.com/ubuntu jammy/main amd64 libdecor-0-plugin-1-cairo amd64 0.1.0-3build1 [20.4 kB]
Get:216 http://archive.ubuntu.com/ubuntu jammy-updates/main amd64 libgdk-pixbuf2.0-bin amd64 2.42.8+dfsg-1ubuntu0.5 [14.2 kB]
Get:217 http://archive.ubuntu.com/ubuntu jammy-updates/main amd64 libgl1-amber-dri amd64 21.3.9-0ubuntu1~22.04.2 [4211 kB]
Get:218 http://archive.ubuntu.com/ubuntu jammy-updates/universe amd64 libgl1-mesa-glx amd64 23.0.4-0ubuntu1~22.04.1 [5584 B]
Get:219 http://archive.ubuntu.com/ubuntu jammy-updates/main amd64 librsvg2-common amd64 2.52.5+dfsg-3ubuntu0.2 [17.7 kB]
Get:220 http://archive.ubuntu.com/ubuntu jammy-updates/universe amd64 mesa-va-drivers amd64 23.2.1-1ubuntu3.1~22.04.4 [4100 kB]
Get:221 http://archive.ubuntu.com/ubuntu jammy-updates/main amd64 mesa-vdpau-drivers amd64 23.2.1-1ubuntu3.1~22.04.4 [3820 kB]
Get:222 http://archive.ubuntu.com/ubuntu jammy/universe amd64 i965-va-driver amd64 2.4.1+dfsg1-1 [302 kB]
Get:223 http://archive.ubuntu.com/ubuntu jammy/universe amd64 va-driver-all amd64 2.14.0-1 [3984 B]
Get:224 http://archive.ubuntu.com/ubuntu jammy/main amd64 vdpau-driver-all amd64 1.4-3build2 [4510 B]
Get:225 http://archive.ubuntu.com/ubuntu jammy/universe amd64 pocketsphinx-en-us all 0.8.0+real5prealpha+1-14ubuntu1 [27.6 MB]
debconf: delaying package configuration, since apt-utils is not installed
Fetched 166 MB in 3s (52.1 MB/s)
(Reading database ... 
[1A(Reading database ... 5%
[1A(Reading database ... 10%
[1A(Reading database ... 15%
[1A(Reading database ... 20%
[1A(Reading database ... 25%
[1A(Reading database ... 30%
[1A(Reading database ... 35%(Reading database ... 40%(Reading database ... 45%(Reading database ... 50%(Reading database ... 55%(Reading database ... 60%(Reading database ... 65%(Reading database ... 70%(Reading database ... 75%(Reading database ... 80%(Reading database ... 85%(Reading database ... 90%
[1A(Reading database ... 95%(Reading database ... 100%(Reading database ... 14910 files and directories currently installed.)
Preparing to unpack .../libatomic1_12.3.0-1ubuntu1~22.04.3_amd64.deb ...
Unpacking libatomic1:amd64 (12.3.0-1ubuntu1~22.04.3) over (12.3.0-1ubuntu1~22.04) ...
Preparing to unpack .../libubsan1_12.3.0-1ubuntu1~22.04.3_amd64.deb ...
Unpacking libubsan1:amd64 (12.3.0-1ubuntu1~22.04.3) over (12.3.0-1ubuntu1~22.04) ...
Preparing to unpack .../gcc-12-base_12.3.0-1ubuntu1~22.04.3_amd64.deb ...
Unpacking gcc-12-base:amd64 (12.3.0-1ubuntu1~22.04.3) over (12.3.0-1ubuntu1~22.04) ...
Setting up gcc-12-base:amd64 (12.3.0-1ubuntu1~22.04.3) ...
(Reading database ... 
[1A(Reading database ... 5%
[1A(Reading database ... 10%
[1A(Reading database ... 15%
[1A(Reading database ... 20%
[1A(Reading database ... 25%
[1A(Reading database ... 30%
[1A(Reading database ... 35%(Reading database ... 40%(Reading database ... 45%(Reading database ... 50%
[1A(Reading database ... 55%(Reading database ... 60%(Reading database ... 65%(Reading database ... 70%(Reading database ... 75%(Reading database ... 80%(Reading database ... 85%(Reading database ... 90%(Reading database ... 95%(Reading database ... 100%(Reading database ... 14910 files and directories currently installed.)
Preparing to unpack .../libstdc++6_12.3.0-1ubuntu1~22.04.3_amd64.deb ...
Unpacking libstdc++6:amd64 (12.3.0-1ubuntu1~22.04.3) over (12.3.0-1ubuntu1~22.04) ...
Setting up libstdc++6:amd64 (12.3.0-1ubuntu1~22.04.3) ...
(Reading database ... 
[1A(Reading database ... 5%
[1A(Reading database ... 10%
[1A(Reading database ... 15%
[1A(Reading database ... 20%
[1A(Reading database ... 25%
[1A(Reading database ... 30%
[1A(Reading database ... 35%(Reading database ... 40%(Reading database ... 45%(Reading database ... 50%
[1A(Reading database ... 55%(Reading database ... 60%(Reading database ... 65%(Reading database ... 70%(Reading database ... 75%(Reading database ... 80%(Reading database ... 85%(Reading database ... 90%(Reading database ... 95%(Reading database ... 100%(Reading database ... 14910 files and directories currently installed.)
Preparing to unpack .../0-libquadmath0_12.3.0-1ubuntu1~22.04.3_amd64.deb ...
Unpacking libquadmath0:amd64 (12.3.0-1ubuntu1~22.04.3) over (12.3.0-1ubuntu1~22.04) ...
Preparing to unpack .../1-liblsan0_12.3.0-1ubuntu1~22.04.3_amd64.deb ...
Unpacking liblsan0:amd64 (12.3.0-1ubuntu1~22.04.3) over (12.3.0-1ubuntu1~22.04) ...
Preparing to unpack .../2-libitm1_12.3.0-1ubuntu1~22.04.3_amd64.deb ...
Unpacking libitm1:amd64 (12.3.0-1ubuntu1~22.04.3) over (12.3.0-1ubuntu1~22.04) ...
Preparing to unpack .../3-libgomp1_12.3.0-1ubuntu1~22.04.3_amd64.deb ...
Unpacking libgomp1:amd64 (12.3.0-1ubuntu1~22.04.3) over (12.3.0-1ubuntu1~22.04) ...
Preparing to unpack .../4-libcc1-0_12.3.0-1ubuntu1~22.04.3_amd64.deb ...
Unpacking libcc1-0:amd64 (12.3.0-1ubuntu1~22.04.3) over (12.3.0-1ubuntu1~22.04) ...
Preparing to unpack .../5-libgcc-s1_12.3.0-1ubuntu1~22.04.3_amd64.deb ...
Unpacking libgcc-s1:amd64 (12.3.0-1ubuntu1~22.04.3) over (12.3.0-1ubuntu1~22.04) ...
Setting up libgcc-s1:amd64 (12.3.0-1ubuntu1~22.04.3) ...
Selecting previously unselected package libapparmor1:amd64.
(Reading database ... 
[1A(Reading database ... 5%
[1A(Reading database ... 10%
[1A(Reading database ... 15%
[1A(Reading database ... 20%
[1A(Reading database ... 25%
[1A(Reading database ... 30%
[1A(Reading database ... 35%(Reading database ... 40%(Reading database ... 45%(Reading database ... 50%(Reading database ... 55%(Reading database ... 60%(Reading database ... 65%
[1A(Reading database ... 70%(Reading database ... 75%(Reading database ... 80%(Reading database ... 85%(Reading database ... 90%(Reading database ... 95%(Reading database ... 100%(Reading database ... 14910 files and directories currently installed.)
Preparing to unpack .../000-libapparmor1_3.0.4-2ubuntu2.5_amd64.deb ...
Unpacking libapparmor1:amd64 (3.0.4-2ubuntu2.5) ...
Selecting previously unselected package libdbus-1-3:amd64.
Preparing to unpack .../001-libdbus-1-3_1.12.20-2ubuntu4.1_amd64.deb ...
Unpacking libdbus-1-3:amd64 (1.12.20-2ubuntu4.1) ...
Selecting previously unselected package libexpat1:amd64.
Preparing to unpack .../002-libexpat1_2.4.7-1ubuntu0.7_amd64.deb ...
Unpacking libexpat1:amd64 (2.4.7-1ubuntu0.7) ...
Selecting previously unselected package dbus.
Preparing to unpack .../003-dbus_1.12.20-2ubuntu4.1_amd64.deb ...
Unpacking dbus (1.12.20-2ubuntu4.1) ...
Selecting previously unselected package less.
Preparing to unpack .../004-less_590-1ubuntu0.22.04.3_amd64.deb ...
Unpacking less (590-1ubuntu0.22.04.3) ...
Selecting previously unselected package libmd0:amd64.
Preparing to unpack .../005-libmd0_1.0.4-1build1_amd64.deb ...
Unpacking libmd0:amd64 (1.0.4-1build1) ...
Selecting previously unselected package libbsd0:amd64.
Preparing to unpack .../006-libbsd0_0.11.5-1_amd64.deb ...
Unpacking libbsd0:amd64 (0.11.5-1) ...
Selecting previously unselected package libelf1:amd64.
Preparing to unpack .../007-libelf1_0.186-1ubuntu0.1_amd64.deb ...
Unpacking libelf1:amd64 (0.186-1ubuntu0.1) ...
Selecting previously unselected package libfribidi0:amd64.
Preparing to unpack .../008-libfribidi0_1.0.8-2ubuntu3.1_amd64.deb ...
Unpacking libfribidi0:amd64 (1.0.8-2ubuntu3.1) ...
Selecting previously unselected package libglib2.0-0:amd64.
Preparing to unpack .../009-libglib2.0-0_2.72.4-0ubuntu2.9_amd64.deb ...
Unpacking libglib2.0-0:amd64 (2.72.4-0ubuntu2.9) ...
Selecting previously unselected package libglib2.0-data.
Preparing to unpack .../010-libglib2.0-data_2.72.4-0ubuntu2.9_all.deb ...
Unpacking libglib2.0-data (2.72.4-0ubuntu2.9) ...
Selecting previously unselected package libicu70:amd64.
Preparing to unpack .../011-libicu70_70.1-2_amd64.deb ...
Unpacking libicu70:amd64 (70.1-2) ...
Selecting previously unselected package libslang2:amd64.
Preparing to unpack .../012-libslang2_2.3.2-5build4_amd64.deb ...
Unpacking libslang2:amd64 (2.3.2-5build4) ...
Selecting previously unselected package libxml2:amd64.
Preparing to unpack .../013-libxml2_2.9.13+dfsg-1ubuntu0.12_amd64.deb ...
Unpacking libxml2:amd64 (2.9.13+dfsg-1ubuntu0.12) ...
Selecting previously unselected package shared-mime-info.
Preparing to unpack .../014-shared-mime-info_2.1-2_amd64.deb ...
Unpacking shared-mime-info (2.1-2) ...
Selecting previously unselected package ucf.
Preparing to unpack .../015-ucf_3.0043_all.deb ...
Moving old data out of the way
Unpacking ucf (3.0043) ...
Selecting previously unselected package xdg-user-dirs.
Preparing to unpack .../016-xdg-user-dirs_0.17-2ubuntu4_amd64.deb ...
Unpacking xdg-user-dirs (0.17-2ubuntu4) ...
Selecting previously unselected package xkb-data.
Preparing to unpack .../017-xkb-data_2.33-1_all.deb ...
Unpacking xkb-data (2.33-1) ...
Selecting previously unselected package libcbor0.8:amd64.
Preparing to unpack .../018-libcbor0.8_0.8.0-2ubuntu1_amd64.deb ...
Unpacking libcbor0.8:amd64 (0.8.0-2ubuntu1) ...
Selecting previously unselected package libdrm-common.
Preparing to unpack .../019-libdrm-common_2.4.113-2~ubuntu0.22.04.1_all.deb ...
Unpacking libdrm-common (2.4.113-2~ubuntu0.22.04.1) ...
Selecting previously unselected package libdrm2:amd64.
Preparing to unpack .../020-libdrm2_2.4.113-2~ubuntu0.22.04.1_amd64.deb ...
Unpacking libdrm2:amd64 (2.4.113-2~ubuntu0.22.04.1) ...
Selecting previously unselected package libedit2:amd64.
Preparing to unpack .../021-libedit2_3.1-20210910-1build1_amd64.deb ...
Unpacking libedit2:amd64 (3.1-20210910-1build1) ...
Selecting previously unselected package libfido2-1:amd64.
Preparing to unpack .../022-libfido2-1_1.10.0-1_amd64.deb ...
Unpacking libfido2-1:amd64 (1.10.0-1) ...
Selecting previously unselected package libnghttp2-14:amd64.
Preparing to unpack .../023-libnghttp2-14_1.43.0-1ubuntu0.4_amd64.deb ...
Unpacking libnghttp2-14:amd64 (1.43.0-1ubuntu0.4) ...
Selecting previously unselected package libnuma1:amd64.
Preparing to unpack .../024-libnuma1_2.0.14-3ubuntu2_amd64.deb ...
Unpacking libnuma1:amd64 (2.0.14-3ubuntu2) ...
Selecting previously unselected package libpsl5:amd64.
Preparing to unpack .../025-libpsl5_0.21.0-1.2build2_amd64.deb ...
Unpacking libpsl5:amd64 (0.21.0-1.2build2) ...
Selecting previously unselected package libusb-1.0-0:amd64.
Preparing to unpack .../026-libusb-1.0-0_2%3a1.0.25-1ubuntu2_amd64.deb ...
Unpacking libusb-1.0-0:amd64 (2:1.0.25-1ubuntu2) ...
Selecting previously unselected package libxau6:amd64.
Preparing to unpack .../027-libxau6_1%3a1.0.9-1build5_amd64.deb ...
Unpacking libxau6:amd64 (1:1.0.9-1build5) ...
Selecting previously unselected package libxdmcp6:amd64.
Preparing to unpack .../028-libxdmcp6_1%3a1.1.3-0ubuntu5_amd64.deb ...
Unpacking libxdmcp6:amd64 (1:1.1.3-0ubuntu5) ...
Selecting previously unselected package libxcb1:amd64.
Preparing to unpack .../029-libxcb1_1.14-3ubuntu3_amd64.deb ...
Unpacking libxcb1:amd64 (1.14-3ubuntu3) ...
Selecting previously unselected package libx11-data.
Preparing to unpack .../030-libx11-data_2%3a1.7.5-1ubuntu0.3_all.deb ...
Unpacking libx11-data (2:1.7.5-1ubuntu0.3) ...
Selecting previously unselected package libx11-6:amd64.
Preparing to unpack .../031-libx11-6_2%3a1.7.5-1ubuntu0.3_amd64.deb ...
Unpacking libx11-6:amd64 (2:1.7.5-1ubuntu0.3) ...
Selecting previously unselected package libxext6:amd64.
Preparing to unpack .../032-libxext6_2%3a1.3.4-1build1_amd64.deb ...
Unpacking libxext6:amd64 (2:1.3.4-1build1) ...
Selecting previously unselected package libxmuu1:amd64.
Preparing to unpack .../033-libxmuu1_2%3a1.1.3-3_amd64.deb ...
Unpacking libxmuu1:amd64 (2:1.1.3-3) ...
Selecting previously unselected package openssh-client.
Preparing to unpack .../034-openssh-client_1%3a8.9p1-3ubuntu0.16_amd64.deb ...
Unpacking openssh-client (1:8.9p1-3ubuntu0.16) ...
Selecting previously unselected package publicsuffix.
Preparing to unpack .../035-publicsuffix_20211207.1025-1_all.deb ...
Unpacking publicsuffix (20211207.1025-1) ...
Selecting previously unselected package xauth.
Preparing to unpack .../036-xauth_1%3a1.1-1build2_amd64.deb ...
Unpacking xauth (1:1.1-1build2) ...
Selecting previously unselected package alsa-topology-conf.
Preparing to unpack .../037-alsa-topology-conf_1.2.5.1-2_all.deb ...
Unpacking alsa-topology-conf (1.2.5.1-2) ...
Selecting previously unselected package libasound2-data.
Preparing to unpack .../038-libasound2-data_1.2.6.1-1ubuntu1.2_all.deb ...
Unpacking libasound2-data (1.2.6.1-1ubuntu1.2) ...
Selecting previously unselected package libasound2:amd64.
Preparing to unpack .../039-libasound2_1.2.6.1-1ubuntu1.2_amd64.deb ...
Unpacking libasound2:amd64 (1.2.6.1-1ubuntu1.2) ...
Selecting previously unselected package alsa-ucm-conf.
Preparing to unpack .../040-alsa-ucm-conf_1.2.6.3-1ubuntu1.12_all.deb ...
Unpacking alsa-ucm-conf (1.2.6.3-1ubuntu1.12) ...
Selecting previously unselected package libaom3:amd64.
Preparing to unpack .../041-libaom3_3.3.0-1ubuntu0.1_amd64.deb ...
Unpacking libaom3:amd64 (3.3.0-1ubuntu0.1) ...
Selecting previously unselected package libva2:amd64.
Preparing to unpack .../042-libva2_2.14.0-1_amd64.deb ...
Unpacking libva2:amd64 (2.14.0-1) ...
Selecting previously unselected package libmfx1:amd64.
Preparing to unpack .../043-libmfx1_22.3.0-1_amd64.deb ...
Unpacking libmfx1:amd64 (22.3.0-1) ...
Selecting previously unselected package libva-drm2:amd64.
Preparing to unpack .../044-libva-drm2_2.14.0-1_amd64.deb ...
Unpacking libva-drm2:amd64 (2.14.0-1) ...
Selecting previously unselected package libxfixes3:amd64.
Preparing to unpack .../045-libxfixes3_1%3a6.0.0-1_amd64.deb ...
Unpacking libxfixes3:amd64 (1:6.0.0-1) ...
Selecting previously unselected package libva-x11-2:amd64.
Preparing to unpack .../046-libva-x11-2_2.14.0-1_amd64.deb ...
Unpacking libva-x11-2:amd64 (2.14.0-1) ...
Selecting previously unselected package libvdpau1:amd64.
Preparing to unpack .../047-libvdpau1_1.4-3build2_amd64.deb ...
Unpacking libvdpau1:amd64 (1.4-3build2) ...
Selecting previously unselected package ocl-icd-libopencl1:amd64.
Preparing to unpack .../048-ocl-icd-libopencl1_2.2.14-3_amd64.deb ...
Unpacking ocl-icd-libopencl1:amd64 (2.2.14-3) ...
Selecting previously unselected package libavutil56:amd64.
Preparing to unpack .../049-libavutil56_7%3a4.4.2-0ubuntu0.22.04.1_amd64.deb ...
Unpacking libavutil56:amd64 (7:4.4.2-0ubuntu0.22.04.1) ...
Selecting previously unselected package libbrotli1:amd64.
Preparing to unpack .../050-libbrotli1_1.0.9-2build6_amd64.deb ...
Unpacking libbrotli1:amd64 (1.0.9-2build6) ...
Selecting previously unselected package libfreetype6:amd64.
Preparing to unpack .../051-libfreetype6_2.11.1+dfsg-1ubuntu0.3_amd64.deb ...
Unpacking libfreetype6:amd64 (2.11.1+dfsg-1ubuntu0.3) ...
Selecting previously unselected package fonts-dejavu-core.
Preparing to unpack .../052-fonts-dejavu-core_2.37-2build1_all.deb ...
Unpacking fonts-dejavu-core (2.37-2build1) ...
Selecting previously unselected package fontconfig-config.
Preparing to unpack .../053-fontconfig-config_2.13.1-4.2ubuntu5_all.deb ...
Unpacking fontconfig-config (2.13.1-4.2ubuntu5) ...
Selecting previously unselected package libfontconfig1:amd64.
Preparing to unpack .../054-libfontconfig1_2.13.1-4.2ubuntu5_amd64.deb ...
Unpacking libfontconfig1:amd64 (2.13.1-4.2ubuntu5) ...
Selecting previously unselected package libpixman-1-0:amd64.
Preparing to unpack .../055-libpixman-1-0_0.40.0-1ubuntu0.22.04.1_amd64.deb ...
Unpacking libpixman-1-0:amd64 (0.40.0-1ubuntu0.22.04.1) ...
Selecting previously unselected package libxcb-render0:amd64.
Preparing to unpack .../056-libxcb-render0_1.14-3ubuntu3_amd64.deb ...
Unpacking libxcb-render0:amd64 (1.14-3ubuntu3) ...
Selecting previously unselected package libxcb-shm0:amd64.
Preparing to unpack .../057-libxcb-shm0_1.14-3ubuntu3_amd64.deb ...
Unpacking libxcb-shm0:amd64 (1.14-3ubuntu3) ...
Selecting previously unselected package libxrender1:amd64.
Preparing to unpack .../058-libxrender1_1%3a0.9.10-1build4_amd64.deb ...
Unpacking libxrender1:amd64 (1:0.9.10-1build4) ...
Selecting previously unselected package libcairo2:amd64.
Preparing to unpack .../059-libcairo2_1.16.0-5ubuntu2.1_amd64.deb ...
Unpacking libcairo2:amd64 (1.16.0-5ubuntu2.1) ...
Selecting previously unselected package libcodec2-1.0:amd64.
Preparing to unpack .../060-libcodec2-1.0_1.0.1-3_amd64.deb ...
Unpacking libcodec2-1.0:amd64 (1.0.1-3) ...
Selecting previously unselected package libdav1d5:amd64.
Preparing to unpack .../061-libdav1d5_0.9.2-1_amd64.deb ...
Unpacking libdav1d5:amd64 (0.9.2-1) ...
Selecting previously unselected package libgsm1:amd64.
Preparing to unpack .../062-libgsm1_1.0.19-1_amd64.deb ...
Unpacking libgsm1:amd64 (1.0.19-1) ...
Selecting previously unselected package libmp3lame0:amd64.
Preparing to unpack .../063-libmp3lame0_3.100-3build2_amd64.deb ...
Unpacking libmp3lame0:amd64 (3.100-3build2) ...
Selecting previously unselected package libopenjp2-7:amd64.
Preparing to unpack .../064-libopenjp2-7_2.4.0-6ubuntu0.5_amd64.deb ...
Unpacking libopenjp2-7:amd64 (2.4.0-6ubuntu0.5) ...
Selecting previously unselected package libopus0:amd64.
Preparing to unpack .../065-libopus0_1.3.1-0.1build2_amd64.deb ...
Unpacking libopus0:amd64 (1.3.1-0.1build2) ...
Selecting previously unselected package libcairo-gobject2:amd64.
Preparing to unpack .../066-libcairo-gobject2_1.16.0-5ubuntu2.1_amd64.deb ...
Unpacking libcairo-gobject2:amd64 (1.16.0-5ubuntu2.1) ...
Selecting previously unselected package libgdk-pixbuf2.0-common.
Preparing to unpack .../067-libgdk-pixbuf2.0-common_2.42.8+dfsg-1ubuntu0.5_all.deb ...
Unpacking libgdk-pixbuf2.0-common (2.42.8+dfsg-1ubuntu0.5) ...
Selecting previously unselected package libdeflate0:amd64.
Preparing to unpack .../068-libdeflate0_1.10-2_amd64.deb ...
Unpacking libdeflate0:amd64 (1.10-2) ...
Selecting previously unselected package libjbig0:amd64.
Preparing to unpack .../069-libjbig0_2.1-3.1ubuntu0.22.04.1_amd64.deb ...
Unpacking libjbig0:amd64 (2.1-3.1ubuntu0.22.04.1) ...
Selecting previously unselected package libwebp7:amd64.
Preparing to unpack .../070-libwebp7_1.2.2-2ubuntu0.22.04.2_amd64.deb ...
Unpacking libwebp7:amd64 (1.2.2-2ubuntu0.22.04.2) ...
Selecting previously unselected package libtiff5:amd64.
Preparing to unpack .../071-libtiff5_4.3.0-6ubuntu0.13_amd64.deb ...
Unpacking libtiff5:amd64 (4.3.0-6ubuntu0.13) ...
Selecting previously unselected package libgdk-pixbuf-2.0-0:amd64.
Preparing to unpack .../072-libgdk-pixbuf-2.0-0_2.42.8+dfsg-1ubuntu0.5_amd64.deb ...
Unpacking libgdk-pixbuf-2.0-0:amd64 (2.42.8+dfsg-1ubuntu0.5) ...
Selecting previously unselected package fontconfig.
Preparing to unpack .../073-fontconfig_2.13.1-4.2ubuntu5_amd64.deb ...
Unpacking fontconfig (2.13.1-4.2ubuntu5) ...
Selecting previously unselected package libgraphite2-3:amd64.
Preparing to unpack .../074-libgraphite2-3_1.3.14-1ubuntu0.1_amd64.deb ...
Unpacking libgraphite2-3:amd64 (1.3.14-1ubuntu0.1) ...
Selecting previously unselected package libharfbuzz0b:amd64.
Preparing to unpack .../075-libharfbuzz0b_2.7.4-1ubuntu3.2_amd64.deb ...
Unpacking libharfbuzz0b:amd64 (2.7.4-1ubuntu3.2) ...
Selecting previously unselected package libthai-data.
Preparing to unpack .../076-libthai-data_0.1.29-1build1_all.deb ...
Unpacking libthai-data (0.1.29-1build1) ...
Selecting previously unselected package libdatrie1:amd64.
Preparing to unpack .../077-libdatrie1_0.2.13-2_amd64.deb ...
Unpacking libdatrie1:amd64 (0.2.13-2) ...
Selecting previously unselected package libthai0:amd64.
Preparing to unpack .../078-libthai0_0.1.29-1build1_amd64.deb ...
Unpacking libthai0:amd64 (0.1.29-1build1) ...
Selecting previously unselected package libpango-1.0-0:amd64.
Preparing to unpack .../079-libpango-1.0-0_1.50.6+ds-2ubuntu1_amd64.deb ...
Unpacking libpango-1.0-0:amd64 (1.50.6+ds-2ubuntu1) ...
Selecting previously unselected package libpangoft2-1.0-0:amd64.
Preparing to unpack .../080-libpangoft2-1.0-0_1.50.6+ds-2ubuntu1_amd64.deb ...
Unpacking libpangoft2-1.0-0:amd64 (1.50.6+ds-2ubuntu1) ...
Selecting previously unselected package libpangocairo-1.0-0:amd64.
Preparing to unpack .../081-libpangocairo-1.0-0_1.50.6+ds-2ubuntu1_amd64.deb ...
Unpacking libpangocairo-1.0-0:amd64 (1.50.6+ds-2ubuntu1) ...
Selecting previously unselected package librsvg2-2:amd64.
Preparing to unpack .../082-librsvg2-2_2.52.5+dfsg-3ubuntu0.2_amd64.deb ...
Unpacking librsvg2-2:amd64 (2.52.5+dfsg-3ubuntu0.2) ...
Selecting previously unselected package libshine3:amd64.
Preparing to unpack .../083-libshine3_3.1.1-2_amd64.deb ...
Unpacking libshine3:amd64 (3.1.1-2) ...
Selecting previously unselected package libsnappy1v5:amd64.
Preparing to unpack .../084-libsnappy1v5_1.1.8-1build3_amd64.deb ...
Unpacking libsnappy1v5:amd64 (1.1.8-1build3) ...
Selecting previously unselected package libspeex1:amd64.
Preparing to unpack .../085-libspeex1_1.2~rc1.2-1.1ubuntu3_amd64.deb ...
Unpacking libspeex1:amd64 (1.2~rc1.2-1.1ubuntu3) ...
Selecting previously unselected package libsoxr0:amd64.
Preparing to unpack .../086-libsoxr0_0.1.3-4build2_amd64.deb ...
Unpacking libsoxr0:amd64 (0.1.3-4build2) ...
Selecting previously unselected package libswresample3:amd64.
Preparing to unpack .../087-libswresample3_7%3a4.4.2-0ubuntu0.22.04.1_amd64.deb ...
Unpacking libswresample3:amd64 (7:4.4.2-0ubuntu0.22.04.1) ...
Selecting previously unselected package libogg0:amd64.
Preparing to unpack .../088-libogg0_1.3.5-0ubuntu3_amd64.deb ...
Unpacking libogg0:amd64 (1.3.5-0ubuntu3) ...
Selecting previously unselected package libtheora0:amd64.
Preparing to unpack .../089-libtheora0_1.1.1+dfsg.1-15ubuntu4_amd64.deb ...
Unpacking libtheora0:amd64 (1.1.1+dfsg.1-15ubuntu4) ...
Selecting previously unselected package libtwolame0:amd64.
Preparing to unpack .../090-libtwolame0_0.4.0-2build2_amd64.deb ...
Unpacking libtwolame0:amd64 (0.4.0-2build2) ...
Selecting previously unselected package libvorbis0a:amd64.
Preparing to unpack .../091-libvorbis0a_1.3.7-1build2_amd64.deb ...
Unpacking libvorbis0a:amd64 (1.3.7-1build2) ...
Selecting previously unselected package libvorbisenc2:amd64.
Preparing to unpack .../092-libvorbisenc2_1.3.7-1build2_amd64.deb ...
Unpacking libvorbisenc2:amd64 (1.3.7-1build2) ...
Selecting previously unselected package libvpx7:amd64.
Preparing to unpack .../093-libvpx7_1.11.0-2ubuntu2.5_amd64.deb ...
Unpacking libvpx7:amd64 (1.11.0-2ubuntu2.5) ...
Selecting previously unselected package libwebpmux3:amd64.
Preparing to unpack .../094-libwebpmux3_1.2.2-2ubuntu0.22.04.2_amd64.deb ...
Unpacking libwebpmux3:amd64 (1.2.2-2ubuntu0.22.04.2) ...
Selecting previously unselected package libx264-163:amd64.
Preparing to unpack .../095-libx264-163_2%3a0.163.3060+git5db6aa6-2build1_amd64.deb ...
Unpacking libx264-163:amd64 (2:0.163.3060+git5db6aa6-2build1) ...
Selecting previously unselected package libx265-199:amd64.
Preparing to unpack .../096-libx265-199_3.5-2_amd64.deb ...
Unpacking libx265-199:amd64 (3.5-2) ...
Selecting previously unselected package libxvidcore4:amd64.
Preparing to unpack .../097-libxvidcore4_2%3a1.3.7-1_amd64.deb ...
Unpacking libxvidcore4:amd64 (2:1.3.7-1) ...
Selecting previously unselected package libzvbi-common.
Preparing to unpack .../098-libzvbi-common_0.2.35-19_all.deb ...
Unpacking libzvbi-common (0.2.35-19) ...
Selecting previously unselected package libzvbi0:amd64.
Preparing to unpack .../099-libzvbi0_0.2.35-19_amd64.deb ...
Unpacking libzvbi0:amd64 (0.2.35-19) ...
Selecting previously unselected package libavcodec58:amd64.
Preparing to unpack .../100-libavcodec58_7%3a4.4.2-0ubuntu0.22.04.1_amd64.deb ...
Unpacking libavcodec58:amd64 (7:4.4.2-0ubuntu0.22.04.1) ...
Selecting previously unselected package libraw1394-11:amd64.
Preparing to unpack .../101-libraw1394-11_2.1.2-2build2_amd64.deb ...
Unpacking libraw1394-11:amd64 (2.1.2-2build2) ...
Selecting previously unselected package libavc1394-0:amd64.
Preparing to unpack .../102-libavc1394-0_0.5.4-5build2_amd64.deb ...
Unpacking libavc1394-0:amd64 (0.5.4-5build2) ...
Selecting previously unselected package libass9:amd64.
Preparing to unpack .../103-libass9_1%3a0.15.2-1_amd64.deb ...
Unpacking libass9:amd64 (1:0.15.2-1) ...
Selecting previously unselected package libudfread0:amd64.
Preparing to unpack .../104-libudfread0_1.1.2-1_amd64.deb ...
Unpacking libudfread0:amd64 (1.1.2-1) ...
Selecting previously unselected package libbluray2:amd64.
Preparing to unpack .../105-libbluray2_1%3a1.3.1-1_amd64.deb ...
Unpacking libbluray2:amd64 (1:1.3.1-1) ...
Selecting previously unselected package libchromaprint1:amd64.
Preparing to unpack .../106-libchromaprint1_1.5.1-2_amd64.deb ...
Unpacking libchromaprint1:amd64 (1.5.1-2) ...
Selecting previously unselected package libgme0:amd64.
Preparing to unpack .../107-libgme0_0.6.3-2_amd64.deb ...
Unpacking libgme0:amd64 (0.6.3-2) ...
Selecting previously unselected package libmpg123-0:amd64.
Preparing to unpack .../108-libmpg123-0_1.29.3-1ubuntu0.1_amd64.deb ...
Unpacking libmpg123-0:amd64 (1.29.3-1ubuntu0.1) ...
Selecting previously unselected package libvorbisfile3:amd64.
Preparing to unpack .../109-libvorbisfile3_1.3.7-1build2_amd64.deb ...
Unpacking libvorbisfile3:amd64 (1.3.7-1build2) ...
Selecting previously unselected package libopenmpt0:amd64.
Preparing to unpack .../110-libopenmpt0_0.6.1-1_amd64.deb ...
Unpacking libopenmpt0:amd64 (0.6.1-1) ...
Selecting previously unselected package librabbitmq4:amd64.
Preparing to unpack .../111-librabbitmq4_0.10.0-1ubuntu2.1_amd64.deb ...
Unpacking librabbitmq4:amd64 (0.10.0-1ubuntu2.1) ...
Selecting previously unselected package libsrt1.4-gnutls:amd64.
Preparing to unpack .../112-libsrt1.4-gnutls_1.4.4-4_amd64.deb ...
Unpacking libsrt1.4-gnutls:amd64 (1.4.4-4) ...
Selecting previously unselected package libssh-gcrypt-4:amd64.
Preparing to unpack .../113-libssh-gcrypt-4_0.9.6-2ubuntu0.22.04.7_amd64.deb ...
Unpacking libssh-gcrypt-4:amd64 (0.9.6-2ubuntu0.22.04.7) ...
Selecting previously unselected package libnorm1:amd64.
Preparing to unpack .../114-libnorm1_1.5.9+dfsg-2_amd64.deb ...
Unpacking libnorm1:amd64 (1.5.9+dfsg-2) ...
Selecting previously unselected package libpgm-5.3-0:amd64.
Preparing to unpack .../115-libpgm-5.3-0_5.3.128~dfsg-2_amd64.deb ...
Unpacking libpgm-5.3-0:amd64 (5.3.128~dfsg-2) ...
Selecting previously unselected package libsodium23:amd64.
Preparing to unpack .../116-libsodium23_1.0.18-1ubuntu0.22.04.1_amd64.deb ...
Unpacking libsodium23:amd64 (1.0.18-1ubuntu0.22.04.1) ...
Selecting previously unselected package libzmq5:amd64.
Preparing to unpack .../117-libzmq5_4.3.4-2_amd64.deb ...
Unpacking libzmq5:amd64 (4.3.4-2) ...
Selecting previously unselected package libavformat58:amd64.
Preparing to unpack .../118-libavformat58_7%3a4.4.2-0ubuntu0.22.04.1_amd64.deb ...
Unpacking libavformat58:amd64 (7:4.4.2-0ubuntu0.22.04.1) ...
Selecting previously unselected package libbs2b0:amd64.
Preparing to unpack .../119-libbs2b0_3.1.0+dfsg-2.2build1_amd64.deb ...
Unpacking libbs2b0:amd64 (3.1.0+dfsg-2.2build1) ...
Selecting previously unselected package libflite1:amd64.
Preparing to unpack .../120-libflite1_2.2-3_amd64.deb ...
Unpacking libflite1:amd64 (2.2-3) ...
Selecting previously unselected package libserd-0-0:amd64.
Preparing to unpack .../121-libserd-0-0_0.30.10-2_amd64.deb ...
Unpacking libserd-0-0:amd64 (0.30.10-2) ...
Selecting previously unselected package libsord-0-0:amd64.
Preparing to unpack .../122-libsord-0-0_0.16.8-2_amd64.deb ...
Unpacking libsord-0-0:amd64 (0.16.8-2) ...
Selecting previously unselected package libsratom-0-0:amd64.
Preparing to unpack .../123-libsratom-0-0_0.6.8-1_amd64.deb ...
Unpacking libsratom-0-0:amd64 (0.6.8-1) ...
Selecting previously unselected package liblilv-0-0:amd64.
Preparing to unpack .../124-liblilv-0-0_0.24.12-2_amd64.deb ...
Unpacking liblilv-0-0:amd64 (0.24.12-2) ...
Selecting previously unselected package libmysofa1:amd64.
Preparing to unpack .../125-libmysofa1_1.2.1~dfsg0-1_amd64.deb ...
Unpacking libmysofa1:amd64 (1.2.1~dfsg0-1) ...
Selecting previously unselected package libblas3:amd64.
Preparing to unpack .../126-libblas3_3.10.0-2ubuntu1_amd64.deb ...
Unpacking libblas3:amd64 (3.10.0-2ubuntu1) ...
Selecting previously unselected package libgfortran5:amd64.
Preparing to unpack .../127-libgfortran5_12.3.0-1ubuntu1~22.04.3_amd64.deb ...
Unpacking libgfortran5:amd64 (12.3.0-1ubuntu1~22.04.3) ...
Selecting previously unselected package liblapack3:amd64.
Preparing to unpack .../128-liblapack3_3.10.0-2ubuntu1_amd64.deb ...
Unpacking liblapack3:amd64 (3.10.0-2ubuntu1) ...
Selecting previously unselected package libasyncns0:amd64.
Preparing to unpack .../129-libasyncns0_0.8-6build2_amd64.deb ...
Unpacking libasyncns0:amd64 (0.8-6build2) ...
Selecting previously unselected package libflac8:amd64.
Preparing to unpack .../130-libflac8_1.3.3-2ubuntu0.2_amd64.deb ...
Unpacking libflac8:amd64 (1.3.3-2ubuntu0.2) ...
Selecting previously unselected package libsndfile1:amd64.
Preparing to unpack .../131-libsndfile1_1.0.31-2ubuntu0.2_amd64.deb ...
Unpacking libsndfile1:amd64 (1.0.31-2ubuntu0.2) ...
Selecting previously unselected package libx11-xcb1:amd64.
Preparing to unpack .../132-libx11-xcb1_2%3a1.7.5-1ubuntu0.3_amd64.deb ...
Unpacking libx11-xcb1:amd64 (2:1.7.5-1ubuntu0.3) ...
Selecting previously unselected package libpulse0:amd64.
Preparing to unpack .../133-libpulse0_1%3a15.99.1+dfsg1-1ubuntu2.2_amd64.deb ...
Unpacking libpulse0:amd64 (1:15.99.1+dfsg1-1ubuntu2.2) ...
Selecting previously unselected package libsphinxbase3:amd64.
Preparing to unpack .../134-libsphinxbase3_0.8+5prealpha+1-13build1_amd64.deb ...
Unpacking libsphinxbase3:amd64 (0.8+5prealpha+1-13build1) ...
Selecting previously unselected package libpocketsphinx3:amd64.
Preparing to unpack .../135-libpocketsphinx3_0.8.0+real5prealpha+1-14ubuntu1_amd64.deb ...
Unpacking libpocketsphinx3:amd64 (0.8.0+real5prealpha+1-14ubuntu1) ...
Selecting previously unselected package libpostproc55:amd64.
Preparing to unpack .../136-libpostproc55_7%3a4.4.2-0ubuntu0.22.04.1_amd64.deb ...
Unpacking libpostproc55:amd64 (7:4.4.2-0ubuntu0.22.04.1) ...
Selecting previously unselected package libsamplerate0:amd64.
Preparing to unpack .../137-libsamplerate0_0.2.2-1build1_amd64.deb ...
Unpacking libsamplerate0:amd64 (0.2.2-1build1) ...
Selecting previously unselected package librubberband2:amd64.
Preparing to unpack .../138-librubberband2_2.0.0-2_amd64.deb ...
Unpacking librubberband2:amd64 (2.0.0-2) ...
Selecting previously unselected package libswscale5:amd64.
Preparing to unpack .../139-libswscale5_7%3a4.4.2-0ubuntu0.22.04.1_amd64.deb ...
Unpacking libswscale5:amd64 (7:4.4.2-0ubuntu0.22.04.1) ...
Selecting previously unselected package libvidstab1.1:amd64.
Preparing to unpack .../140-libvidstab1.1_1.1.0-2_amd64.deb ...
Unpacking libvidstab1.1:amd64 (1.1.0-2) ...
Selecting previously unselected package libzimg2:amd64.
Preparing to unpack .../141-libzimg2_3.0.3+ds1-1_amd64.deb ...
Unpacking libzimg2:amd64 (3.0.3+ds1-1) ...
Selecting previously unselected package libavfilter7:amd64.
Preparing to unpack .../142-libavfilter7_7%3a4.4.2-0ubuntu0.22.04.1_amd64.deb ...
Unpacking libavfilter7:amd64 (7:4.4.2-0ubuntu0.22.04.1) ...
Selecting previously unselected package libcaca0:amd64.
Preparing to unpack .../143-libcaca0_0.99.beta19-2.2ubuntu4.2_amd64.deb ...
Unpacking libcaca0:amd64 (0.99.beta19-2.2ubuntu4.2) ...
Selecting previously unselected package libcdio19:amd64.
Preparing to unpack .../144-libcdio19_2.1.0-3ubuntu0.2_amd64.deb ...
Unpacking libcdio19:amd64 (2.1.0-3ubuntu0.2) ...
Selecting previously unselected package libcdio-cdda2:amd64.
Preparing to unpack .../145-libcdio-cdda2_10.2+2.0.0-1build3_amd64.deb ...
Unpacking libcdio-cdda2:amd64 (10.2+2.0.0-1build3) ...
Selecting previously unselected package libcdio-paranoia2:amd64.
Preparing to unpack .../146-libcdio-paranoia2_10.2+2.0.0-1build3_amd64.deb ...
Unpacking libcdio-paranoia2:amd64 (10.2+2.0.0-1build3) ...
Selecting previously unselected package libdc1394-25:amd64.
Preparing to unpack .../147-libdc1394-25_2.2.6-4_amd64.deb ...
Unpacking libdc1394-25:amd64 (2.2.6-4) ...
Selecting previously unselected package libglvnd0:amd64.
Preparing to unpack .../148-libglvnd0_1.4.0-1_amd64.deb ...
Unpacking libglvnd0:amd64 (1.4.0-1) ...
Selecting previously unselected package libglapi-mesa:amd64.
Preparing to unpack .../149-libglapi-mesa_23.2.1-1ubuntu3.1~22.04.4_amd64.deb ...
Unpacking libglapi-mesa:amd64 (23.2.1-1ubuntu3.1~22.04.4) ...
Selecting previously unselected package libxcb-dri2-0:amd64.
Preparing to unpack .../150-libxcb-dri2-0_1.14-3ubuntu3_amd64.deb ...
Unpacking libxcb-dri2-0:amd64 (1.14-3ubuntu3) ...
Selecting previously unselected package libxcb-dri3-0:amd64.
Preparing to unpack .../151-libxcb-dri3-0_1.14-3ubuntu3_amd64.deb ...
Unpacking libxcb-dri3-0:amd64 (1.14-3ubuntu3) ...
Selecting previously unselected package libxcb-glx0:amd64.
Preparing to unpack .../152-libxcb-glx0_1.14-3ubuntu3_amd64.deb ...
Unpacking libxcb-glx0:amd64 (1.14-3ubuntu3) ...
Selecting previously unselected package libxcb-present0:amd64.
Preparing to unpack .../153-libxcb-present0_1.14-3ubuntu3_amd64.deb ...
Unpacking libxcb-present0:amd64 (1.14-3ubuntu3) ...
Selecting previously unselected package libxcb-randr0:amd64.
Preparing to unpack .../154-libxcb-randr0_1.14-3ubuntu3_amd64.deb ...
Unpacking libxcb-randr0:amd64 (1.14-3ubuntu3) ...
Selecting previously unselected package libxcb-sync1:amd64.
Preparing to unpack .../155-libxcb-sync1_1.14-3ubuntu3_amd64.deb ...
Unpacking libxcb-sync1:amd64 (1.14-3ubuntu3) ...
Selecting previously unselected package libxcb-xfixes0:amd64.
Preparing to unpack .../156-libxcb-xfixes0_1.14-3ubuntu3_amd64.deb ...
Unpacking libxcb-xfixes0:amd64 (1.14-3ubuntu3) ...
Selecting previously unselected package libxshmfence1:amd64.
Preparing to unpack .../157-libxshmfence1_1.3-1build4_amd64.deb ...
Unpacking libxshmfence1:amd64 (1.3-1build4) ...
Selecting previously unselected package libxxf86vm1:amd64.
Preparing to unpack .../158-libxxf86vm1_1%3a1.1.4-1build3_amd64.deb ...
Unpacking libxxf86vm1:amd64 (1:1.1.4-1build3) ...
Selecting previously unselected package libdrm-amdgpu1:amd64.
Preparing to unpack .../159-libdrm-amdgpu1_2.4.113-2~ubuntu0.22.04.1_amd64.deb ...
Unpacking libdrm-amdgpu1:amd64 (2.4.113-2~ubuntu0.22.04.1) ...
Selecting previously unselected package libpciaccess0:amd64.
Preparing to unpack .../160-libpciaccess0_0.16-3_amd64.deb ...
Unpacking libpciaccess0:amd64 (0.16-3) ...
Selecting previously unselected package libdrm-intel1:amd64.
Preparing to unpack .../161-libdrm-intel1_2.4.113-2~ubuntu0.22.04.1_amd64.deb ...
Unpacking libdrm-intel1:amd64 (2.4.113-2~ubuntu0.22.04.1) ...
Selecting previously unselected package libdrm-nouveau2:amd64.
Preparing to unpack .../162-libdrm-nouveau2_2.4.113-2~ubuntu0.22.04.1_amd64.deb ...
Unpacking libdrm-nouveau2:amd64 (2.4.113-2~ubuntu0.22.04.1) ...
Selecting previously unselected package libdrm-radeon1:amd64.
Preparing to unpack .../163-libdrm-radeon1_2.4.113-2~ubuntu0.22.04.1_amd64.deb ...
Unpacking libdrm-radeon1:amd64 (2.4.113-2~ubuntu0.22.04.1) ...
Selecting previously unselected package libllvm15:amd64.
Preparing to unpack .../164-libllvm15_1%3a15.0.7-0ubuntu0.22.04.3_amd64.deb ...
Unpacking libllvm15:amd64 (1:15.0.7-0ubuntu0.22.04.3) ...
Selecting previously unselected package libsensors-config.
Preparing to unpack .../165-libsensors-config_1%3a3.6.0-7ubuntu1_all.deb ...
Unpacking libsensors-config (1:3.6.0-7ubuntu1) ...
Selecting previously unselected package libsensors5:amd64.
Preparing to unpack .../166-libsensors5_1%3a3.6.0-7ubuntu1_amd64.deb ...
Unpacking libsensors5:amd64 (1:3.6.0-7ubuntu1) ...
Selecting previously unselected package libgl1-mesa-dri:amd64.
Preparing to unpack .../167-libgl1-mesa-dri_23.2.1-1ubuntu3.1~22.04.4_amd64.deb ...
Unpacking libgl1-mesa-dri:amd64 (23.2.1-1ubuntu3.1~22.04.4) ...
Selecting previously unselected package libglx-mesa0:amd64.
Preparing to unpack .../168-libglx-mesa0_23.2.1-1ubuntu3.1~22.04.4_amd64.deb ...
Unpacking libglx-mesa0:amd64 (23.2.1-1ubuntu3.1~22.04.4) ...
Selecting previously unselected package libglx0:amd64.
Preparing to unpack .../169-libglx0_1.4.0-1_amd64.deb ...
Unpacking libglx0:amd64 (1.4.0-1) ...
Selecting previously unselected package libgl1:amd64.
Preparing to unpack .../170-libgl1_1.4.0-1_amd64.deb ...
Unpacking libgl1:amd64 (1.4.0-1) ...
Selecting previously unselected package libiec61883-0:amd64.
Preparing to unpack .../171-libiec61883-0_1.2.0-4build3_amd64.deb ...
Unpacking libiec61883-0:amd64 (1.2.0-4build3) ...
Selecting previously unselected package libjack-jackd2-0:amd64.
Preparing to unpack .../172-libjack-jackd2-0_1.9.20~dfsg-1_amd64.deb ...
Unpacking libjack-jackd2-0:amd64 (1.9.20~dfsg-1) ...
Selecting previously unselected package libopenal-data.
Preparing to unpack .../173-libopenal-data_1%3a1.19.1-2build3_all.deb ...
Unpacking libopenal-data (1:1.19.1-2build3) ...
Selecting previously unselected package libsndio7.0:amd64.
Preparing to unpack .../174-libsndio7.0_1.8.1-1.1_amd64.deb ...
Unpacking libsndio7.0:amd64 (1.8.1-1.1) ...
Selecting previously unselected package libopenal1:amd64.
Preparing to unpack .../175-libopenal1_1%3a1.19.1-2build3_amd64.deb ...
Unpacking libopenal1:amd64 (1:1.19.1-2build3) ...
Selecting previously unselected package libwayland-client0:amd64.
Preparing to unpack .../176-libwayland-client0_1.20.0-1ubuntu0.1_amd64.deb ...
Unpacking libwayland-client0:amd64 (1.20.0-1ubuntu0.1) ...
Selecting previously unselected package libdecor-0-0:amd64.
Preparing to unpack .../177-libdecor-0-0_0.1.0-3build1_amd64.deb ...
Unpacking libdecor-0-0:amd64 (0.1.0-3build1) ...
Selecting previously unselected package libwayland-server0:amd64.
Preparing to unpack .../178-libwayland-server0_1.20.0-1ubuntu0.1_amd64.deb ...
Unpacking libwayland-server0:amd64 (1.20.0-1ubuntu0.1) ...
Selecting previously unselected package libgbm1:amd64.
Preparing to unpack .../179-libgbm1_23.2.1-1ubuntu3.1~22.04.4_amd64.deb ...
Unpacking libgbm1:amd64 (23.2.1-1ubuntu3.1~22.04.4) ...
Selecting previously unselected package libwayland-cursor0:amd64.
Preparing to unpack .../180-libwayland-cursor0_1.20.0-1ubuntu0.1_amd64.deb ...
Unpacking libwayland-cursor0:amd64 (1.20.0-1ubuntu0.1) ...
Selecting previously unselected package libwayland-egl1:amd64.
Preparing to unpack .../181-libwayland-egl1_1.20.0-1ubuntu0.1_amd64.deb ...
Unpacking libwayland-egl1:amd64 (1.20.0-1ubuntu0.1) ...
Selecting previously unselected package libxcursor1:amd64.
Preparing to unpack .../182-libxcursor1_1%3a1.2.0-2build4_amd64.deb ...
Unpacking libxcursor1:amd64 (1:1.2.0-2build4) ...
Selecting previously unselected package libxi6:amd64.
Preparing to unpack .../183-libxi6_2%3a1.8-1build1_amd64.deb ...
Unpacking libxi6:amd64 (2:1.8-1build1) ...
Selecting previously unselected package libxinerama1:amd64.
Preparing to unpack .../184-libxinerama1_2%3a1.1.4-3_amd64.deb ...
Unpacking libxinerama1:amd64 (2:1.1.4-3) ...
Selecting previously unselected package libxkbcommon0:amd64.
Preparing to unpack .../185-libxkbcommon0_1.4.0-1_amd64.deb ...
Unpacking libxkbcommon0:amd64 (1.4.0-1) ...
Selecting previously unselected package libxrandr2:amd64.
Preparing to unpack .../186-libxrandr2_2%3a1.5.2-1build1_amd64.deb ...
Unpacking libxrandr2:amd64 (2:1.5.2-1build1) ...
Selecting previously unselected package x11-common.
Preparing to unpack .../187-x11-common_1%3a7.7+23ubuntu2_all.deb ...
Unpacking x11-common (1:7.7+23ubuntu2) ...
Selecting previously unselected package libxss1:amd64.
Preparing to unpack .../188-libxss1_1%3a1.2.3-1build2_amd64.deb ...
Unpacking libxss1:amd64 (1:1.2.3-1build2) ...
Selecting previously unselected package libsdl2-2.0-0:amd64.
Preparing to unpack .../189-libsdl2-2.0-0_2.0.20+dfsg-2ubuntu1.22.04.1_amd64.deb ...
Unpacking libsdl2-2.0-0:amd64 (2.0.20+dfsg-2ubuntu1.22.04.1) ...
Selecting previously unselected package libxcb-shape0:amd64.
Preparing to unpack .../190-libxcb-shape0_1.14-3ubuntu3_amd64.deb ...
Unpacking libxcb-shape0:amd64 (1.14-3ubuntu3) ...
Selecting previously unselected package libxv1:amd64.
Preparing to unpack .../191-libxv1_2%3a1.0.11-1build2_amd64.deb ...
Unpacking libxv1:amd64 (2:1.0.11-1build2) ...
Selecting previously unselected package libavdevice58:amd64.
Preparing to unpack .../192-libavdevice58_7%3a4.4.2-0ubuntu0.22.04.1_amd64.deb ...
Unpacking libavdevice58:amd64 (7:4.4.2-0ubuntu0.22.04.1) ...
Selecting previously unselected package ffmpeg.
Preparing to unpack .../193-ffmpeg_7%3a4.4.2-0ubuntu0.22.04.1_amd64.deb ...
Unpacking ffmpeg (7:4.4.2-0ubuntu0.22.04.1) ...
Selecting previously unselected package librtmp1:amd64.
Preparing to unpack .../194-librtmp1_2.4+20151223.gitfa8646d.1-2build4_amd64.deb ...
Unpacking librtmp1:amd64 (2.4+20151223.gitfa8646d.1-2build4) ...
Selecting previously unselected package libssh-4:amd64.
Preparing to unpack .../195-libssh-4_0.9.6-2ubuntu0.22.04.7_amd64.deb ...
Unpacking libssh-4:amd64 (0.9.6-2ubuntu0.22.04.7) ...
Selecting previously unselected package libcurl3-gnutls:amd64.
Preparing to unpack .../196-libcurl3-gnutls_7.81.0-1ubuntu1.26_amd64.deb ...
Unpacking libcurl3-gnutls:amd64 (7.81.0-1ubuntu1.26) ...
Selecting previously unselected package liberror-perl.
Preparing to unpack .../197-liberror-perl_0.17029-1_all.deb ...
Unpacking liberror-perl (0.17029-1) ...
Selecting previously unselected package git-man.
Preparing to unpack .../198-git-man_1%3a2.34.1-1ubuntu1.17_all.deb ...
Unpacking git-man (1:2.34.1-1ubuntu1.17) ...
Selecting previously unselected package git.
Preparing to unpack .../199-git_1%3a2.34.1-1ubuntu1.17_amd64.deb ...
Unpacking git (1:2.34.1-1ubuntu1.17) ...
Selecting previously unselected package libigdgmm12:amd64.
Preparing to unpack .../200-libigdgmm12_22.1.2+ds1-1_amd64.deb ...
Unpacking libigdgmm12:amd64 (22.1.2+ds1-1) ...
Selecting previously unselected package intel-media-va-driver:amd64.
Preparing to unpack .../201-intel-media-va-driver_22.3.1+dfsg1-1ubuntu2_amd64.deb ...
Unpacking intel-media-va-driver:amd64 (22.3.1+dfsg1-1ubuntu2) ...
Selecting previously unselected package libaacs0:amd64.
Preparing to unpack .../202-libaacs0_0.11.1-1_amd64.deb ...
Unpacking libaacs0:amd64 (0.11.1-1) ...
Selecting previously unselected package libbdplus0:amd64.
Preparing to unpack .../203-libbdplus0_0.2.0-1_amd64.deb ...
Unpacking libbdplus0:amd64 (0.2.0-1) ...
Selecting previously unselected package libdecor-0-plugin-1-cairo:amd64.
Preparing to unpack .../204-libdecor-0-plugin-1-cairo_0.1.0-3build1_amd64.deb ...
Unpacking libdecor-0-plugin-1-cairo:amd64 (0.1.0-3build1) ...
Selecting previously unselected package libgdk-pixbuf2.0-bin.
Preparing to unpack .../205-libgdk-pixbuf2.0-bin_2.42.8+dfsg-1ubuntu0.5_amd64.deb ...
Unpacking libgdk-pixbuf2.0-bin (2.42.8+dfsg-1ubuntu0.5) ...
Selecting previously unselected package libgl1-amber-dri:amd64.
Preparing to unpack .../206-libgl1-amber-dri_21.3.9-0ubuntu1~22.04.2_amd64.deb ...
Unpacking libgl1-amber-dri:amd64 (21.3.9-0ubuntu1~22.04.2) ...
Selecting previously unselected package libgl1-mesa-glx:amd64.
Preparing to unpack .../207-libgl1-mesa-glx_23.0.4-0ubuntu1~22.04.1_amd64.deb ...
Unpacking libgl1-mesa-glx:amd64 (23.0.4-0ubuntu1~22.04.1) ...
Selecting previously unselected package librsvg2-common:amd64.
Preparing to unpack .../208-librsvg2-common_2.52.5+dfsg-3ubuntu0.2_amd64.deb ...
Unpacking librsvg2-common:amd64 (2.52.5+dfsg-3ubuntu0.2) ...
Selecting previously unselected package mesa-va-drivers:amd64.
Preparing to unpack .../209-mesa-va-drivers_23.2.1-1ubuntu3.1~22.04.4_amd64.deb ...
Unpacking mesa-va-drivers:amd64 (23.2.1-1ubuntu3.1~22.04.4) ...
Selecting previously unselected package mesa-vdpau-drivers:amd64.
Preparing to unpack .../210-mesa-vdpau-drivers_23.2.1-1ubuntu3.1~22.04.4_amd64.deb ...
Unpacking mesa-vdpau-drivers:amd64 (23.2.1-1ubuntu3.1~22.04.4) ...
Selecting previously unselected package i965-va-driver:amd64.
Preparing to unpack .../211-i965-va-driver_2.4.1+dfsg1-1_amd64.deb ...
Unpacking i965-va-driver:amd64 (2.4.1+dfsg1-1) ...
Selecting previously unselected package va-driver-all:amd64.
Preparing to unpack .../212-va-driver-all_2.14.0-1_amd64.deb ...
Unpacking va-driver-all:amd64 (2.14.0-1) ...
Selecting previously unselected package vdpau-driver-all:amd64.
Preparing to unpack .../213-vdpau-driver-all_1.4-3build2_amd64.deb ...
Unpacking vdpau-driver-all:amd64 (1.4-3build2) ...
Selecting previously unselected package pocketsphinx-en-us.
Preparing to unpack .../214-pocketsphinx-en-us_0.8.0+real5prealpha+1-14ubuntu1_all.deb ...
Unpacking pocketsphinx-en-us (0.8.0+real5prealpha+1-14ubuntu1) ...
Setting up libgme0:amd64 (0.6.3-2) ...
Setting up libssh-gcrypt-4:amd64 (0.9.6-2ubuntu0.22.04.7) ...
Setting up libexpat1:amd64 (2.4.7-1ubuntu0.7) ...
Setting up libgraphite2-3:amd64 (1.3.14-1ubuntu0.1) ...
Setting up libsrt1.4-gnutls:amd64 (1.4.4-4) ...
Setting up libpixman-1-0:amd64 (0.40.0-1ubuntu0.22.04.1) ...
Setting up libudfread0:amd64 (1.1.2-1) ...
Setting up libwayland-server0:amd64 (1.20.0-1ubuntu0.1) ...
Setting up libaom3:amd64 (3.3.0-1ubuntu0.1) ...
Setting up libpciaccess0:amd64 (0.16-3) ...
Setting up librabbitmq4:amd64 (0.10.0-1ubuntu2.1) ...
Setting up libxau6:amd64 (1:1.0.9-1build5) ...
Setting up libraw1394-11:amd64 (2.1.2-2build2) ...
Setting up libapparmor1:amd64 (3.0.4-2ubuntu2.5) ...
Setting up libpsl5:amd64 (0.21.0-1.2build2) ...
Setting up libcodec2-1.0:amd64 (1.0.1-3) ...
Setting up libsodium23:amd64 (1.0.18-1ubuntu0.22.04.1) ...
Setting up libmpg123-0:amd64 (1.29.3-1ubuntu0.1) ...
Setting up libogg0:amd64 (1.3.5-0ubuntu3) ...
Setting up libspeex1:amd64 (1.2~rc1.2-1.1ubuntu3) ...
Setting up libshine3:amd64 (3.1.1-2) ...
Setting up libtwolame0:amd64 (0.4.0-2build2) ...
Setting up libdatrie1:amd64 (0.2.13-2) ...
Setting up xdg-user-dirs (0.17-2ubuntu4) ...
Setting up libgsm1:amd64 (1.0.19-1) ...
Setting up libglib2.0-0:amd64 (2.72.4-0ubuntu2.9) ...
No schema files found: doing nothing.
Setting up libglvnd0:amd64 (1.4.0-1) ...
Setting up libpgm-5.3-0:amd64 (5.3.128~dfsg-2) ...
Setting up libcbor0.8:amd64 (0.8.0-2ubuntu1) ...
Setting up libbrotli1:amd64 (1.0.9-2build6) ...
Setting up libgdk-pixbuf2.0-common (2.42.8+dfsg-1ubuntu0.5) ...
Setting up libnorm1:amd64 (1.5.9+dfsg-2) ...
Setting up libmysofa1:amd64 (1.2.1~dfsg0-1) ...
Setting up x11-common (1:7.7+23ubuntu2) ...
debconf: unable to initialize frontend: Dialog
debconf: (No usable dialog-like program is installed, so the dialog based frontend cannot be used. at /usr/share/perl5/Debconf/FrontEnd/Dialog.pm line 78.)
debconf: falling back to frontend: Readline
invoke-rc.d: could not determine current runlevel
invoke-rc.d: policy-rc.d denied execution of start.
Setting up libsensors-config (1:3.6.0-7ubuntu1) ...
Setting up libnghttp2-14:amd64 (1.43.0-1ubuntu0.4) ...
Setting up libdeflate0:amd64 (1.10-2) ...
Setting up less (590-1ubuntu0.22.04.3) ...
Setting up xkb-data (2.33-1) ...
Setting up libigdgmm12:amd64 (22.1.2+ds1-1) ...
Setting up libgomp1:amd64 (12.3.0-1ubuntu1~22.04.3) ...
Setting up libcdio19:amd64 (2.1.0-3ubuntu0.2) ...
Setting up libxvidcore4:amd64 (2:1.3.7-1) ...
Setting up libjbig0:amd64 (2.1-3.1ubuntu0.22.04.1) ...
Setting up libsnappy1v5:amd64 (1.1.8-1build3) ...
Setting up libflac8:amd64 (1.3.3-2ubuntu0.2) ...
Setting up liberror-perl (0.17029-1) ...
Setting up libasound2-data (1.2.6.1-1ubuntu1.2) ...
Setting up libblas3:amd64 (3.10.0-2ubuntu1) ...
update-alternatives: using /usr/lib/x86_64-linux-gnu/blas/libblas.so.3 to provide /usr/lib/x86_64-linux-gnu/libblas.so.3 (libblas.so.3-x86_64-linux-gnu) in auto mode
Setting up libglib2.0-data (2.72.4-0ubuntu2.9) ...
Setting up libslang2:amd64 (2.3.2-5build4) ...
Setting up libva2:amd64 (2.14.0-1) ...
Setting up libfreetype6:amd64 (2.11.1+dfsg-1ubuntu0.3) ...
Setting up libx11-data (2:1.7.5-1ubuntu0.3) ...
Setting up librtmp1:amd64 (2.4+20151223.gitfa8646d.1-2build4) ...
Setting up libx264-163:amd64 (2:0.163.3060+git5db6aa6-2build1) ...
Setting up libdbus-1-3:amd64 (1.12.20-2ubuntu4.1) ...
Setting up dbus (1.12.20-2ubuntu4.1) ...
Setting up libfribidi0:amd64 (1.0.8-2ubuntu3.1) ...
Setting up libopus0:amd64 (1.3.1-0.1build2) ...
Setting up libquadmath0:amd64 (12.3.0-1ubuntu1~22.04.3) ...
Setting up intel-media-va-driver:amd64 (22.3.1+dfsg1-1ubuntu2) ...
Setting up libatomic1:amd64 (12.3.0-1ubuntu1~22.04.3) ...
Setting up libvorbis0a:amd64 (1.3.7-1build2) ...
Setting up fonts-dejavu-core (2.37-2build1) ...
Setting up ucf (3.0043) ...
debconf: unable to initialize frontend: Dialog
debconf: (No usable dialog-like program is installed, so the dialog based frontend cannot be used. at /usr/share/perl5/Debconf/FrontEnd/Dialog.pm line 78.)
debconf: falling back to frontend: Readline
Setting up libsensors5:amd64 (1:3.6.0-7ubuntu1) ...
Setting up libaacs0:amd64 (0.11.1-1) ...
Setting up pocketsphinx-en-us (0.8.0+real5prealpha+1-14ubuntu1) ...
Setting up libglapi-mesa:amd64 (23.2.1-1ubuntu3.1~22.04.4) ...
Setting up libssh-4:amd64 (0.9.6-2ubuntu0.22.04.7) ...
Setting up libgfortran5:amd64 (12.3.0-1ubuntu1~22.04.3) ...
Setting up libwebp7:amd64 (1.2.2-2ubuntu0.22.04.2) ...
Setting up libubsan1:amd64 (12.3.0-1ubuntu1~22.04.3) ...
Setting up libbdplus0:amd64 (0.2.0-1) ...
Setting up libnuma1:amd64 (2.0.14-3ubuntu2) ...
Setting up libvidstab1.1:amd64 (1.1.0-2) ...
Setting up libmd0:amd64 (1.0.4-1build1) ...
Setting up alsa-topology-conf (1.2.5.1-2) ...
Setting up ocl-icd-libopencl1:amd64 (2.2.14-3) ...
Setting up libasyncns0:amd64 (0.8-6build2) ...
Setting up libxshmfence1:amd64 (1.3-1build4) ...
Setting up libbs2b0:amd64 (3.1.0+dfsg-2.2build1) ...
Setting up libasound2:amd64 (1.2.6.1-1ubuntu1.2) ...
Setting up libzimg2:amd64 (3.0.3+ds1-1) ...
Setting up libopenjp2-7:amd64 (2.4.0-6ubuntu0.5) ...
Setting up git-man (1:2.34.1-1ubuntu1.17) ...
Setting up libharfbuzz0b:amd64 (2.7.4-1ubuntu3.2) ...
Setting up libopenal-data (1:1.19.1-2build3) ...
Setting up libthai-data (0.1.29-1build1) ...
Setting up libvpx7:amd64 (1.11.0-2ubuntu2.5) ...
Setting up libtiff5:amd64 (4.3.0-6ubuntu0.13) ...
Setting up libwayland-egl1:amd64 (1.20.0-1ubuntu0.1) ...
Setting up libusb-1.0-0:amd64 (2:1.0.25-1ubuntu2) ...
Setting up libdav1d5:amd64 (0.9.2-1) ...
Setting up libmfx1:amd64 (22.3.0-1) ...
Setting up libfido2-1:amd64 (1.10.0-1) ...
Setting up libsamplerate0:amd64 (0.2.2-1build1) ...
Setting up libwebpmux3:amd64 (1.2.2-2ubuntu0.22.04.2) ...
Setting up libbsd0:amd64 (0.11.5-1) ...
Setting up libdrm-common (2.4.113-2~ubuntu0.22.04.1) ...
Setting up libelf1:amd64 (0.186-1ubuntu0.1) ...
Setting up publicsuffix (20211207.1025-1) ...
Setting up libcc1-0:amd64 (12.3.0-1ubuntu1~22.04.3) ...
Setting up libzvbi-common (0.2.35-19) ...
Setting up liblsan0:amd64 (12.3.0-1ubuntu1~22.04.3) ...
Setting up libmp3lame0:amd64 (3.100-3build2) ...
Setting up libitm1:amd64 (12.3.0-1ubuntu1~22.04.3) ...
Setting up libvorbisenc2:amd64 (1.3.7-1build2) ...
Setting up libicu70:amd64 (70.1-2) ...
Setting up libiec61883-0:amd64 (1.2.0-4build3) ...
Setting up libserd-0-0:amd64 (0.30.10-2) ...
Setting up libxkbcommon0:amd64 (1.4.0-1) ...
Setting up libwayland-client0:amd64 (1.20.0-1ubuntu0.1) ...
Setting up libavc1394-0:amd64 (0.5.4-5build2) ...
Setting up libzvbi0:amd64 (0.2.35-19) ...
Setting up libxdmcp6:amd64 (1:1.1.3-0ubuntu5) ...
Setting up liblapack3:amd64 (3.10.0-2ubuntu1) ...
update-alternatives: using /usr/lib/x86_64-linux-gnu/lapack/liblapack.so.3 to provide /usr/lib/x86_64-linux-gnu/liblapack.so.3 (liblapack.so.3-x86_64-linux-gnu) in auto mode
Setting up libxcb1:amd64 (1.14-3ubuntu3) ...
Setting up libxcb-xfixes0:amd64 (1.14-3ubuntu3) ...
Setting up libzmq5:amd64 (4.3.4-2) ...
Setting up libcaca0:amd64 (0.99.beta19-2.2ubuntu4.2) ...
Setting up alsa-ucm-conf (1.2.6.3-1ubuntu1.12) ...
Setting up libxcb-render0:amd64 (1.14-3ubuntu3) ...
Setting up libsoxr0:amd64 (0.1.3-4build2) ...
Setting up libcdio-cdda2:amd64 (10.2+2.0.0-1build3) ...
Setting up fontconfig-config (2.13.1-4.2ubuntu5) ...
Setting up libcdio-paranoia2:amd64 (10.2+2.0.0-1build3) ...
Setting up libxcb-glx0:amd64 (1.14-3ubuntu3) ...
Setting up libedit2:amd64 (3.1-20210910-1build1) ...
Setting up libxcb-shape0:amd64 (1.14-3ubuntu3) ...
Setting up libcurl3-gnutls:amd64 (7.81.0-1ubuntu1.26) ...
Setting up libxcb-shm0:amd64 (1.14-3ubuntu3) ...
Setting up libxcb-present0:amd64 (1.14-3ubuntu3) ...
Setting up libthai0:amd64 (0.1.29-1build1) ...
Setting up libvorbisfile3:amd64 (1.3.7-1build2) ...
Setting up libxcb-sync1:amd64 (1.14-3ubuntu3) ...
Setting up libdc1394-25:amd64 (2.2.6-4) ...
Setting up git (1:2.34.1-1ubuntu1.17) ...
Setting up libx265-199:amd64 (3.5-2) ...
Setting up librubberband2:amd64 (2.0.0-2) ...
Setting up libsndio7.0:amd64 (1.8.1-1.1) ...
Setting up libxcb-dri2-0:amd64 (1.14-3ubuntu3) ...
Setting up libjack-jackd2-0:amd64 (1.9.20~dfsg-1) ...
Setting up libdrm2:amd64 (2.4.113-2~ubuntu0.22.04.1) ...
Setting up libflite1:amd64 (2.2-3) ...
Setting up libva-drm2:amd64 (2.14.0-1) ...
Setting up libsord-0-0:amd64 (0.16.8-2) ...
Setting up libwayland-cursor0:amd64 (1.20.0-1ubuntu0.1) ...
Setting up libxcb-randr0:amd64 (1.14-3ubuntu3) ...
Setting up libsratom-0-0:amd64 (0.6.8-1) ...
Setting up libdecor-0-0:amd64 (0.1.0-3build1) ...
Setting up libx11-6:amd64 (2:1.7.5-1ubuntu0.3) ...
Setting up libfontconfig1:amd64 (2.13.1-4.2ubuntu5) ...
Setting up libsndfile1:amd64 (1.0.31-2ubuntu0.2) ...
Setting up liblilv-0-0:amd64 (0.24.12-2) ...
Setting up libxml2:amd64 (2.9.13+dfsg-1ubuntu0.12) ...
Setting up libopenmpt0:amd64 (0.6.1-1) ...
Setting up libxmuu1:amd64 (2:1.1.3-3) ...
Setting up libdrm-amdgpu1:amd64 (2.4.113-2~ubuntu0.22.04.1) ...
Setting up libxcb-dri3-0:amd64 (1.14-3ubuntu3) ...
Setting up libx11-xcb1:amd64 (2:1.7.5-1ubuntu0.3) ...
Setting up fontconfig (2.13.1-4.2ubuntu5) ...
Regenerating fonts cache... done.
Setting up libdrm-nouveau2:amd64 (2.4.113-2~ubuntu0.22.04.1) ...
Setting up libxrender1:amd64 (1:0.9.10-1build4) ...
Setting up libgbm1:amd64 (23.2.1-1ubuntu3.1~22.04.4) ...
Setting up libpulse0:amd64 (1:15.99.1+dfsg1-1ubuntu2.2) ...
Setting up libdrm-radeon1:amd64 (2.4.113-2~ubuntu0.22.04.1) ...
Setting up openssh-client (1:8.9p1-3ubuntu0.16) ...
update-alternatives: using /usr/bin/ssh to provide /usr/bin/rsh (rsh) in auto mode
update-alternatives: warning: skip creation of /usr/share/man/man1/rsh.1.gz because associated file /usr/share/man/man1/ssh.1.gz (of link group rsh) doesn't exist
update-alternatives: using /usr/bin/slogin to provide /usr/bin/rlogin (rlogin) in auto mode
update-alternatives: warning: skip creation of /usr/share/man/man1/rlogin.1.gz because associated file /usr/share/man/man1/slogin.1.gz (of link group rlogin) doesn't exist
update-alternatives: using /usr/bin/scp to provide /usr/bin/rcp (rcp) in auto mode
update-alternatives: warning: skip creation of /usr/share/man/man1/rcp.1.gz because associated file /usr/share/man/man1/scp.1.gz (of link group rcp) doesn't exist
Setting up libpango-1.0-0:amd64 (1.50.6+ds-2ubuntu1) ...
Setting up libdrm-intel1:amd64 (2.4.113-2~ubuntu0.22.04.1) ...
Setting up libxext6:amd64 (2:1.3.4-1build1) ...
Setting up libopenal1:amd64 (1:1.19.1-2build3) ...
Setting up libcairo2:amd64 (1.16.0-5ubuntu2.1) ...
Setting up libxxf86vm1:amd64 (1:1.1.4-1build3) ...
Setting up libass9:amd64 (1:0.15.2-1) ...
Setting up libxfixes3:amd64 (1:6.0.0-1) ...
Setting up shared-mime-info (2.1-2) ...
Setting up libxinerama1:amd64 (2:1.1.4-3) ...
Setting up libxv1:amd64 (2:1.0.11-1build2) ...
Setting up libxrandr2:amd64 (2:1.5.2-1build1) ...
Setting up xauth (1:1.1-1build2) ...
Setting up libvdpau1:amd64 (1.4-3build2) ...
Setting up libllvm15:amd64 (1:15.0.7-0ubuntu0.22.04.3) ...
Setting up libtheora0:amd64 (1.1.1+dfsg.1-15ubuntu4) ...
Setting up libgdk-pixbuf-2.0-0:amd64 (2.42.8+dfsg-1ubuntu0.5) ...
Setting up libcairo-gobject2:amd64 (1.16.0-5ubuntu2.1) ...
Setting up libxss1:amd64 (1:1.2.3-1build2) ...
Setting up mesa-va-drivers:amd64 (23.2.1-1ubuntu3.1~22.04.4) ...
Setting up libpangoft2-1.0-0:amd64 (1.50.6+ds-2ubuntu1) ...
Setting up libbluray2:amd64 (1:1.3.1-1) ...
Setting up libva-x11-2:amd64 (2.14.0-1) ...
Setting up i965-va-driver:amd64 (2.4.1+dfsg1-1) ...
Setting up libpangocairo-1.0-0:amd64 (1.50.6+ds-2ubuntu1) ...
Setting up libgl1-amber-dri:amd64 (21.3.9-0ubuntu1~22.04.2) ...
Setting up mesa-vdpau-drivers:amd64 (23.2.1-1ubuntu3.1~22.04.4) ...
Setting up libxi6:amd64 (2:1.8-1build1) ...
Setting up libsphinxbase3:amd64 (0.8+5prealpha+1-13build1) ...
Setting up libxcursor1:amd64 (1:1.2.0-2build4) ...
Setting up libgl1-mesa-dri:amd64 (23.2.1-1ubuntu3.1~22.04.4) ...
Setting up libavutil56:amd64 (7:4.4.2-0ubuntu0.22.04.1) ...
Setting up librsvg2-2:amd64 (2.52.5+dfsg-3ubuntu0.2) ...
Setting up libpocketsphinx3:amd64 (0.8.0+real5prealpha+1-14ubuntu1) ...
Setting up va-driver-all:amd64 (2.14.0-1) ...
Setting up libdecor-0-plugin-1-cairo:amd64 (0.1.0-3build1) ...
Setting up libpostproc55:amd64 (7:4.4.2-0ubuntu0.22.04.1) ...
Setting up librsvg2-common:amd64 (2.52.5+dfsg-3ubuntu0.2) ...
Setting up vdpau-driver-all:amd64 (1.4-3build2) ...
Setting up libgdk-pixbuf2.0-bin (2.42.8+dfsg-1ubuntu0.5) ...
Setting up libswscale5:amd64 (7:4.4.2-0ubuntu0.22.04.1) ...
Setting up libsdl2-2.0-0:amd64 (2.0.20+dfsg-2ubuntu1.22.04.1) ...
Setting up libglx-mesa0:amd64 (23.2.1-1ubuntu3.1~22.04.4) ...
Setting up libglx0:amd64 (1.4.0-1) ...
Setting up libswresample3:amd64 (7:4.4.2-0ubuntu0.22.04.1) ...
Setting up libgl1:amd64 (1.4.0-1) ...
Setting up libgl1-mesa-glx:amd64 (23.0.4-0ubuntu1~22.04.1) ...
Setting up libavcodec58:amd64 (7:4.4.2-0ubuntu0.22.04.1) ...
Setting up libchromaprint1:amd64 (1.5.1-2) ...
Setting up libavformat58:amd64 (7:4.4.2-0ubuntu0.22.04.1) ...
Setting up libavfilter7:amd64 (7:4.4.2-0ubuntu0.22.04.1) ...
Setting up libavdevice58:amd64 (7:4.4.2-0ubuntu0.22.04.1) ...
Setting up ffmpeg (7:4.4.2-0ubuntu0.22.04.1) ...
Processing triggers for libc-bin (2.35-0ubuntu3.6) ...
Processing triggers for libgdk-pixbuf-2.0-0:amd64 (2.42.8+dfsg-1ubuntu0.5) ...
Saving image...
Image saved, took 973.50ms

Built image im-9NDimjoDqwSPCyue3weF2j in 27.25s


Building image im-rftIXHUHVtvbEFX7KzGYVq

=> Step 0: FROM base

=> Step 1: RUN python -m pip install PyMCubes gsplat==1.5.3 'imageio[ffmpeg]' numpy opencv-python-headless plyfile pyyaml scikit-learn tensorboard torchmetrics tqdm tyro
Looking in indexes: http://pypi-mirror.modal.local:5555/simple
Collecting PyMCubes
  Downloading http://pypi-mirror.modal.local:5555/simple/pymcubes/PyMCubes-0.1.6-cp311-cp311-manylinux_2_17_x86_64.manylinux2014_x86_64.whl.metadata (868 bytes)
Collecting gsplat==1.5.3
  Downloading http://pypi-mirror.modal.local:5555/simple/gsplat/gsplat-1.5.3-py3-none-any.whl.metadata (1.1 kB)
Requirement already satisfied: numpy in /opt/conda/lib/python3.11/site-packages (2.1.2)
Collecting opencv-python-headless
  Downloading http://pypi-mirror.modal.local:5555/simple/opencv-python-headless/opencv_python_headless-5.0.0.93-cp37-abi3-manylinux_2_28_x86_64.whl.metadata (19 kB)
Collecting plyfile
  Downloading http://pypi-mirror.modal.local:5555/simple/plyfile/plyfile-1.1.5-py3-none-any.whl.metadata (43 kB)
Requirement already satisfied: pyyaml in /opt/conda/lib/python3.11/site-packages (6.0.2)
Collecting scikit-learn
  Downloading http://pypi-mirror.modal.local:5555/simple/scikit-learn/scikit_learn-1.9.0-cp311-cp311-manylinux_2_27_x86_64.manylinux_2_28_x86_64.whl.metadata (11 kB)
Collecting tensorboard
  Downloading http://pypi-mirror.modal.local:5555/simple/tensorboard/tensorboard-2.21.0-py3-none-any.whl.metadata (1.8 kB)
Collecting torchmetrics
  Downloading http://pypi-mirror.modal.local:5555/simple/torchmetrics/torchmetrics-1.9.0-py3-none-any.whl.metadata (23 kB)
Requirement already satisfied: tqdm in /opt/conda/lib/python3.11/site-packages (4.66.5)
Collecting tyro
  Downloading http://pypi-mirror.modal.local:5555/simple/tyro/tyro-1.0.15-py3-none-any.whl.metadata (12 kB)
Collecting imageio[ffmpeg]
  Downloading http://pypi-mirror.modal.local:5555/simple/imageio/imageio-2.37.4-py3-none-any.whl.metadata (9.6 kB)
Requirement already satisfied: ninja in /opt/conda/lib/python3.11/site-packages (from gsplat==1.5.3) (1.11.1.1)
Collecting jaxtyping (from gsplat==1.5.3)
  Downloading http://pypi-mirror.modal.local:5555/simple/jaxtyping/jaxtyping-0.3.11-py3-none-any.whl.metadata (6.2 kB)
Collecting rich>=12 (from gsplat==1.5.3)
  Downloading http://pypi-mirror.modal.local:5555/simple/rich/rich-15.0.0-py3-none-any.whl.metadata (18 kB)
Requirement already satisfied: torch in /opt/conda/lib/python3.11/site-packages (from gsplat==1.5.3) (2.5.1+cu124)
Collecting scipy>=1.0.0 (from PyMCubes)
  Downloading http://pypi-mirror.modal.local:5555/simple/scipy/scipy-1.17.1-cp311-cp311-manylinux_2_27_x86_64.manylinux_2_28_x86_64.whl.metadata (62 kB)
Requirement already satisfied: pillow>=8.3.2 in /opt/conda/lib/python3.11/site-packages (from imageio[ffmpeg]) (10.2.0)
Collecting imageio-ffmpeg (from imageio[ffmpeg])
  Downloading http://pypi-mirror.modal.local:5555/simple/imageio-ffmpeg/imageio_ffmpeg-0.6.0-py3-none-manylinux2014_x86_64.whl.metadata (1.5 kB)
Requirement already satisfied: psutil in /opt/conda/lib/python3.11/site-packages (from imageio[ffmpeg]) (6.1.0)
Collecting joblib>=1.4.0 (from scikit-learn)
  Downloading http://pypi-mirror.modal.local:5555/simple/joblib/joblib-1.5.3-py3-none-any.whl.metadata (5.5 kB)
Collecting narwhals>=2.0.1 (from scikit-learn)
  Downloading http://pypi-mirror.modal.local:5555/simple/narwhals/narwhals-2.25.0-py3-none-any.whl.metadata (15 kB)
Collecting threadpoolctl>=3.5.0 (from scikit-learn)
  Downloading http://pypi-mirror.modal.local:5555/simple/threadpoolctl/threadpoolctl-3.6.0-py3-none-any.whl.metadata (13 kB)
Collecting absl-py>=0.4 (from tensorboard)
  Downloading http://pypi-mirror.modal.local:5555/simple/absl-py/absl_py-2.5.0-py3-none-any.whl.metadata (3.3 kB)
Collecting grpcio<2.0,>=1.74.0 (from tensorboard)
  Downloading http://pypi-mirror.modal.local:5555/simple/grpcio/grpcio-1.83.0-cp311-cp311-manylinux2014_x86_64.manylinux_2_17_x86_64.whl.metadata (3.7 kB)
Collecting markdown>=2.6.8 (from tensorboard)
  Downloading http://pypi-mirror.modal.local:5555/simple/markdown/markdown-3.10.3-py3-none-any.whl.metadata (5.1 kB)
Requirement already satisfied: packaging in /opt/conda/lib/python3.11/site-packages (from tensorboard) (24.1)
Collecting protobuf<8.0.0,>=6.31.1 (from tensorboard)
  Downloading http://pypi-mirror.modal.local:5555/simple/protobuf/protobuf-7.36.0-cp310-abi3-manylinux2014_x86_64.whl.metadata (595 bytes)
Requirement already satisfied: setuptools>=41.0.0 in /opt/conda/lib/python3.11/site-packages (from tensorboard) (72.1.0)
Collecting tensorboard-data-server<0.8.0,>=0.7.0 (from tensorboard)
  Downloading http://pypi-mirror.modal.local:5555/simple/tensorboard-data-server/tensorboard_data_server-0.7.2-py3-none-manylinux_2_31_x86_64.whl.metadata (1.1 kB)
Collecting werkzeug>=1.0.1 (from tensorboard)
  Downloading http://pypi-mirror.modal.local:5555/simple/werkzeug/werkzeug-3.1.8-py3-none-any.whl.metadata (4.0 kB)
Collecting lightning-utilities>=0.15.3 (from torchmetrics)
  Downloading http://pypi-mirror.modal.local:5555/simple/lightning-utilities/lightning_utilities-0.15.3-py3-none-any.whl.metadata (5.5 kB)
Collecting docstring-parser>=0.16 (from tyro)
  Downloading http://pypi-mirror.modal.local:5555/simple/docstring-parser/docstring_parser-0.18.0-py3-none-any.whl.metadata (3.5 kB)
Collecting typeguard>=4.0.0 (from tyro)
  Downloading http://pypi-mirror.modal.local:5555/simple/typeguard/typeguard-4.6.0-py3-none-any.whl.metadata (3.7 kB)
Collecting typing-extensions>=4.13.0 (from tyro)
  Downloading http://pypi-mirror.modal.local:5555/simple/typing-extensions/typing_extensions-4.16.0-py3-none-any.whl.metadata (3.3 kB)
Collecting markdown-it-py>=2.2.0 (from rich>=12->gsplat==1.5.3)
  Downloading http://pypi-mirror.modal.local:5555/simple/markdown-it-py/markdown_it_py-4.2.0-py3-none-any.whl.metadata (7.4 kB)
Requirement already satisfied: pygments<3.0.0,>=2.13.0 in /opt/conda/lib/python3.11/site-packages (from rich>=12->gsplat==1.5.3) (2.18.0)
Requirement already satisfied: filelock in /opt/conda/lib/python3.11/site-packages (from torch->gsplat==1.5.3) (3.16.1)
Requirement already satisfied: networkx in /opt/conda/lib/python3.11/site-packages (from torch->gsplat==1.5.3) (3.4.2)
Requirement already satisfied: jinja2 in /opt/conda/lib/python3.11/site-packages (from torch->gsplat==1.5.3) (3.1.4)
Requirement already satisfied: fsspec in /opt/conda/lib/python3.11/site-packages (from torch->gsplat==1.5.3) (2024.10.0)
Requirement already satisfied: nvidia-cuda-nvrtc-cu12==12.4.127 in /opt/conda/lib/python3.11/site-packages (from torch->gsplat==1.5.3) (12.4.127)
Requirement already satisfied: nvidia-cuda-runtime-cu12==12.4.127 in /opt/conda/lib/python3.11/site-packages (from torch->gsplat==1.5.3) (12.4.127)
Requirement already satisfied: nvidia-cuda-cupti-cu12==12.4.127 in /opt/conda/lib/python3.11/site-packages (from torch->gsplat==1.5.3) (12.4.127)
Requirement already satisfied: nvidia-cudnn-cu12==9.1.0.70 in /opt/conda/lib/python3.11/site-packages (from torch->gsplat==1.5.3) (9.1.0.70)
Requirement already satisfied: nvidia-cublas-cu12==12.4.5.8 in /opt/conda/lib/python3.11/site-packages (from torch->gsplat==1.5.3) (12.4.5.8)
Requirement already satisfied: nvidia-cufft-cu12==11.2.1.3 in /opt/conda/lib/python3.11/site-packages (from torch->gsplat==1.5.3) (11.2.1.3)
Requirement already satisfied: nvidia-curand-cu12==10.3.5.147 in /opt/conda/lib/python3.11/site-packages (from torch->gsplat==1.5.3) (10.3.5.147)
Requirement already satisfied: nvidia-cusolver-cu12==11.6.1.9 in /opt/conda/lib/python3.11/site-packages (from torch->gsplat==1.5.3) (11.6.1.9)
Requirement already satisfied: nvidia-cusparse-cu12==12.3.1.170 in /opt/conda/lib/python3.11/site-packages (from torch->gsplat==1.5.3) (12.3.1.170)
Requirement already satisfied: nvidia-nccl-cu12==2.21.5 in /opt/conda/lib/python3.11/site-packages (from torch->gsplat==1.5.3) (2.21.5)
Requirement already satisfied: nvidia-nvtx-cu12==12.4.127 in /opt/conda/lib/python3.11/site-packages (from torch->gsplat==1.5.3) (12.4.127)
Requirement already satisfied: nvidia-nvjitlink-cu12==12.4.127 in /opt/conda/lib/python3.11/site-packages (from torch->gsplat==1.5.3) (12.4.127)
Requirement already satisfied: triton==3.1.0 in /opt/conda/lib/python3.11/site-packages (from torch->gsplat==1.5.3) (3.1.0)
Requirement already satisfied: sympy==1.13.1 in /opt/conda/lib/python3.11/site-packages (from torch->gsplat==1.5.3) (1.13.1)
Requirement already satisfied: mpmath<1.4,>=1.1.0 in /opt/conda/lib/python3.11/site-packages (from sympy==1.13.1->torch->gsplat==1.5.3) (1.3.0)
Requirement already satisfied: markupsafe>=2.1.1 in /opt/conda/lib/python3.11/site-packages (from werkzeug>=1.0.1->tensorboard) (3.0.2)
Collecting wadler-lindig>=0.1.3 (from jaxtyping->gsplat==1.5.3)
  Downloading http://pypi-mirror.modal.local:5555/simple/wadler-lindig/wadler_lindig-0.1.7-py3-none-any.whl.metadata (17 kB)
Collecting mdurl~=0.1 (from markdown-it-py>=2.2.0->rich>=12->gsplat==1.5.3)
  Downloading http://pypi-mirror.modal.local:5555/simple/mdurl/mdurl-0.1.2-py3-none-any.whl.metadata (1.6 kB)
Downloading http://pypi-mirror.modal.local:5555/simple/gsplat/gsplat-1.5.3-py3-none-any.whl (6.5 MB)
   ━━━━━━━━━━━━━━━━━━━━━━━━━━━━━━━━━━━━━━━━ 6.5/6.5 MB 22.3 MB/s eta 0:00:00
Downloading http://pypi-mirror.modal.local:5555/simple/pymcubes/PyMCubes-0.1.6-cp311-cp311-manylinux_2_17_x86_64.manylinux2014_x86_64.whl (336 kB)
Downloading http://pypi-mirror.modal.local:5555/simple/opencv-python-headless/opencv_python_headless-5.0.0.93-cp37-abi3-manylinux_2_28_x86_64.whl (61.2 MB)
   ━━━━━━━━━━━━━━━━━━━━━━━━━━━━━━━━━━━━━━━━ 61.2/61.2 MB 826.9 MB/s eta 0:00:00
Downloading http://pypi-mirror.modal.local:5555/simple/plyfile/plyfile-1.1.5-py3-none-any.whl (36 kB)
Downloading http://pypi-mirror.modal.local:5555/simple/scikit-learn/scikit_learn-1.9.0-cp311-cp311-manylinux_2_27_x86_64.manylinux_2_28_x86_64.whl (9.3 MB)
   ━━━━━━━━━━━━━━━━━━━━━━━━━━━━━━━━━━━━━━━━ 9.3/9.3 MB 921.6 MB/s eta 0:00:00
Downloading http://pypi-mirror.modal.local:5555/simple/tensorboard/tensorboard-2.21.0-py3-none-any.whl (5.5 MB)
   ━━━━━━━━━━━━━━━━━━━━━━━━━━━━━━━━━━━━━━━━ 5.5/5.5 MB 665.2 MB/s eta 0:00:00
Downloading http://pypi-mirror.modal.local:5555/simple/torchmetrics/torchmetrics-1.9.0-py3-none-any.whl (983 kB)
   ━━━━━━━━━━━━━━━━━━━━━━━━━━━━━━━━━━━━━━━ 983.4/983.4 kB 886.9 MB/s eta 0:00:00
Downloading http://pypi-mirror.modal.local:5555/simple/tyro/tyro-1.0.15-py3-none-any.whl (215 kB)
Downloading http://pypi-mirror.modal.local:5555/simple/absl-py/absl_py-2.5.0-py3-none-any.whl (137 kB)
Downloading http://pypi-mirror.modal.local:5555/simple/docstring-parser/docstring_parser-0.18.0-py3-none-any.whl (22 kB)
Downloading http://pypi-mirror.modal.local:5555/simple/grpcio/grpcio-1.83.0-cp311-cp311-manylinux2014_x86_64.manylinux_2_17_x86_64.whl (7.1 MB)
   ━━━━━━━━━━━━━━━━━━━━━━━━━━━━━━━━━━━━━━━━ 7.1/7.1 MB 891.8 MB/s eta 0:00:00
Downloading http://pypi-mirror.modal.local:5555/simple/joblib/joblib-1.5.3-py3-none-any.whl (309 kB)
Downloading http://pypi-mirror.modal.local:5555/simple/lightning-utilities/lightning_utilities-0.15.3-py3-none-any.whl (31 kB)
Downloading http://pypi-mirror.modal.local:5555/simple/markdown/markdown-3.10.3-py3-none-any.whl (110 kB)
Downloading http://pypi-mirror.modal.local:5555/simple/narwhals/narwhals-2.25.0-py3-none-any.whl (467 kB)
Downloading http://pypi-mirror.modal.local:5555/simple/protobuf/protobuf-7.36.0-cp310-abi3-manylinux2014_x86_64.whl (340 kB)
Downloading http://pypi-mirror.modal.local:5555/simple/rich/rich-15.0.0-py3-none-any.whl (310 kB)
Downloading http://pypi-mirror.modal.local:5555/simple/scipy/scipy-1.17.1-cp311-cp311-manylinux_2_27_x86_64.manylinux_2_28_x86_64.whl (35.3 MB)
   ━━━━━━━━━━━━━━━━━━━━━━━━━━━━━━━━━━━━━━━━ 35.3/35.3 MB 873.8 MB/s eta 0:00:00
Downloading http://pypi-mirror.modal.local:5555/simple/tensorboard-data-server/tensorboard_data_server-0.7.2-py3-none-manylinux_2_31_x86_64.whl (6.6 MB)
   ━━━━━━━━━━━━━━━━━━━━━━━━━━━━━━━━━━━━━━━━ 6.6/6.6 MB 953.5 MB/s eta 0:00:00
Downloading http://pypi-mirror.modal.local:5555/simple/threadpoolctl/threadpoolctl-3.6.0-py3-none-any.whl (18 kB)
Downloading http://pypi-mirror.modal.local:5555/simple/typeguard/typeguard-4.6.0-py3-none-any.whl (36 kB)
Downloading http://pypi-mirror.modal.local:5555/simple/typing-extensions/typing_extensions-4.16.0-py3-none-any.whl (45 kB)
Downloading http://pypi-mirror.modal.local:5555/simple/werkzeug/werkzeug-3.1.8-py3-none-any.whl (226 kB)
Downloading http://pypi-mirror.modal.local:5555/simple/imageio/imageio-2.37.4-py3-none-any.whl (318 kB)
Downloading http://pypi-mirror.modal.local:5555/simple/imageio-ffmpeg/imageio_ffmpeg-0.6.0-py3-none-manylinux2014_x86_64.whl (29.5 MB)
   ━━━━━━━━━━━━━━━━━━━━━━━━━━━━━━━━━━━━━━━━ 29.5/29.5 MB 909.7 MB/s eta 0:00:00
Downloading http://pypi-mirror.modal.local:5555/simple/jaxtyping/jaxtyping-0.3.11-py3-none-any.whl (56 kB)
Downloading http://pypi-mirror.modal.local:5555/simple/markdown-it-py/markdown_it_py-4.2.0-py3-none-any.whl (91 kB)
Downloading http://pypi-mirror.modal.local:5555/simple/wadler-lindig/wadler_lindig-0.1.7-py3-none-any.whl (20 kB)
Downloading http://pypi-mirror.modal.local:5555/simple/mdurl/mdurl-0.1.2-py3-none-any.whl (10.0 kB)
Installing collected packages: werkzeug, wadler-lindig, typing-extensions, threadpoolctl, tensorboard-data-server, scipy, protobuf, plyfile, opencv-python-headless, narwhals, mdurl, markdown, joblib, imageio-ffmpeg, imageio, docstring-parser, absl-py, typeguard, scikit-learn, PyMCubes, markdown-it-py, lightning-utilities, jaxtyping, grpcio, tyro, tensorboard, rich, torchmetrics, gsplat
  Attempting uninstall: typing-extensions
    Found existing installation: typing_extensions 4.12.2
    Uninstalling typing_extensions-4.12.2:
      Successfully uninstalled typing_extensions-4.12.2
Successfully installed PyMCubes-0.1.6 absl-py-2.5.0 docstring-parser-0.18.0 grpcio-1.83.0 gsplat-1.5.3 imageio-2.37.4 imageio-ffmpeg-0.6.0 jaxtyping-0.3.11 joblib-1.5.3 lightning-utilities-0.15.3 markdown-3.10.3 markdown-it-py-4.2.0 mdurl-0.1.2 narwhals-2.25.0 opencv-python-headless-5.0.0.93 plyfile-1.1.5 protobuf-7.36.0 rich-15.0.0 scikit-learn-1.9.0 scipy-1.17.1 tensorboard-2.21.0 tensorboard-data-server-0.7.2 threadpoolctl-3.6.0 torchmetrics-1.9.0 typeguard-4.6.0 typing-extensions-4.16.0 tyro-1.0.15 wadler-lindig-0.1.7 werkzeug-3.1.8
Saving image...
Image saved, took 1.99s

Built image im-rftIXHUHVtvbEFX7KzGYVq in 14.27s


Building image im-a9O5Q9aSFiWOL926jhEMwA

=> Step 0: FROM base

=> Step 1: RUN git clone --depth 1 --branch v1.5.3 https://github.com/nerfstudio-project/gsplat.git /root/gsplat_src
Cloning into '/root/gsplat_src'...
Note: switching to '937e29912570c372bed6747a5c9bf85fed877bae'.

You are in 'detached HEAD' state. You can look around, make experimental
changes and commit them, and you can discard any commits you make in this
state without impacting any branches by switching back to a branch.

If you want to create a new branch to retain commits you create, you may
do so (now or later) by using -c with the switch command. Example:

  git switch -c <new-branch-name>

Or undo this operation with:

  git switch -

Turn off this advice by setting config variable advice.detachedHead to false

Saving image...
Image saved, took 1.05s

Built image im-a9O5Q9aSFiWOL926jhEMwA in 3.80s


✓ Created objects.
├── 🔨 Created mount 
│   /Users/ryanabraham/Downloads/vgrep3d_extracted/modal/run_gsplat_train.py
└── 🔨 Created function train_gsplat.

==========
== CUDA ==
==========

CUDA Version 12.4.1

Container image Copyright (c) 2016-2023, NVIDIA CORPORATION & AFFILIATES. All rights reserved.

This container image and its contents are governed by the NVIDIA Deep Learning Container License.
By pulling and using the container, you accept the terms and conditions of this license:
https://developer.nvidia.com/ngc/nvidia-deep-learning-container-license

A copy of this license is made available in this container at /NGC-DL-CONTAINER-LICENSE for your convenience.

[gsplat] 293 images, training for 7000 steps
[gsplat] $ python examples/simple_trainer.py default --data_dir /tmp/gsplat_data --data_factor 1 --result_dir /tmp/gsplat_result --max_steps 7000 --disable_viewer
Traceback (most recent call last):
  File "/root/gsplat_src/examples/simple_trainer.py", line 16, in <module>
    import viser
ModuleNotFoundError: No module named 'viser'
Traceback (most recent call last):
Stopping app - uncaught exception raised locally: RuntimeError('command failed with exit code 1: python examples/simple_trainer.py default --data_dir /tmp/gsplat_data --data_factor 1 --result_dir /tmp/gsplat_result --max_steps 7000 --disable_viewer').
  File "/pkg/modal/_runtime/container_io_manager.py", line 977, in handle_input_exception
    yield
  File "/pkg/modal/_container_entrypoint.py", line 187, in run_input_sync
    values = io_context.call_function_sync()
             ^^^^^^^^^^^^^^^^^^^^^^^^^^^^^^^
  File "/pkg/modal/_runtime/container_io_manager.py", line 265, in call_function_sync
    expected_value_or_values = self.finalized_function.callable(*args, **kwargs)
                               ^^^^^^^^^^^^^^^^^^^^^^^^^^^^^^^^^^^^^^^^^^^^^^^^^
  File "/root/run_gsplat_train.py", line 101, in train_gsplat
    _stream_run([
  File "/root/run_gsplat_train.py", line 60, in _stream_run
    raise RuntimeError(f"command failed with exit code {proc.returncode}: "
RuntimeError: command failed with exit code 1: python examples/simple_trainer.py default --data_dir /tmp/gsplat_data --data_factor 1 --result_dir /tmp/gsplat_result --max_steps 7000 --disable_viewer
╭──────────────────── Traceback (most recent call last) ─────────────────────╮
│ /Users/ryanabraham/Downloads/vgrep3d_extracted/modal/run_gsplat_train.py:1 │
│ 28 in main                                                                 │
│                                                                            │
│   127 def main(scene: str = "driving_test", max_steps: int = 7000, data_fa │
│ ❱ 128 │   result = train_gsplat.remote(scene=scene, max_steps=max_steps, d │
│   129 │   print(f"\nDone: {result['n_checkpoints']} checkpoint(s) at {resu │
│                                                                            │
│ /Library/Frameworks/Python.framework/Versions/3.14/lib/python3.14/site-pac │
│ kages/modal/_object.py:46 in wrapped                                       │
│                                                                            │
│    45 │   │   await self.hydrate()                                         │
│ ❱  46 │   │   return await method(self, *args, **kwargs)                   │
│    47                                                                      │
│                                                                            │
│ /Library/Frameworks/Python.framework/Versions/3.14/lib/python3.14/site-pac │
│ kages/modal/_functions.py:1841 in remote                                   │
│                                                                            │
│   1840 │   │                                                               │
│ ❱ 1841 │   │   return await self._call_function(args, kwargs)              │
│   1842                                                                     │
│                                                                            │
│ /Library/Frameworks/Python.framework/Versions/3.14/lib/python3.14/site-pac │
│ kages/modal/_functions.py:1778 in _call_function                           │
│                                                                            │
│   1777 │   │                                                               │
│ ❱ 1778 │   │   return await invocation.run_function()                      │
│   1779                                                                     │
│                                                                            │
│ /Library/Frameworks/Python.framework/Versions/3.14/lib/python3.14/site-pac │
│ kages/modal/_functions.py:502 in run_function                              │
│                                                                            │
│    501 │   │   │   # No more retries left.                                 │
│ ❱  502 │   │   │   return await _process_result(                           │
│    503 │   │   │   │   await_response.output.result, await_response.output │
│                                                                            │
│ /Library/Frameworks/Python.framework/Versions/3.14/lib/python3.14/site-pac │
│ kages/modal/_utils/function_utils.py:572 in _process_result                │
│                                                                            │
│   571 │   │   │                                                            │
│ ❱ 572 │   │   │   raise exc_with_hints(exc)                                │
│   573                                                                      │
│                                                                            │
│    ...Remote call to Modal Function (ta-01M0KD1KN3HWM26P76CREV2GXR)...     │
│                                                                            │
│ /root/run_gsplat_train.py:101 in train_gsplat                              │
│                                                                            │
│ ❱ 101 _stream_run([                                                        │
│                                                                            │
│                                                                            │
│ /root/run_gsplat_train.py:60 in _stream_run                                │
│                                                                            │
│ ❱ 60 raise RuntimeError(f"command failed with exit code {proc.returncode}: │
│                                                                            │
╰────────────────────────────────────────────────────────────────────────────╯
RuntimeError: command failed with exit code 1: python 
examples/simple_trainer.py default --data_dir /tmp/gsplat_data --data_factor 1
--result_dir /tmp/gsplat_result --max_steps 7000 --disable_viewer
